Record,Location,X,Y,Date,Time,Environment,Road_Surface,Traffic_Control,Collision_Location,Light,Collision_Classification,Impact_type
263,ALBION RD @ MITCH OWENS RD,375906.5346,5014804.669,8/11/16,9:13,01 - Clear,01 - Dry,01 - Traffic signal,03 - At intersection,01 - Daylight,03 - P.D. only,05 - Turning movement
264,ALBION RD @ MITCH OWENS RD,375906.0955,5014804.23,12/19/16,7:09,01 - Clear,02 - Wet,01 - Traffic signal,03 - At intersection,03 - Dawn,03 - P.D. only,05 - Turning movement
265,ALBION RD @ QUINN RD/FENTON RD,373630.4062,5020103.781,3/21/16,17:20,01 - Clear,01 - Dry,02 - Stop sign,02 - Intersection related,01 - Daylight,03 - P.D. only,05 - Turning movement
266,ALBION RD @ QUINN RD/FENTON RD,373630.1439,5020103.591,4/4/16,7:43,01 - Clear,01 - Dry,02 - Stop sign,02 - Intersection related,01 - Daylight,03 - P.D. only,03 - Rear end
267,ALBION RD @ RIDEAU RD,375092.9777,5016673.783,5/24/16,17:45,01 - Clear,01 - Dry,01 - Traffic signal,03 - At intersection,01 - Daylight,02 - Non-fatal injury,05 - Turning movement
268,ALBION RD @ RIDEAU RD,375092.0936,5016673.801,11/16/16,9:51,02 - Rain,02 - Wet,01 - Traffic signal,03 - At intersection,01 - Daylight,02 - Non-fatal injury,02 - Angle
269,ALBION RD @ RIDEAU RD,375093.8886,5016675.369,8/4/16,9:22,01 - Clear,01 - Dry,01 - Traffic signal,02 - Intersection related,01 - Daylight,03 - P.D. only,03 - Rear end
270,ALBION RD @ RIDEAU RD,375093.8621,5016675.57,2/11/16,16:16,03 - Snow,06 - Ice,01 - Traffic signal,02 - Intersection related,01 - Daylight,03 - P.D. only,03 - Rear end
271,ALBION RD @ RIDEAU RD,375091.6545,5016673.362,1/27/16,0:00,03 - Snow,02 - Wet,01 - Traffic signal,03 - At intersection,00 - Unknown,03 - P.D. only,07 - SMV other
272,ALBION RD @ RIDEAU RD,375093.4241,5016675.132,4/11/16,6:59,04 - Freezing Rain,04 - Slush,01 - Traffic signal,02 - Intersection related,01 - Daylight,03 - P.D. only,03 - Rear end
273,ALBION RD btwn 210 S OF HIGH RD/EARL ARMSTRONG RD/RIDEAU CARLETON RACE,374864.948,5017190.937,4/15/16,18:17,01 - Clear,01 - Dry,10 - No control,01 - Non intersection,01 - Daylight,02 - Non-fatal injury,05 - Turning movement
274,ALBION RD btwn BADEN AVE & ALADDIN LANE,372581.3263,5022601.046,4/30/16,17:20,01 - Clear,01 - Dry,10 - No control,01 - Non intersection,01 - Daylight,03 - P.D. only,07 - SMV other
275,ALBION RD btwn BANK ST & DES MESANGES DR,371949.2778,5024122.865,11/14/16,8:21,01 - Clear,01 - Dry,10 - No control,04 - At/near private drive,01 - Daylight,02 - Non-fatal injury,02 - Angle
276,ALBION RD btwn BANK ST & DES MESANGES DR,371948.8624,5024122.062,12/13/16,12:49,01 - Clear,02 - Wet,10 - No control,04 - At/near private drive,01 - Daylight,03 - P.D. only,05 - Turning movement
277,ALBION RD btwn COLLISTON CRES & LILIBET CRES,371038.3896,5026344.173,7/3/16,15:00,01 - Clear,01 - Dry,10 - No control,04 - At/near private drive,01 - Daylight,03 - P.D. only,02 - Angle
278,ALBION RD btwn HIGH RD/EARL ARMSTRONG RD & 210 S OF HIGH RD/EARL ARMST,374674.348,5017632.814,4/23/16,18:01,01 - Clear,01 - Dry,10 - No control,04 - At/near private drive,01 - Daylight,02 - Non-fatal injury,07 - SMV other
279,ALBION RD btwn KILLYMOON WAY & MITCH OWENS RD,375863.3947,5014903.668,7/6/16,3:08,01 - Clear,01 - Dry,10 - No control,01 - Non intersection,07 - Dark,03 - P.D. only,07 - SMV other
280,ALBION RD btwn LESTER RD & LEITRIM RD,373419.3861,5020603.732,5/20/16,23:17,01 - Clear,01 - Dry,10 - No control,01 - Non intersection,07 - Dark,02 - Non-fatal injury,01 - Approaching
281,ALBION RD btwn LESTER RD & LEITRIM RD,373114.3734,5021336.081,3/31/16,13:45,02 - Rain,02 - Wet,10 - No control,01 - Non intersection,01 - Daylight,02 - Non-fatal injury,04 - Sideswipe
282,ALBION RD btwn LESTER RD & LEITRIM RD,373085.9993,5021400.25,1/6/16,17:31,01 - Clear,01 - Dry,10 - No control,01 - Non intersection,05 - Dusk,03 - P.D. only,03 - Rear end
283,ALBION RD btwn LESTER RD & LEITRIM RD,373000.4071,5021611.748,4/11/16,5:10,03 - Snow,03 - Loose snow,10 - No control,01 - Non intersection,03 - Dawn,03 - P.D. only,07 - SMV other
284,ALBION RD btwn LESTER RD & LEITRIM RD,372771.2864,5022145.964,4/16/16,18:24,01 - Clear,01 - Dry,10 - No control,01 - Non intersection,01 - Daylight,03 - P.D. only,07 - SMV other
285,ALBION RD btwn QUINN RD & DEL ZOTTO AVE,373649.7853,5020061.427,9/21/16,3:21,01 - Clear,01 - Dry,10 - No control,01 - Non intersection,07 - Dark,02 - Non-fatal injury,07 - SMV other
286,ALBION RD btwn RIDEAU RD & TULLAMORE ST,375507.0042,5015711.54,12/26/16,19:06,04 - Freezing Rain,06 - Ice,10 - No control,01 - Non intersection,07 - Dark,02 - Non-fatal injury,07 - SMV other
287,ALBION RD btwn RIDEAU RD & TULLAMORE ST,375326.9227,5016124.656,7/18/16,8:39,01 - Clear,01 - Dry,10 - No control,01 - Non intersection,01 - Daylight,03 - P.D. only,07 - SMV other
288,ALBION RD btwn RIDEAU RD & TULLAMORE ST,375288.9416,5016226.168,11/30/16,23:55,02 - Rain,02 - Wet,10 - No control,01 - Non intersection,07 - Dark,03 - P.D. only,07 - SMV other
289,ALBION RD/COLLISTON CRES E @ WALKLEY RD,371032.5578,5026354.534,7/25/16,22:13,01 - Clear,01 - Dry,01 - Traffic signal,03 - At intersection,07 - Dark,02 - Non-fatal injury,05 - Turning movement
290,ALBION RD/COLLISTON CRES E @ WALKLEY RD,371032.632,5026354.315,12/1/16,18:09,01 - Clear,02 - Wet,01 - Traffic signal,03 - At intersection,07 - Dark,02 - Non-fatal injury,05 - Turning movement
291,ALBION RD/COLLISTON CRES E @ WALKLEY RD,371034.5177,5026355.457,3/4/16,19:00,01 - Clear,01 - Dry,01 - Traffic signal,02 - Intersection related,07 - Dark,03 - P.D. only,03 - Rear end
292,ALBION RD/COLLISTON CRES E @ WALKLEY RD,371035.0165,5026354.243,2/19/16,18:17,01 - Clear,01 - Dry,01 - Traffic signal,03 - At intersection,07 - Dark,03 - P.D. only,05 - Turning movement
293,ALBION RD/COLLISTON CRES E @ WALKLEY RD,371033.6179,5026354.805,1/18/16,16:20,03 - Snow,03 - Loose snow,01 - Traffic signal,02 - Intersection related,05 - Dusk,03 - P.D. only,03 - Rear end
294,ALBION RD/COLLISTON CRES E @ WALKLEY RD,371033.7539,5026354.635,1/19/16,6:38,01 - Clear,06 - Ice,01 - Traffic signal,03 - At intersection,07 - Dark,03 - P.D. only,05 - Turning movement
295,ALBION RD/COLLISTON CRES E @ WALKLEY RD,371033.9675,5026355.68,11/10/16,9:00,01 - Clear,01 - Dry,01 - Traffic signal,03 - At intersection,01 - Daylight,03 - P.D. only,05 - Turning movement
296,ALERT RD/AIRPORT PKWY/UPLANDS DR RAMP 62 @ LES,371307.8797,5021353.781,6/7/16,17:38,02 - Rain,02 - Wet,01 - Traffic signal,02 - Intersection related,01 - Daylight,02 - Non-fatal injury,03 - Rear end
297,ALERT RD/AIRPORT PKWY/UPLANDS DR RAMP 62 @ LES,371307.3555,5021353.044,3/2/16,7:10,03 - Snow,03 - Loose snow,01 - Traffic signal,03 - At intersection,01 - Daylight,02 - Non-fatal injury,05 - Turning movement
298,ALERT RD/AIRPORT PKWY/UPLANDS DR RAMP 62 @ LES,371306.4182,5021353.282,2/6/16,12:03,01 - Clear,01 - Dry,01 - Traffic signal,03 - At intersection,01 - Daylight,03 - P.D. only,02 - Angle
299,ALERT RD/AIRPORT PKWY/UPLANDS DR RAMP 62 @ LES,371305.4094,5021355.539,5/3/16,15:45,01 - Clear,01 - Dry,01 - Traffic signal,03 - At intersection,01 - Daylight,03 - P.D. only,05 - Turning movement
300,ALERT RD/AIRPORT PKWY/UPLANDS DR RAMP 62 @ LES,371305.5359,5021354.563,2/10/16,15:45,03 - Snow,02 - Wet,01 - Traffic signal,02 - Intersection related,01 - Daylight,03 - P.D. only,03 - Rear end
301,ALERT RD/AIRPORT PKWY/UPLANDS DR RAMP 62 @ LES,371306.8317,5021353.489,11/8/16,1:23,01 - Clear,01 - Dry,01 - Traffic signal,03 - At intersection,07 - Dark,03 - P.D. only,02 - Angle
302,ALERT RD/AIRPORT PKWY/UPLANDS DR RAMP 62 @ LES,371302.94,5021358.081,11/21/16,9:48,03 - Snow,05 - Packed snow,01 - Traffic signal,03 - At intersection,01 - Daylight,03 - P.D. only,02 - Angle
303,ALESTHER ST @ DONALD ST,371990.7674,5032461.365,3/11/16,15:54,01 - Clear,02 - Wet,02 - Stop sign,02 - Intersection related,01 - Daylight,03 - P.D. only,03 - Rear end
304,ALESTHER ST @ DONALD ST,371992.94,5032461.681,2/18/16,23:02,01 - Clear,05 - Packed snow,02 - Stop sign,03 - At intersection,07 - Dark,03 - P.D. only,02 - Angle
305,ALESTHER ST @ DONALD ST,371993.1111,5032461.365,2/17/16,22:11,03 - Snow,06 - Ice,02 - Stop sign,02 - Intersection related,07 - Dark,03 - P.D. only,03 - Rear end
306,ALESTHER ST @ DONALD ST,371992.7205,5032460.354,6/2/16,7:22,01 - Clear,01 - Dry,02 - Stop sign,02 - Intersection related,01 - Daylight,03 - P.D. only,03 - Rear end
307,ALEXANDRA BR btwn MURRAY ST & END,367190.5772,5032481.204,12/14/16,12:30,01 - Clear,01 - Dry,10 - No control,07 - Overpass or bridge,01 - Daylight,03 - P.D. only,03 - Rear end
308,ALFRED ST @ MONTFORT ST,370873.1049,5033644.817,8/22/16,18:48,01 - Clear,02 - Wet,02 - Stop sign,03 - At intersection,01 - Daylight,03 - P.D. only,02 - Angle
309,ALFRED ST @ MONTREAL RD,370945.5338,5033530.183,10/5/16,17:28,01 - Clear,01 - Dry,02 - Stop sign,02 - Intersection related,01 - Daylight,03 - P.D. only,03 - Rear end
310,ALFRED ST @ MONTREAL RD,370944.047,5033531.256,12/20/16,23:14,01 - Clear,02 - Wet,02 - Stop sign,03 - At intersection,07 - Dark,03 - P.D. only,02 - Angle
311,ALFRED ST btwn MONTFORT ST & MONTREAL RD,370935.5025,5033549.228,4/19/16,18:51,01 - Clear,01 - Dry,10 - No control,01 - Non intersection,01 - Daylight,02 - Non-fatal injury,07 - SMV other
312,ALLANFORD AVE @ JOHNSTON RD N,373230.3065,5026228.086,9/5/16,14:40,01 - Clear,01 - Dry,02 - Stop sign,03 - At intersection,01 - Daylight,02 - Non-fatal injury,07 - SMV other
313,ALLENBY RD/GATESHEAD AVE @ MORGAN'S GRANT WAY,349480.2115,5023493.661,12/2/16,18:14,01 - Clear,01 - Dry,02 - Stop sign,03 - At intersection,07 - Dark,02 - Non-fatal injury,07 - SMV other
314,ALLGROVE WAY btwn BAYWOOD DR & HARTSMERE DR,351101.3583,5011999.535,12/2/16,0:00,01 - Clear,01 - Dry,10 - No control,01 - Non intersection,00 - Unknown,03 - P.D. only,06 - SMV unattended vehicle
315,ALLOWAY CRES btwn PLUMBER AVE & CHARLTON DR,373043.9519,5033295.897,12/14/16,0:00,01 - Clear,01 - Dry,10 - No control,01 - Non intersection,00 - Unknown,03 - P.D. only,06 - SMV unattended vehicle
316,ALPINE AVE @ CARLING AVE,360496.2036,5024942.756,9/16/16,16:27,01 - Clear,01 - Dry,01 - Traffic signal,03 - At intersection,01 - Daylight,02 - Non-fatal injury,02 - Angle
317,ALPINE AVE @ CARLING AVE,360496.0184,5024942.299,10/25/16,16:56,01 - Clear,01 - Dry,01 - Traffic signal,03 - At intersection,01 - Daylight,02 - Non-fatal injury,02 - Angle
318,ALPINE AVE @ CARLING AVE,360496.455,5024942.741,3/4/16,17:30,01 - Clear,01 - Dry,01 - Traffic signal,03 - At intersection,01 - Daylight,03 - P.D. only,05 - Turning movement
319,ALPINE AVE @ CARLING AVE,360496.4575,5024942.738,8/19/16,12:09,01 - Clear,01 - Dry,01 - Traffic signal,03 - At intersection,01 - Daylight,03 - P.D. only,02 - Angle
320,ALPINE AVE @ CARLING AVE,360496.453,5024942.743,3/11/16,15:32,01 - Clear,01 - Dry,01 - Traffic signal,03 - At intersection,01 - Daylight,03 - P.D. only,03 - Rear end
321,ALPINE AVE @ CARLING AVE,360495.5793,5024942.299,6/28/16,15:55,01 - Clear,01 - Dry,01 - Traffic signal,02 - Intersection related,01 - Daylight,03 - P.D. only,03 - Rear end
322,ALPINE AVE @ CARLING AVE,360498.3333,5024942.105,12/9/16,6:50,01 - Clear,06 - Ice,01 - Traffic signal,02 - Intersection related,07 - Dark,03 - P.D. only,03 - Rear end
323,ALPINE AVE @ CARLING AVE,360496.4575,5024942.738,9/29/16,23:58,01 - Clear,01 - Dry,01 - Traffic signal,02 - Intersection related,07 - Dark,03 - P.D. only,05 - Turning movement
324,ALPINE AVE @ CARLING AVE,360496.677,5024944.589,12/9/16,6:39,01 - Clear,06 - Ice,01 - Traffic signal,02 - Intersection related,07 - Dark,03 - P.D. only,03 - Rear end
325,ALPINE AVE btwn CARLING AVE & ELMHURST ST,360557.9094,5024781.461,2/1/16,17:51,01 - Clear,01 - Dry,10 - No control,04 - At/near private drive,07 - Dark,02 - Non-fatal injury,07 - SMV other
326,ALTA VISTA DR @ BANK ST,370247.3873,5026201.194,8/30/16,11:00,01 - Clear,01 - Dry,01 - Traffic signal,02 - Intersection related,01 - Daylight,03 - P.D. only,03 - Rear end
327,ALTA VISTA DR @ BANK ST,370246.9714,5026200.52,10/30/16,18:30,01 - Clear,01 - Dry,01 - Traffic signal,03 - At intersection,07 - Dark,03 - P.D. only,05 - Turning movement
328,ALTA VISTA DR @ BANK ST,370247.8496,5026199.642,1/25/16,11:54,03 - Snow,02 - Wet,01 - Traffic signal,02 - Intersection related,01 - Daylight,03 - P.D. only,07 - SMV other
329,ALTA VISTA DR @ BILLINGS AVE,370350.1839,5028611.82,9/19/16,15:54,01 - Clear,01 - Dry,02 - Stop sign,02 - Intersection related,01 - Daylight,03 - P.D. only,03 - Rear end
330,ALTA VISTA DR @ CLUNY ST,370541.7257,5029824.973,11/22/16,9:20,01 - Clear,06 - Ice,02 - Stop sign,02 - Intersection related,01 - Daylight,02 - Non-fatal injury,03 - Rear end
331,ALTA VISTA DR @ CLUNY ST,370541.3451,5029824.572,6/16/16,12:48,01 - Clear,01 - Dry,02 - Stop sign,02 - Intersection related,01 - Daylight,03 - P.D. only,03 - Rear end
332,ALTA VISTA DR @ CRESTVIEW RD,370380.5487,5028801.308,12/9/16,14:42,01 - Clear,02 - Wet,02 - Stop sign,03 - At intersection,01 - Daylight,03 - P.D. only,03 - Rear end
333,ALTA VISTA DR @ CUNNINGHAM AVE,370344.7229,5028017.131,12/6/16,11:03,01 - Clear,02 - Wet,02 - Stop sign,02 - Intersection related,01 - Daylight,02 - Non-fatal injury,03 - Rear end
334,ALTA VISTA DR @ CUNNINGHAM AVE,370344.4984,5028016.871,4/11/16,6:01,03 - Snow,05 - Packed snow,02 - Stop sign,02 - Intersection related,03 - Dawn,03 - P.D. only,01 - Approaching
335,ALTA VISTA DR @ CUNNINGHAM AVE,370342.2384,5028018.787,11/24/16,11:59,03 - Snow,03 - Loose snow,02 - Stop sign,02 - Intersection related,01 - Daylight,03 - P.D. only,03 - Rear end
336,ALTA VISTA DR @ CUNNINGHAM AVE,370344.9502,5028016.181,6/5/16,11:00,02 - Rain,02 - Wet,02 - Stop sign,02 - Intersection related,01 - Daylight,03 - P.D. only,03 - Rear end
337,ALTA VISTA DR @ DALE AVE,370696.5815,5030198.555,8/9/16,15:00,01 - Clear,01 - Dry,02 - Stop sign,02 - Intersection related,01 - Daylight,02 - Non-fatal injury,03 - Rear end
338,ALTA VISTA DR @ DALE AVE,370699.3742,5030200.626,11/18/16,12:30,01 - Clear,01 - Dry,02 - Stop sign,02 - Intersection related,01 - Daylight,03 - P.D. only,03 - Rear end
339,ALTA VISTA DR @ DORION AVE,370672.942,5030135.458,5/11/16,12:20,01 - Clear,01 - Dry,01 - Traffic signal,02 - Intersection related,01 - Daylight,03 - P.D. only,03 - Rear end
340,ALTA VISTA DR @ KILBORN AVE,370366.833,5027751.761,2/18/16,9:29,01 - Clear,01 - Dry,01 - Traffic signal,02 - Intersection related,01 - Daylight,02 - Non-fatal injury,03 - Rear end
341,ALTA VISTA DR @ KILBORN AVE,370365.9894,5027751.273,3/28/16,13:10,02 - Rain,02 - Wet,01 - Traffic signal,03 - At intersection,01 - Daylight,03 - P.D. only,02 - Angle
342,ALTA VISTA DR @ KILBORN AVE,370366.1823,5027750.391,6/7/16,15:30,02 - Rain,02 - Wet,01 - Traffic signal,03 - At intersection,01 - Daylight,03 - P.D. only,02 - Angle
343,ALTA VISTA DR @ RANDALL AVE,370408.7216,5027367.784,9/9/16,15:59,01 - Clear,01 - Dry,01 - Traffic signal,02 - Intersection related,01 - Daylight,03 - P.D. only,03 - Rear end
344,ALTA VISTA DR @ RIDGEMONT AVE,370518.5988,5026672.848,5/27/16,14:50,01 - Clear,01 - Dry,01 - Traffic signal,02 - Intersection related,01 - Daylight,02 - Non-fatal injury,03 - Rear end
345,ALTA VISTA DR @ RIDGEMONT AVE,370517.9426,5026673.745,2/26/16,15:21,01 - Clear,01 - Dry,01 - Traffic signal,03 - At intersection,01 - Daylight,03 - P.D. only,04 - Sideswipe
346,ALTA VISTA DR @ RIDGEMONT AVE,370517.7231,5026673.288,11/17/16,12:14,01 - Clear,01 - Dry,01 - Traffic signal,02 - Intersection related,01 - Daylight,03 - P.D. only,03 - Rear end
347,ALTA VISTA DR @ SMYTH RD,370431.829,5029082.888,1/11/16,19:52,01 - Clear,01 - Dry,01 - Traffic signal,02 - Intersection related,07 - Dark,02 - Non-fatal injury,03 - Rear end
348,ALTA VISTA DR @ SMYTH RD,370432.2665,5029081.558,5/6/16,16:03,01 - Clear,01 - Dry,01 - Traffic signal,02 - Intersection related,01 - Daylight,02 - Non-fatal injury,07 - SMV other
349,ALTA VISTA DR @ SMYTH RD,370432.9354,5029081.338,9/24/16,11:57,01 - Clear,01 - Dry,01 - Traffic signal,03 - At intersection,01 - Daylight,02 - Non-fatal injury,02 - Angle
350,ALTA VISTA DR @ SMYTH RD,370432.9379,5029081.779,3/11/16,7:40,01 - Clear,01 - Dry,01 - Traffic signal,03 - At intersection,01 - Daylight,03 - P.D. only,04 - Sideswipe
351,ALTA VISTA DR @ SMYTH RD,370431.6182,5029081.777,8/31/16,20:54,01 - Clear,01 - Dry,01 - Traffic signal,03 - At intersection,07 - Dark,03 - P.D. only,05 - Turning movement
352,ALTA VISTA DR @ SMYTH RD,370433.3745,5029081.777,2/4/16,13:01,01 - Clear,02 - Wet,01 - Traffic signal,02 - Intersection related,01 - Daylight,03 - P.D. only,03 - Rear end
353,ALTA VISTA DR @ SMYTH RD,370432.9414,5029082.234,3/17/16,8:14,01 - Clear,01 - Dry,01 - Traffic signal,03 - At intersection,01 - Daylight,03 - P.D. only,05 - Turning movement
354,ALTA VISTA DR @ SMYTH RD,370433.4664,5029081.933,1/14/16,19:52,01 - Clear,02 - Wet,01 - Traffic signal,02 - Intersection related,07 - Dark,03 - P.D. only,03 - Rear end
355,ALTA VISTA DR @ SMYTH RD,370432.9634,5029082.472,3/22/16,19:27,02 - Rain,02 - Wet,01 - Traffic signal,03 - At intersection,07 - Dark,03 - P.D. only,05 - Turning movement
356,ALTA VISTA DR @ SMYTH RD,370433.3977,5029081.103,7/27/16,11:05,01 - Clear,01 - Dry,01 - Traffic signal,03 - At intersection,01 - Daylight,03 - P.D. only,05 - Turning movement
357,ALTA VISTA DR @ SMYTH RD,370433.1751,5029080.869,6/10/16,12:25,01 - Clear,01 - Dry,01 - Traffic signal,02 - Intersection related,01 - Daylight,03 - P.D. only,03 - Rear end
358,ALTA VISTA DR @ SMYTH RD,370433.3923,5029081.783,6/9/16,17:30,01 - Clear,01 - Dry,01 - Traffic signal,02 - Intersection related,01 - Daylight,03 - P.D. only,03 - Rear end
359,ALTA VISTA DR @ SMYTH RD,370432.9414,5029081.332,6/1/16,15:09,01 - Clear,01 - Dry,01 - Traffic signal,02 - Intersection related,01 - Daylight,03 - P.D. only,03 - Rear end
360,ALTA VISTA DR @ SMYTH RD,370432.0573,5029082.655,10/20/16,13:29,02 - Rain,02 - Wet,01 - Traffic signal,03 - At intersection,01 - Daylight,03 - P.D. only,05 - Turning movement
361,ALTA VISTA DR @ SMYTH RD,370432.4964,5029081.777,9/29/16,10:36,01 - Clear,01 - Dry,01 - Traffic signal,03 - At intersection,01 - Daylight,03 - P.D. only,05 - Turning movement
362,ALTA VISTA DR @ SMYTH RD,370431.8877,5029081.972,12/15/16,17:53,03 - Snow,05 - Packed snow,01 - Traffic signal,02 - Intersection related,07 - Dark,03 - P.D. only,04 - Sideswipe
363,ALTA VISTA DR @ SUMMIT AVE,370403.9421,5028243.547,7/21/16,9:42,01 - Clear,01 - Dry,02 - Stop sign,02 - Intersection related,01 - Daylight,02 - Non-fatal injury,03 - Rear end
364,ALTA VISTA DR @ SUMMIT AVE,370403.72,5028244.33,11/30/16,20:00,02 - Rain,02 - Wet,02 - Stop sign,02 - Intersection related,07 - Dark,03 - P.D. only,07 - SMV other
365,ALTA VISTA DR @ VALOUR DR,370440.547,5029579.485,11/21/16,21:00,03 - Snow,03 - Loose snow,02 - Stop sign,02 - Intersection related,07 - Dark,03 - P.D. only,07 - SMV other
366,ALTA VISTA DR btwn 75 S OF CALEDON ST & CALEDON ST,370768.3714,5030375.613,5/4/16,8:31,01 - Clear,01 - Dry,10 - No control,01 - Non intersection,01 - Daylight,03 - P.D. only,03 - Rear end
367,ALTA VISTA DR btwn 75 S OF CALEDON ST & CALEDON ST,370783.1808,5030406.352,5/21/16,15:10,01 - Clear,01 - Dry,10 - No control,04 - At/near private drive,01 - Daylight,03 - P.D. only,03 - Rear end
368,ALTA VISTA DR btwn 75 S OF CALEDON ST & CALEDON ST,370776.433,5030396.388,1/14/16,7:19,03 - Snow,03 - Loose snow,10 - No control,04 - At/near private drive,03 - Dawn,03 - P.D. only,02 - Angle
369,ALTA VISTA DR btwn 75 S OF CALEDON ST & CALEDON ST,370779.5646,5030403.454,9/8/16,19:07,01 - Clear,01 - Dry,10 - No control,04 - At/near private drive,01 - Daylight,03 - P.D. only,05 - Turning movement
370,ALTA VISTA DR btwn 75 S OF CALEDON ST & CALEDON ST,370772.5396,5030385.881,9/9/16,14:49,01 - Clear,01 - Dry,10 - No control,01 - Non intersection,01 - Daylight,03 - P.D. only,04 - Sideswipe
371,ALTA VISTA DR btwn AYERS AVE & RIDGEMONT AVE,370486.0438,5026410.098,9/23/16,11:46,01 - Clear,01 - Dry,10 - No control,01 - Non intersection,01 - Daylight,02 - Non-fatal injury,03 - Rear end
372,ALTA VISTA DR btwn AYERS AVE & RIDGEMONT AVE,370517.5138,5026474.695,11/22/16,18:03,03 - Snow,03 - Loose snow,10 - No control,01 - Non intersection,07 - Dark,03 - P.D. only,03 - Rear end
373,ALTA VISTA DR btwn CLONTARF AVE & RANDALL AVE,370406.0082,5027391.003,1/21/16,14:04,01 - Clear,02 - Wet,10 - No control,01 - Non intersection,01 - Daylight,03 - P.D. only,03 - Rear end
374,ALTA VISTA DR btwn CLUNY ST & ABBEY RD,370552.4703,5029853.406,2/26/16,15:44,01 - Clear,01 - Dry,10 - No control,01 - Non intersection,01 - Daylight,03 - P.D. only,03 - Rear end
375,ALTA VISTA DR btwn CRESTVIEW RD & ROGER RD,370396.279,5028849.349,2/16/16,8:05,03 - Snow,03 - Loose snow,10 - No control,01 - Non intersection,01 - Daylight,03 - P.D. only,03 - Rear end
376,ALTA VISTA DR btwn DALE AVE & 75 S OF CALEDON ST,370727.9892,5030275.958,1/30/16,2:16,01 - Clear,01 - Dry,10 - No control,01 - Non intersection,07 - Dark,02 - Non-fatal injury,06 - SMV unattended vehicle
377,ALTA VISTA DR btwn DALE AVE & 75 S OF CALEDON ST,370708.3154,5030223.583,5/18/16,12:03,01 - Clear,01 - Dry,10 - No control,04 - At/near private drive,01 - Daylight,02 - Non-fatal injury,02 - Angle
378,ALTA VISTA DR btwn EDGE HILL PL & AYERS AVE,370387.4795,5026312.164,1/13/16,22:48,01 - Clear,01 - Dry,10 - No control,01 - Non intersection,07 - Dark,02 - Non-fatal injury,07 - SMV other
379,ALTA VISTA DR btwn EDGE HILL PL & AYERS AVE,370432.8429,5026355.651,9/9/16,9:57,01 - Clear,01 - Dry,10 - No control,04 - At/near private drive,01 - Daylight,02 - Non-fatal injury,02 - Angle
380,ALTA VISTA DR btwn EDGE HILL PL & AYERS AVE,370387.4763,5026310.728,8/16/16,12:24,02 - Rain,02 - Wet,10 - No control,04 - At/near private drive,01 - Daylight,03 - P.D. only,02 - Angle
381,ALTA VISTA DR btwn FAIRCREST RD & SMYTH RD,370437.2052,5029005.239,2/11/16,8:50,03 - Snow,03 - Loose snow,10 - No control,01 - Non intersection,01 - Daylight,03 - P.D. only,03 - Rear end
382,ALTA VISTA DR btwn HERON RD & RIDGEMONT AVE,370493.6203,5026885.029,4/21/16,8:13,01 - Clear,01 - Dry,10 - No control,01 - Non intersection,01 - Daylight,03 - P.D. only,04 - Sideswipe
383,ALTA VISTA DR btwn HERON RD & RIDGEMONT AVE,370499.3477,5026851.605,11/8/16,11:41,01 - Clear,01 - Dry,10 - No control,01 - Non intersection,01 - Daylight,03 - P.D. only,03 - Rear end
384,ALTA VISTA DR btwn KILBORN AVE & CAVENDISH RD,370343.0957,5028012.728,2/12/16,14:02,01 - Clear,01 - Dry,10 - No control,01 - Non intersection,01 - Daylight,03 - P.D. only,06 - SMV unattended vehicle
385,ALTA VISTA DR btwn PALEN AVE & WESMAR DR,370473.2955,5026999.214,3/7/16,9:55,01 - Clear,01 - Dry,10 - No control,01 - Non intersection,01 - Daylight,03 - P.D. only,99 - Other
386,ALTA VISTA DR btwn SMYTH RD & VALOUR DR,370408.5896,5029201.738,5/27/16,18:30,01 - Clear,01 - Dry,10 - No control,04 - At/near private drive,01 - Daylight,03 - P.D. only,03 - Rear end
387,ALVIN RD btwn DAVENPORT PRIV & LONDON TER,371326.7846,5035154.871,12/31/16,0:00,03 - Snow,03 - Loose snow,10 - No control,04 - At/near private drive,00 - Unknown,03 - P.D. only,06 - SMV unattended vehicle
388,AMBERWOOD CRES @ MERIVALE RD,366408.9367,5020017.055,9/7/16,12:45,01 - Clear,01 - Dry,01 - Traffic signal,02 - Intersection related,01 - Daylight,02 - Non-fatal injury,03 - Rear end
389,AMBERWOOD CRES @ MERIVALE RD,366409.0237,5020016.028,7/14/16,17:40,01 - Clear,01 - Dry,01 - Traffic signal,03 - At intersection,01 - Daylight,03 - P.D. only,02 - Angle
390,AMBERWOOD CRES @ MERIVALE RD,366409.0291,5020016.257,5/26/16,8:08,01 - Clear,01 - Dry,01 - Traffic signal,02 - Intersection related,01 - Daylight,03 - P.D. only,03 - Rear end
391,AMBERWOOD CRES @ PRINCE OF WALES DR,367436.7767,5020647.761,9/2/16,17:18,01 - Clear,01 - Dry,02 - Stop sign,02 - Intersection related,01 - Daylight,02 - Non-fatal injury,03 - Rear end