Record,Location,X,Y,Date,Time,Environment,Road_Surface,Traffic_Control,Collision_Location,Light,Collision_Classification,Impact_type
392,AMBERWOOD CRES @ PRINCE OF WALES DR,367435.9252,5020647.274,1/13/16,11:12,01 - Clear,06 - Ice,02 - Stop sign,02 - Intersection related,01 - Daylight,03 - P.D. only,03 - Rear end
393,AMBERWOOD CRES @ PRINCE OF WALES DR,367436.3875,5020648.402,7/14/16,18:27,01 - Clear,01 - Dry,02 - Stop sign,02 - Intersection related,01 - Daylight,03 - P.D. only,03 - Rear end
394,AMBERWOOD CRES btwn WEATHERWOOD CRES & CALAIS CRT,366537.7567,5020466.755,2/25/16,11:55,03 - Snow,06 - Ice,10 - No control,01 - Non intersection,01 - Daylight,03 - P.D. only,06 - SMV unattended vehicle
395,AMBLESIDE DR btwn MCEWEN AVE & NEW ORCHARD AVE,361072.4427,5026078.815,7/29/16,14:49,01 - Clear,01 - Dry,10 - No control,04 - At/near private drive,01 - Daylight,03 - P.D. only,04 - Sideswipe
396,AMBLESIDE DR btwn MCEWEN AVE & NEW ORCHARD AVE,361196.0827,5026188.53,12/15/16,0:00,01 - Clear,01 - Dry,10 - No control,01 - Non intersection,00 - Unknown,03 - P.D. only,06 - SMV unattended vehicle
397,AMESBROOKE DR @ MAITLAND AVE,363769.9711,5025177.68,9/27/16,9:07,01 - Clear,01 - Dry,02 - Stop sign,02 - Intersection related,01 - Daylight,03 - P.D. only,03 - Rear end
398,AMESBROOKE DR @ MAITLAND AVE,363770.0028,5025177.446,12/9/16,8:45,01 - Clear,06 - Ice,02 - Stop sign,02 - Intersection related,01 - Daylight,03 - P.D. only,03 - Rear end
399,AMICI TER btwn BRIGITTA ST & LOKOYA ST,354776.2391,5015165.216,12/29/16,18:00,03 - Snow,03 - Loose snow,10 - No control,01 - Non intersection,07 - Dark,03 - P.D. only,06 - SMV unattended vehicle
400,AMIENS ST @ ROXDALE AVE,383285.6501,5037539.243,11/2/16,17:11,01 - Clear,01 - Dry,02 - Stop sign,03 - At intersection,05 - Dusk,03 - P.D. only,05 - Turning movement
401,AMIENS ST @ TENTH LINE RD,383351.0716,5037568.639,10/21/16,14:59,02 - Rain,02 - Wet,01 - Traffic signal,02 - Intersection related,01 - Daylight,02 - Non-fatal injury,03 - Rear end
402,AMIENS ST @ TENTH LINE RD,383352.5084,5037567.566,11/22/16,17:17,01 - Clear,01 - Dry,01 - Traffic signal,03 - At intersection,07 - Dark,02 - Non-fatal injury,05 - Turning movement
403,AMIENS ST @ TENTH LINE RD,383352.9552,5037567.316,7/31/16,22:00,01 - Clear,01 - Dry,01 - Traffic signal,03 - At intersection,07 - Dark,03 - P.D. only,05 - Turning movement
404,AMIENS ST @ TENTH LINE RD,383352.5059,5037568.891,2/26/16,15:00,01 - Clear,01 - Dry,01 - Traffic signal,02 - Intersection related,01 - Daylight,03 - P.D. only,03 - Rear end
405,AMIENS ST @ TENTH LINE RD,383352.5084,5037567.566,10/1/16,21:45,01 - Clear,01 - Dry,01 - Traffic signal,03 - At intersection,07 - Dark,03 - P.D. only,05 - Turning movement
406,AMIENS ST @ TENTH LINE RD,383352.9474,5037568.444,9/13/16,12:57,01 - Clear,01 - Dry,01 - Traffic signal,02 - Intersection related,01 - Daylight,03 - P.D. only,04 - Sideswipe
407,ANALDEA DR @ BANK ST,375698.347,5020809.105,12/18/16,19:17,01 - Clear,06 - Ice,01 - Traffic signal,02 - Intersection related,07 - Dark,02 - Non-fatal injury,03 - Rear end
408,ANALDEA DR @ BANK ST,375697.5304,5020814.148,1/8/16,18:04,01 - Clear,03 - Loose snow,01 - Traffic signal,03 - At intersection,07 - Dark,03 - P.D. only,04 - Sideswipe
409,ANALDEA DR @ BANK ST,375698.5781,5020813.075,10/18/16,20:18,02 - Rain,02 - Wet,01 - Traffic signal,02 - Intersection related,07 - Dark,03 - P.D. only,03 - Rear end
410,ANALDEA DR @ BANK ST,375697.7499,5020813.222,9/27/16,15:30,01 - Clear,01 - Dry,01 - Traffic signal,02 - Intersection related,01 - Daylight,03 - P.D. only,03 - Rear end
411,ANAND PRIV btwn END & WALKLEY RD,370209.861,5025871.531,7/5/16,11:41,01 - Clear,01 - Dry,10 - No control,04 - At/near private drive,01 - Daylight,02 - Non-fatal injury,05 - Turning movement
412,ANAND PRIV btwn END & WALKLEY RD,370209.861,5025871.531,11/11/16,15:58,01 - Clear,01 - Dry,10 - No control,04 - At/near private drive,01 - Daylight,03 - P.D. only,02 - Angle
413,ANDERSON RD @ DOLMAN RIDGE RD,378311.7495,5030274.957,12/20/16,11:30,06 - Strong wind,02 - Wet,02 - Stop sign,03 - At intersection,01 - Daylight,02 - Non-fatal injury,02 - Angle
414,ANDERSON RD @ INNES RD,376280.5216,5031840.905,1/8/16,8:10,01 - Clear,02 - Wet,01 - Traffic signal,02 - Intersection related,01 - Daylight,02 - Non-fatal injury,03 - Rear end
415,ANDERSON RD @ INNES RD,376280.9666,5031841.789,6/15/16,17:13,01 - Clear,01 - Dry,01 - Traffic signal,03 - At intersection,01 - Daylight,02 - Non-fatal injury,02 - Angle
416,ANDERSON RD @ INNES RD,376281.5693,5031841.15,9/17/16,17:56,02 - Rain,02 - Wet,01 - Traffic signal,02 - Intersection related,01 - Daylight,03 - P.D. only,03 - Rear end
417,ANDERSON RD @ INNES RD,376280.5216,5031841.344,7/23/16,19:08,01 - Clear,01 - Dry,01 - Traffic signal,03 - At intersection,01 - Daylight,03 - P.D. only,02 - Angle
418,ANDERSON RD @ INNES RD,376281.8121,5031840.761,8/17/16,16:38,01 - Clear,01 - Dry,01 - Traffic signal,02 - Intersection related,01 - Daylight,03 - P.D. only,03 - Rear end
419,ANDERSON RD @ INNES RD,376280.5156,5031841.789,5/24/16,9:01,01 - Clear,01 - Dry,01 - Traffic signal,03 - At intersection,01 - Daylight,03 - P.D. only,05 - Turning movement
420,ANDERSON RD @ INNES RD,376280.9986,5031840.887,3/24/16,13:26,04 - Freezing Rain,06 - Ice,01 - Traffic signal,02 - Intersection related,01 - Daylight,03 - P.D. only,02 - Angle
421,ANDERSON RD @ INNES RD,376280.9666,5031842.24,6/2/16,9:14,02 - Rain,02 - Wet,01 - Traffic signal,02 - Intersection related,01 - Daylight,03 - P.D. only,07 - SMV other
422,ANDERSON RD @ INNES RD,376280.0677,5031840.442,4/26/16,8:25,01 - Clear,01 - Dry,01 - Traffic signal,02 - Intersection related,01 - Daylight,03 - P.D. only,03 - Rear end
423,ANDERSON RD @ INNES RD,376281.5693,5031840.322,10/21/16,8:23,02 - Rain,02 - Wet,01 - Traffic signal,02 - Intersection related,01 - Daylight,03 - P.D. only,03 - Rear end
424,ANDERSON RD @ INNES RD,376280.5138,5031841.564,7/13/16,16:40,01 - Clear,02 - Wet,01 - Traffic signal,02 - Intersection related,01 - Daylight,03 - P.D. only,03 - Rear end
425,ANDERSON RD @ INNES RD,376279.6434,5031840.905,12/5/16,6:55,03 - Snow,03 - Loose snow,01 - Traffic signal,03 - At intersection,07 - Dark,03 - P.D. only,05 - Turning movement
426,ANDERSON RD @ RIDGE RD,379031.6349,5028512.85,8/25/16,11:58,01 - Clear,01 - Dry,02 - Stop sign,03 - At intersection,01 - Daylight,02 - Non-fatal injury,05 - Turning movement
427,ANDERSON RD @ RIDGE RD,379030.881,5028509.431,5/14/16,17:15,01 - Clear,01 - Dry,02 - Stop sign,02 - Intersection related,01 - Daylight,03 - P.D. only,03 - Rear end
428,ANDERSON RD @ RIDGE RD,379029.5301,5028508.078,8/3/16,14:22,01 - Clear,01 - Dry,02 - Stop sign,03 - At intersection,01 - Daylight,03 - P.D. only,02 - Angle
429,ANDERSON RD @ RIDGE RD,379029.7574,5028508.118,12/20/16,7:53,01 - Clear,01 - Dry,02 - Stop sign,03 - At intersection,01 - Daylight,03 - P.D. only,02 - Angle
430,ANDERSON RD @ RIDGE RD,379029.7574,5028508.946,12/8/16,22:13,03 - Snow,06 - Ice,02 - Stop sign,02 - Intersection related,07 - Dark,03 - P.D. only,07 - SMV other
431,ANDERSON RD @ RUSSELL RD,379788.2431,5026706.282,9/12/16,12:15,01 - Clear,01 - Dry,02 - Stop sign,03 - At intersection,01 - Daylight,02 - Non-fatal injury,02 - Angle
432,ANDERSON RD @ RUSSELL RD,379786.672,5026706.299,8/4/16,16:06,01 - Clear,01 - Dry,02 - Stop sign,03 - At intersection,01 - Daylight,02 - Non-fatal injury,02 - Angle
433,ANDERSON RD @ RUSSELL RD,379789.1474,5026707.207,5/26/16,11:39,01 - Clear,01 - Dry,02 - Stop sign,02 - Intersection related,01 - Daylight,03 - P.D. only,03 - Rear end
434,ANDERSON RD btwn DOLMAN RIDGE RD & RIDGE RD,379011.8648,5028562.183,2/15/16,22:15,01 - Clear,01 - Dry,10 - No control,01 - Non intersection,07 - Dark,03 - P.D. only,07 - SMV other
435,ANDERSON RD btwn DOLMAN RIDGE RD & RIDGE RD,378851.0062,5028982.095,4/6/16,17:00,03 - Snow,03 - Loose snow,10 - No control,01 - Non intersection,01 - Daylight,03 - P.D. only,01 - Approaching
436,ANDERSON RD btwn DOLMAN RIDGE RD & RIDGE RD,379000.4568,5028598.204,11/24/16,20:23,01 - Clear,02 - Wet,10 - No control,01 - Non intersection,07 - Dark,03 - P.D. only,03 - Rear end
437,ANDERSON RD btwn EIGHTH LINE RD & NINTH LINE RD,381620.5875,5022159.607,7/12/16,22:28,01 - Clear,01 - Dry,10 - No control,04 - At/near private drive,07 - Dark,03 - P.D. only,02 - Angle
438,ANDERSON RD btwn EIGHTH LINE RD & NINTH LINE RD,381970.6241,5021315.736,12/8/16,8:05,03 - Snow,06 - Ice,10 - No control,01 - Non intersection,01 - Daylight,03 - P.D. only,07 - SMV other
439,ANDERSON RD btwn INNES RD & DESJARDINS ST,376320.4927,5031816.305,9/17/16,17:49,02 - Rain,02 - Wet,10 - No control,01 - Non intersection,01 - Daylight,03 - P.D. only,03 - Rear end
440,ANDERSON RD btwn INNES RD & DESJARDINS ST,377571.2607,5031554.275,1/25/16,2:45,01 - Clear,02 - Wet,10 - No control,01 - Non intersection,07 - Dark,03 - P.D. only,07 - SMV other
441,ANDERSON RD btwn INNES RD & DESJARDINS ST,376662.6905,5031609.256,6/22/16,23:01,02 - Rain,02 - Wet,10 - No control,01 - Non intersection,07 - Dark,03 - P.D. only,07 - SMV other
442,ANDERSON RD btwn INNES RD & DESJARDINS ST,376284.7815,5031838.87,4/5/16,16:35,01 - Clear,01 - Dry,10 - No control,01 - Non intersection,01 - Daylight,03 - P.D. only,04 - Sideswipe
443,ANDERSON RD btwn INNES RD & DESJARDINS ST,377473.7536,5031578.878,6/6/16,21:20,01 - Clear,01 - Dry,10 - No control,01 - Non intersection,07 - Dark,03 - P.D. only,07 - SMV other
444,ANDERSON RD btwn INNES RD & DESJARDINS ST,377277.3982,5031623.56,10/13/16,7:15,02 - Rain,02 - Wet,10 - No control,01 - Non intersection,03 - Dawn,03 - P.D. only,07 - SMV other
445,ANDERSON RD btwn LEITRIM RD & EIGHTH LINE RD,381173.1998,5023129,1/21/16,19:11,01 - Clear,01 - Dry,10 - No control,01 - Non intersection,07 - Dark,03 - P.D. only,07 - SMV other
446,ANDERSON RD btwn NINTH LINE RD & MITCH OWENS RD,382441.3224,5019974.289,10/31/16,12:10,01 - Clear,01 - Dry,10 - No control,01 - Non intersection,01 - Daylight,02 - Non-fatal injury,07 - SMV other
447,ANDERSON RD btwn RIDGE RD & RUSSELL RD,379545.6507,5027240.204,3/17/16,7:20,01 - Clear,06 - Ice,10 - No control,01 - Non intersection,01 - Daylight,03 - P.D. only,07 - SMV other
448,ANDERSON RD btwn RIDGE RD & RUSSELL RD,379081.5774,5028383.307,8/10/16,20:09,01 - Clear,01 - Dry,10 - No control,01 - Non intersection,05 - Dusk,03 - P.D. only,07 - SMV other
449,ANDERSON RD btwn RIDGE RD & RUSSELL RD,379037.4039,5028488.432,4/6/16,17:51,03 - Snow,06 - Ice,10 - No control,01 - Non intersection,01 - Daylight,03 - P.D. only,03 - Rear end
450,ANDERSON RD btwn RIDGE RD & RUSSELL RD,379795.8926,5026766.891,9/25/16,11:29,01 - Clear,01 - Dry,10 - No control,01 - Non intersection,01 - Daylight,03 - P.D. only,07 - SMV other
451,ANDERSON RD btwn WEIR RD & DOLMAN RIDGE RD,377928.3838,5031138.293,10/27/16,22:49,02 - Rain,03 - Loose snow,10 - No control,01 - Non intersection,07 - Dark,03 - P.D. only,07 - SMV other
452,ANDERSON RD/WEIR RD @ RENAUD RD,377763.6145,5031501.904,11/19/16,3:00,01 - Clear,01 - Dry,11 - Roundabout,02 - Intersection related,07 - Dark,03 - P.D. only,07 - SMV other
453,ANDERSON RD/WEIR RD @ RENAUD RD,377766.9199,5031502.319,12/17/16,9:40,03 - Snow,04 - Slush,11 - Roundabout,03 - At intersection,01 - Daylight,03 - P.D. only,04 - Sideswipe
454,ANDERSON RD/WEIR RD @ RENAUD RD,377768.929,5031503.652,11/23/16,15:54,01 - Clear,01 - Dry,11 - Roundabout,03 - At intersection,01 - Daylight,03 - P.D. only,02 - Angle
455,ANDERSON ST @ PRESTON ST,366360.7023,5030006.845,8/23/16,12:13,01 - Clear,01 - Dry,02 - Stop sign,02 - Intersection related,01 - Daylight,03 - P.D. only,03 - Rear end
456,ANDRE AUDET AVE @ DUNDONALD DR,364934.617,5012032.691,6/22/16,17:23,01 - Clear,01 - Dry,02 - Stop sign,03 - At intersection,01 - Daylight,03 - P.D. only,02 - Angle
457,ANDRE AUDET AVE btwn PONDHAWK WAY/SWITCH GRASS CRES & SOLDATS-RIENDEAU ST,365024.49,5011876.919,2/23/16,15:31,01 - Clear,01 - Dry,10 - No control,01 - Non intersection,01 - Daylight,02 - Non-fatal injury,07 - SMV other
458,ANGLEHART AVE E @ DES ARBRES ST E,383242.1456,5036179.594,2/17/16,7:54,01 - Clear,05 - Packed snow,03 - Yield sign,03 - At intersection,01 - Daylight,03 - P.D. only,02 - Angle
459,ANOKA ST @ BANK ST,370022.0664,5026775.203,2/13/16,11:19,01 - Clear,02 - Wet,02 - Stop sign,02 - Intersection related,01 - Daylight,03 - P.D. only,03 - Rear end
460,ANOKA ST btwn EDGE HILL PL & GRASMERE CRES,370317.4262,5026806.788,5/25/16,17:35,01 - Clear,01 - Dry,10 - No control,01 - Non intersection,01 - Daylight,03 - P.D. only,06 - SMV unattended vehicle
461,ANTARES DR btwn CAPELLA CRT & AURIGA DR (1),366753.9252,5021565.711,2/25/16,11:43,03 - Snow,02 - Wet,10 - No control,04 - At/near private drive,01 - Daylight,03 - P.D. only,02 - Angle
462,ANTARES DR btwn CAPELLA CRT & AURIGA DR (1),366722.1955,5021632.158,11/24/16,9:52,03 - Snow,03 - Loose snow,10 - No control,01 - Non intersection,01 - Daylight,03 - P.D. only,01 - Approaching
463,ANTARES DR btwn CAPELLA CRT & AURIGA DR (2),366896.4355,5021948.056,2/10/16,15:02,03 - Snow,03 - Loose snow,10 - No control,01 - Non intersection,01 - Daylight,03 - P.D. only,03 - Rear end
464,ANTARES DR N @ AURIGA DR N,366968.7389,5021995.483,4/11/16,13:25,01 - Clear,01 - Dry,02 - Stop sign,02 - Intersection related,01 - Daylight,03 - P.D. only,02 - Angle
465,APELDOORN AVE btwn MEADOWLANDS DR & NORMANDY CRES,366894.6462,5025198.615,9/16/16,5:47,"07 - Fog, mist, smoke, dust",01 - Dry,10 - No control,01 - Non intersection,07 - Dark,03 - P.D. only,06 - SMV unattended vehicle
466,APOLLO WAY btwn PROULX DR & MATHIEU WAY,384109.9616,5037919.751,5/1/16,0:00,01 - Clear,01 - Dry,10 - No control,01 - Non intersection,00 - Unknown,03 - P.D. only,06 - SMV unattended vehicle
467,APPLE ORCHARD RD @ MANOTICK STATION RD,374365.2512,5011409.903,11/18/16,5:31,"07 - Fog, mist, smoke, dust",02 - Wet,02 - Stop sign,02 - Intersection related,07 - Dark,02 - Non-fatal injury,07 - SMV other
468,APPLE ORCHARD RD @ STAGECOACH RD,376239.9747,5012603.646,11/15/16,23:45,01 - Clear,01 - Dry,02 - Stop sign,02 - Intersection related,07 - Dark,03 - P.D. only,05 - Turning movement
469,APPLEBY PRIV @ FISHER AVE,366964.3621,5024102.265,10/22/16,8:00,01 - Clear,01 - Dry,10 - No control,02 - Intersection related,01 - Daylight,03 - P.D. only,07 - SMV other
470,APPLEDALE DR btwn GATESBURY ST & CONLAN WAY,365338.9567,5015468.558,5/9/16,15:31,01 - Clear,01 - Dry,10 - No control,04 - At/near private drive,01 - Daylight,03 - P.D. only,02 - Angle
471,APPLEFORD ST @ OGILVIE RD,375316.9466,5033688.241,1/20/16,16:13,01 - Clear,01 - Dry,01 - Traffic signal,02 - Intersection related,05 - Dusk,03 - P.D. only,03 - Rear end
472,AQUAVIEW DR @ BRIAN COBURN BLVD,384775.1329,5035180.014,2/18/16,18:46,01 - Clear,06 - Ice,02 - Stop sign,03 - At intersection,07 - Dark,03 - P.D. only,02 - Angle
473,AQUAVIEW DR @ BRIAN COBURN BLVD,384777.1663,5035178.688,12/16/16,16:15,03 - Snow,03 - Loose snow,02 - Stop sign,03 - At intersection,05 - Dusk,03 - P.D. only,02 - Angle
474,AQUAVIEW DR @ ESPRIT DR,384966.2204,5035747.142,5/24/16,7:32,01 - Clear,01 - Dry,02 - Stop sign,03 - At intersection,01 - Daylight,03 - P.D. only,02 - Angle
475,AQUAVIEW DR btwn SERRANO ST & BOIS VERT PL,384532.6595,5035760.884,11/20/16,23:33,03 - Snow,03 - Loose snow,10 - No control,01 - Non intersection,07 - Dark,03 - P.D. only,06 - SMV unattended vehicle
476,AQUAVIEW DR btwn SERRANO ST & BOIS VERT PL,384513.0428,5035762.512,12/4/16,8:04,01 - Clear,01 - Dry,10 - No control,04 - At/near private drive,01 - Daylight,03 - P.D. only,06 - SMV unattended vehicle
477,AQUAVIEW DR btwn SERRANO ST & BOIS VERT PL,384511.4454,5035762.429,12/4/16,11:18,01 - Clear,01 - Dry,10 - No control,04 - At/near private drive,01 - Daylight,03 - P.D. only,06 - SMV unattended vehicle
478,AQUILO CRES btwn PAR-LA-VILLE CIRC & PAR-LA-VILLE CIRC,349907.6899,5016752.427,1/4/16,0:00,01 - Clear,01 - Dry,10 - No control,01 - Non intersection,00 - Unknown,03 - P.D. only,06 - SMV unattended vehicle
479,ARENA PL @ BANK ST,375400.5307,5021519.709,3/10/16,9:10,01 - Clear,02 - Wet,02 - Stop sign,03 - At intersection,01 - Daylight,03 - P.D. only,02 - Angle
480,ARENA PL @ BANK ST,375404.5442,5021515.109,11/19/16,16:02,01 - Clear,01 - Dry,02 - Stop sign,03 - At intersection,05 - Dusk,03 - P.D. only,07 - SMV other
481,ARGUE DR btwn SEYMOUR AVE & END,366075.012,5023947.277,11/11/16,20:15,01 - Clear,01 - Dry,10 - No control,01 - Non intersection,07 - Dark,03 - P.D. only,06 - SMV unattended vehicle
482,ARGYLE AVE @ BANK ST,367995.7088,5030373.698,5/19/16,15:09,01 - Clear,01 - Dry,10 - No control,03 - At intersection,01 - Daylight,02 - Non-fatal injury,07 - SMV other
483,ARGYLE AVE @ BANK ST,367994.7621,5030373.756,10/27/16,20:45,03 - Snow,02 - Wet,10 - No control,02 - Intersection related,07 - Dark,03 - P.D. only,04 - Sideswipe
484,ARGYLE AVE @ BANK ST,367994.9099,5030372.306,2/19/16,17:09,03 - Snow,05 - Packed snow,10 - No control,03 - At intersection,01 - Daylight,03 - P.D. only,02 - Angle
485,ARGYLE AVE @ O'CONNOR ST,368183.5389,5030484.792,3/16/16,15:53,01 - Clear,01 - Dry,01 - Traffic signal,02 - Intersection related,01 - Daylight,03 - P.D. only,05 - Turning movement
486,ARGYLE AVE @ O'CONNOR ST,368184.4863,5030485.349,4/28/16,10:29,01 - Clear,01 - Dry,01 - Traffic signal,03 - At intersection,01 - Daylight,03 - P.D. only,04 - Sideswipe
487,ARGYLE AVE @ O'CONNOR ST,368183.5927,5030485.568,11/30/16,14:11,02 - Rain,02 - Wet,01 - Traffic signal,03 - At intersection,01 - Daylight,03 - P.D. only,07 - SMV other
488,ARGYLE AVE @ QUEEN ELIZABETH DRWY,368693.9139,5030753.223,1/25/16,0:00,01 - Clear,02 - Wet,02 - Stop sign,02 - Intersection related,07 - Dark,03 - P.D. only,03 - Rear end
489,ARGYLE AVE btwn BANK ST & O'CONNOR ST,368119.9468,5030447.154,9/19/16,0:00,01 - Clear,01 - Dry,10 - No control,01 - Non intersection,00 - Unknown,03 - P.D. only,06 - SMV unattended vehicle
490,ARGYLE AVE btwn CARTIER ST & QUEEN ELIZABETH DRWY,368670.832,5030742.617,2/21/16,12:22,01 - Clear,01 - Dry,10 - No control,01 - Non intersection,01 - Daylight,03 - P.D. only,06 - SMV unattended vehicle
491,ARGYLE AVE btwn METCALFE ST & METCALFE ST,368440.3989,5030640.219,8/24/16,11:46,01 - Clear,01 - Dry,10 - No control,01 - Non intersection,01 - Daylight,03 - P.D. only,04 - Sideswipe
492,ARGYLE AVE E @ METCALFE ST,368442.8687,5030641.701,8/26/16,8:51,01 - Clear,01 - Dry,10 - No control,03 - At intersection,01 - Daylight,03 - P.D. only,05 - Turning movement
493,ARGYLE AVE E @ METCALFE ST,368442.4845,5030641.635,9/19/16,15:30,01 - Clear,01 - Dry,10 - No control,02 - Intersection related,01 - Daylight,03 - P.D. only,04 - Sideswipe
494,ARGYLE AVE E @ METCALFE ST,368442.5019,5030641.367,3/17/16,12:20,02 - Rain,02 - Wet,10 - No control,02 - Intersection related,01 - Daylight,03 - P.D. only,04 - Sideswipe
495,ARGYLE AVE E @ METCALFE ST,368442.4735,5030641.404,10/11/16,15:15,01 - Clear,01 - Dry,10 - No control,02 - Intersection related,01 - Daylight,03 - P.D. only,05 - Turning movement
496,ARGYLE AVE N @ ELGIN ST,368493.482,5030672.48,8/1/16,13:15,01 - Clear,01 - Dry,01 - Traffic signal,02 - Intersection related,01 - Daylight,03 - P.D. only,05 - Turning movement
497,ARGYLE AVE N @ ELGIN ST,368493.6374,5030672.122,7/1/16,15:30,01 - Clear,01 - Dry,01 - Traffic signal,03 - At intersection,01 - Daylight,03 - P.D. only,04 - Sideswipe
498,ARGYLE AVE N @ ELGIN ST,368493.3115,5030671.408,10/27/16,13:46,01 - Clear,01 - Dry,01 - Traffic signal,03 - At intersection,01 - Daylight,03 - P.D. only,07 - SMV other
499,ARGYLE AVE S @ ELGIN ST,368508.9366,5030645.662,8/7/16,14:22,01 - Clear,01 - Dry,02 - Stop sign,02 - Intersection related,01 - Daylight,03 - P.D. only,02 - Angle
500,ARGYLE AVE W @ METCALFE ST,368337.9444,5030579.936,6/22/16,7:47,01 - Clear,01 - Dry,01 - Traffic signal,02 - Intersection related,01 - Daylight,03 - P.D. only,04 - Sideswipe
501,ARLINGTON AVE @ BANK ST,368006.2446,5030345.799,8/31/16,10:30,01 - Clear,01 - Dry,02 - Stop sign,03 - At intersection,01 - Daylight,02 - Non-fatal injury,02 - Angle
502,ARLINGTON AVE @ BRONSON AVE,367222.9314,5029867.341,2/4/16,10:18,01 - Clear,02 - Wet,01 - Traffic signal,02 - Intersection related,01 - Daylight,03 - P.D. only,04 - Sideswipe
503,ARLINGTON AVE @ BRONSON AVE,367222.4839,5029867.338,6/1/16,18:20,01 - Clear,01 - Dry,01 - Traffic signal,02 - Intersection related,01 - Daylight,03 - P.D. only,03 - Rear end
504,ARLINGTON AVE @ BRONSON AVE,367221.6117,5029867.344,10/16/16,11:56,02 - Rain,02 - Wet,01 - Traffic signal,03 - At intersection,01 - Daylight,03 - P.D. only,05 - Turning movement
505,ARLINGTON AVE @ BRONSON AVE,367223.5376,5029867.149,12/2/16,19:42,02 - Rain,02 - Wet,01 - Traffic signal,03 - At intersection,07 - Dark,03 - P.D. only,03 - Rear end
506,ARLINGTON AVE @ KENT ST,367869.1001,5030257.571,6/5/16,0:15,01 - Clear,01 - Dry,01 - Traffic signal,03 - At intersection,07 - Dark,02 - Non-fatal injury,02 - Angle
507,ARLINGTON AVE @ KENT ST,367868.174,5030257.303,9/6/16,22:23,01 - Clear,01 - Dry,01 - Traffic signal,02 - Intersection related,07 - Dark,02 - Non-fatal injury,03 - Rear end
508,ARLINGTON AVE @ KENT ST,367868.4855,5030256.899,3/14/16,18:24,02 - Rain,02 - Wet,01 - Traffic signal,03 - At intersection,07 - Dark,03 - P.D. only,02 - Angle
509,ARLINGTON AVE btwn BOOTH ST & LEBRETON ST N,366916.2539,5029738.967,5/10/16,0:00,01 - Clear,01 - Dry,10 - No control,01 - Non intersection,00 - Unknown,03 - P.D. only,06 - SMV unattended vehicle
510,ARLINGTON AVE btwn KENT ST & BANK ST,367997.0441,5030340.74,9/7/16,13:30,01 - Clear,01 - Dry,10 - No control,01 - Non intersection,01 - Daylight,03 - P.D. only,04 - Sideswipe
511,ARLINGTON AVE btwn KENT ST & BANK ST,367982.5984,5030331.191,6/3/16,19:20,01 - Clear,01 - Dry,10 - No control,04 - At/near private drive,01 - Daylight,03 - P.D. only,02 - Angle
512,ARMAGH WAY btwn WOODFORD WAY & WOODPARK WAY,365011.8196,5017306.412,1/19/16,10:02,02 - Rain,03 - Loose snow,10 - No control,01 - Non intersection,01 - Daylight,03 - P.D. only,06 - SMV unattended vehicle
513,ARMAGH WAY btwn WOODFORD WAY & WOODPARK WAY,365026.2919,5017314.273,7/20/16,10:59,01 - Clear,01 - Dry,10 - No control,04 - At/near private drive,01 - Daylight,03 - P.D. only,02 - Angle
514,ARMSTRONG ST @ BAYVIEW RD,365684.6034,5030022.666,8/31/16,9:40,01 - Clear,01 - Dry,02 - Stop sign,02 - Intersection related,01 - Daylight,03 - P.D. only,99 - Other
515,ARMSTRONG ST @ MERTON ST,365452.8736,5029675.7,11/30/16,0:17,01 - Clear,02 - Wet,02 - Stop sign,02 - Intersection related,07 - Dark,02 - Non-fatal injury,07 - SMV other
516,ARMSTRONG ST @ MERTON ST,365453.1145,5029674.028,6/27/16,20:32,01 - Clear,01 - Dry,02 - Stop sign,03 - At intersection,05 - Dusk,03 - P.D. only,02 - Angle
517,ARMSTRONG ST @ PARKDALE AVE,365090.6921,5029404.145,8/15/16,19:00,01 - Clear,01 - Dry,01 - Traffic signal,03 - At intersection,01 - Daylight,02 - Non-fatal injury,07 - SMV other
518,ARMSTRONG ST @ PARKDALE AVE,365090.9116,5029404.778,12/9/16,0:21,01 - Clear,06 - Ice,01 - Traffic signal,03 - At intersection,07 - Dark,02 - Non-fatal injury,02 - Angle
519,ARMSTRONG ST @ PARKDALE AVE,365090.3337,5029404.681,1/22/16,21:34,01 - Clear,03 - Loose snow,01 - Traffic signal,03 - At intersection,07 - Dark,03 - P.D. only,02 - Angle
520,ARMSTRONG ST @ PARKDALE AVE,365090.3015,5029405.34,7/5/16,7:00,01 - Clear,01 - Dry,01 - Traffic signal,02 - Intersection related,01 - Daylight,03 - P.D. only,03 - Rear end
521,ARMSTRONG ST @ PARKDALE AVE,365090.9116,5029403.9,10/8/16,12:01,02 - Rain,02 - Wet,01 - Traffic signal,03 - At intersection,01 - Daylight,03 - P.D. only,02 - Angle
522,ARNOT RD btwn FISHER AVE & DYNES RD,366544.9757,5025639.359,3/11/16,15:15,01 - Clear,01 - Dry,10 - No control,01 - Non intersection,01 - Daylight,03 - P.D. only,06 - SMV unattended vehicle
523,ARTHUR LANE  S btwn PLYMOUTH ST & END,367142.6141,5029646.979,6/20/16,11:07,01 - Clear,01 - Dry,10 - No control,04 - At/near private drive,01 - Daylight,03 - P.D. only,06 - SMV unattended vehicle