Record,Location,X,Y,Date,Time,Environment,Road_Surface,Traffic_Control,Collision_Location,Light,Collision_Classification,Impact_type
524,ARTHUR ST @ SOMERSET ST,366827.9958,5030392.162,2/26/16,15:37,01 - Clear,01 - Dry,01 - Traffic signal,03 - At intersection,01 - Daylight,03 - P.D. only,04 - Sideswipe
525,ARTHUR ST btwn SOMERSET ST W & CHRISTIE ST,366866.8669,5030299.311,7/31/16,13:28,01 - Clear,01 - Dry,10 - No control,04 - At/near private drive,01 - Daylight,03 - P.D. only,06 - SMV unattended vehicle
526,ASHBOURNE CRES btwn KILBIRNIE DR & Continuation of ASHBOURNE CRES,365320.4325,5012994.409,1/17/16,14:20,03 - Snow,03 - Loose snow,10 - No control,04 - At/near private drive,01 - Daylight,03 - P.D. only,02 - Angle
527,ASHBURN DR btwn WIGAN DR & NESS ST,366263.4452,5024615.686,6/7/16,20:00,01 - Clear,01 - Dry,10 - No control,04 - At/near private drive,01 - Daylight,03 - P.D. only,06 - SMV unattended vehicle
528,ASHBURN DR btwn WIGAN DR & NESS ST,366293.2259,5024633.827,4/19/16,0:00,01 - Clear,01 - Dry,10 - No control,01 - Non intersection,00 - Unknown,03 - P.D. only,06 - SMV unattended vehicle
529,ASHENVALE WAY btwn EMERILLON RIDGE & RAVENSWOOD WAY,385758.3818,5034938.504,2/14/16,14:15,01 - Clear,06 - Ice,10 - No control,04 - At/near private drive,01 - Daylight,03 - P.D. only,05 - Turning movement
530,ASHENVALE WAY btwn EMERILLON RIDGE & VALLIER WAY,385681.7876,5034834.604,11/22/16,0:00,01 - Clear,03 - Loose snow,10 - No control,01 - Non intersection,00 - Unknown,03 - P.D. only,06 - SMV unattended vehicle
531,ASHGROVE CRES btwn CARLAW AVE & GLENBROOK WAY,361540.1446,5022289.271,5/22/16,19:00,01 - Clear,01 - Dry,10 - No control,01 - Non intersection,01 - Daylight,03 - P.D. only,06 - SMV unattended vehicle
532,ASHMORE DR btwn HEARTHSTONE PL & WHITEWATER ST,366877.0105,5014620.202,10/16/16,9:20,01 - Clear,01 - Dry,10 - No control,04 - At/near private drive,01 - Daylight,03 - P.D. only,06 - SMV unattended vehicle
533,ASHTON STATION RD @ FLEWELLYN RD,341540.8269,5001976.211,1/25/16,13:35,03 - Snow,02 - Wet,02 - Stop sign,03 - At intersection,01 - Daylight,02 - Non-fatal injury,07 - SMV other
534,ASHTON STATION RD @ FRANKTOWN RD,346299.4954,4996556.597,2/15/16,22:00,01 - Clear,02 - Wet,02 - Stop sign,02 - Intersection related,07 - Dark,02 - Non-fatal injury,07 - SMV other
535,ASHTON STATION RD @ FRANKTOWN RD,346298.8136,4996556.367,7/22/16,6:20,01 - Clear,01 - Dry,02 - Stop sign,02 - Intersection related,01 - Daylight,03 - P.D. only,03 - Rear end
536,ASHTON STATION RD @ HIGHWAY 7,339968.8922,5003783.85,7/17/16,14:03,01 - Clear,01 - Dry,02 - Stop sign,02 - Intersection related,01 - Daylight,03 - P.D. only,07 - SMV other
537,ASHTON STATION RD btwn MALLOCH LANE & COPELAND RD,344570.3307,4998466.338,10/16/16,8:51,01 - Clear,02 - Wet,10 - No control,01 - Non intersection,01 - Daylight,02 - Non-fatal injury,07 - SMV other
538,ASHTON STATION RD btwn OVERPASS RD & HIGHWAY 7,339858.9119,5003909.136,6/26/16,20:14,01 - Clear,01 - Dry,10 - No control,01 - Non intersection,01 - Daylight,03 - P.D. only,07 - SMV other
539,ASSALY RD @ RICHMOND RD,360728.8457,5025528.949,12/19/16,12:57,01 - Clear,06 - Ice,01 - Traffic signal,02 - Intersection related,01 - Daylight,02 - Non-fatal injury,03 - Rear end
540,ASTORIA CRES btwn STONEWAY DR & REDPATH DR,366378.378,5016242.994,8/10/16,1:09,01 - Clear,01 - Dry,10 - No control,01 - Non intersection,07 - Dark,03 - P.D. only,06 - SMV unattended vehicle
541,ASTURCON ST btwn BALIKUN HTS & PERCHERON WAY,352798.2459,5015070.966,3/17/16,0:00,01 - Clear,01 - Dry,10 - No control,01 - Non intersection,00 - Unknown,03 - P.D. only,06 - SMV unattended vehicle
542,ATHLONE AVE @ SCOTT ST,363328.3699,5028733.998,8/12/16,8:27,02 - Rain,02 - Wet,01 - Traffic signal,03 - At intersection,01 - Daylight,02 - Non-fatal injury,05 - Turning movement
543,ATHLONE AVE btwn RICHMOND RD & BYRON AVE,363481.6411,5028371.244,2/11/16,15:31,01 - Clear,03 - Loose snow,10 - No control,04 - At/near private drive,01 - Daylight,03 - P.D. only,02 - Angle
544,ATHLONE AVE btwn RICHMOND RD & BYRON AVE,363470.2527,5028398.906,12/17/16,17:07,03 - Snow,03 - Loose snow,10 - No control,01 - Non intersection,07 - Dark,03 - P.D. only,04 - Sideswipe
545,ATHLONE AVE btwn SCOTT ST & RICHMOND RD,363394.7689,5028579.921,10/29/16,0:00,02 - Rain,02 - Wet,10 - No control,01 - Non intersection,00 - Unknown,03 - P.D. only,06 - SMV unattended vehicle
546,AUGUSTA ST @ DALY AVE,369090.0479,5032576.353,11/10/16,19:00,01 - Clear,01 - Dry,02 - Stop sign,02 - Intersection related,07 - Dark,03 - P.D. only,06 - SMV unattended vehicle
547,AUGUSTA ST @ DALY AVE,369093.3605,5032578.837,12/14/16,16:13,01 - Clear,04 - Slush,02 - Stop sign,03 - At intersection,05 - Dusk,03 - P.D. only,02 - Angle
548,AUGUSTA ST @ RIDEAU ST,369012.5895,5032717.039,11/4/16,16:04,01 - Clear,01 - Dry,01 - Traffic signal,03 - At intersection,01 - Daylight,02 - Non-fatal injury,05 - Turning movement
549,AUGUSTA ST @ RIDEAU ST,369011.9808,5032716.844,7/15/16,10:34,01 - Clear,01 - Dry,01 - Traffic signal,02 - Intersection related,01 - Daylight,02 - Non-fatal injury,05 - Turning movement
550,AUGUSTA ST @ RIDEAU ST,369011.7871,5032718.133,9/6/16,20:59,01 - Clear,01 - Dry,01 - Traffic signal,02 - Intersection related,07 - Dark,03 - P.D. only,03 - Rear end
551,AUGUSTA ST @ RIDEAU ST,369012.5895,5032717.039,11/10/16,13:49,01 - Clear,01 - Dry,01 - Traffic signal,02 - Intersection related,01 - Daylight,03 - P.D. only,99 - Other
552,AUGUSTA ST btwn BESSERER ST & DALY AVE,369056.0263,5032638.4,8/15/16,23:30,01 - Clear,01 - Dry,10 - No control,01 - Non intersection,07 - Dark,03 - P.D. only,06 - SMV unattended vehicle
553,AURIGA DR @ DEAKIN ST,367145.6318,5021589.265,6/3/16,13:44,01 - Clear,01 - Dry,02 - Stop sign,03 - At intersection,01 - Daylight,03 - P.D. only,02 - Angle
554,AURIGA DR btwn ANTARES DR & DEAKIN ST (1),367139.6639,5021582.249,7/29/16,12:29,01 - Clear,01 - Dry,10 - No control,01 - Non intersection,01 - Daylight,03 - P.D. only,06 - SMV unattended vehicle
555,AURIGA DR btwn CORVUS CRT & ANTARES DR,366594.8574,5021275.784,1/27/16,17:09,01 - Clear,01 - Dry,10 - No control,01 - Non intersection,05 - Dusk,03 - P.D. only,06 - SMV unattended vehicle
556,AUTUMNFIELD ST @ CROWNRIDGE DR,356065.311,5015255.183,8/12/16,17:29,01 - Clear,01 - Dry,02 - Stop sign,03 - At intersection,01 - Daylight,03 - P.D. only,02 - Angle
557,AVATION PKWY/ROCKCLIFFE PKWY EB OFFRAMP btwn ROCKCLIFFE PKWY & AVIATIO,371430.5859,5035539.402,11/16/16,23:00,01 - Clear,01 - Dry,10 - No control,01 - Non intersection,07 - Dark,02 - Non-fatal injury,07 - SMV other
558,AVE. VINCENT MASSEY AVE @ NAUGHTON ST,371317.4897,5032213.044,12/23/16,14:35,01 - Clear,01 - Dry,10 - No control,02 - Intersection related,01 - Daylight,03 - P.D. only,03 - Rear end
559,AVENUE L btwn TREMBLAY RD & END,371496.8281,5031307.642,10/14/16,10:14,01 - Clear,01 - Dry,10 - No control,04 - At/near private drive,01 - Daylight,03 - P.D. only,06 - SMV unattended vehicle
560,AVENUE L btwn TREMBLAY RD & END,371513.9397,5031153.08,7/12/16,0:00,01 - Clear,01 - Dry,10 - No control,04 - At/near private drive,00 - Unknown,03 - P.D. only,06 - SMV unattended vehicle
561,AVENUE N btwn TREMBLAY RD & END,371638.7431,5031309.262,2/23/16,11:49,01 - Clear,06 - Ice,10 - No control,01 - Non intersection,01 - Daylight,03 - P.D. only,06 - SMV unattended vehicle
562,AVENUE R @ TREMBLAY RD,371916.3884,5031361.677,1/27/16,15:10,01 - Clear,02 - Wet,02 - Stop sign,02 - Intersection related,01 - Daylight,03 - P.D. only,05 - Turning movement
563,AVIATION PKWY @ AVIATION/ROCKCLIFFE PKWY WB ON,371678.4006,5035485.127,9/25/16,13:06,01 - Clear,01 - Dry,02 - Stop sign,02 - Intersection related,01 - Daylight,03 - P.D. only,03 - Rear end
564,AVIATION PKWY @ MONTREAL RD,372146.9029,5034108.325,8/18/16,0:08,01 - Clear,01 - Dry,01 - Traffic signal,03 - At intersection,07 - Dark,02 - Non-fatal injury,05 - Turning movement
565,AVIATION PKWY @ MONTREAL RD,372146.4971,5034108.363,10/25/16,10:00,01 - Clear,01 - Dry,01 - Traffic signal,03 - At intersection,01 - Daylight,02 - Non-fatal injury,05 - Turning movement
566,AVIATION PKWY @ MONTREAL RD,372146.4778,5034108.477,7/13/16,22:07,01 - Clear,01 - Dry,01 - Traffic signal,02 - Intersection related,07 - Dark,02 - Non-fatal injury,03 - Rear end
567,AVIATION PKWY @ MONTREAL RD,372145.8884,5034107.341,11/18/16,13:28,01 - Clear,01 - Dry,01 - Traffic signal,02 - Intersection related,01 - Daylight,02 - Non-fatal injury,03 - Rear end
568,AVIATION PKWY @ MONTREAL RD,372146.9484,5034110.484,12/19/16,15:05,01 - Clear,01 - Dry,01 - Traffic signal,03 - At intersection,01 - Daylight,02 - Non-fatal injury,05 - Turning movement
569,AVIATION PKWY @ MONTREAL RD,372147.0437,5034108.888,2/13/16,9:28,01 - Clear,01 - Dry,01 - Traffic signal,03 - At intersection,01 - Daylight,03 - P.D. only,05 - Turning movement
570,AVIATION PKWY @ MONTREAL RD,372146.8096,5034108.92,3/2/16,18:48,01 - Clear,02 - Wet,01 - Traffic signal,03 - At intersection,07 - Dark,03 - P.D. only,05 - Turning movement
571,AVIATION PKWY @ MONTREAL RD,372142.9281,5034110.516,1/20/16,7:49,03 - Snow,04 - Slush,01 - Traffic signal,02 - Intersection related,03 - Dawn,03 - P.D. only,03 - Rear end
572,AVIATION PKWY @ MONTREAL RD,372147.3752,5034107.924,2/2/16,17:10,01 - Clear,01 - Dry,01 - Traffic signal,02 - Intersection related,01 - Daylight,03 - P.D. only,03 - Rear end
573,AVIATION PKWY @ MONTREAL RD,372145.6138,5034109.494,1/21/16,7:14,01 - Clear,01 - Dry,01 - Traffic signal,03 - At intersection,03 - Dawn,03 - P.D. only,05 - Turning movement
574,AVIATION PKWY @ MONTREAL RD,372146.0447,5034108.359,2/15/16,17:56,01 - Clear,01 - Dry,01 - Traffic signal,02 - Intersection related,05 - Dusk,03 - P.D. only,03 - Rear end
575,AVIATION PKWY @ MONTREAL RD,372146.4503,5034107.784,3/17/16,10:40,01 - Clear,01 - Dry,01 - Traffic signal,03 - At intersection,01 - Daylight,03 - P.D. only,05 - Turning movement
576,AVIATION PKWY @ MONTREAL RD,372146.4893,5034109.946,7/20/16,10:36,01 - Clear,01 - Dry,01 - Traffic signal,02 - Intersection related,01 - Daylight,03 - P.D. only,03 - Rear end
577,AVIATION PKWY @ MONTREAL RD,372152.6175,5034110.484,10/5/16,12:30,01 - Clear,01 - Dry,01 - Traffic signal,03 - At intersection,01 - Daylight,03 - P.D. only,05 - Turning movement
578,AVIATION PKWY @ MONTREAL RD,372148.3888,5034107.914,7/18/16,8:08,01 - Clear,01 - Dry,01 - Traffic signal,03 - At intersection,01 - Daylight,03 - P.D. only,05 - Turning movement
579,AVIATION PKWY @ MONTREAL RD,372147.0511,5034107.914,7/12/16,16:00,01 - Clear,01 - Dry,01 - Traffic signal,02 - Intersection related,01 - Daylight,03 - P.D. only,02 - Angle
580,AVIATION PKWY @ MONTREAL RD,372146.058,5034108.363,12/15/16,18:16,01 - Clear,02 - Wet,01 - Traffic signal,03 - At intersection,07 - Dark,03 - P.D. only,05 - Turning movement
581,AVIATION PKWY @ MONTREAL RD,372147.8001,5034108.005,10/5/16,10:25,01 - Clear,01 - Dry,01 - Traffic signal,02 - Intersection related,01 - Daylight,03 - P.D. only,05 - Turning movement
582,AVIATION PKWY @ MONTREAL RD,372144.2321,5034106.512,12/1/16,8:08,02 - Rain,02 - Wet,01 - Traffic signal,02 - Intersection related,01 - Daylight,03 - P.D. only,03 - Rear end
583,AVIATION PKWY @ MONTREAL RD,372146.762,5034108.606,12/1/16,20:07,01 - Clear,02 - Wet,01 - Traffic signal,03 - At intersection,07 - Dark,03 - P.D. only,05 - Turning movement
584,AVIATION PKWY @ OGILVIE RD,373112.3206,5032376.318,9/7/16,20:08,01 - Clear,01 - Dry,01 - Traffic signal,02 - Intersection related,07 - Dark,02 - Non-fatal injury,03 - Rear end
585,AVIATION PKWY @ OGILVIE RD,373109.0579,5032377.828,8/12/16,11:42,01 - Clear,01 - Dry,01 - Traffic signal,02 - Intersection related,01 - Daylight,02 - Non-fatal injury,03 - Rear end
586,AVIATION PKWY @ OGILVIE RD,373111.8416,5032377.262,5/10/16,7:45,01 - Clear,01 - Dry,01 - Traffic signal,02 - Intersection related,01 - Daylight,02 - Non-fatal injury,03 - Rear end
587,AVIATION PKWY @ OGILVIE RD,373110.4947,5032376.366,5/26/16,16:09,01 - Clear,01 - Dry,01 - Traffic signal,03 - At intersection,01 - Daylight,02 - Non-fatal injury,05 - Turning movement
588,AVIATION PKWY @ OGILVIE RD,373108.2297,5032375.343,12/14/16,17:50,01 - Clear,05 - Packed snow,01 - Traffic signal,03 - At intersection,07 - Dark,02 - Non-fatal injury,05 - Turning movement
589,AVIATION PKWY @ OGILVIE RD,373110.4869,5032377.04,8/5/16,8:50,01 - Clear,01 - Dry,01 - Traffic signal,02 - Intersection related,01 - Daylight,03 - P.D. only,03 - Rear end
590,AVIATION PKWY @ OGILVIE RD,373110.7142,5032376.172,9/17/16,19:49,02 - Rain,02 - Wet,01 - Traffic signal,02 - Intersection related,07 - Dark,03 - P.D. only,03 - Rear end
591,AVIATION PKWY @ OGILVIE RD,373111.7852,5032375.247,8/17/16,16:03,01 - Clear,01 - Dry,01 - Traffic signal,02 - Intersection related,01 - Daylight,03 - P.D. only,03 - Rear end
592,AVIATION PKWY @ OGILVIE RD,373110.4887,5032375.909,5/16/16,16:15,01 - Clear,01 - Dry,01 - Traffic signal,02 - Intersection related,01 - Daylight,03 - P.D. only,03 - Rear end
593,AVIATION PKWY @ OGILVIE RD,373110.9397,5032376.36,5/27/16,16:40,01 - Clear,01 - Dry,01 - Traffic signal,02 - Intersection related,01 - Daylight,03 - P.D. only,03 - Rear end
594,AVIATION PKWY @ OGILVIE RD,373110.0556,5032376.805,2/8/16,13:09,01 - Clear,01 - Dry,01 - Traffic signal,02 - Intersection related,01 - Daylight,03 - P.D. only,03 - Rear end
595,AVIATION PKWY @ OGILVIE RD,373110.6402,5032376.89,7/4/16,17:35,01 - Clear,01 - Dry,01 - Traffic signal,02 - Intersection related,01 - Daylight,03 - P.D. only,03 - Rear end
596,AVIATION PKWY @ OGILVIE RD,373109.9637,5032376.961,1/16/16,11:20,03 - Snow,04 - Slush,01 - Traffic signal,03 - At intersection,01 - Daylight,03 - P.D. only,05 - Turning movement
597,AVIATION PKWY @ OGILVIE RD,373110.0408,5032375.912,2/18/16,8:01,01 - Clear,06 - Ice,01 - Traffic signal,02 - Intersection related,01 - Daylight,03 - P.D. only,03 - Rear end
598,AVIATION PKWY @ OGILVIE RD,373110.7142,5032376.142,1/11/16,17:06,04 - Freezing Rain,02 - Wet,01 - Traffic signal,02 - Intersection related,05 - Dusk,03 - P.D. only,03 - Rear end
599,AVIATION PKWY @ OGILVIE RD,373110.3236,5032376.586,5/6/16,15:55,01 - Clear,01 - Dry,01 - Traffic signal,02 - Intersection related,01 - Daylight,03 - P.D. only,03 - Rear end
600,AVIATION PKWY @ OGILVIE RD,373109.5868,5032376.36,5/29/16,14:05,01 - Clear,01 - Dry,01 - Traffic signal,02 - Intersection related,01 - Daylight,03 - P.D. only,03 - Rear end
601,AVIATION PKWY @ OGILVIE RD,373110.4887,5032376.811,7/4/16,16:30,01 - Clear,01 - Dry,01 - Traffic signal,02 - Intersection related,01 - Daylight,03 - P.D. only,03 - Rear end
602,AVIATION PKWY @ OGILVIE RD,373109.0579,5032377.828,11/23/16,16:44,01 - Clear,01 - Dry,01 - Traffic signal,02 - Intersection related,05 - Dusk,03 - P.D. only,03 - Rear end
603,AVIATION PKWY @ OGILVIE RD,373109.7957,5032376.815,7/13/16,14:45,01 - Clear,01 - Dry,01 - Traffic signal,02 - Intersection related,01 - Daylight,03 - P.D. only,03 - Rear end
604,AVIATION PKWY @ OGILVIE RD,373110.7142,5032376.172,10/13/16,9:30,02 - Rain,02 - Wet,01 - Traffic signal,02 - Intersection related,01 - Daylight,03 - P.D. only,03 - Rear end
605,AVIATION PKWY @ OGILVIE RD,373111.0487,5032377.255,7/22/16,7:41,01 - Clear,01 - Dry,01 - Traffic signal,02 - Intersection related,01 - Daylight,03 - P.D. only,03 - Rear end
606,AVIATION PKWY @ OGILVIE RD,373109.886,5032376.586,12/14/16,11:59,01 - Clear,01 - Dry,01 - Traffic signal,03 - At intersection,01 - Daylight,03 - P.D. only,05 - Turning movement
607,AVIATION PKWY @ OGILVIE RD,373109.0579,5032377.828,12/4/16,21:20,01 - Clear,01 - Dry,01 - Traffic signal,03 - At intersection,07 - Dark,03 - P.D. only,05 - Turning movement
608,AVIATION PKWY @ OGILVIE RD,373110.4947,5032376.366,12/2/16,10:37,01 - Clear,01 - Dry,01 - Traffic signal,02 - Intersection related,01 - Daylight,03 - P.D. only,02 - Angle
609,AVIATION PKWY @ OGILVIE RD,373109.886,5032377,11/28/16,20:26,01 - Clear,01 - Dry,01 - Traffic signal,02 - Intersection related,07 - Dark,03 - P.D. only,03 - Rear end
610,AVIATION PKWY @ OGILVIE RD,373111.661,5032375.876,11/10/16,18:10,01 - Clear,01 - Dry,01 - Traffic signal,02 - Intersection related,07 - Dark,03 - P.D. only,03 - Rear end
611,AVIATION PKWY btwn AVIATION PKWY & TO BE DETERMINED,372933.7216,5032682.894,5/15/16,20:50,00 - Unknown,01 - Dry,10 - No control,01 - Non intersection,07 - Dark,02 - Non-fatal injury,07 - SMV other
612,AVIATION PKWY btwn LA CITE PRIV & AVIATION PKWY (2),372522.7769,5033200.619,8/7/16,21:10,01 - Clear,01 - Dry,10 - No control,01 - Non intersection,07 - Dark,03 - P.D. only,07 - SMV other
613,AVIATION PKWY btwn MONTREAL RD & LA CITE PRIV (1),372367.6779,5033554.372,6/9/16,11:30,01 - Clear,01 - Dry,10 - No control,04 - At/near private drive,01 - Daylight,03 - P.D. only,03 - Rear end
614,AVIATION PKWY btwn MONTREAL RD & LA CITE PRIV (2),372389.2889,5033580.905,2/24/16,17:21,03 - Snow,04 - Slush,10 - No control,01 - Non intersection,05 - Dusk,03 - P.D. only,03 - Rear end
615,AVIATION PKWY btwn RAMP & MONTREAL RD,371929.6729,5034383.286,4/5/16,8:25,01 - Clear,01 - Dry,10 - No control,04 - At/near private drive,01 - Daylight,02 - Non-fatal injury,02 - Angle
616,AVIATION PKWY btwn RAMP & MONTREAL RD,372077.2338,5034229.316,11/2/16,13:50,01 - Clear,01 - Dry,10 - No control,04 - At/near private drive,01 - Daylight,03 - P.D. only,03 - Rear end
617,AVIATION PKWY NB @ LA CITE PRIV,372501.4111,5033247.788,9/7/16,13:44,01 - Clear,01 - Dry,02 - Stop sign,03 - At intersection,01 - Daylight,02 - Non-fatal injury,02 - Angle
618,AVIATION PKWY NB @ LA CITE PRIV,372501.2821,5033246.722,11/24/16,10:08,01 - Clear,04 - Slush,02 - Stop sign,02 - Intersection related,01 - Daylight,03 - P.D. only,07 - SMV other
619,AVIATION PKWY SB @ LA CITE PRIV,372462.8621,5033233.813,2/23/16,7:50,01 - Clear,01 - Dry,02 - Stop sign,03 - At intersection,01 - Daylight,02 - Non-fatal injury,07 - SMV other
620,AVONCOURT WAY @ WALKLEY RD,369604.0584,5025514.291,11/19/16,22:55,01 - Clear,01 - Dry,01 - Traffic signal,03 - At intersection,07 - Dark,03 - P.D. only,03 - Rear end
621,AVONCOURT WAY btwn HARKNESS AVE & WALKLEY RD,369588.6693,5025545.533,6/26/16,20:30,01 - Clear,01 - Dry,10 - No control,01 - Non intersection,05 - Dusk,03 - P.D. only,06 - SMV unattended vehicle
622,AVONDALE AVE @ CHURCHILL AVE,363530.4685,5027590.897,7/12/16,9:12,01 - Clear,01 - Dry,02 - Stop sign,02 - Intersection related,01 - Daylight,03 - P.D. only,03 - Rear end
623,AYERS AVE @ WALKLEY RD,370553.6688,5026072.712,9/22/16,19:31,02 - Rain,02 - Wet,02 - Stop sign,02 - Intersection related,07 - Dark,02 - Non-fatal injury,03 - Rear end
624,AYERS AVE @ WALKLEY RD,370553.4631,5026074.269,7/11/16,11:49,01 - Clear,01 - Dry,02 - Stop sign,03 - At intersection,01 - Daylight,03 - P.D. only,03 - Rear end
625,AYLMER AVE @ BANK ST,368673.4851,5028729.089,6/12/16,11:35,02 - Rain,02 - Wet,01 - Traffic signal,03 - At intersection,01 - Daylight,02 - Non-fatal injury,07 - SMV other
626,AYLMER AVE @ BANK ST,368673.8956,5028730.181,3/17/16,18:15,01 - Clear,01 - Dry,01 - Traffic signal,02 - Intersection related,05 - Dusk,03 - P.D. only,03 - Rear end
627,AYLMER AVE @ BANK ST,368673.0306,5028729.089,7/18/16,17:37,01 - Clear,01 - Dry,01 - Traffic signal,02 - Intersection related,01 - Daylight,03 - P.D. only,03 - Rear end
628,AYLMER AVE @ BANK ST,368673.3218,5028730.325,7/6/16,13:32,01 - Clear,01 - Dry,01 - Traffic signal,02 - Intersection related,01 - Daylight,03 - P.D. only,04 - Sideswipe
629,AYLMER AVE @ ROSEDALE AVE,368354.0351,5028536.555,8/13/16,13:03,02 - Rain,02 - Wet,02 - Stop sign,03 - At intersection,01 - Daylight,03 - P.D. only,02 - Angle
630,AYLMER AVE btwn BARTON ST & GALT ST,368546.5993,5028652.485,10/16/16,12:15,02 - Rain,02 - Wet,10 - No control,01 - Non intersection,01 - Daylight,03 - P.D. only,04 - Sideswipe
631,BACHMAN TER btwn IRWIN GT & PICKFORD DR,353408.519,5018334.445,8/31/16,14:40,01 - Clear,01 - Dry,10 - No control,04 - At/near private drive,01 - Daylight,03 - P.D. only,99 - Other
632,BADEN AVE btwn AUTUMNWOOD ST & AUTUMNWOOD ST,372301.8303,5022692.558,7/3/16,15:23,01 - Clear,01 - Dry,10 - No control,04 - At/near private drive,01 - Daylight,03 - P.D. only,06 - SMV unattended vehicle
633,BALLANTYNE DR btwn SERENITY AVE & VENUS AVE,385797.8988,5037023.296,2/13/16,0:00,01 - Clear,06 - Ice,10 - No control,01 - Non intersection,00 - Unknown,03 - P.D. only,06 - SMV unattended vehicle
634,BALMORAL DR btwn RIVER RD & LIMEBANK RD,368145.5056,5019599.401,5/12/16,13:45,01 - Clear,01 - Dry,10 - No control,01 - Non intersection,01 - Daylight,03 - P.D. only,06 - SMV unattended vehicle
635,BALSAM ST @ ROCHESTER ST,366633.0895,5029861.563,7/14/16,16:03,01 - Clear,01 - Dry,02 - Stop sign,03 - At intersection,01 - Daylight,03 - P.D. only,04 - Sideswipe
636,BALSAM ST @ ROCHESTER ST,366632.4794,5029861.782,9/27/16,9:30,01 - Clear,01 - Dry,02 - Stop sign,03 - At intersection,01 - Daylight,03 - P.D. only,02 - Angle
637,BALSAM ST btwn PRESTON ST & ROCHESTER ST,366532.4454,5029819.521,2/16/16,9:36,03 - Snow,03 - Loose snow,10 - No control,04 - At/near private drive,01 - Daylight,03 - P.D. only,02 - Angle
638,BANDELIER WAY btwn OVERLAND DR & END,349223.019,5014907.707,8/31/16,0:00,01 - Clear,01 - Dry,10 - No control,01 - Non intersection,00 - Unknown,03 - P.D. only,06 - SMV unattended vehicle
639,BANEBERRY CRES btwn ALDBURN PL & STOKES CRES,353299.3332,5017061.628,12/30/16,9:15,01 - Clear,05 - Packed snow,10 - No control,01 - Non intersection,01 - Daylight,03 - P.D. only,05 - Turning movement
640,BANFF AVE @ SURREY AVE,370575.9448,5025920.435,11/8/16,12:54,01 - Clear,01 - Dry,02 - Stop sign,03 - At intersection,01 - Daylight,03 - P.D. only,02 - Angle
641,BANFF AVE @ WALKLEY RD,370504.3843,5026043.754,7/5/16,19:38,01 - Clear,01 - Dry,01 - Traffic signal,02 - Intersection related,01 - Daylight,03 - P.D. only,03 - Rear end
642,BANFF AVE btwn FOXBAR AVE & ST. PAUL AVE,370693.9112,5025676.339,10/11/16,0:00,01 - Clear,01 - Dry,10 - No control,01 - Non intersection,00 - Unknown,03 - P.D. only,06 - SMV unattended vehicle
643,BANGS ST btwn CHELSEA DR & CARPENTER WAY,371557.5673,5034506.966,7/22/16,16:50,01 - Clear,01 - Dry,10 - No control,04 - At/near private drive,01 - Daylight,03 - P.D. only,06 - SMV unattended vehicle
644,BANK ST @ BANK ST,371876.2757,5024122.99,6/23/16,16:18,01 - Clear,01 - Dry,10 - No control,03 - At intersection,01 - Daylight,03 - P.D. only,02 - Angle
645,BANK ST @ BELMEADE RD/MARIONVILLE RD,388030.0472,5001134.095,12/5/16,10:25,03 - Snow,03 - Loose snow,02 - Stop sign,03 - At intersection,01 - Daylight,02 - Non-fatal injury,02 - Angle
646,BANK ST @ BILLINGS TRANSIT,369446.5385,5027742.402,1/14/16,8:15,03 - Snow,03 - Loose snow,01 - Traffic signal,02 - Intersection related,01 - Daylight,03 - P.D. only,03 - Rear end
647,BANK ST @ CAHILL DR/DAZE ST,371306.5731,5024317.058,8/1/16,16:21,01 - Clear,01 - Dry,01 - Traffic signal,02 - Intersection related,01 - Daylight,03 - P.D. only,03 - Rear end
648,BANK ST @ CAHILL DR/DAZE ST,371305.7441,5024315.389,9/9/16,12:10,01 - Clear,01 - Dry,01 - Traffic signal,02 - Intersection related,01 - Daylight,03 - P.D. only,03 - Rear end
649,BANK ST @ CAHILL DR/DAZE ST,371305.6952,5024316.951,3/14/16,11:10,02 - Rain,02 - Wet,01 - Traffic signal,03 - At intersection,01 - Daylight,03 - P.D. only,05 - Turning movement
650,BANK ST @ CAHILL DR/DAZE ST,371304.3305,5024316.313,11/18/16,13:45,01 - Clear,01 - Dry,01 - Traffic signal,02 - Intersection related,01 - Daylight,03 - P.D. only,03 - Rear end
651,BANK ST @ CAMERON AVE,368944.5422,5028262.134,11/20/16,18:19,03 - Snow,02 - Wet,01 - Traffic signal,02 - Intersection related,07 - Dark,03 - P.D. only,03 - Rear end
652,BANK ST @ CAMERON AVE,368944.3958,5028262.548,7/21/16,22:35,01 - Clear,01 - Dry,01 - Traffic signal,02 - Intersection related,07 - Dark,03 - P.D. only,05 - Turning movement