Record,Location,X,Y,Date,Time,Environment,Road_Surface,Traffic_Control,Collision_Location,Light,Collision_Classification,Impact_type
925,BANK ST @ SUNNYSIDE AVE,368736.365,5028581.963,10/8/16,21:31,01 - Clear,01 - Dry,01 - Traffic signal,02 - Intersection related,07 - Dark,03 - P.D. only,03 - Rear end
926,BANK ST @ SUNNYSIDE AVE,368735.5369,5028580.307,12/17/16,11:41,01 - Clear,03 - Loose snow,01 - Traffic signal,02 - Intersection related,01 - Daylight,03 - P.D. only,03 - Rear end
927,BANK ST @ SURREY AVE,370382.6021,5025810.097,4/21/16,10:30,01 - Clear,01 - Dry,02 - Stop sign,02 - Intersection related,01 - Daylight,03 - P.D. only,05 - Turning movement
928,BANK ST @ THIRD AVE,368337.4613,5029551.188,1/22/16,9:05,01 - Clear,02 - Wet,01 - Traffic signal,03 - At intersection,01 - Daylight,02 - Non-fatal injury,07 - SMV other
929,BANK ST @ THIRD AVE,368336.3202,5029550,6/4/16,6:45,01 - Clear,01 - Dry,01 - Traffic signal,02 - Intersection related,01 - Daylight,03 - P.D. only,05 - Turning movement
930,BANK ST @ THIRD AVE,368336.9303,5029551.782,6/26/16,17:41,01 - Clear,01 - Dry,01 - Traffic signal,02 - Intersection related,01 - Daylight,03 - P.D. only,03 - Rear end
931,BANK ST @ THIRD AVE,368336.029,5029552.017,7/18/16,18:45,01 - Clear,01 - Dry,01 - Traffic signal,03 - At intersection,01 - Daylight,03 - P.D. only,02 - Angle
932,BANK ST @ WALKLEY RD,370338.2426,5025946.954,7/16/16,8:54,01 - Clear,01 - Dry,01 - Traffic signal,02 - Intersection related,01 - Daylight,02 - Non-fatal injury,04 - Sideswipe
933,BANK ST @ WALKLEY RD,370338.5284,5025947.509,6/14/16,13:48,01 - Clear,01 - Dry,01 - Traffic signal,02 - Intersection related,01 - Daylight,02 - Non-fatal injury,02 - Angle
934,BANK ST @ WALKLEY RD,370338.7988,5025947.498,10/6/16,21:34,01 - Clear,01 - Dry,01 - Traffic signal,02 - Intersection related,07 - Dark,02 - Non-fatal injury,02 - Angle
935,BANK ST @ WALKLEY RD,370338.0765,5025947.959,2/22/16,17:05,01 - Clear,01 - Dry,01 - Traffic signal,02 - Intersection related,05 - Dusk,02 - Non-fatal injury,03 - Rear end
936,BANK ST @ WALKLEY RD,370338.679,5025947.735,9/27/16,8:59,01 - Clear,01 - Dry,01 - Traffic signal,03 - At intersection,01 - Daylight,02 - Non-fatal injury,03 - Rear end
937,BANK ST @ WALKLEY RD,370339.5083,5025945.665,11/2/16,8:01,01 - Clear,01 - Dry,01 - Traffic signal,02 - Intersection related,01 - Daylight,02 - Non-fatal injury,03 - Rear end
938,BANK ST @ WALKLEY RD,370337.0238,5025948.977,12/8/16,21:13,03 - Snow,06 - Ice,01 - Traffic signal,03 - At intersection,07 - Dark,02 - Non-fatal injury,02 - Angle
939,BANK ST @ WALKLEY RD,370336.7543,5025948.833,2/16/16,16:28,03 - Snow,03 - Loose snow,01 - Traffic signal,03 - At intersection,01 - Daylight,03 - P.D. only,04 - Sideswipe
940,BANK ST @ WALKLEY RD,370336.7811,5025948.003,9/19/16,13:23,01 - Clear,01 - Dry,01 - Traffic signal,02 - Intersection related,01 - Daylight,03 - P.D. only,03 - Rear end
941,BANK ST @ WALKLEY RD,370338.5106,5025947.076,1/29/16,17:18,01 - Clear,02 - Wet,01 - Traffic signal,02 - Intersection related,05 - Dusk,03 - P.D. only,03 - Rear end
942,BANK ST @ WALKLEY RD,370338.0715,5025947.076,1/20/16,10:54,01 - Clear,01 - Dry,01 - Traffic signal,02 - Intersection related,01 - Daylight,03 - P.D. only,03 - Rear end
943,BANK ST @ WALKLEY RD,370336.1957,5025948.977,9/13/16,8:24,01 - Clear,01 - Dry,01 - Traffic signal,02 - Intersection related,01 - Daylight,03 - P.D. only,03 - Rear end
944,BANK ST @ WALKLEY RD,370338.7705,5025948.424,3/25/16,18:28,01 - Clear,01 - Dry,01 - Traffic signal,03 - At intersection,05 - Dusk,03 - P.D. only,02 - Angle
945,BANK ST @ WALKLEY RD,370336.7246,5025946.608,4/16/16,10:20,01 - Clear,01 - Dry,01 - Traffic signal,02 - Intersection related,01 - Daylight,03 - P.D. only,03 - Rear end
946,BANK ST @ WALKLEY RD,370337.6265,5025947.509,4/16/16,19:10,01 - Clear,01 - Dry,01 - Traffic signal,02 - Intersection related,01 - Daylight,03 - P.D. only,03 - Rear end
947,BANK ST @ WALKLEY RD,370336.9335,5025947.965,4/19/16,15:00,01 - Clear,01 - Dry,01 - Traffic signal,03 - At intersection,01 - Daylight,03 - P.D. only,05 - Turning movement
948,BANK ST @ WALKLEY RD,370336.9335,5025947.046,6/19/16,23:23,01 - Clear,01 - Dry,01 - Traffic signal,03 - At intersection,07 - Dark,03 - P.D. only,02 - Angle
949,BANK ST @ WALKLEY RD,370338.6802,5025947.321,10/12/16,16:22,01 - Clear,01 - Dry,01 - Traffic signal,02 - Intersection related,01 - Daylight,03 - P.D. only,03 - Rear end
950,BANK ST @ WALKLEY RD,370339.5083,5025947.321,9/26/16,16:03,01 - Clear,01 - Dry,01 - Traffic signal,02 - Intersection related,01 - Daylight,03 - P.D. only,03 - Rear end
951,BANK ST @ WALKLEY RD,370338.6802,5025945.665,11/4/16,22:41,01 - Clear,01 - Dry,01 - Traffic signal,02 - Intersection related,07 - Dark,03 - P.D. only,03 - Rear end
952,BANK ST @ WALKLEY RD,370337.0238,5025947.321,11/2/16,18:40,01 - Clear,01 - Dry,01 - Traffic signal,02 - Intersection related,07 - Dark,03 - P.D. only,03 - Rear end
953,BANK ST @ WALKLEY RD,370335.3675,5025946.493,12/8/16,20:22,03 - Snow,06 - Ice,01 - Traffic signal,02 - Intersection related,07 - Dark,03 - P.D. only,03 - Rear end
954,BANK ST @ WALKLEY RD,370337.852,5025948.977,11/18/16,18:00,01 - Clear,01 - Dry,01 - Traffic signal,02 - Intersection related,07 - Dark,03 - P.D. only,03 - Rear end
955,BANK ST @ WALKLEY RD,370337.852,5025948.977,11/28/16,10:52,01 - Clear,01 - Dry,01 - Traffic signal,03 - At intersection,01 - Daylight,03 - P.D. only,03 - Rear end
956,BANK ST @ WELLINGTON ST,367257.929,5031628.351,3/9/16,19:46,01 - Clear,02 - Wet,01 - Traffic signal,02 - Intersection related,07 - Dark,02 - Non-fatal injury,05 - Turning movement
957,BANK ST @ WELLINGTON ST,367257.4815,5031627.897,6/21/16,12:28,01 - Clear,01 - Dry,01 - Traffic signal,02 - Intersection related,01 - Daylight,02 - Non-fatal injury,07 - SMV other
958,BANK ST @ WELLINGTON ST,367256.0507,5031630.644,11/23/16,6:25,01 - Clear,01 - Dry,01 - Traffic signal,03 - At intersection,07 - Dark,02 - Non-fatal injury,07 - SMV other
959,BANK ST @ WELLINGTON ST,367259.3633,5031628.159,12/22/16,18:12,01 - Clear,02 - Wet,01 - Traffic signal,03 - At intersection,07 - Dark,02 - Non-fatal injury,01 - Approaching
960,BANK ST @ WELLINGTON ST,367258.8047,5031627.915,1/18/16,17:37,03 - Snow,02 - Wet,01 - Traffic signal,02 - Intersection related,05 - Dusk,03 - P.D. only,01 - Approaching
961,BANK ST @ WELLINGTON ST,367258.1662,5031629.262,7/24/16,15:45,01 - Clear,01 - Dry,01 - Traffic signal,02 - Intersection related,01 - Daylight,03 - P.D. only,03 - Rear end
962,BANK ST @ WELLINGTON ST,367257.707,5031628.159,12/16/16,9:03,01 - Clear,06 - Ice,01 - Traffic signal,02 - Intersection related,01 - Daylight,03 - P.D. only,03 - Rear end
963,BANK ST @ WILTON CRES,368578.6287,5028965.858,2/7/16,12:07,01 - Clear,01 - Dry,02 - Stop sign,02 - Intersection related,01 - Daylight,02 - Non-fatal injury,03 - Rear end
964,BANK ST @ WILTON CRES,368578.3866,5028966.772,6/15/16,14:08,01 - Clear,01 - Dry,02 - Stop sign,03 - At intersection,01 - Daylight,02 - Non-fatal injury,05 - Turning movement
965,BANK ST @ WILTON CRES,368577.9297,5028966.766,10/11/16,10:30,01 - Clear,01 - Dry,02 - Stop sign,02 - Intersection related,01 - Daylight,02 - Non-fatal injury,02 - Angle
966,BANK ST @ WILTON CRES,368578.3836,5028965.873,4/19/16,14:40,01 - Clear,01 - Dry,02 - Stop sign,02 - Intersection related,01 - Daylight,03 - P.D. only,03 - Rear end
967,BANK ST @ WILTON CRES,368577.4439,5028967.345,4/1/16,18:31,01 - Clear,01 - Dry,02 - Stop sign,03 - At intersection,05 - Dusk,03 - P.D. only,02 - Angle
968,BANK ST @ WILTON CRES,368577.7102,5028966.776,5/28/16,14:38,01 - Clear,01 - Dry,02 - Stop sign,03 - At intersection,01 - Daylight,03 - P.D. only,02 - Angle
969,BANK ST @ WILTON CRES,368577.7102,5028966.96,12/12/16,14:20,05 - Drifting Snow,05 - Packed snow,02 - Stop sign,02 - Intersection related,01 - Daylight,03 - P.D. only,03 - Rear end
970,BANK ST @ WILTON CRES,368576.882,5028966.132,10/1/16,13:19,01 - Clear,01 - Dry,02 - Stop sign,02 - Intersection related,01 - Daylight,03 - P.D. only,02 - Angle
971,BANK ST btwn ALBION RD & SIEVERIGHT AVE,372171.9469,5024138.826,6/25/16,5:56,01 - Clear,01 - Dry,10 - No control,01 - Non intersection,01 - Daylight,02 - Non-fatal injury,07 - SMV other
972,BANK ST btwn ALBION RD & SIEVERIGHT AVE,372136.2604,5024140.105,4/21/16,20:25,01 - Clear,01 - Dry,10 - No control,04 - At/near private drive,07 - Dark,03 - P.D. only,03 - Rear end
973,BANK ST btwn ALTA VISTA DR & ERIE AVE,370209.2055,5026294.376,8/4/16,21:25,01 - Clear,01 - Dry,10 - No control,01 - Non intersection,07 - Dark,03 - P.D. only,03 - Rear end
974,BANK ST btwn ALTA VISTA DR & ERIE AVE,370212.2179,5026285.745,5/13/16,13:55,01 - Clear,01 - Dry,10 - No control,01 - Non intersection,01 - Daylight,03 - P.D. only,03 - Rear end
975,BANK ST btwn ALTA VISTA DR & ERIE AVE,370179.6631,5026364.072,2/19/16,12:06,01 - Clear,01 - Dry,10 - No control,04 - At/near private drive,01 - Daylight,03 - P.D. only,02 - Angle
976,BANK ST btwn ALTA VISTA DR & ERIE AVE,370142.5025,5026460.097,1/18/16,17:23,01 - Clear,02 - Wet,10 - No control,01 - Non intersection,05 - Dusk,03 - P.D. only,02 - Angle
977,BANK ST btwn ALTA VISTA DR & ERIE AVE,370190.121,5026340.762,6/7/16,18:27,01 - Clear,01 - Dry,10 - No control,01 - Non intersection,01 - Daylight,03 - P.D. only,03 - Rear end
978,BANK ST btwn ALTA VISTA DR & WALKLEY RD,370309.5315,5026030.062,9/13/16,15:35,01 - Clear,01 - Dry,10 - No control,01 - Non intersection,01 - Daylight,02 - Non-fatal injury,07 - SMV other
979,BANK ST btwn ALTA VISTA DR & WALKLEY RD,370322.9452,5025992.041,12/9/16,9:09,01 - Clear,06 - Ice,10 - No control,01 - Non intersection,01 - Daylight,02 - Non-fatal injury,03 - Rear end
980,BANK ST btwn ALTA VISTA DR & WALKLEY RD,370302.9453,5026052.894,8/31/16,14:23,01 - Clear,01 - Dry,10 - No control,01 - Non intersection,01 - Daylight,03 - P.D. only,04 - Sideswipe
981,BANK ST btwn ANOKA ST & WILDWOOD AVE,370031.1202,5026752.557,5/2/16,19:00,01 - Clear,01 - Dry,10 - No control,01 - Non intersection,01 - Daylight,03 - P.D. only,06 - SMV unattended vehicle
982,BANK ST btwn ARENA PL & WHITE ALDER AVE,375515.4948,5021237.557,9/30/16,7:42,01 - Clear,01 - Dry,10 - No control,01 - Non intersection,01 - Daylight,02 - Non-fatal injury,03 - Rear end
983,BANK ST btwn ARENA PL & WHITE ALDER AVE,375689.6593,5020833.208,10/29/16,16:08,01 - Clear,02 - Wet,10 - No control,01 - Non intersection,01 - Daylight,03 - P.D. only,03 - Rear end
984,BANK ST btwn ARENA PL & WHITE ALDER AVE,375477.0517,5021332.779,1/6/16,17:24,01 - Clear,02 - Wet,10 - No control,01 - Non intersection,05 - Dusk,03 - P.D. only,03 - Rear end
985,BANK ST btwn ARENA PL & WHITE ALDER AVE,375495.8442,5021293.701,11/11/16,13:18,01 - Clear,01 - Dry,10 - No control,01 - Non intersection,01 - Daylight,03 - P.D. only,04 - Sideswipe
986,BANK ST btwn ARLINGTON AVE & CATHERINE ST,368019.2883,5030315.212,9/9/16,7:55,01 - Clear,01 - Dry,10 - No control,01 - Non intersection,01 - Daylight,03 - P.D. only,04 - Sideswipe
987,BANK ST btwn AYLMER AVE & EUCLID AVE,368700.626,5028661.408,5/25/16,18:34,01 - Clear,01 - Dry,10 - No control,04 - At/near private drive,01 - Daylight,02 - Non-fatal injury,05 - Turning movement
988,BANK ST btwn AYLMER AVE & EUCLID AVE,368675.5081,5028723.258,3/31/16,16:19,01 - Clear,01 - Dry,10 - No control,01 - Non intersection,01 - Daylight,03 - P.D. only,04 - Sideswipe
989,BANK ST btwn AYLMER AVE & EUCLID AVE,368684.6866,5028702.892,3/24/16,11:32,03 - Snow,04 - Slush,10 - No control,04 - At/near private drive,01 - Daylight,03 - P.D. only,05 - Turning movement
990,BANK ST btwn BANK ST & TURN LANE,377781.3207,5015904.316,9/19/16,9:19,01 - Clear,01 - Dry,10 - No control,01 - Non intersection,01 - Daylight,03 - P.D. only,03 - Rear end
991,BANK ST btwn BANK ST EXTENSION NB & JOHNSTON RD,370835.2651,5024876.63,2/13/16,21:57,01 - Clear,01 - Dry,10 - No control,01 - Non intersection,07 - Dark,02 - Non-fatal injury,07 - SMV other
992,BANK ST btwn BANK ST EXTENSION NB & JOHNSTON RD,370763.1622,5025021.193,2/17/16,20:44,04 - Freezing Rain,06 - Ice,10 - No control,07 - Overpass or bridge,07 - Dark,03 - P.D. only,03 - Rear end
993,BANK ST btwn BANK ST EXTENSION NB & JOHNSTON RD,370582.9263,5025406.543,1/16/16,13:39,02 - Rain,03 - Loose snow,10 - No control,01 - Non intersection,01 - Daylight,03 - P.D. only,04 - Sideswipe
994,BANK ST btwn BANK ST EXTENSION NB & JOHNSTON RD,370808.4453,5024933.424,2/17/16,20:48,03 - Snow,06 - Ice,10 - No control,01 - Non intersection,07 - Dark,03 - P.D. only,03 - Rear end
995,BANK ST btwn BANK ST EXTENSION NB & JOHNSTON RD,370808.1002,5024930.04,10/15/16,13:03,01 - Clear,01 - Dry,10 - No control,01 - Non intersection,01 - Daylight,03 - P.D. only,03 - Rear end
996,BANK ST btwn BELANGER AVE & ROCKINGHAM AVE,369663.013,5027411.022,1/26/16,13:33,01 - Clear,01 - Dry,10 - No control,01 - Non intersection,01 - Daylight,03 - P.D. only,03 - Rear end
997,BANK ST btwn BELMONT AVE & GROVE AVE,368834.7412,5028388.798,6/1/16,6:46,01 - Clear,01 - Dry,10 - No control,04 - At/near private drive,01 - Daylight,02 - Non-fatal injury,05 - Turning movement
998,BANK ST btwn BLAIS RD & RIDEAU RD,376641.3434,5018581.291,7/20/16,12:33,01 - Clear,01 - Dry,10 - No control,04 - At/near private drive,01 - Daylight,02 - Non-fatal injury,02 - Angle
999,BANK ST btwn BLAIS RD & RIDEAU RD,376661.9667,5018535.838,3/8/16,12:37,01 - Clear,02 - Wet,10 - No control,04 - At/near private drive,01 - Daylight,03 - P.D. only,03 - Rear end
1000,BANK ST btwn BLAIS RD & RIDEAU RD,376528.432,5018842.391,2/29/16,17:36,01 - Clear,02 - Wet,10 - No control,04 - At/near private drive,05 - Dusk,03 - P.D. only,03 - Rear end
1001,BANK ST btwn BLAIS RD & RIDEAU RD,376947.9468,5017862.694,6/28/16,14:00,01 - Clear,01 - Dry,10 - No control,04 - At/near private drive,01 - Daylight,03 - P.D. only,05 - Turning movement
1002,BANK ST btwn BLAIS RD & RIDEAU RD,376755.8559,5018306.408,4/27/16,12:20,01 - Clear,01 - Dry,10 - No control,01 - Non intersection,01 - Daylight,03 - P.D. only,03 - Rear end
1003,BANK ST btwn BLAIS RD & RIDEAU RD,376353.2088,5019262.224,7/20/16,18:12,01 - Clear,01 - Dry,10 - No control,01 - Non intersection,01 - Daylight,03 - P.D. only,03 - Rear end
1004,BANK ST btwn BLAIS RD & RIDEAU RD,376950.0188,5017854.65,6/13/16,12:10,01 - Clear,01 - Dry,10 - No control,01 - Non intersection,01 - Daylight,03 - P.D. only,03 - Rear end
1005,BANK ST btwn BLAIS RD & RIDEAU RD,376156.4126,5019723.748,12/11/16,15:59,01 - Clear,01 - Dry,10 - No control,01 - Non intersection,05 - Dusk,03 - P.D. only,04 - Sideswipe
1006,BANK ST btwn CAHILL DR & TURN LANE (1),371441.9576,5024181.579,3/26/16,15:56,01 - Clear,01 - Dry,10 - No control,04 - At/near private drive,01 - Daylight,03 - P.D. only,07 - SMV other
1007,BANK ST btwn CAHILL DR & TURN LANE (1),371423.834,5024201.539,4/2/16,13:45,01 - Clear,01 - Dry,10 - No control,04 - At/near private drive,01 - Daylight,03 - P.D. only,05 - Turning movement
1008,BANK ST btwn CATHERINE ST & CHAMBERLAIN AVE N/ISABELLA ST,368051.1532,5030240.412,4/13/16,15:05,01 - Clear,01 - Dry,10 - No control,01 - Non intersection,01 - Daylight,02 - Non-fatal injury,03 - Rear end
1009,BANK ST btwn CATHERINE ST & CHAMBERLAIN AVE N/ISABELLA ST,368051.9996,5030237.715,9/21/16,17:51,01 - Clear,01 - Dry,10 - No control,01 - Non intersection,01 - Daylight,03 - P.D. only,04 - Sideswipe
1010,BANK ST btwn CECIL AVE & HERON RD,369992.866,5026856.592,10/21/16,10:51,02 - Rain,02 - Wet,10 - No control,01 - Non intersection,01 - Daylight,03 - P.D. only,04 - Sideswipe
1011,BANK ST btwn CECIL AVE & HERON RD,369961.2524,5026944.407,10/16/16,21:37,01 - Clear,01 - Dry,10 - No control,01 - Non intersection,07 - Dark,03 - P.D. only,04 - Sideswipe
1012,BANK ST btwn CECIL AVE & HERON RD,369991.3292,5026863.836,4/19/16,17:27,01 - Clear,01 - Dry,10 - No control,01 - Non intersection,01 - Daylight,03 - P.D. only,04 - Sideswipe
1013,BANK ST btwn CENOTE RD & STONE SCHOOL RD,382112.5357,5011535.084,3/27/16,16:30,01 - Clear,01 - Dry,10 - No control,01 - Non intersection,01 - Daylight,03 - P.D. only,07 - SMV other
1014,BANK ST btwn CHAMBERLAIN AVE & ROSEBERY AVE,368110.9666,5030096.548,3/17/16,18:05,01 - Clear,01 - Dry,10 - No control,01 - Non intersection,05 - Dusk,02 - Non-fatal injury,04 - Sideswipe
1015,BANK ST btwn CHAMBERLAIN AVE N/ISABELLA ST & CHAMBERLAIN AVE S,368094.5672,5030135.388,8/22/16,2:29,01 - Clear,01 - Dry,10 - No control,01 - Non intersection,07 - Dark,03 - P.D. only,07 - SMV other
1016,BANK ST btwn CHAMBERLAIN AVE S & PRETORIA AVE,368104.7142,5030113.813,8/20/16,15:00,01 - Clear,01 - Dry,10 - No control,01 - Non intersection,01 - Daylight,03 - P.D. only,04 - Sideswipe
1017,BANK ST btwn CHESLEY ST & RIVERDALE AVE,368998.7214,5028201.847,7/3/16,12:36,01 - Clear,01 - Dry,10 - No control,04 - At/near private drive,01 - Daylight,03 - P.D. only,02 - Angle
1018,BANK ST btwn CLAREY AVE & HOLMWOOD AVE,368464.1534,5029237.05,8/13/16,13:39,02 - Rain,02 - Wet,10 - No control,01 - Non intersection,01 - Daylight,02 - Non-fatal injury,03 - Rear end
1019,BANK ST btwn CLAREY AVE & HOLMWOOD AVE,368479.5126,5029200.632,9/16/16,23:13,01 - Clear,01 - Dry,10 - No control,01 - Non intersection,07 - Dark,03 - P.D. only,04 - Sideswipe
1020,BANK ST btwn CLAREY AVE & HOLMWOOD AVE,368458.4435,5029252.718,5/26/16,18:53,01 - Clear,01 - Dry,10 - No control,04 - At/near private drive,01 - Daylight,03 - P.D. only,05 - Turning movement
1021,BANK ST btwn CLEMOW AVE & GLEBE AVE,368230.9291,5029805.129,9/28/16,9:17,01 - Clear,01 - Dry,10 - No control,01 - Non intersection,01 - Daylight,03 - P.D. only,04 - Sideswipe
1022,BANK ST btwn COOPER ST & SOMERSET ST W,367668.409,5030959.225,6/3/16,20:21,01 - Clear,01 - Dry,10 - No control,01 - Non intersection,01 - Daylight,03 - P.D. only,04 - Sideswipe
1023,BANK ST btwn COUNCILLOR'S WAY & ST. BERNARD ST,372981.5514,5023725.476,12/9/16,8:26,01 - Clear,06 - Ice,10 - No control,01 - Non intersection,01 - Daylight,02 - Non-fatal injury,07 - SMV other
1024,BANK ST btwn COUNCILLOR'S WAY & ST. BERNARD ST,372926.8035,5023771.506,1/22/16,15:28,01 - Clear,01 - Dry,10 - No control,01 - Non intersection,01 - Daylight,03 - P.D. only,03 - Rear end
1025,BANK ST btwn DALMENY RD & POPHAM ST,385844.4493,5004319.875,11/29/16,16:18,01 - Clear,02 - Wet,10 - No control,04 - At/near private drive,05 - Dusk,02 - Non-fatal injury,05 - Turning movement
1026,BANK ST btwn ECHO DR & AYLMER AVE,368666.6872,5028744.472,10/19/16,21:38,01 - Clear,01 - Dry,10 - No control,01 - Non intersection,07 - Dark,03 - P.D. only,04 - Sideswipe
1027,BANK ST btwn EVANS AVE & EVANS BLVD,369925.5786,5027046.848,8/12/16,12:48,01 - Clear,01 - Dry,10 - No control,01 - Non intersection,01 - Daylight,03 - P.D. only,03 - Rear end
1028,BANK ST btwn FINDLAY CREEK DR & BLAIS RD,376144.3709,5019750.147,4/18/16,19:31,02 - Rain,02 - Wet,10 - No control,01 - Non intersection,05 - Dusk,03 - P.D. only,07 - SMV other
1029,BANK ST btwn FINDLAY CREEK DR & BLAIS RD,375901.9588,5020337.598,9/30/16,6:55,01 - Clear,01 - Dry,10 - No control,01 - Non intersection,03 - Dawn,03 - P.D. only,03 - Rear end
1030,BANK ST btwn FIRST AVE & SECOND AVE,368298.9512,5029643.194,1/14/16,11:57,01 - Clear,04 - Slush,10 - No control,01 - Non intersection,01 - Daylight,03 - P.D. only,04 - Sideswipe
1031,BANK ST btwn FOURTH AVE & FIFTH AVE,368371.2679,5029466.355,3/10/16,19:38,02 - Rain,02 - Wet,10 - No control,01 - Non intersection,07 - Dark,02 - Non-fatal injury,03 - Rear end
1032,BANK ST btwn FOURTH AVE & FIFTH AVE,368370.1312,5029469.76,9/5/16,15:14,01 - Clear,01 - Dry,10 - No control,01 - Non intersection,01 - Daylight,03 - P.D. only,04 - Sideswipe
1033,BANK ST btwn FOURTH AVE & FIFTH AVE,368395.7589,5029406.467,8/28/16,12:36,01 - Clear,01 - Dry,10 - No control,01 - Non intersection,01 - Daylight,03 - P.D. only,04 - Sideswipe
1034,BANK ST btwn FOURTH AVE & FIFTH AVE,368394.7187,5029408.281,2/18/16,19:55,01 - Clear,05 - Packed snow,10 - No control,01 - Non intersection,07 - Dark,03 - P.D. only,06 - SMV unattended vehicle
1035,BANK ST btwn GLADSTONE AVE & MCLEOD ST,367919.9503,5030556.728,1/2/16,15:41,01 - Clear,01 - Dry,10 - No control,01 - Non intersection,01 - Daylight,03 - P.D. only,04 - Sideswipe
1036,BANK ST btwn GLADSTONE AVE & MCLEOD ST,367922.767,5030550.674,2/27/16,14:47,01 - Clear,01 - Dry,10 - No control,01 - Non intersection,01 - Daylight,03 - P.D. only,06 - SMV unattended vehicle
1037,BANK ST btwn GLADSTONE AVE & MCLEOD ST,367917.8041,5030559.277,10/5/16,11:30,01 - Clear,01 - Dry,10 - No control,01 - Non intersection,01 - Daylight,03 - P.D. only,04 - Sideswipe
1038,BANK ST btwn GLEN AVE & BELMONT AVE,368807.8315,5028427.792,12/5/16,15:59,03 - Snow,04 - Slush,10 - No control,01 - Non intersection,05 - Dusk,03 - P.D. only,05 - Turning movement
1039,BANK ST btwn HERON RD & ANOKA ST,369998.7219,5026842.161,1/14/16,20:43,01 - Clear,02 - Wet,10 - No control,04 - At/near private drive,07 - Dark,02 - Non-fatal injury,02 - Angle
1040,BANK ST btwn HERON RD & ANOKA ST,370019.6498,5026781.509,6/21/16,17:27,01 - Clear,01 - Dry,10 - No control,04 - At/near private drive,01 - Daylight,02 - Non-fatal injury,05 - Turning movement
1041,BANK ST btwn HERON RD & ANOKA ST,369998.574,5026842.98,10/19/16,9:32,01 - Clear,01 - Dry,10 - No control,04 - At/near private drive,01 - Daylight,03 - P.D. only,02 - Angle
1042,BANK ST btwn HERON RD & ANOKA ST,370005.821,5026825.28,3/8/16,15:50,01 - Clear,01 - Dry,10 - No control,01 - Non intersection,01 - Daylight,03 - P.D. only,04 - Sideswipe
1043,BANK ST btwn HERON RD & ANOKA ST,369999.7514,5026838.104,3/25/16,11:42,01 - Clear,02 - Wet,10 - No control,01 - Non intersection,01 - Daylight,03 - P.D. only,02 - Angle
1044,BANK ST btwn HERON RD & ANOKA ST,370009.1119,5026813.562,9/20/16,18:28,01 - Clear,01 - Dry,10 - No control,04 - At/near private drive,05 - Dusk,03 - P.D. only,02 - Angle
1045,BANK ST btwn HERON RD & ANOKA ST,370000.1108,5026837.931,10/16/16,16:32,01 - Clear,01 - Dry,10 - No control,04 - At/near private drive,01 - Daylight,03 - P.D. only,02 - Angle
1046,BANK ST btwn HERON RD & ANOKA ST,370003.4039,5026827.612,10/27/16,9:41,01 - Clear,01 - Dry,10 - No control,04 - At/near private drive,01 - Daylight,03 - P.D. only,02 - Angle
1047,BANK ST btwn HOLMWOOD AVE & LANSDOWNE PARK,368508.8178,5029134.373,5/14/16,18:19,01 - Clear,01 - Dry,10 - No control,01 - Non intersection,01 - Daylight,02 - Non-fatal injury,99 - Other
1048,BANK ST btwn HOLMWOOD AVE & LANSDOWNE PARK,368489.9211,5029178.691,3/18/16,12:47,01 - Clear,01 - Dry,10 - No control,01 - Non intersection,01 - Daylight,03 - P.D. only,04 - Sideswipe
1049,BANK ST btwn HOLMWOOD AVE & LANSDOWNE PARK,368516.9399,5029109.859,11/9/16,18:45,01 - Clear,01 - Dry,10 - No control,01 - Non intersection,07 - Dark,03 - P.D. only,06 - SMV unattended vehicle
1050,BANK ST btwn HOPEWELL AVE & GLEN AVE,368772.7669,5028494.082,5/19/16,10:44,01 - Clear,01 - Dry,10 - No control,04 - At/near private drive,01 - Daylight,02 - Non-fatal injury,02 - Angle
1051,BANK ST btwn HOPEWELL AVE & GLEN AVE,368787.402,5028468.361,2/19/16,20:42,03 - Snow,03 - Loose snow,10 - No control,01 - Non intersection,07 - Dark,03 - P.D. only,06 - SMV unattended vehicle
1052,BANK ST btwn HOPEWELL AVE & GLEN AVE,368776.6406,5028486.928,11/18/16,17:39,01 - Clear,01 - Dry,10 - No control,01 - Non intersection,07 - Dark,03 - P.D. only,04 - Sideswipe
1053,BANK ST btwn JOHN QUINN RD & TURN LANE,383614.9003,5010333.35,10/12/16,22:45,01 - Clear,01 - Dry,10 - No control,01 - Non intersection,07 - Dark,03 - P.D. only,07 - SMV other
1054,BANK ST btwn KEMP DR & CONROY RD,375109.3966,5022164.994,10/4/16,17:55,01 - Clear,01 - Dry,10 - No control,01 - Non intersection,05 - Dusk,02 - Non-fatal injury,07 - SMV other
1055,BANK ST btwn KITCHENER AVE & TO BE DETERMINED,370542.852,5025496.679,2/27/16,10:51,01 - Clear,01 - Dry,10 - No control,04 - At/near private drive,01 - Daylight,03 - P.D. only,02 - Angle