Record,Location,X,Y,Date,Time,Environment,Road_Surface,Traffic_Control,Collision_Location,Light,Collision_Classification,Impact_type
1056,BANK ST btwn KITCHENER AVE & TO BE DETERMINED,370543.9496,5025493.825,11/7/16,8:19,01 - Clear,01 - Dry,10 - No control,01 - Non intersection,01 - Daylight,03 - P.D. only,04 - Sideswipe
1057,BANK ST btwn LANSDOWNE PARK & WILTON CRES,368538.6069,5029063.935,6/18/16,17:38,01 - Clear,01 - Dry,10 - No control,01 - Non intersection,01 - Daylight,02 - Non-fatal injury,04 - Sideswipe
1058,BANK ST btwn LANSDOWNE PARK & WILTON CRES,368559.0001,5029010.077,10/29/16,13:12,02 - Rain,02 - Wet,10 - No control,01 - Non intersection,01 - Daylight,03 - P.D. only,04 - Sideswipe
1059,BANK ST btwn LANSDOWNE PARK & WILTON CRES,368534.5483,5029072.954,4/16/16,0:00,01 - Clear,01 - Dry,10 - No control,01 - Non intersection,00 - Unknown,03 - P.D. only,06 - SMV unattended vehicle
1060,BANK ST btwn LAWRENCE ST & MORNINGSIDE AVE,386426.4069,5002779.213,8/17/16,5:59,01 - Clear,02 - Wet,10 - No control,04 - At/near private drive,03 - Dawn,02 - Non-fatal injury,03 - Rear end
1061,BANK ST btwn LEITRIM RD & ARENA PL,375361.7059,5021610.716,10/21/16,16:00,02 - Rain,02 - Wet,10 - No control,01 - Non intersection,01 - Daylight,03 - P.D. only,04 - Sideswipe
1062,BANK ST btwn LISGAR ST & COOPER ST,367642.6497,5031001.122,4/27/16,15:10,01 - Clear,01 - Dry,10 - No control,01 - Non intersection,01 - Daylight,03 - P.D. only,04 - Sideswipe
1063,BANK ST btwn LYNCH ST & CONROY RD,375003.5581,5022271.026,12/17/16,6:16,03 - Snow,03 - Loose snow,10 - No control,01 - Non intersection,07 - Dark,02 - Non-fatal injury,01 - Approaching
1064,BANK ST btwn MACLAREN ST & GILMOUR ST,367748.9549,5030833.054,9/12/16,0:35,01 - Clear,01 - Dry,10 - No control,01 - Non intersection,07 - Dark,03 - P.D. only,06 - SMV unattended vehicle
1065,BANK ST btwn MASON ST & MEADOW DR,377975.4283,5015454.108,8/20/16,2:41,01 - Clear,01 - Dry,10 - No control,01 - Non intersection,07 - Dark,02 - Non-fatal injury,06 - SMV unattended vehicle
1066,BANK ST btwn MASON ST & MEADOW DR,378120.9069,5015040.998,7/29/16,7:33,01 - Clear,01 - Dry,10 - No control,01 - Non intersection,01 - Daylight,02 - Non-fatal injury,03 - Rear end
1067,BANK ST btwn MASON ST & MEADOW DR,378314.0951,5014567.138,1/28/16,0:00,01 - Clear,05 - Packed snow,10 - No control,01 - Non intersection,07 - Dark,03 - P.D. only,07 - SMV other
1068,BANK ST btwn MASON ST & MEADOW DR,378240.3606,5014703.295,10/17/16,16:00,01 - Clear,01 - Dry,10 - No control,01 - Non intersection,01 - Daylight,03 - P.D. only,03 - Rear end
1069,BANK ST btwn NEPEAN ST & LISGAR ST,367582.5177,5031100.108,9/27/16,19:24,01 - Clear,01 - Dry,10 - No control,01 - Non intersection,07 - Dark,03 - P.D. only,03 - Rear end
1070,BANK ST btwn OHIO ST & BELANGER AVE,369634.9971,5027462.748,2/25/16,1:54,02 - Rain,04 - Slush,10 - No control,01 - Non intersection,07 - Dark,02 - Non-fatal injury,07 - SMV other
1071,BANK ST btwn ORVILLE KEMP ST & LEITRIM RD,375350.2495,5021636.383,1/11/16,15:21,01 - Clear,02 - Wet,10 - No control,04 - At/near private drive,01 - Daylight,03 - P.D. only,02 - Angle
1072,BANK ST btwn ORVILLE KEMP ST & LEITRIM RD,375278.2811,5021814.009,9/13/16,3:17,01 - Clear,01 - Dry,10 - No control,01 - Non intersection,07 - Dark,03 - P.D. only,07 - SMV other
1073,BANK ST btwn OSSINGTON AVE & CAMERON AVE,368923.8678,5028284.33,11/4/16,8:44,01 - Clear,01 - Dry,10 - No control,01 - Non intersection,01 - Daylight,02 - Non-fatal injury,04 - Sideswipe
1074,BANK ST btwn OSSINGTON AVE & CAMERON AVE,368902.6275,5028307.071,5/7/16,16:52,01 - Clear,01 - Dry,10 - No control,01 - Non intersection,01 - Daylight,03 - P.D. only,03 - Rear end
1075,BANK ST btwn PATTERSON AVE & POWELL AVE,368164.6112,5029966.123,2/16/16,12:50,03 - Snow,03 - Loose snow,10 - No control,01 - Non intersection,01 - Daylight,02 - Non-fatal injury,03 - Rear end
1076,BANK ST btwn PATTERSON AVE & POWELL AVE,368159.1923,5029978.354,10/27/16,1:07,01 - Clear,01 - Dry,10 - No control,01 - Non intersection,07 - Dark,02 - Non-fatal injury,03 - Rear end
1077,BANK ST btwn PATTERSON AVE & POWELL AVE,368171.856,5029950.975,6/30/16,19:49,01 - Clear,01 - Dry,10 - No control,01 - Non intersection,01 - Daylight,03 - P.D. only,04 - Sideswipe
1078,BANK ST btwn PHILNOR ST & SALE BARN RD,379877.0923,5013600.538,5/5/16,18:21,01 - Clear,01 - Dry,10 - No control,01 - Non intersection,01 - Daylight,03 - P.D. only,03 - Rear end
1079,BANK ST btwn PHILNOR ST & SALE BARN RD,379964.7752,5013552.59,12/29/16,18:20,03 - Snow,03 - Loose snow,10 - No control,01 - Non intersection,07 - Dark,03 - P.D. only,07 - SMV other
1080,BANK ST btwn POPHAM ST & LAWRENCE ST,386377.8453,5002908.791,2/18/16,17:24,01 - Clear,01 - Dry,10 - No control,04 - At/near private drive,05 - Dusk,03 - P.D. only,03 - Rear end
1081,BANK ST btwn PORTEOUS RD & BOYD RD,387135.5005,5002199.737,10/24/16,10:58,01 - Clear,01 - Dry,10 - No control,01 - Non intersection,01 - Daylight,02 - Non-fatal injury,07 - SMV other
1082,BANK ST btwn QUEENSDALE AVE & LESTER RD,373427.0322,5023349.083,3/24/16,14:31,03 - Snow,03 - Loose snow,10 - No control,04 - At/near private drive,01 - Daylight,02 - Non-fatal injury,02 - Angle
1083,BANK ST btwn RANDALL AVE & 73 N OF EVANS BLVD,369836.8504,5027169.514,12/19/16,19:04,03 - Snow,02 - Wet,10 - No control,04 - At/near private drive,07 - Dark,02 - Non-fatal injury,02 - Angle
1084,BANK ST btwn RANDALL AVE & 73 N OF EVANS BLVD,369791.7559,5027220.853,10/31/16,7:03,01 - Clear,01 - Dry,10 - No control,04 - At/near private drive,01 - Daylight,03 - P.D. only,04 - Sideswipe
1085,BANK ST btwn RANDALL AVE & 73 N OF EVANS BLVD,369744.9112,5027271.946,5/28/16,15:40,01 - Clear,01 - Dry,10 - No control,04 - At/near private drive,01 - Daylight,03 - P.D. only,02 - Angle
1086,BANK ST btwn RANDALL AVE & 73 N OF EVANS BLVD,369753.8039,5027263.082,12/20/16,16:35,01 - Clear,01 - Dry,10 - No control,04 - At/near private drive,05 - Dusk,03 - P.D. only,02 - Angle
1087,BANK ST btwn RIDEAU RD & TURN LANE,377534.2562,5016458.287,9/9/16,16:16,01 - Clear,01 - Dry,10 - No control,04 - At/near private drive,01 - Daylight,02 - Non-fatal injury,02 - Angle
1088,BANK ST btwn RIDEAU RD & TURN LANE,377674.6961,5016125.505,9/7/16,10:15,01 - Clear,01 - Dry,10 - No control,04 - At/near private drive,01 - Daylight,02 - Non-fatal injury,03 - Rear end
1089,BANK ST btwn RIDEAU RD & TURN LANE,377066.5537,5017576.564,12/21/16,11:22,01 - Clear,01 - Dry,10 - No control,01 - Non intersection,01 - Daylight,02 - Non-fatal injury,03 - Rear end
1090,BANK ST btwn RIDEAU RD & TURN LANE,377148.7056,5017373.954,11/27/16,17:08,01 - Clear,02 - Wet,10 - No control,01 - Non intersection,07 - Dark,02 - Non-fatal injury,03 - Rear end
1091,BANK ST btwn RIDEAU RD & TURN LANE,377675.1214,5016125.067,9/20/16,9:40,01 - Clear,01 - Dry,10 - No control,01 - Non intersection,01 - Daylight,03 - P.D. only,07 - SMV other
1092,BANK ST btwn RIDEAU RD & TURN LANE,377363.3689,5016861.377,2/14/16,23:19,01 - Clear,01 - Dry,10 - No control,01 - Non intersection,07 - Dark,03 - P.D. only,07 - SMV other
1093,BANK ST btwn RIDEAU RD & TURN LANE,377628.745,5016222.822,10/28/16,16:00,01 - Clear,02 - Wet,10 - No control,01 - Non intersection,01 - Daylight,03 - P.D. only,03 - Rear end
1094,BANK ST btwn RIDEAU RD & TURN LANE,377549.1191,5016410.12,9/9/16,15:52,01 - Clear,01 - Dry,10 - No control,04 - At/near private drive,01 - Daylight,03 - P.D. only,02 - Angle
1095,BANK ST btwn RIDGEMONT AVE & PORTLAND AVE,370080.8186,5026623.798,11/16/16,16:45,01 - Clear,01 - Dry,10 - No control,04 - At/near private drive,05 - Dusk,03 - P.D. only,02 - Angle
1096,BANK ST btwn RIVERDALE AVE & RIVERSIDE DR,369203.6819,5028001.799,10/4/16,12:10,01 - Clear,01 - Dry,10 - No control,01 - Non intersection,01 - Daylight,02 - Non-fatal injury,03 - Rear end
1097,BANK ST btwn RIVERDALE AVE & RIVERSIDE DR,369092.6833,5028100.96,10/7/16,13:03,01 - Clear,01 - Dry,10 - No control,01 - Non intersection,01 - Daylight,03 - P.D. only,04 - Sideswipe
1098,BANK ST btwn RIVERSIDE DR & RIVERSIDE DR,369261.625,5027942.637,8/3/16,13:16,01 - Clear,01 - Dry,10 - No control,04 - At/near private drive,01 - Daylight,03 - P.D. only,05 - Turning movement
1099,BANK ST btwn RIVERSIDE DR & RIVERSIDE DR,369257.9881,5027946.005,1/22/16,7:35,01 - Clear,01 - Dry,10 - No control,01 - Non intersection,03 - Dawn,03 - P.D. only,04 - Sideswipe
1100,BANK ST btwn RIVERSIDE DR & RIVERSIDE DR,369298.8224,5027902.097,8/24/16,15:23,01 - Clear,01 - Dry,10 - No control,01 - Non intersection,01 - Daylight,03 - P.D. only,99 - Other
1101,BANK ST btwn RIVERSIDE DR & TURN LANE,369311.0161,5027888.722,10/18/16,23:49,01 - Clear,01 - Dry,10 - No control,01 - Non intersection,07 - Dark,02 - Non-fatal injury,07 - SMV other
1102,BANK ST btwn SALE BARN RD & GREY'S CREEK RD,380408.0834,5012880.077,5/5/16,23:07,01 - Clear,01 - Dry,10 - No control,01 - Non intersection,07 - Dark,03 - P.D. only,07 - SMV other
1103,BANK ST btwn SALE BARN RD & GREY'S CREEK RD,380318.102,5013059.889,12/21/16,17:48,01 - Clear,01 - Dry,10 - No control,01 - Non intersection,07 - Dark,03 - P.D. only,07 - SMV other
1104,BANK ST btwn SCRIVENS DR & JOHN QUINN RD,383304.0168,5010794.839,1/5/16,7:31,01 - Clear,01 - Dry,10 - No control,01 - Non intersection,03 - Dawn,03 - P.D. only,07 - SMV other
1105,BANK ST btwn SCRIVENS DR & JOHN QUINN RD,382820.2985,5011059.945,6/4/16,4:59,01 - Clear,01 - Dry,10 - No control,01 - Non intersection,03 - Dawn,03 - P.D. only,07 - SMV other
1106,BANK ST btwn SCRIVENS DR & JOHN QUINN RD,382562.6722,5011204.137,1/3/16,0:28,03 - Snow,03 - Loose snow,10 - No control,01 - Non intersection,07 - Dark,03 - P.D. only,07 - SMV other
1107,BANK ST btwn SECOND AVE & THIRD AVE,368330.1199,5029565.199,7/26/16,17:00,01 - Clear,01 - Dry,10 - No control,01 - Non intersection,01 - Daylight,02 - Non-fatal injury,03 - Rear end
1108,BANK ST btwn SECOND AVE & THIRD AVE,368308.8621,5029621.345,6/29/16,16:50,01 - Clear,01 - Dry,10 - No control,01 - Non intersection,01 - Daylight,03 - P.D. only,04 - Sideswipe
1109,BANK ST btwn SECOND AVE & THIRD AVE,368331.0928,5029563.248,5/19/16,19:39,01 - Clear,01 - Dry,10 - No control,01 - Non intersection,05 - Dusk,03 - P.D. only,06 - SMV unattended vehicle
1110,BANK ST btwn SOMERSET ST W & MACLAREN ST,367719.1842,5030878.475,2/21/16,8:15,01 - Clear,01 - Dry,10 - No control,01 - Non intersection,01 - Daylight,03 - P.D. only,06 - SMV unattended vehicle
1111,BANK ST btwn ST. PAUL AVE & KITCHENER AVE,370540.5417,5025500.646,8/2/16,16:42,01 - Clear,01 - Dry,10 - No control,01 - Non intersection,01 - Daylight,02 - Non-fatal injury,03 - Rear end
1112,BANK ST btwn ST. PAUL AVE & KITCHENER AVE,370510.5205,5025554.819,8/24/16,17:11,01 - Clear,01 - Dry,10 - No control,04 - At/near private drive,01 - Daylight,02 - Non-fatal injury,05 - Turning movement
1113,BANK ST btwn ST. PAUL AVE & KITCHENER AVE,370524.0792,5025528.097,3/19/16,11:53,01 - Clear,01 - Dry,10 - No control,04 - At/near private drive,01 - Daylight,03 - P.D. only,03 - Rear end
1114,BANK ST btwn ST. PAUL AVE & KITCHENER AVE,370524.3128,5025530.14,4/5/16,9:30,01 - Clear,01 - Dry,10 - No control,01 - Non intersection,01 - Daylight,03 - P.D. only,03 - Rear end
1115,BANK ST btwn STONE SCHOOL RD & SCRIVENS DR,382175.1795,5011483.069,11/30/16,16:35,02 - Rain,02 - Wet,10 - No control,01 - Non intersection,05 - Dusk,02 - Non-fatal injury,07 - SMV other
1116,BANK ST btwn STONE SCHOOL RD & SCRIVENS DR,382408.9518,5011306.592,3/31/16,19:32,04 - Freezing Rain,02 - Wet,10 - No control,01 - Non intersection,07 - Dark,03 - P.D. only,07 - SMV other
1117,BANK ST btwn STRATHCONA AVE & PATTERSON AVE,368153.5355,5029991.188,5/3/16,10:35,01 - Clear,01 - Dry,10 - No control,01 - Non intersection,01 - Daylight,02 - Non-fatal injury,04 - Sideswipe
1118,BANK ST btwn SUNNYSIDE AVE & HOPEWELL AVE,368739.4814,5028570.64,7/25/16,9:06,01 - Clear,01 - Dry,10 - No control,01 - Non intersection,01 - Daylight,03 - P.D. only,04 - Sideswipe
1119,BANK ST btwn SURREY AVE & NOTTING HILL AVE,370400.0293,5025759.856,4/8/16,11:34,03 - Snow,02 - Wet,10 - No control,01 - Non intersection,01 - Daylight,03 - P.D. only,03 - Rear end
1120,BANK ST btwn THIRD AVE & FOURTH AVE,368338.6867,5029545.196,10/28/16,19:35,02 - Rain,02 - Wet,10 - No control,01 - Non intersection,07 - Dark,03 - P.D. only,06 - SMV unattended vehicle
1121,BANK ST btwn THORNTON AVE & CLAREY AVE,368434.1299,5029313.316,9/18/16,0:23,02 - Rain,02 - Wet,10 - No control,01 - Non intersection,07 - Dark,02 - Non-fatal injury,99 - Other
1122,BANK ST btwn TURN LANE & MITCH OWENS RD,377713.0839,5016043.369,7/20/16,16:55,01 - Clear,01 - Dry,10 - No control,01 - Non intersection,01 - Daylight,03 - P.D. only,03 - Rear end
1123,BANK ST btwn TURN LANE & SPRINGHILL RD,384791.112,5007181.205,8/13/16,16:06,02 - Rain,02 - Wet,10 - No control,01 - Non intersection,01 - Daylight,03 - P.D. only,07 - SMV other
1124,BANK ST btwn VANCOUVER AVE & FOXBAR AVE,370458.818,5025653.509,8/17/16,17:22,01 - Clear,01 - Dry,10 - No control,04 - At/near private drive,01 - Daylight,02 - Non-fatal injury,02 - Angle
1125,BANK ST btwn VANCOUVER AVE & FOXBAR AVE,370448.0149,5025669.983,3/2/16,10:54,03 - Snow,05 - Packed snow,10 - No control,04 - At/near private drive,01 - Daylight,03 - P.D. only,05 - Turning movement
1126,BANK ST btwn VANCOUVER AVE & FOXBAR AVE,370454.6489,5025663.36,6/17/16,18:11,01 - Clear,01 - Dry,10 - No control,04 - At/near private drive,01 - Daylight,03 - P.D. only,02 - Angle
1127,BANK ST btwn VANCOUVER AVE & FOXBAR AVE,370444.8099,5025678.44,12/17/16,9:06,03 - Snow,03 - Loose snow,10 - No control,01 - Non intersection,01 - Daylight,03 - P.D. only,03 - Rear end
1128,BANK ST btwn WALKLEY RD & SURREY AVE,370350.3385,5025911.481,2/12/16,19:20,03 - Snow,06 - Ice,10 - No control,04 - At/near private drive,07 - Dark,03 - P.D. only,07 - SMV other
1129,BANK ST btwn WALKLEY RD & SURREY AVE,370369.431,5025852.102,3/20/16,15:18,01 - Clear,01 - Dry,10 - No control,01 - Non intersection,01 - Daylight,03 - P.D. only,04 - Sideswipe
1130,BANK ST btwn WALKLEY RD & SURREY AVE,370340.2669,5025938.295,9/14/16,19:00,01 - Clear,01 - Dry,10 - No control,04 - At/near private drive,01 - Daylight,03 - P.D. only,02 - Angle
1131,BANK ST btwn WALKLEY RD & SURREY AVE,370342.4623,5025934.782,11/4/16,16:30,01 - Clear,01 - Dry,10 - No control,04 - At/near private drive,05 - Dusk,03 - P.D. only,02 - Angle
1132,BANK ST btwn WALKLEY RD & SURREY AVE,370344.2186,5025929.952,11/18/16,17:00,01 - Clear,01 - Dry,10 - No control,01 - Non intersection,05 - Dusk,03 - P.D. only,04 - Sideswipe
1133,BANK ST btwn WALKLEY RD & SURREY AVE,370344.2186,5025927.318,12/5/16,21:04,01 - Clear,01 - Dry,10 - No control,01 - Non intersection,07 - Dark,03 - P.D. only,04 - Sideswipe
1134,BANK ST btwn WILTON CRES & ECHO DR,368595.974,5028919.421,6/19/16,1:11,01 - Clear,01 - Dry,10 - No control,01 - Non intersection,07 - Dark,03 - P.D. only,07 - SMV other
1135,BANK ST btwn WILTON CRES & ECHO DR,368613.6703,5028875.092,1/15/16,12:35,01 - Clear,01 - Dry,10 - No control,01 - Non intersection,01 - Daylight,03 - P.D. only,04 - Sideswipe
1136,BANK ST NB btwn HUNT CLUB RD & 80 S OF HUNT CLUB RD/TOWNGATE PLAZA SC,371681.6144,5024110.171,12/8/16,15:10,01 - Clear,01 - Dry,10 - No control,04 - At/near private drive,01 - Daylight,03 - P.D. only,02 - Angle
1137,BANK ST SB btwn 80 S OF HUNT CLUB RD & 112 N OF ALBION RD,371797.9064,5024107.277,4/29/16,18:00,01 - Clear,01 - Dry,10 - No control,01 - Non intersection,01 - Daylight,03 - P.D. only,03 - Rear end
1138,BANK ST SB btwn 80 S OF HUNT CLUB RD & 112 N OF ALBION RD,371708.9435,5024097.748,12/12/16,20:47,03 - Snow,04 - Slush,10 - No control,01 - Non intersection,07 - Dark,03 - P.D. only,07 - SMV other
1139,BANK ST/PRETORIA AVE @ CHAMBERLAIN AVE S,368108.0762,5030104.559,12/22/16,14:15,01 - Clear,04 - Slush,02 - Stop sign,03 - At intersection,01 - Daylight,02 - Non-fatal injury,07 - SMV other
1140,BANK ST/PRETORIA AVE @ CHAMBERLAIN AVE S,368108.1027,5030104.062,5/25/16,16:43,01 - Clear,01 - Dry,02 - Stop sign,03 - At intersection,01 - Daylight,03 - P.D. only,02 - Angle
1141,BANKFIELD RD @ HWY 416 BANKFIEL IC57R24,364913.5575,5008137.342,5/24/16,7:45,01 - Clear,01 - Dry,02 - Stop sign,03 - At intersection,01 - Daylight,03 - P.D. only,03 - Rear end
1142,BANKFIELD RD @ MANOTICK MAIN ST/RIDEAU VALLEY ,368430.1976,5010159.277,1/12/16,17:38,03 - Snow,03 - Loose snow,01 - Traffic signal,03 - At intersection,05 - Dusk,03 - P.D. only,05 - Turning movement
1143,BANKFIELD RD @ MANOTICK MAIN ST/RIDEAU VALLEY ,368432.3719,5010157.176,4/24/16,11:34,01 - Clear,01 - Dry,01 - Traffic signal,02 - Intersection related,01 - Daylight,03 - P.D. only,03 - Rear end
1144,BANKFIELD RD @ MANOTICK MAIN ST/RIDEAU VALLEY ,368431.479,5010157.62,12/5/16,6:41,03 - Snow,03 - Loose snow,01 - Traffic signal,03 - At intersection,07 - Dark,03 - P.D. only,02 - Angle
1145,BANKFIELD RD @ PRINCE OF WALES DR,366381.2963,5008974.048,8/3/16,6:34,01 - Clear,01 - Dry,01 - Traffic signal,02 - Intersection related,01 - Daylight,02 - Non-fatal injury,03 - Rear end
1146,BANKFIELD RD @ PRINCE OF WALES DR,366378.8617,5008973.316,10/11/16,17:20,01 - Clear,01 - Dry,01 - Traffic signal,02 - Intersection related,01 - Daylight,03 - P.D. only,03 - Rear end
1147,BANKFIELD RD @ PRINCE OF WALES DR,366379.0135,5008975.161,6/10/16,16:35,01 - Clear,01 - Dry,01 - Traffic signal,02 - Intersection related,01 - Daylight,03 - P.D. only,03 - Rear end
1148,BANKFIELD RD @ PRINCE OF WALES DR,366380.2254,5008975.119,9/9/16,10:55,01 - Clear,01 - Dry,01 - Traffic signal,02 - Intersection related,01 - Daylight,03 - P.D. only,03 - Rear end
1149,BANKFIELD RD @ PRINCE OF WALES DR,366381.3462,5008974.972,9/14/16,12:19,01 - Clear,01 - Dry,01 - Traffic signal,03 - At intersection,01 - Daylight,03 - P.D. only,03 - Rear end
1150,BANKFIELD RD btwn FIRST LINE RD & LOCKMASTER CRES,367214.3335,5009462.847,8/11/16,11:43,01 - Clear,01 - Dry,10 - No control,01 - Non intersection,01 - Daylight,03 - P.D. only,01 - Approaching
1151,BANKFIELD RD btwn FIRST LINE RD & LOCKMASTER CRES,367374.2311,5009551.817,9/20/16,14:04,01 - Clear,01 - Dry,10 - No control,01 - Non intersection,01 - Daylight,03 - P.D. only,07 - SMV other
1152,BANKFIELD RD btwn HWY416 IC57 RAMP24 & HWY416 IC57 RAMP62,364997.8072,5008187.813,12/5/16,7:55,03 - Snow,03 - Loose snow,10 - No control,01 - Non intersection,01 - Daylight,03 - P.D. only,07 - SMV other
1153,BANKFIELD RD btwn HWY416 IC57 RAMP62 & KILREEN LANE,365388.7437,5008413.838,8/17/16,17:21,01 - Clear,01 - Dry,10 - No control,01 - Non intersection,01 - Daylight,03 - P.D. only,03 - Rear end
1154,BANKFIELD RD btwn KILREEN LANE & PRINCE OF WALES DR,366029.0862,5008781.533,6/23/16,3:16,01 - Clear,01 - Dry,10 - No control,01 - Non intersection,07 - Dark,03 - P.D. only,07 - SMV other
1155,BANKFIELD RD btwn KILREEN LANE & PRINCE OF WALES DR,365989.2227,5008764.379,11/20/16,23:46,05 - Drifting Snow,06 - Ice,10 - No control,01 - Non intersection,07 - Dark,03 - P.D. only,07 - SMV other
1156,BANKFIELD RD btwn KILREEN LANE & PRINCE OF WALES DR,366335.2455,5008953.164,10/7/16,8:14,01 - Clear,01 - Dry,10 - No control,01 - Non intersection,01 - Daylight,03 - P.D. only,03 - Rear end
1157,BANKFIELD RD btwn KILREEN LANE & PRINCE OF WALES DR,365779.2997,5008642.066,9/2/16,3:25,01 - Clear,01 - Dry,10 - No control,01 - Non intersection,07 - Dark,03 - P.D. only,07 - SMV other
1158,BANKFIELD RD btwn LOCKMASTER CRES & COLONY HEIGHTS RD,367775.9102,5009786.094,3/11/16,6:40,01 - Clear,01 - Dry,10 - No control,01 - Non intersection,01 - Daylight,03 - P.D. only,99 - Other
1159,BANKFIELD RD btwn LOCKMASTER CRES & COLONY HEIGHTS RD,367978.5943,5009900.26,4/14/16,11:37,01 - Clear,01 - Dry,10 - No control,01 - Non intersection,01 - Daylight,03 - P.D. only,03 - Rear end
1160,BANNER RD @ GREENBANK RD,361021.4506,5021566.714,3/5/16,10:16,01 - Clear,01 - Dry,01 - Traffic signal,02 - Intersection related,01 - Daylight,02 - Non-fatal injury,03 - Rear end
1161,BANNER RD @ GREENBANK RD,361022.6014,5021566.268,11/4/16,18:15,01 - Clear,01 - Dry,01 - Traffic signal,03 - At intersection,07 - Dark,03 - P.D. only,05 - Turning movement
1162,BANNER RD @ GREENBANK RD,361021.8921,5021565.394,12/2/16,21:07,01 - Clear,01 - Dry,01 - Traffic signal,03 - At intersection,07 - Dark,03 - P.D. only,05 - Turning movement
1163,BANNER RD @ GREENBANK RD,361021.014,5021565.833,11/20/16,13:59,03 - Snow,02 - Wet,01 - Traffic signal,03 - At intersection,01 - Daylight,03 - P.D. only,05 - Turning movement
1164,BANNER RD btwn PARKMOUNT CRES & GREENBANK RD,361001.2555,5021563.199,2/8/16,9:00,01 - Clear,01 - Dry,10 - No control,04 - At/near private drive,01 - Daylight,03 - P.D. only,99 - Other
1165,BANNER RD btwn PARKMOUNT CRES & PARKMOUNT CRES,360909.0491,5021594.812,9/25/16,3:56,01 - Clear,01 - Dry,10 - No control,01 - Non intersection,07 - Dark,03 - P.D. only,06 - SMV unattended vehicle
1166,BANNING RD btwn BRADLEY FARM CRT & DESMOND AVE,353100.8263,5017894.762,4/20/16,16:00,01 - Clear,01 - Dry,10 - No control,01 - Non intersection,01 - Daylight,03 - P.D. only,06 - SMV unattended vehicle
1167,BANNING RD btwn MORRENA RD & BRADLEY FARM CRT,353085.6334,5017882.101,5/22/16,14:35,01 - Clear,01 - Dry,10 - No control,04 - At/near private drive,01 - Daylight,03 - P.D. only,99 - Other
1168,BANTON ST @ WALKLEY RD,374247.2775,5028248.848,6/9/16,17:08,01 - Clear,01 - Dry,01 - Traffic signal,02 - Intersection related,01 - Daylight,02 - Non-fatal injury,03 - Rear end
1169,BANTON ST @ WALKLEY RD,374247.7367,5028248.827,9/15/16,11:40,01 - Clear,01 - Dry,01 - Traffic signal,02 - Intersection related,01 - Daylight,03 - P.D. only,04 - Sideswipe
1170,BANTREE ST @ BLACKWELL ST,374450.0692,5029962.65,1/8/16,12:15,01 - Clear,02 - Wet,02 - Stop sign,03 - At intersection,01 - Daylight,02 - Non-fatal injury,02 - Angle
1171,BANTREE ST @ BLACKWELL ST,374451.402,5029962.451,5/13/16,14:45,01 - Clear,01 - Dry,02 - Stop sign,02 - Intersection related,01 - Daylight,03 - P.D. only,03 - Rear end
1172,BANTREE ST @ BLACKWELL ST,374450.5083,5029962.211,12/19/16,13:54,03 - Snow,05 - Packed snow,02 - Stop sign,02 - Intersection related,01 - Daylight,03 - P.D. only,02 - Angle
1173,BANTREE ST @ INNES RD,373705.4013,5030408.557,8/30/16,9:07,01 - Clear,01 - Dry,01 - Traffic signal,03 - At intersection,01 - Daylight,02 - Non-fatal injury,05 - Turning movement
1174,BANTREE ST @ INNES RD,373706.3996,5030406.781,6/20/16,14:25,01 - Clear,01 - Dry,01 - Traffic signal,03 - At intersection,01 - Daylight,02 - Non-fatal injury,05 - Turning movement
1175,BANTREE ST @ INNES RD,373706.1349,5030405.651,8/25/16,13:00,01 - Clear,01 - Dry,01 - Traffic signal,02 - Intersection related,01 - Daylight,03 - P.D. only,03 - Rear end
1176,BANTREE ST @ INNES RD,373705.6578,5030405.978,2/16/16,10:13,03 - Snow,05 - Packed snow,01 - Traffic signal,02 - Intersection related,01 - Daylight,03 - P.D. only,03 - Rear end
1177,BANTREE ST @ INNES RD,373705.7232,5030406.141,10/20/16,16:09,02 - Rain,02 - Wet,01 - Traffic signal,02 - Intersection related,01 - Daylight,03 - P.D. only,03 - Rear end
1178,BANTREE ST @ INNES RD,373705.8628,5030406.498,6/23/16,16:28,01 - Clear,01 - Dry,01 - Traffic signal,03 - At intersection,01 - Daylight,03 - P.D. only,05 - Turning movement
1179,BANTREE ST @ INNES RD,373707.2241,5030407.681,1/13/16,21:44,01 - Clear,01 - Dry,01 - Traffic signal,03 - At intersection,07 - Dark,03 - P.D. only,05 - Turning movement
1180,BANTREE ST @ INNES RD,373704.5868,5030406.555,7/19/16,19:35,01 - Clear,01 - Dry,01 - Traffic signal,02 - Intersection related,01 - Daylight,03 - P.D. only,07 - SMV other
1181,BANTREE ST @ INNES RD,373705.4992,5030406.779,3/15/16,16:19,02 - Rain,02 - Wet,01 - Traffic signal,02 - Intersection related,01 - Daylight,03 - P.D. only,03 - Rear end
1182,BANTREE ST @ INNES RD,373705.4987,5030407.678,4/27/16,16:15,01 - Clear,01 - Dry,01 - Traffic signal,02 - Intersection related,01 - Daylight,03 - P.D. only,03 - Rear end