Record,Location,X,Y,Date,Time,Environment,Road_Surface,Traffic_Control,Collision_Location,Light,Collision_Classification,Impact_type
1183,BANTREE ST @ INNES RD,373705.5037,5030406.336,10/21/16,6:15,02 - Rain,02 - Wet,01 - Traffic signal,03 - At intersection,07 - Dark,03 - P.D. only,05 - Turning movement
1184,BANTREE ST @ INNES RD,373705.9427,5030406.775,10/13/16,18:30,01 - Clear,01 - Dry,01 - Traffic signal,03 - At intersection,07 - Dark,03 - P.D. only,05 - Turning movement
1185,BANTREE ST @ INNES RD,373705.6156,5030406.677,12/13/16,7:20,03 - Snow,02 - Wet,01 - Traffic signal,03 - At intersection,03 - Dawn,03 - P.D. only,05 - Turning movement
1186,BANTREE ST @ INNES RD,373705.7232,5030405.313,2/17/16,19:15,01 - Clear,06 - Ice,01 - Traffic signal,02 - Intersection related,07 - Dark,03 - P.D. only,04 - Sideswipe
1187,BANTREE ST @ SHEFFIELD RD,374646.5214,5030044.76,1/26/16,19:16,01 - Clear,01 - Dry,03 - Yield sign,02 - Intersection related,07 - Dark,03 - P.D. only,03 - Rear end
1188,BANTREE ST @ SHEFFIELD RD,374647.5691,5030045.783,12/30/16,17:03,01 - Clear,04 - Slush,03 - Yield sign,03 - At intersection,07 - Dark,03 - P.D. only,05 - Turning movement
1189,BANTREE ST btwn OLD INNES RD & EDINBURGH PL,373832.3884,5030115.53,2/20/16,14:10,02 - Rain,02 - Wet,10 - No control,04 - At/near private drive,01 - Daylight,03 - P.D. only,06 - SMV unattended vehicle
1190,BANTREE ST btwn OLD INNES RD & EDINBURGH PL,373887.6841,5029986.06,3/23/16,7:08,02 - Rain,02 - Wet,10 - No control,04 - At/near private drive,01 - Daylight,03 - P.D. only,02 - Angle
1191,BARLOW CRES btwn VANCES SIDE RD & HEATHER ST,345005.8416,5036980.08,1/11/16,15:14,01 - Clear,01 - Dry,10 - No control,04 - At/near private drive,01 - Daylight,03 - P.D. only,02 - Angle
1192,BARNSDALE RD @ PRINCE OF WALES DR,366646.6962,5011532.184,4/27/16,11:42,01 - Clear,01 - Dry,02 - Stop sign,03 - At intersection,01 - Daylight,02 - Non-fatal injury,02 - Angle
1193,BARNSDALE RD @ PRINCE OF WALES DR,366646.4767,5011533.072,12/9/16,16:36,01 - Clear,01 - Dry,02 - Stop sign,03 - At intersection,05 - Dusk,03 - P.D. only,02 - Angle
1194,BARNSDALE RD @ RIDEAU VALLEY DR,367139.5714,5011811.508,7/15/16,19:15,02 - Rain,02 - Wet,02 - Stop sign,03 - At intersection,01 - Daylight,03 - P.D. only,02 - Angle
1195,BARNSDALE RD @ TWIN ELM RD N,360185.5428,5007832.871,7/18/16,21:59,01 - Clear,01 - Dry,02 - Stop sign,03 - At intersection,07 - Dark,03 - P.D. only,07 - SMV other
1196,BARNSDALE RD btwn MOODIE DR & TRAIL RD,362230.8014,5008994.563,3/11/16,14:12,01 - Clear,01 - Dry,10 - No control,01 - Non intersection,01 - Daylight,03 - P.D. only,07 - SMV other
1197,BARNSDALE RD btwn VIEWBANK RD & GREENBANK RD,365529.5839,5010891.995,6/10/16,21:24,01 - Clear,01 - Dry,10 - No control,01 - Non intersection,05 - Dusk,03 - P.D. only,07 - SMV other
1198,BARNSDALE RD N @ MOODIE DR,361924.0698,5008870.833,12/5/16,11:30,03 - Snow,04 - Slush,02 - Stop sign,02 - Intersection related,01 - Daylight,03 - P.D. only,07 - SMV other
1199,BARNSDALE RD S @ MOODIE DR,361949.5566,5008824.287,2/11/16,10:19,01 - Clear,06 - Ice,02 - Stop sign,02 - Intersection related,01 - Daylight,02 - Non-fatal injury,03 - Rear end
1200,BARNSDALE RD S @ TWIN ELM RD S,360232.0369,5007720.297,10/28/16,19:28,01 - Clear,02 - Wet,02 - Stop sign,02 - Intersection related,07 - Dark,03 - P.D. only,07 - SMV other
1201,BARNSTONE DR btwn CRESTHAVEN DR & MARCAY ST,366960.7739,5015072.193,5/31/16,23:30,01 - Clear,01 - Dry,10 - No control,04 - At/near private drive,07 - Dark,03 - P.D. only,06 - SMV unattended vehicle
1202,BARRETTE ST @ ST. CHARLES ST,369470.6063,5033730.836,2/17/16,15:44,03 - Snow,03 - Loose snow,02 - Stop sign,03 - At intersection,01 - Daylight,02 - Non-fatal injury,02 - Angle
1203,BARRETTE ST @ ST. CHARLES ST,369470.9392,5033730.157,5/5/16,17:04,01 - Clear,01 - Dry,02 - Stop sign,03 - At intersection,01 - Daylight,03 - P.D. only,02 - Angle
1204,BARRETTE ST btwn LOYER ST & ST. CHARLES ST,369384.1229,5033649.778,6/25/16,13:00,01 - Clear,01 - Dry,10 - No control,04 - At/near private drive,01 - Daylight,03 - P.D. only,02 - Angle
1205,BARRETTE ST btwn LOYER ST & ST. CHARLES ST,369422.9074,5033685.418,9/3/16,16:17,01 - Clear,01 - Dry,10 - No control,01 - Non intersection,01 - Daylight,03 - P.D. only,07 - SMV other
1206,BARRETTE ST btwn ST. CHARLES ST & MARIER AVE,369548.6508,5033807.664,9/18/16,0:00,02 - Rain,02 - Wet,10 - No control,01 - Non intersection,00 - Unknown,03 - P.D. only,06 - SMV unattended vehicle
1207,BARRICK HILL RD btwn AKERSON RD & MOORPARK AVE,354175.9094,5016094.985,6/19/16,15:00,01 - Clear,01 - Dry,10 - No control,04 - At/near private drive,01 - Daylight,03 - P.D. only,06 - SMV unattended vehicle
1208,BARRICK HILL RD btwn AKERSON RD & MOORPARK AVE,354175.9094,5016094.985,10/16/16,16:37,01 - Clear,02 - Wet,10 - No control,04 - At/near private drive,01 - Daylight,03 - P.D. only,02 - Angle
1209,BARRINGTON ST btwn NUGGETT DR & BROMONT WAY,381471.5576,5035655.474,2/22/16,17:00,01 - Clear,01 - Dry,10 - No control,01 - Non intersection,07 - Dark,03 - P.D. only,06 - SMV unattended vehicle
1210,BASELINE RD @ 207 E OF CLYDE AVE,364535.2552,5025000.75,6/15/16,9:59,01 - Clear,01 - Dry,01 - Traffic signal,03 - At intersection,01 - Daylight,02 - Non-fatal injury,05 - Turning movement
1211,BASELINE RD @ 207 E OF CLYDE AVE,364536.1625,5025001.43,7/21/16,15:23,01 - Clear,01 - Dry,01 - Traffic signal,03 - At intersection,01 - Daylight,02 - Non-fatal injury,05 - Turning movement
1212,BASELINE RD @ 207 E OF CLYDE AVE,364535.893,5025002.33,9/29/16,8:30,01 - Clear,01 - Dry,01 - Traffic signal,03 - At intersection,01 - Daylight,02 - Non-fatal injury,07 - SMV other
1213,BASELINE RD @ 207 E OF CLYDE AVE,364533.4445,5024999.416,10/21/16,15:03,02 - Rain,02 - Wet,01 - Traffic signal,02 - Intersection related,01 - Daylight,02 - Non-fatal injury,07 - SMV other
1214,BASELINE RD @ 207 E OF CLYDE AVE,364535.6351,5025003.446,2/12/16,21:20,03 - Snow,04 - Slush,01 - Traffic signal,03 - At intersection,07 - Dark,03 - P.D. only,05 - Turning movement
1215,BASELINE RD @ 207 E OF CLYDE AVE,364534.8051,5025002.532,8/15/16,15:58,01 - Clear,01 - Dry,01 - Traffic signal,02 - Intersection related,01 - Daylight,03 - P.D. only,03 - Rear end
1216,BASELINE RD @ 207 E OF CLYDE AVE,364536.2566,5025002.073,3/26/16,14:34,01 - Clear,01 - Dry,01 - Traffic signal,02 - Intersection related,01 - Daylight,03 - P.D. only,03 - Rear end
1217,BASELINE RD @ 207 E OF CLYDE AVE,364535.2144,5025000.709,3/31/16,18:09,02 - Rain,02 - Wet,01 - Traffic signal,02 - Intersection related,05 - Dusk,03 - P.D. only,03 - Rear end
1218,BASELINE RD @ 207 E OF CLYDE AVE,364537.5853,5024999.416,10/14/16,18:40,01 - Clear,01 - Dry,01 - Traffic signal,02 - Intersection related,05 - Dusk,03 - P.D. only,03 - Rear end
1219,BASELINE RD @ BASSANO ST,363764.8622,5024515.457,12/14/16,18:31,01 - Clear,01 - Dry,02 - Stop sign,02 - Intersection related,07 - Dark,03 - P.D. only,03 - Rear end
1220,BASELINE RD @ CEDARVIEW RD,358972.347,5021688.231,9/25/16,10:36,01 - Clear,01 - Dry,01 - Traffic signal,02 - Intersection related,01 - Daylight,02 - Non-fatal injury,03 - Rear end
1221,BASELINE RD @ CEDARVIEW RD,358967.4454,5021674.271,10/11/16,15:46,01 - Clear,01 - Dry,01 - Traffic signal,03 - At intersection,01 - Daylight,03 - P.D. only,05 - Turning movement
1222,BASELINE RD @ CEDARVIEW RD,358967.8844,5021674.271,8/25/16,19:16,01 - Clear,01 - Dry,01 - Traffic signal,03 - At intersection,05 - Dusk,03 - P.D. only,02 - Angle
1223,BASELINE RD @ CENTREPOINTE DR E/HIGHGATE RD,362061.0207,5023466.615,3/11/16,15:30,01 - Clear,01 - Dry,01 - Traffic signal,02 - Intersection related,01 - Daylight,02 - Non-fatal injury,03 - Rear end
1224,BASELINE RD @ CENTREPOINTE DR E/HIGHGATE RD,362060.5889,5023465.286,10/16/16,9:10,01 - Clear,01 - Dry,01 - Traffic signal,03 - At intersection,01 - Daylight,02 - Non-fatal injury,02 - Angle
1225,BASELINE RD @ CENTREPOINTE DR E/HIGHGATE RD,362060.8584,5023464.263,9/7/16,15:03,"07 - Fog, mist, smoke, dust",01 - Dry,01 - Traffic signal,03 - At intersection,01 - Daylight,02 - Non-fatal injury,03 - Rear end
1226,BASELINE RD @ CENTREPOINTE DR E/HIGHGATE RD,362061.0048,5023466.414,8/17/16,6:00,02 - Rain,02 - Wet,01 - Traffic signal,03 - At intersection,03 - Dawn,03 - P.D. only,07 - SMV other
1227,BASELINE RD @ CENTREPOINTE DR E/HIGHGATE RD,362061.4203,5023464.706,1/29/16,7:26,03 - Snow,03 - Loose snow,01 - Traffic signal,03 - At intersection,03 - Dawn,03 - P.D. only,02 - Angle
1228,BASELINE RD @ CENTREPOINTE DR E/HIGHGATE RD,362061.8388,5023467.966,12/15/16,19:52,01 - Clear,06 - Ice,01 - Traffic signal,02 - Intersection related,07 - Dark,03 - P.D. only,04 - Sideswipe
1229,BASELINE RD @ CENTREPOINTE DR E/HIGHGATE RD,362060.0693,5023466.476,12/22/16,9:00,03 - Snow,03 - Loose snow,01 - Traffic signal,02 - Intersection related,01 - Daylight,03 - P.D. only,07 - SMV other
1230,BASELINE RD @ CENTREPOINTE DR E/HIGHGATE RD,362062.4321,5023465.165,12/4/16,21:16,01 - Clear,01 - Dry,01 - Traffic signal,03 - At intersection,07 - Dark,03 - P.D. only,05 - Turning movement
1231,BASELINE RD @ CLYDE AVE,364359.8132,5024890.735,3/26/16,20:29,01 - Clear,01 - Dry,01 - Traffic signal,03 - At intersection,07 - Dark,02 - Non-fatal injury,02 - Angle
1232,BASELINE RD @ CLYDE AVE,364357.8751,5024888.443,9/30/16,8:20,01 - Clear,01 - Dry,01 - Traffic signal,02 - Intersection related,01 - Daylight,02 - Non-fatal injury,03 - Rear end
1233,BASELINE RD @ CLYDE AVE,364357.8751,5024888.443,12/11/16,16:05,03 - Snow,02 - Wet,01 - Traffic signal,02 - Intersection related,05 - Dusk,02 - Non-fatal injury,03 - Rear end
1234,BASELINE RD @ CLYDE AVE,364358.928,5024890.513,5/7/16,14:45,01 - Clear,01 - Dry,01 - Traffic signal,02 - Intersection related,01 - Daylight,03 - P.D. only,05 - Turning movement
1235,BASELINE RD @ CLYDE AVE,364358.0447,5024890.293,1/16/16,22:50,03 - Snow,03 - Loose snow,01 - Traffic signal,03 - At intersection,07 - Dark,03 - P.D. only,05 - Turning movement
1236,BASELINE RD @ CLYDE AVE,364358.7033,5024890.099,10/26/16,20:00,01 - Clear,01 - Dry,01 - Traffic signal,02 - Intersection related,07 - Dark,03 - P.D. only,03 - Rear end
1237,BASELINE RD @ CLYDE AVE,364357.2024,5024892.389,1/9/16,9:45,02 - Rain,02 - Wet,01 - Traffic signal,02 - Intersection related,01 - Daylight,03 - P.D. only,03 - Rear end
1238,BASELINE RD @ CLYDE AVE,364358.4786,5024890.063,4/25/16,17:13,01 - Clear,01 - Dry,01 - Traffic signal,02 - Intersection related,01 - Daylight,03 - P.D. only,03 - Rear end
1239,BASELINE RD @ CLYDE AVE,364359.5022,5024890.247,3/26/16,21:04,01 - Clear,01 - Dry,01 - Traffic signal,02 - Intersection related,07 - Dark,03 - P.D. only,03 - Rear end
1240,BASELINE RD @ CLYDE AVE,364359.3619,5024889.854,8/24/16,15:30,01 - Clear,01 - Dry,01 - Traffic signal,02 - Intersection related,01 - Daylight,03 - P.D. only,04 - Sideswipe
1241,BASELINE RD @ CLYDE AVE,364359.1478,5024890.62,3/29/16,12:53,01 - Clear,01 - Dry,01 - Traffic signal,02 - Intersection related,01 - Daylight,03 - P.D. only,03 - Rear end
1242,BASELINE RD @ CLYDE AVE,364358.9306,5024890.058,6/30/16,15:45,01 - Clear,01 - Dry,01 - Traffic signal,02 - Intersection related,01 - Daylight,03 - P.D. only,03 - Rear end
1243,BASELINE RD @ CLYDE AVE,364359.8256,5024889.84,4/13/16,17:19,01 - Clear,01 - Dry,01 - Traffic signal,02 - Intersection related,01 - Daylight,03 - P.D. only,04 - Sideswipe
1244,BASELINE RD @ CLYDE AVE,364359.8307,5024891.189,5/25/16,19:33,01 - Clear,01 - Dry,01 - Traffic signal,02 - Intersection related,01 - Daylight,03 - P.D. only,04 - Sideswipe
1245,BASELINE RD @ CLYDE AVE,364357.6324,5024890.245,9/3/16,11:50,01 - Clear,01 - Dry,01 - Traffic signal,02 - Intersection related,01 - Daylight,03 - P.D. only,03 - Rear end
1246,BASELINE RD @ CLYDE AVE,364358.928,5024890.513,4/10/16,10:40,01 - Clear,01 - Dry,01 - Traffic signal,03 - At intersection,01 - Daylight,03 - P.D. only,03 - Rear end
1247,BASELINE RD @ CLYDE AVE,364358.4048,5024890.722,7/28/16,14:05,01 - Clear,01 - Dry,01 - Traffic signal,02 - Intersection related,01 - Daylight,03 - P.D. only,03 - Rear end
1248,BASELINE RD @ CLYDE AVE,364357.8751,5024890.099,11/9/16,17:55,01 - Clear,01 - Dry,01 - Traffic signal,02 - Intersection related,07 - Dark,03 - P.D. only,03 - Rear end
1249,BASELINE RD @ CLYDE AVE,364356.4583,5024891.487,10/11/16,13:00,01 - Clear,01 - Dry,01 - Traffic signal,02 - Intersection related,01 - Daylight,03 - P.D. only,03 - Rear end
1250,BASELINE RD @ CLYDE AVE,364357.8751,5024890.099,10/19/16,16:55,01 - Clear,01 - Dry,01 - Traffic signal,02 - Intersection related,01 - Daylight,03 - P.D. only,03 - Rear end
1251,BASELINE RD @ CLYDE AVE,364358.0215,5024891.422,6/30/16,17:02,01 - Clear,01 - Dry,01 - Traffic signal,02 - Intersection related,01 - Daylight,03 - P.D. only,03 - Rear end
1252,BASELINE RD @ CLYDE AVE,364357.4269,5024890.416,10/14/16,17:30,01 - Clear,01 - Dry,01 - Traffic signal,02 - Intersection related,01 - Daylight,03 - P.D. only,03 - Rear end
1253,BASELINE RD @ CLYDE AVE,364359.5315,5024890.099,12/20/16,19:35,01 - Clear,04 - Slush,01 - Traffic signal,02 - Intersection related,07 - Dark,03 - P.D. only,02 - Angle
1254,BASELINE RD @ CLYDE AVE,364357.5446,5024890.745,11/30/16,16:22,02 - Rain,02 - Wet,01 - Traffic signal,02 - Intersection related,05 - Dusk,03 - P.D. only,04 - Sideswipe
1255,BASELINE RD @ CLYDE AVE,364359.5315,5024890.927,11/28/16,17:17,01 - Clear,01 - Dry,01 - Traffic signal,02 - Intersection related,07 - Dark,03 - P.D. only,07 - SMV other
1256,BASELINE RD @ COLLEGE SQUARE SC,362760.8082,5023896.77,12/23/16,13:49,01 - Clear,02 - Wet,01 - Traffic signal,03 - At intersection,01 - Daylight,02 - Non-fatal injury,07 - SMV other
1257,BASELINE RD @ COLLEGE SQUARE SC,362760.849,5023898.402,10/2/16,15:45,01 - Clear,01 - Dry,01 - Traffic signal,02 - Intersection related,01 - Daylight,03 - P.D. only,99 - Other
1258,BASELINE RD @ COLLEGE SQUARE SC,362760.3742,5023898.707,1/7/16,7:52,01 - Clear,01 - Dry,01 - Traffic signal,03 - At intersection,03 - Dawn,03 - P.D. only,05 - Turning movement
1259,BASELINE RD @ CORDOVA ST,363593.4687,5024409.307,2/14/16,19:28,01 - Clear,02 - Wet,01 - Traffic signal,03 - At intersection,07 - Dark,03 - P.D. only,05 - Turning movement
1260,BASELINE RD @ CORDOVA ST,363593.6882,5024409.083,2/18/16,18:00,01 - Clear,04 - Slush,01 - Traffic signal,02 - Intersection related,05 - Dusk,03 - P.D. only,03 - Rear end
1261,BASELINE RD @ CORDOVA ST,363593.0901,5024409.99,4/9/16,15:08,02 - Rain,02 - Wet,01 - Traffic signal,03 - At intersection,01 - Daylight,03 - P.D. only,05 - Turning movement
1262,BASELINE RD @ FARLANE BLVD,365357.3663,5025518.432,5/4/16,16:31,01 - Clear,01 - Dry,01 - Traffic signal,03 - At intersection,01 - Daylight,02 - Non-fatal injury,05 - Turning movement
1263,BASELINE RD @ FARLANE BLVD,365357.3685,5025517.759,5/24/16,17:31,01 - Clear,01 - Dry,01 - Traffic signal,02 - Intersection related,01 - Daylight,02 - Non-fatal injury,03 - Rear end
1264,BASELINE RD @ FARLANE BLVD,365356.9194,5025516.17,7/27/16,19:02,01 - Clear,01 - Dry,01 - Traffic signal,03 - At intersection,01 - Daylight,02 - Non-fatal injury,02 - Angle
1265,BASELINE RD @ FARLANE BLVD,365356.6167,5025517.756,11/4/16,13:53,01 - Clear,01 - Dry,01 - Traffic signal,03 - At intersection,01 - Daylight,02 - Non-fatal injury,05 - Turning movement
1266,BASELINE RD @ FARLANE BLVD,365356.9116,5025517.753,8/17/16,18:02,01 - Clear,01 - Dry,01 - Traffic signal,03 - At intersection,01 - Daylight,03 - P.D. only,05 - Turning movement
1267,BASELINE RD @ FARLANE BLVD,365356.9116,5025518.192,1/19/16,10:26,01 - Clear,05 - Packed snow,01 - Traffic signal,02 - Intersection related,01 - Daylight,03 - P.D. only,03 - Rear end
1268,BASELINE RD @ FARLANE BLVD,365356.9176,5025516.857,5/21/16,21:25,01 - Clear,01 - Dry,01 - Traffic signal,02 - Intersection related,07 - Dark,03 - P.D. only,02 - Angle
1269,BASELINE RD @ FERGUSON ST,363440.4628,5024316.416,7/12/16,8:23,01 - Clear,01 - Dry,01 - Traffic signal,02 - Intersection related,01 - Daylight,03 - P.D. only,03 - Rear end
1270,BASELINE RD @ FISHER AVE,366166.303,5026028.533,4/1/16,16:56,01 - Clear,01 - Dry,01 - Traffic signal,02 - Intersection related,01 - Daylight,02 - Non-fatal injury,07 - SMV other
1271,BASELINE RD @ FISHER AVE,366166.6936,5026029.775,9/20/16,17:20,01 - Clear,01 - Dry,01 - Traffic signal,02 - Intersection related,01 - Daylight,03 - P.D. only,03 - Rear end
1272,BASELINE RD @ FISHER AVE,366168.3499,5026028.119,10/15/16,12:50,01 - Clear,01 - Dry,01 - Traffic signal,02 - Intersection related,01 - Daylight,03 - P.D. only,03 - Rear end
1273,BASELINE RD @ FISHER AVE,366166.6936,5026028.303,1/5/16,9:17,01 - Clear,01 - Dry,01 - Traffic signal,02 - Intersection related,01 - Daylight,03 - P.D. only,04 - Sideswipe
1274,BASELINE RD @ FISHER AVE,366166.9131,5026028.313,1/28/16,16:44,01 - Clear,01 - Dry,01 - Traffic signal,02 - Intersection related,05 - Dusk,03 - P.D. only,03 - Rear end
1275,BASELINE RD @ FISHER AVE,366166.0118,5026028.533,7/16/16,20:52,01 - Clear,01 - Dry,01 - Traffic signal,02 - Intersection related,05 - Dusk,03 - P.D. only,03 - Rear end
1276,BASELINE RD @ FISHER AVE,366167.0842,5026026.97,3/22/16,12:14,01 - Clear,01 - Dry,01 - Traffic signal,03 - At intersection,01 - Daylight,03 - P.D. only,03 - Rear end
1277,BASELINE RD @ FISHER AVE,366165.0373,5026028.119,11/2/16,18:06,01 - Clear,01 - Dry,01 - Traffic signal,02 - Intersection related,07 - Dark,03 - P.D. only,03 - Rear end
1278,BASELINE RD @ FISHER AVE,366166.4663,5026027.624,7/20/16,16:30,01 - Clear,01 - Dry,01 - Traffic signal,02 - Intersection related,01 - Daylight,03 - P.D. only,03 - Rear end
1279,BASELINE RD @ FISHER AVE,366169.1781,5026027.29,10/11/16,16:15,01 - Clear,01 - Dry,01 - Traffic signal,02 - Intersection related,01 - Daylight,03 - P.D. only,03 - Rear end
1280,BASELINE RD @ FISHER AVE,366166.6936,5026029.775,10/19/16,3:08,01 - Clear,01 - Dry,01 - Traffic signal,02 - Intersection related,07 - Dark,03 - P.D. only,06 - SMV unattended vehicle
1281,BASELINE RD @ FISHER AVE,366168.3499,5026029.775,12/21/16,16:48,01 - Clear,01 - Dry,01 - Traffic signal,03 - At intersection,05 - Dusk,03 - P.D. only,03 - Rear end
1282,BASELINE RD @ FISHER AVE,366166.035,5026027.874,11/26/16,21:20,01 - Clear,01 - Dry,01 - Traffic signal,03 - At intersection,07 - Dark,03 - P.D. only,02 - Angle
1283,BASELINE RD @ GREENBANK RD,360596.8561,5022584.086,8/31/16,14:06,01 - Clear,01 - Dry,01 - Traffic signal,02 - Intersection related,01 - Daylight,02 - Non-fatal injury,03 - Rear end
1284,BASELINE RD @ GREENBANK RD,360596.5866,5022585.159,2/12/16,15:38,01 - Clear,06 - Ice,01 - Traffic signal,02 - Intersection related,01 - Daylight,02 - Non-fatal injury,03 - Rear end
1285,BASELINE RD @ GREENBANK RD,360597.9038,5022583.842,10/23/16,17:17,01 - Clear,01 - Dry,01 - Traffic signal,02 - Intersection related,01 - Daylight,02 - Non-fatal injury,99 - Other
1286,BASELINE RD @ GREENBANK RD,360598.3661,5022583.591,7/21/16,18:20,01 - Clear,01 - Dry,01 - Traffic signal,02 - Intersection related,01 - Daylight,02 - Non-fatal injury,04 - Sideswipe
1287,BASELINE RD @ GREENBANK RD,360598.8207,5022584.955,7/3/16,16:47,01 - Clear,01 - Dry,01 - Traffic signal,02 - Intersection related,01 - Daylight,02 - Non-fatal injury,02 - Angle
1288,BASELINE RD @ GREENBANK RD,360597.4648,5022585.159,10/19/16,4:07,01 - Clear,01 - Dry,01 - Traffic signal,03 - At intersection,07 - Dark,02 - Non-fatal injury,02 - Angle
1289,BASELINE RD @ GREENBANK RD,360597.1488,5022585.303,10/5/16,14:32,01 - Clear,01 - Dry,01 - Traffic signal,03 - At intersection,01 - Daylight,02 - Non-fatal injury,03 - Rear end
1290,BASELINE RD @ GREENBANK RD,360597.6631,5022584.301,11/22/16,22:46,01 - Clear,01 - Dry,01 - Traffic signal,03 - At intersection,07 - Dark,02 - Non-fatal injury,02 - Angle
1291,BASELINE RD @ GREENBANK RD,360597.4648,5022584.281,2/17/16,7:45,01 - Clear,04 - Slush,01 - Traffic signal,02 - Intersection related,01 - Daylight,03 - P.D. only,03 - Rear end
1292,BASELINE RD @ GREENBANK RD,360597.4648,5022584.72,2/25/16,18:34,03 - Snow,06 - Ice,01 - Traffic signal,02 - Intersection related,07 - Dark,03 - P.D. only,04 - Sideswipe
1293,BASELINE RD @ GREENBANK RD,360598.5125,5022584.086,10/11/16,7:48,01 - Clear,01 - Dry,01 - Traffic signal,02 - Intersection related,01 - Daylight,03 - P.D. only,03 - Rear end
1294,BASELINE RD @ GREENBANK RD,360598.8562,5022585.281,4/17/16,18:20,01 - Clear,01 - Dry,01 - Traffic signal,02 - Intersection related,01 - Daylight,03 - P.D. only,03 - Rear end
1295,BASELINE RD @ GREENBANK RD,360597.2333,5022584.049,6/21/16,9:33,01 - Clear,01 - Dry,01 - Traffic signal,02 - Intersection related,01 - Daylight,03 - P.D. only,04 - Sideswipe
1296,BASELINE RD @ GREENBANK RD,360597.9038,5022583.842,2/10/16,17:05,01 - Clear,02 - Wet,01 - Traffic signal,02 - Intersection related,01 - Daylight,03 - P.D. only,03 - Rear end
1297,BASELINE RD @ GREENBANK RD,360597.0109,5022584.725,3/30/16,18:42,01 - Clear,01 - Dry,01 - Traffic signal,02 - Intersection related,05 - Dusk,03 - P.D. only,03 - Rear end
1298,BASELINE RD @ GREENBANK RD,360597.9083,5022584.276,3/4/16,10:09,01 - Clear,01 - Dry,01 - Traffic signal,03 - At intersection,01 - Daylight,03 - P.D. only,02 - Angle
1299,BASELINE RD @ GREENBANK RD,360596.7658,5022584.271,3/8/16,18:06,02 - Rain,02 - Wet,01 - Traffic signal,03 - At intersection,05 - Dusk,03 - P.D. only,02 - Angle
1300,BASELINE RD @ GREENBANK RD,360598.8066,5022584.276,4/9/16,9:14,01 - Clear,01 - Dry,01 - Traffic signal,02 - Intersection related,01 - Daylight,03 - P.D. only,04 - Sideswipe
1301,BASELINE RD @ GREENBANK RD,360596.5569,5022584.275,5/20/16,14:00,01 - Clear,01 - Dry,01 - Traffic signal,02 - Intersection related,01 - Daylight,03 - P.D. only,03 - Rear end
1302,BASELINE RD @ GREENBANK RD,360596.8561,5022584.086,6/5/16,15:23,02 - Rain,02 - Wet,01 - Traffic signal,02 - Intersection related,01 - Daylight,03 - P.D. only,03 - Rear end
1303,BASELINE RD @ GREENBANK RD,360598.5125,5022583.258,11/3/16,16:55,01 - Clear,01 - Dry,01 - Traffic signal,02 - Intersection related,05 - Dusk,03 - P.D. only,03 - Rear end
1304,BASELINE RD @ GREENBANK RD,360599.3406,5022584.086,12/18/16,14:20,01 - Clear,04 - Slush,01 - Traffic signal,02 - Intersection related,01 - Daylight,03 - P.D. only,04 - Sideswipe
1305,BASELINE RD @ GUTHRIE ST,360241.8484,5022370.257,12/28/16,10:57,01 - Clear,02 - Wet,01 - Traffic signal,03 - At intersection,01 - Daylight,02 - Non-fatal injury,07 - SMV other
1306,BASELINE RD @ JOHN SUTHERLAND DR/VALLEY STREAM,359309.5694,5021788.393,8/29/16,20:15,01 - Clear,01 - Dry,01 - Traffic signal,03 - At intersection,07 - Dark,03 - P.D. only,04 - Sideswipe
1307,BASELINE RD @ JOHN SUTHERLAND DR/VALLEY STREAM,359310.5147,5021789.491,10/3/16,8:02,01 - Clear,02 - Wet,01 - Traffic signal,02 - Intersection related,01 - Daylight,03 - P.D. only,03 - Rear end
1308,BASELINE RD @ JOHN SUTHERLAND DR/VALLEY STREAM,359309.5694,5021789.711,12/16/16,6:56,01 - Clear,02 - Wet,01 - Traffic signal,03 - At intersection,07 - Dark,03 - P.D. only,05 - Turning movement
1309,BASELINE RD @ JOHN SUTHERLAND DR/VALLEY STREAM,359311.2103,5021789.839,12/17/16,13:33,03 - Snow,03 - Loose snow,01 - Traffic signal,02 - Intersection related,01 - Daylight,03 - P.D. only,04 - Sideswipe
1310,BASELINE RD @ LEXINGTON ST,366390.8795,5026167.456,12/10/16,13:13,01 - Clear,01 - Dry,02 - Stop sign,02 - Intersection related,01 - Daylight,02 - Non-fatal injury,03 - Rear end
1311,BASELINE RD @ LOBLAWS SC,364742.5879,5025129.714,1/12/16,6:45,01 - Clear,01 - Dry,01 - Traffic signal,03 - At intersection,07 - Dark,03 - P.D. only,05 - Turning movement
1312,BASELINE RD @ LOBLAWS SC,364742.0669,5025130.723,10/6/16,18:17,01 - Clear,01 - Dry,01 - Traffic signal,03 - At intersection,05 - Dusk,03 - P.D. only,05 - Turning movement
1313,BASELINE RD @ MERIVALE RD,365054.4691,5025325.969,8/5/16,11:36,01 - Clear,01 - Dry,01 - Traffic signal,02 - Intersection related,01 - Daylight,02 - Non-fatal injury,03 - Rear end