Record,Location,X,Y,Date,Time,Environment,Road_Surface,Traffic_Control,Collision_Location,Light,Collision_Classification,Impact_type
1314,BASELINE RD @ MERIVALE RD,365054.4744,5025325.293,3/6/16,9:14,01 - Clear,01 - Dry,01 - Traffic signal,02 - Intersection related,01 - Daylight,02 - Non-fatal injury,03 - Rear end
1315,BASELINE RD @ MERIVALE RD,365054.4719,5025325.739,3/8/16,16:25,01 - Clear,01 - Dry,01 - Traffic signal,02 - Intersection related,01 - Daylight,02 - Non-fatal injury,03 - Rear end
1316,BASELINE RD @ MERIVALE RD,365054.023,5025326.188,4/21/16,13:00,01 - Clear,01 - Dry,01 - Traffic signal,02 - Intersection related,01 - Daylight,02 - Non-fatal injury,03 - Rear end
1317,BASELINE RD @ MERIVALE RD,365053.8682,5025324.273,9/19/16,13:43,01 - Clear,01 - Dry,01 - Traffic signal,02 - Intersection related,01 - Daylight,02 - Non-fatal injury,03 - Rear end
1318,BASELINE RD @ MERIVALE RD,365054.4744,5025325.293,2/17/16,16:49,03 - Snow,05 - Packed snow,01 - Traffic signal,02 - Intersection related,01 - Daylight,03 - P.D. only,03 - Rear end
1319,BASELINE RD @ MERIVALE RD,365054.4769,5025325.295,9/7/16,10:03,02 - Rain,02 - Wet,01 - Traffic signal,02 - Intersection related,01 - Daylight,03 - P.D. only,99 - Other
1320,BASELINE RD @ MERIVALE RD,365054.4769,5025325.734,10/26/16,9:16,01 - Clear,01 - Dry,01 - Traffic signal,03 - At intersection,01 - Daylight,03 - P.D. only,02 - Angle
1321,BASELINE RD @ MERIVALE RD,365053.9459,5025325.89,1/4/16,16:41,01 - Clear,06 - Ice,01 - Traffic signal,02 - Intersection related,05 - Dusk,03 - P.D. only,03 - Rear end
1322,BASELINE RD @ MERIVALE RD,365055.1556,5025325.285,2/13/16,16:52,06 - Strong wind,06 - Ice,01 - Traffic signal,02 - Intersection related,05 - Dusk,03 - P.D. only,03 - Rear end
1323,BASELINE RD @ MERIVALE RD,365055.087,5025325.515,4/1/16,18:17,01 - Clear,01 - Dry,01 - Traffic signal,02 - Intersection related,01 - Daylight,03 - P.D. only,04 - Sideswipe
1324,BASELINE RD @ MERIVALE RD,365054.0378,5025324.417,7/9/16,10:06,02 - Rain,02 - Wet,01 - Traffic signal,02 - Intersection related,01 - Daylight,03 - P.D. only,03 - Rear end
1325,BASELINE RD @ MERIVALE RD,365054.4719,5025325.29,4/20/16,16:41,01 - Clear,01 - Dry,01 - Traffic signal,02 - Intersection related,01 - Daylight,03 - P.D. only,03 - Rear end
1326,BASELINE RD @ MERIVALE RD,365055.3782,5025325.515,7/22/16,16:39,01 - Clear,01 - Dry,01 - Traffic signal,02 - Intersection related,01 - Daylight,03 - P.D. only,03 - Rear end
1327,BASELINE RD @ MERIVALE RD,365054.6964,5025323.859,11/10/16,20:50,01 - Clear,01 - Dry,01 - Traffic signal,02 - Intersection related,07 - Dark,03 - P.D. only,03 - Rear end
1328,BASELINE RD @ MERIVALE RD,365054.4691,5025325.06,7/27/16,16:55,01 - Clear,01 - Dry,01 - Traffic signal,02 - Intersection related,01 - Daylight,03 - P.D. only,03 - Rear end
1329,BASELINE RD @ MERIVALE RD,365053.0401,5025326.757,12/2/16,14:58,01 - Clear,01 - Dry,01 - Traffic signal,03 - At intersection,01 - Daylight,03 - P.D. only,02 - Angle
1330,BASELINE RD @ MERIVALE RD,365054.4769,5025325.734,12/13/16,23:19,01 - Clear,02 - Wet,01 - Traffic signal,03 - At intersection,07 - Dark,03 - P.D. only,05 - Turning movement
1331,BASELINE RD @ MERIVALE RD,365053.8682,5025325.929,12/9/16,9:35,01 - Clear,06 - Ice,01 - Traffic signal,02 - Intersection related,01 - Daylight,03 - P.D. only,03 - Rear end
1332,BASELINE RD @ MONTEREY DR,359792.5734,5022155.279,1/21/16,15:00,01 - Clear,01 - Dry,01 - Traffic signal,03 - At intersection,01 - Daylight,02 - Non-fatal injury,02 - Angle
1333,BASELINE RD @ MONTEREY DR,359794.3529,5022155.953,8/9/16,15:45,01 - Clear,01 - Dry,01 - Traffic signal,03 - At intersection,01 - Daylight,03 - P.D. only,05 - Turning movement
1334,BASELINE RD @ MONTEREY DR,359793.0125,5022154.84,9/11/16,14:50,01 - Clear,01 - Dry,01 - Traffic signal,02 - Intersection related,01 - Daylight,03 - P.D. only,07 - SMV other
1335,BASELINE RD @ NAVAHO DR,363085.9127,5024097.728,2/19/16,16:24,01 - Clear,02 - Wet,01 - Traffic signal,02 - Intersection related,01 - Daylight,02 - Non-fatal injury,03 - Rear end
1336,BASELINE RD @ NAVAHO DR,363085.0089,5024097.961,7/20/16,17:34,01 - Clear,01 - Dry,01 - Traffic signal,02 - Intersection related,01 - Daylight,02 - Non-fatal injury,03 - Rear end
1337,BASELINE RD @ NAVAHO DR,363084.8625,5024097.092,12/22/16,8:12,03 - Snow,03 - Loose snow,01 - Traffic signal,02 - Intersection related,01 - Daylight,02 - Non-fatal injury,03 - Rear end
1338,BASELINE RD @ NAVAHO DR,363085.6907,5024097.052,8/3/16,12:25,01 - Clear,01 - Dry,01 - Traffic signal,02 - Intersection related,01 - Daylight,03 - P.D. only,04 - Sideswipe
1339,BASELINE RD @ NAVAHO DR,363084.5633,5024097.732,6/8/16,14:05,01 - Clear,01 - Dry,01 - Traffic signal,02 - Intersection related,01 - Daylight,03 - P.D. only,03 - Rear end
1340,BASELINE RD @ NAVAHO DR,363086.8626,5024099.069,3/5/16,22:33,01 - Clear,01 - Dry,01 - Traffic signal,02 - Intersection related,07 - Dark,03 - P.D. only,03 - Rear end
1341,BASELINE RD @ NAVAHO DR,363085.9102,5024096.848,11/13/16,20:30,01 - Clear,01 - Dry,01 - Traffic signal,02 - Intersection related,07 - Dark,03 - P.D. only,04 - Sideswipe
1342,BASELINE RD @ NAVAHO DR,363085.6907,5024097.743,10/1/16,14:23,01 - Clear,01 - Dry,01 - Traffic signal,02 - Intersection related,01 - Daylight,03 - P.D. only,04 - Sideswipe
1343,BASELINE RD @ PENDER ST,363935.6882,5024624.941,12/5/16,14:10,03 - Snow,05 - Packed snow,02 - Stop sign,02 - Intersection related,01 - Daylight,03 - P.D. only,03 - Rear end
1344,BASELINE RD @ SANDCASTLE DR,359629.447,5021988.159,3/8/16,13:05,01 - Clear,02 - Wet,01 - Traffic signal,03 - At intersection,01 - Daylight,02 - Non-fatal injury,05 - Turning movement
1345,BASELINE RD @ WOODROFFE AVE,362549.0316,5023770.724,10/30/16,0:27,01 - Clear,01 - Dry,01 - Traffic signal,03 - At intersection,07 - Dark,02 - Non-fatal injury,99 - Other
1346,BASELINE RD @ WOODROFFE AVE,362549.4629,5023769.141,8/9/16,16:31,01 - Clear,01 - Dry,01 - Traffic signal,03 - At intersection,01 - Daylight,02 - Non-fatal injury,04 - Sideswipe
1347,BASELINE RD @ WOODROFFE AVE,362549.2996,5023769.723,2/26/16,8:00,01 - Clear,01 - Dry,01 - Traffic signal,02 - Intersection related,01 - Daylight,02 - Non-fatal injury,03 - Rear end
1348,BASELINE RD @ WOODROFFE AVE,362549.4657,5023769.831,2/9/16,14:55,01 - Clear,01 - Dry,01 - Traffic signal,02 - Intersection related,01 - Daylight,02 - Non-fatal injury,03 - Rear end
1349,BASELINE RD @ WOODROFFE AVE,362548.862,5023769.262,10/23/16,11:14,01 - Clear,01 - Dry,01 - Traffic signal,02 - Intersection related,01 - Daylight,02 - Non-fatal injury,03 - Rear end
1350,BASELINE RD @ WOODROFFE AVE,362549.922,5023770.736,12/16/16,15:38,03 - Snow,02 - Wet,01 - Traffic signal,02 - Intersection related,01 - Daylight,02 - Non-fatal injury,03 - Rear end
1351,BASELINE RD @ WOODROFFE AVE,362549.4585,5023770.273,5/14/16,13:42,01 - Clear,02 - Wet,01 - Traffic signal,02 - Intersection related,01 - Daylight,03 - P.D. only,03 - Rear end
1352,BASELINE RD @ WOODROFFE AVE,362549.4585,5023770.273,3/4/16,19:20,03 - Snow,05 - Packed snow,01 - Traffic signal,02 - Intersection related,07 - Dark,03 - P.D. only,03 - Rear end
1353,BASELINE RD @ WOODROFFE AVE,362548.5925,5023771.163,2/13/16,14:02,01 - Clear,01 - Dry,01 - Traffic signal,02 - Intersection related,01 - Daylight,03 - P.D. only,03 - Rear end
1354,BASELINE RD @ WOODROFFE AVE,362549.9175,5023770.505,8/15/16,17:59,01 - Clear,01 - Dry,01 - Traffic signal,02 - Intersection related,01 - Daylight,03 - P.D. only,03 - Rear end
1355,BASELINE RD @ WOODROFFE AVE,362548.995,5023769.809,6/19/16,6:20,01 - Clear,01 - Dry,01 - Traffic signal,02 - Intersection related,01 - Daylight,03 - P.D. only,03 - Rear end
1356,BASELINE RD @ WOODROFFE AVE,362549.6902,5023771.63,1/11/16,11:26,01 - Clear,06 - Ice,01 - Traffic signal,02 - Intersection related,01 - Daylight,03 - P.D. only,03 - Rear end
1357,BASELINE RD @ WOODROFFE AVE,362548.5925,5023770.724,9/19/16,7:50,01 - Clear,01 - Dry,01 - Traffic signal,03 - At intersection,01 - Daylight,03 - P.D. only,04 - Sideswipe
1358,BASELINE RD @ WOODROFFE AVE,362549.0183,5023769.833,3/14/16,11:43,01 - Clear,01 - Dry,01 - Traffic signal,03 - At intersection,01 - Daylight,03 - P.D. only,03 - Rear end
1359,BASELINE RD @ WOODROFFE AVE,362549.9142,5023770.281,4/7/16,16:07,01 - Clear,02 - Wet,01 - Traffic signal,02 - Intersection related,01 - Daylight,03 - P.D. only,03 - Rear end
1360,BASELINE RD @ WOODROFFE AVE,362549.9157,5023769.828,5/12/16,9:55,01 - Clear,01 - Dry,01 - Traffic signal,02 - Intersection related,01 - Daylight,03 - P.D. only,03 - Rear end
1361,BASELINE RD @ WOODROFFE AVE,362549.0138,5023770.73,5/26/16,7:54,01 - Clear,01 - Dry,01 - Traffic signal,02 - Intersection related,01 - Daylight,03 - P.D. only,03 - Rear end
1362,BASELINE RD @ WOODROFFE AVE,362549.4629,5023770.505,7/25/16,16:48,01 - Clear,01 - Dry,01 - Traffic signal,02 - Intersection related,01 - Daylight,03 - P.D. only,03 - Rear end
1363,BASELINE RD @ WOODROFFE AVE,362549.0316,5023770.285,5/31/16,16:52,01 - Clear,01 - Dry,01 - Traffic signal,02 - Intersection related,01 - Daylight,03 - P.D. only,02 - Angle
1364,BASELINE RD @ WOODROFFE AVE,362549.0084,5023770.959,7/30/16,13:27,01 - Clear,01 - Dry,01 - Traffic signal,02 - Intersection related,01 - Daylight,03 - P.D. only,03 - Rear end
1365,BASELINE RD @ WOODROFFE AVE,362547.2057,5023772.575,11/9/16,13:21,01 - Clear,01 - Dry,01 - Traffic signal,02 - Intersection related,01 - Daylight,03 - P.D. only,03 - Rear end
1366,BASELINE RD @ WOODROFFE AVE,362549.6902,5023771.747,10/15/16,8:58,01 - Clear,01 - Dry,01 - Traffic signal,02 - Intersection related,01 - Daylight,03 - P.D. only,03 - Rear end
1367,BASELINE RD @ WOODROFFE AVE,362549.9175,5023769.596,7/7/16,8:57,01 - Clear,01 - Dry,01 - Traffic signal,02 - Intersection related,01 - Daylight,03 - P.D. only,03 - Rear end
1368,BASELINE RD @ WOODROFFE AVE,362548.862,5023770.919,11/7/16,15:48,01 - Clear,01 - Dry,01 - Traffic signal,02 - Intersection related,01 - Daylight,03 - P.D. only,03 - Rear end
1369,BASELINE RD @ WOODROFFE AVE,362548.0838,5023770.772,9/29/16,9:19,01 - Clear,01 - Dry,01 - Traffic signal,02 - Intersection related,01 - Daylight,03 - P.D. only,03 - Rear end
1370,BASELINE RD @ WOODROFFE AVE,362550.5184,5023770.919,12/13/16,10:27,01 - Clear,02 - Wet,01 - Traffic signal,02 - Intersection related,01 - Daylight,03 - P.D. only,03 - Rear end
1371,BASELINE RD @ WOODROFFE AVE,362549.0316,5023769.407,12/16/16,6:43,01 - Clear,01 - Dry,01 - Traffic signal,02 - Intersection related,07 - Dark,03 - P.D. only,05 - Turning movement
1372,BASELINE RD @ WOODROFFE AVE,362549.4707,5023769.846,12/6/16,12:50,01 - Clear,01 - Dry,01 - Traffic signal,02 - Intersection related,01 - Daylight,03 - P.D. only,05 - Turning movement
1373,BASELINE RD @ ZENA ST,365628.0311,5025689.64,3/15/16,18:39,02 - Rain,02 - Wet,02 - Stop sign,02 - Intersection related,05 - Dusk,03 - P.D. only,03 - Rear end
1374,BASELINE RD btwn 180 E OF CEDARVIEW RD & 180 E OF CEDARVIEW RD,359136.1336,5021685.21,1/26/16,8:12,01 - Clear,02 - Wet,10 - No control,01 - Non intersection,01 - Daylight,02 - Non-fatal injury,07 - SMV other
1375,BASELINE RD btwn 207 E OF CLYDE AVE & LOBLAWS SC,364629.8517,5025060.09,8/11/16,16:45,01 - Clear,01 - Dry,10 - No control,01 - Non intersection,01 - Daylight,03 - P.D. only,03 - Rear end
1376,BASELINE RD btwn BARBARA ANN PRIV & HIGHGATE RD,362029.0002,5023447.069,5/16/16,7:55,01 - Clear,01 - Dry,10 - No control,01 - Non intersection,01 - Daylight,03 - P.D. only,04 - Sideswipe
1377,BASELINE RD btwn BARBARA ANN PRIV & HIGHGATE RD,361974.7301,5023414.574,9/17/16,22:40,02 - Rain,02 - Wet,10 - No control,01 - Non intersection,07 - Dark,03 - P.D. only,03 - Rear end
1378,BASELINE RD btwn CLYDE AVE & 207 E OF CLYDE AVE,364359.5315,5024889.271,12/8/16,15:53,03 - Snow,02 - Wet,10 - No control,04 - At/near private drive,05 - Dusk,02 - Non-fatal injury,03 - Rear end
1379,BASELINE RD btwn CLYDE AVE & 207 E OF CLYDE AVE,364394.2502,5024916.294,6/4/16,15:55,01 - Clear,01 - Dry,10 - No control,01 - Non intersection,01 - Daylight,03 - P.D. only,03 - Rear end
1380,BASELINE RD btwn CLYDE AVE & 207 E OF CLYDE AVE,364478.0279,5024966.686,1/3/16,18:14,01 - Clear,01 - Dry,10 - No control,01 - Non intersection,07 - Dark,03 - P.D. only,07 - SMV other
1381,BASELINE RD btwn CLYDE AVE & 207 E OF CLYDE AVE,364382.0538,5024905.132,7/29/16,16:16,01 - Clear,01 - Dry,10 - No control,01 - Non intersection,01 - Daylight,03 - P.D. only,03 - Rear end
1382,BASELINE RD btwn CLYDE AVE & 207 E OF CLYDE AVE,364477.9807,5024966.43,6/4/16,15:50,01 - Clear,01 - Dry,10 - No control,04 - At/near private drive,01 - Daylight,03 - P.D. only,03 - Rear end
1383,BASELINE RD btwn CLYDE AVE & 207 E OF CLYDE AVE,364430.5937,5024937.207,12/8/16,16:14,03 - Snow,02 - Wet,10 - No control,01 - Non intersection,05 - Dusk,03 - P.D. only,04 - Sideswipe
1384,BASELINE RD btwn COLLEGE SQUARE SC & WOODROFFE AVE,362637.4749,5023818.952,10/13/16,23:51,01 - Clear,01 - Dry,10 - No control,01 - Non intersection,07 - Dark,02 - Non-fatal injury,07 - SMV other
1385,BASELINE RD btwn COLLEGE SQUARE SC & WOODROFFE AVE,362654.3465,5023831.259,1/21/16,18:54,01 - Clear,01 - Dry,10 - No control,01 - Non intersection,07 - Dark,03 - P.D. only,03 - Rear end
1386,BASELINE RD btwn COLLEGE SQUARE SC & WOODROFFE AVE,362558.2578,5023775.592,8/20/16,18:22,01 - Clear,01 - Dry,10 - No control,01 - Non intersection,01 - Daylight,03 - P.D. only,03 - Rear end
1387,BASELINE RD btwn COLLEGE SQUARE SC & WOODROFFE AVE,362664.1433,5023833.786,4/10/16,13:14,01 - Clear,01 - Dry,10 - No control,01 - Non intersection,01 - Daylight,03 - P.D. only,03 - Rear end
1388,BASELINE RD btwn CONSTELLATION CRES & WOODROFFE AVE,362487.5607,5023730.768,1/30/16,11:48,01 - Clear,01 - Dry,10 - No control,01 - Non intersection,01 - Daylight,03 - P.D. only,03 - Rear end
1389,BASELINE RD btwn CONSTELLATION CRES & WOODROFFE AVE,362464.8872,5023715.345,1/16/16,13:46,03 - Snow,03 - Loose snow,10 - No control,01 - Non intersection,01 - Daylight,03 - P.D. only,03 - Rear end
1390,BASELINE RD btwn CONSTELLATION CRES & WOODROFFE AVE,362539.5914,5023764.797,7/5/16,16:35,01 - Clear,01 - Dry,10 - No control,01 - Non intersection,01 - Daylight,03 - P.D. only,03 - Rear end
1391,BASELINE RD btwn CORNELL ST & GREENBANK RD,360571.9982,5022566.278,2/21/16,15:13,01 - Clear,02 - Wet,10 - No control,01 - Non intersection,01 - Daylight,03 - P.D. only,04 - Sideswipe
1392,BASELINE RD btwn CORNELL ST & GREENBANK RD,360592.1958,5022581.646,9/18/16,9:36,02 - Rain,02 - Wet,10 - No control,01 - Non intersection,01 - Daylight,03 - P.D. only,04 - Sideswipe
1393,BASELINE RD btwn FERGUSON ST & CORDOVA ST,363445.7395,5024318.8,9/14/16,15:25,01 - Clear,01 - Dry,10 - No control,04 - At/near private drive,01 - Daylight,02 - Non-fatal injury,02 - Angle
1394,BASELINE RD btwn FERGUSON ST & CORDOVA ST,363508.6716,5024356.918,2/18/16,0:45,01 - Clear,02 - Wet,10 - No control,04 - At/near private drive,07 - Dark,03 - P.D. only,02 - Angle
1395,BASELINE RD btwn FISHER AVE & LEXINGTON ST,366366.3144,5026152.448,5/11/16,17:43,01 - Clear,01 - Dry,10 - No control,01 - Non intersection,01 - Daylight,03 - P.D. only,03 - Rear end
1396,BASELINE RD btwn FISHER AVE & LEXINGTON ST,366336.4659,5026133.295,11/8/16,17:55,01 - Clear,01 - Dry,10 - No control,01 - Non intersection,07 - Dark,03 - P.D. only,03 - Rear end
1397,BASELINE RD btwn GREENBANK RD & PINECREST RD,360624.2485,5022600.527,7/13/16,14:07,01 - Clear,01 - Dry,10 - No control,04 - At/near private drive,01 - Daylight,03 - P.D. only,02 - Angle
1398,BASELINE RD btwn GREENBANK RD & PINECREST RD,360603.3661,5022587.682,7/4/16,12:30,01 - Clear,01 - Dry,10 - No control,04 - At/near private drive,01 - Daylight,03 - P.D. only,04 - Sideswipe
1399,BASELINE RD btwn GREENBANK RD & PINECREST RD,360772.1144,5022689,7/30/16,15:21,01 - Clear,01 - Dry,10 - No control,04 - At/near private drive,01 - Daylight,03 - P.D. only,02 - Angle
1400,BASELINE RD btwn HIGHGATE RD & TURN LANE,362068.5129,5023470.432,5/5/16,17:20,01 - Clear,01 - Dry,10 - No control,01 - Non intersection,01 - Daylight,03 - P.D. only,04 - Sideswipe
1401,BASELINE RD btwn HWY416 IC75A RAMP53 & TURN LANE,358648.592,5021815.142,10/22/16,14:16,02 - Rain,02 - Wet,10 - No control,01 - Non intersection,01 - Daylight,03 - P.D. only,04 - Sideswipe
1402,BASELINE RD btwn JOHN SUTHERLAND DR & SIOUX CRES,359402.9054,5021846.001,7/4/16,19:00,01 - Clear,01 - Dry,10 - No control,01 - Non intersection,01 - Daylight,03 - P.D. only,07 - SMV other
1403,BASELINE RD btwn LOBLAWS SC & MERIVALE RD,364894.8495,5025227.129,6/16/16,17:51,01 - Clear,01 - Dry,10 - No control,04 - At/near private drive,01 - Daylight,02 - Non-fatal injury,02 - Angle
1404,BASELINE RD btwn LOBLAWS SC & MERIVALE RD,364925.5035,5025246.8,7/13/16,16:06,02 - Rain,02 - Wet,10 - No control,01 - Non intersection,01 - Daylight,02 - Non-fatal injury,03 - Rear end
1405,BASELINE RD btwn LOBLAWS SC & MERIVALE RD,364870.8455,5025209.987,11/17/16,17:14,01 - Clear,01 - Dry,10 - No control,04 - At/near private drive,07 - Dark,02 - Non-fatal injury,03 - Rear end
1406,BASELINE RD btwn LOBLAWS SC & MERIVALE RD,364960.2865,5025267.13,11/8/16,15:29,01 - Clear,01 - Dry,10 - No control,01 - Non intersection,01 - Daylight,02 - Non-fatal injury,03 - Rear end
1407,BASELINE RD btwn LOBLAWS SC & MERIVALE RD,364970.1417,5025273.429,6/17/16,9:28,01 - Clear,01 - Dry,10 - No control,01 - Non intersection,01 - Daylight,03 - P.D. only,07 - SMV other
1408,BASELINE RD btwn LOBLAWS SC & MERIVALE RD,364885.7523,5025218.269,8/28/16,14:41,02 - Rain,02 - Wet,10 - No control,04 - At/near private drive,01 - Daylight,03 - P.D. only,03 - Rear end
1409,BASELINE RD btwn MERIVALE RD & FARLANE BLVD,365119.4604,5025363.934,2/9/16,12:14,01 - Clear,02 - Wet,10 - No control,04 - At/near private drive,01 - Daylight,03 - P.D. only,02 - Angle
1410,BASELINE RD btwn MERIVALE RD & FARLANE BLVD,365157.4711,5025389.222,2/18/16,9:12,01 - Clear,06 - Ice,10 - No control,01 - Non intersection,01 - Daylight,03 - P.D. only,03 - Rear end
1411,BASELINE RD btwn MORLEY BLVD & PRINCE OF WALES DR,366776.1984,5026409.228,12/1/16,16:14,02 - Rain,02 - Wet,10 - No control,01 - Non intersection,05 - Dusk,02 - Non-fatal injury,03 - Rear end
1412,BASELINE RD btwn MORLEY BLVD & PRINCE OF WALES DR,366694.0406,5026355.729,1/7/16,17:20,01 - Clear,01 - Dry,10 - No control,01 - Non intersection,05 - Dusk,03 - P.D. only,03 - Rear end
1413,BASELINE RD btwn MORLEY BLVD & PRINCE OF WALES DR,366695.5218,5026357.894,2/9/16,3:45,03 - Snow,03 - Loose snow,10 - No control,01 - Non intersection,07 - Dark,03 - P.D. only,07 - SMV other
1414,BASELINE RD btwn NAVAHO DR & DEERFIELD DR,363171.9695,5024151.293,8/18/16,19:56,01 - Clear,01 - Dry,10 - No control,01 - Non intersection,05 - Dusk,02 - Non-fatal injury,07 - SMV other
1415,BASELINE RD btwn NAVAHO DR & DEERFIELD DR,363098.9412,5024104.546,8/29/16,14:13,01 - Clear,01 - Dry,10 - No control,01 - Non intersection,01 - Daylight,03 - P.D. only,03 - Rear end
1416,BASELINE RD btwn NAVAHO DR & DEERFIELD DR,363150.287,5024139.328,12/29/16,11:07,03 - Snow,05 - Packed snow,10 - No control,01 - Non intersection,01 - Daylight,03 - P.D. only,03 - Rear end
1417,BASELINE RD btwn PINECREST RD & ROCKWAY CRES,361031.6572,5022841.834,10/15/16,15:30,01 - Clear,01 - Dry,10 - No control,01 - Non intersection,01 - Daylight,03 - P.D. only,99 - Other
1418,BASELINE RD btwn PINECREST RD & ROCKWAY CRES,360898.6224,5022762.737,1/13/16,17:35,01 - Clear,05 - Packed snow,10 - No control,04 - At/near private drive,05 - Dusk,03 - P.D. only,02 - Angle
1419,BASELINE RD btwn PINECREST RD & ROCKWAY CRES,360804.8064,5022707.804,12/22/16,22:40,03 - Snow,02 - Wet,10 - No control,01 - Non intersection,07 - Dark,03 - P.D. only,03 - Rear end
1420,BASELINE RD btwn SANDCASTLE DR & MONTEREY DR,359657.0991,5022006.934,3/11/16,9:00,01 - Clear,01 - Dry,10 - No control,01 - Non intersection,01 - Daylight,03 - P.D. only,03 - Rear end
1421,BASELINE RD btwn SOUTHWOOD DR & COBDEN RD,361429.1479,5023080.224,1/18/16,16:59,01 - Clear,01 - Dry,10 - No control,04 - At/near private drive,05 - Dusk,02 - Non-fatal injury,07 - SMV other
1422,BASELINE RD btwn SOUTHWOOD DR & COBDEN RD,361249.0488,5022972.015,2/18/16,20:44,01 - Clear,05 - Packed snow,10 - No control,01 - Non intersection,07 - Dark,03 - P.D. only,03 - Rear end
1423,BASELINE RD btwn ST. HELEN'S PL & CLYDE AVE,364135.7724,5024747.934,10/30/16,19:06,01 - Clear,01 - Dry,10 - No control,04 - At/near private drive,07 - Dark,01 - Fatal injury,05 - Turning movement
1424,BASELINE RD btwn ST. HELEN'S PL & CLYDE AVE,364197.7812,5024791.501,9/2/16,20:19,01 - Clear,01 - Dry,10 - No control,04 - At/near private drive,07 - Dark,02 - Non-fatal injury,99 - Other
1425,BASELINE RD btwn ST. HELEN'S PL & CLYDE AVE,364272.7958,5024838.878,6/1/16,15:16,01 - Clear,01 - Dry,10 - No control,01 - Non intersection,01 - Daylight,02 - Non-fatal injury,04 - Sideswipe
1426,BASELINE RD btwn ST. HELEN'S PL & CLYDE AVE,364232.8234,5024812.252,9/6/16,14:10,01 - Clear,01 - Dry,10 - No control,01 - Non intersection,01 - Daylight,03 - P.D. only,03 - Rear end
1427,BASELINE RD btwn ST. HELEN'S PL & CLYDE AVE,364189.2308,5024786.136,4/8/16,16:34,01 - Clear,01 - Dry,10 - No control,01 - Non intersection,01 - Daylight,03 - P.D. only,04 - Sideswipe
1428,BASELINE RD btwn ST. HELEN'S PL & CLYDE AVE,364332.262,5024872.922,4/18/16,21:01,02 - Rain,02 - Wet,10 - No control,01 - Non intersection,07 - Dark,03 - P.D. only,07 - SMV other
1429,BASELINE RD btwn ST. HELEN'S PL & CLYDE AVE,364147.5232,5024756.765,12/21/16,9:59,01 - Clear,02 - Wet,10 - No control,01 - Non intersection,01 - Daylight,03 - P.D. only,04 - Sideswipe
1430,BASELINE RD btwn TURN LANE & CEDARVIEW RD,358860.0974,5021718.757,1/16/16,18:11,01 - Clear,02 - Wet,10 - No control,01 - Non intersection,07 - Dark,03 - P.D. only,07 - SMV other
1431,BASELINE RD btwn TURN LANE & PRINCE OF WALES DR,366852.3666,5026436.231,4/1/16,16:46,01 - Clear,01 - Dry,10 - No control,01 - Non intersection,01 - Daylight,03 - P.D. only,04 - Sideswipe
1432,BASELINE RD btwn ZENA ST & MARSON ST,365635.2359,5025692.814,5/20/16,23:29,01 - Clear,01 - Dry,10 - No control,01 - Non intersection,07 - Dark,03 - P.D. only,04 - Sideswipe
1433,BASELINE RD btwn ZENA ST & MARSON ST,365662.2283,5025707.332,1/13/16,10:10,05 - Drifting Snow,04 - Slush,10 - No control,01 - Non intersection,01 - Daylight,03 - P.D. only,03 - Rear end
1434,BASELINE RD btwn ZENA ST & MARSON ST,365656.4849,5025708.994,1/13/16,10:27,05 - Drifting Snow,05 - Packed snow,10 - No control,01 - Non intersection,01 - Daylight,03 - P.D. only,07 - SMV other
1435,BASELINE RD/HERON RD @ PRINCE OF WALES DR,366873.9338,5026437.623,8/8/16,19:26,01 - Clear,01 - Dry,01 - Traffic signal,02 - Intersection related,01 - Daylight,02 - Non-fatal injury,03 - Rear end
1436,BASELINE RD/HERON RD @ PRINCE OF WALES DR,366874.2013,5026438.739,7/17/16,10:00,01 - Clear,01 - Dry,01 - Traffic signal,02 - Intersection related,01 - Daylight,02 - Non-fatal injury,03 - Rear end
1437,BASELINE RD/HERON RD @ PRINCE OF WALES DR,366873.94,5026438.057,10/27/16,7:53,01 - Clear,01 - Dry,01 - Traffic signal,02 - Intersection related,01 - Daylight,03 - P.D. only,03 - Rear end
1438,BASELINE RD/HERON RD @ PRINCE OF WALES DR,366874.3621,5026440.783,5/26/16,16:55,01 - Clear,01 - Dry,01 - Traffic signal,02 - Intersection related,01 - Daylight,03 - P.D. only,04 - Sideswipe
1439,BASELINE RD/HERON RD @ PRINCE OF WALES DR,366873.2808,5026438.432,7/20/16,17:00,01 - Clear,01 - Dry,01 - Traffic signal,02 - Intersection related,01 - Daylight,03 - P.D. only,03 - Rear end
1440,BASELINE RD/HERON RD @ PRINCE OF WALES DR,366874.0403,5026438.837,4/30/16,13:41,01 - Clear,01 - Dry,01 - Traffic signal,02 - Intersection related,01 - Daylight,03 - P.D. only,03 - Rear end