Record,Location,X,Y,Date,Time,Environment,Road_Surface,Traffic_Control,Collision_Location,Light,Collision_Classification,Impact_type
1441,BASELINE RD/HERON RD @ PRINCE OF WALES DR,366873.9877,5026439.244,6/3/16,14:08,01 - Clear,01 - Dry,01 - Traffic signal,02 - Intersection related,01 - Daylight,03 - P.D. only,03 - Rear end
1442,BASELINE RD/HERON RD @ PRINCE OF WALES DR,366873.2846,5026438.628,7/23/16,15:10,01 - Clear,01 - Dry,01 - Traffic signal,02 - Intersection related,01 - Daylight,03 - P.D. only,03 - Rear end
1443,BASELINE RD/HERON RD @ PRINCE OF WALES DR,366873.2759,5026438.606,5/31/16,16:21,01 - Clear,01 - Dry,01 - Traffic signal,02 - Intersection related,01 - Daylight,03 - P.D. only,03 - Rear end
1444,BASELINE RD/HERON RD @ PRINCE OF WALES DR,366873.9367,5026441.471,9/30/16,17:08,01 - Clear,01 - Dry,01 - Traffic signal,02 - Intersection related,01 - Daylight,03 - P.D. only,03 - Rear end
1445,BASELINE RD/HERON RD @ PRINCE OF WALES DR,366874.1215,5026439.143,12/29/16,7:47,01 - Clear,01 - Dry,01 - Traffic signal,02 - Intersection related,03 - Dawn,03 - P.D. only,01 - Approaching
1446,BASELINE RD/HWY 416 RICHMOND IC75R53 @ RICHMON,358637.1395,5021819.718,9/9/16,15:04,01 - Clear,01 - Dry,01 - Traffic signal,02 - Intersection related,01 - Daylight,02 - Non-fatal injury,03 - Rear end
1447,BASELINE RD/HWY 416 RICHMOND IC75R53 @ RICHMON,358633.4336,5021823.033,10/31/16,11:33,01 - Clear,01 - Dry,01 - Traffic signal,02 - Intersection related,01 - Daylight,03 - P.D. only,03 - Rear end
1448,BASELINE RD/HWY 416 RICHMOND IC75R53 @ RICHMON,358635.7807,5021821.437,1/9/16,12:33,01 - Clear,01 - Dry,01 - Traffic signal,02 - Intersection related,01 - Daylight,03 - P.D. only,99 - Other
1449,BASELINE RD/HWY 416 RICHMOND IC75R53 @ RICHMON,358636.3383,5021821.262,4/10/16,9:45,01 - Clear,01 - Dry,01 - Traffic signal,03 - At intersection,01 - Daylight,03 - P.D. only,05 - Turning movement
1450,BASELINE RD/HWY 416 RICHMOND IC75R53 @ RICHMON,358634.782,5021821.352,11/10/16,9:58,01 - Clear,01 - Dry,01 - Traffic signal,03 - At intersection,01 - Daylight,03 - P.D. only,03 - Rear end
1451,BASELINE RD/HWY 416 RICHMOND IC75R53 @ RICHMON,358636.0004,5021821.672,4/14/16,16:29,01 - Clear,01 - Dry,01 - Traffic signal,03 - At intersection,01 - Daylight,03 - P.D. only,03 - Rear end
1452,BASIL MACDONALD WAY @ GRANT CARMAN DR,365350.0942,5023323.042,2/26/16,12:12,01 - Clear,01 - Dry,02 - Stop sign,03 - At intersection,01 - Daylight,03 - P.D. only,02 - Angle
1453,BASIL MACDONALD WAY @ GRANT CARMAN DR,365350.0915,5023324.601,5/3/16,17:58,01 - Clear,01 - Dry,02 - Stop sign,02 - Intersection related,01 - Daylight,03 - P.D. only,03 - Rear end
1454,BASIL MACDONALD WAY btwn MERIVALE RD & GRANT CARMAN DR,365182.8567,5023222.992,9/3/16,15:30,01 - Clear,01 - Dry,10 - No control,04 - At/near private drive,01 - Daylight,03 - P.D. only,02 - Angle
1455,BASIN CRT btwn BELLMAN DR & END,360952.632,5020891.304,7/22/16,17:35,01 - Clear,01 - Dry,10 - No control,01 - Non intersection,01 - Daylight,03 - P.D. only,06 - SMV unattended vehicle
1456,BASSANO ST @ LOTTA AVE,363971.862,5024178.1,12/5/16,9:02,03 - Snow,03 - Loose snow,02 - Stop sign,02 - Intersection related,01 - Daylight,03 - P.D. only,02 - Angle
1457,BASSETT LANE @ ISLAND PARK DR,364235.575,5028646.135,12/3/16,20:33,01 - Clear,01 - Dry,02 - Stop sign,02 - Intersection related,07 - Dark,02 - Non-fatal injury,03 - Rear end
1458,BASSETT LANE btwn PICCADILLY AVE & MAYFAIR AVE,364394.9128,5028724.65,11/21/16,12:35,01 - Clear,06 - Ice,10 - No control,01 - Non intersection,01 - Daylight,03 - P.D. only,01 - Approaching
1459,BATEMAN DR btwn BELLMAN DR & DUNBAR CRT,361308.0213,5021033.638,12/27/16,17:06,03 - Snow,03 - Loose snow,10 - No control,01 - Non intersection,07 - Dark,02 - Non-fatal injury,07 - SMV other
1460,BATHGATE DR @ DEN HAAG DR,373407.5001,5033926.234,9/22/16,21:13,02 - Rain,02 - Wet,02 - Stop sign,03 - At intersection,07 - Dark,02 - Non-fatal injury,07 - SMV other
1461,BATHGATE DR @ DEN HAAG DR,373407.5001,5033924.916,10/27/16,17:32,02 - Rain,02 - Wet,02 - Stop sign,03 - At intersection,07 - Dark,03 - P.D. only,05 - Turning movement
1462,BATHGATE DR @ DES PIONNIERS PRIV,373477.0645,5033759.921,10/18/16,8:39,01 - Clear,02 - Wet,02 - Stop sign,03 - At intersection,01 - Daylight,03 - P.D. only,05 - Turning movement
1463,BATHGATE DR @ MATHESON RD,373641.7162,5033374.458,1/14/16,0:00,03 - Snow,04 - Slush,02 - Stop sign,03 - At intersection,00 - Unknown,03 - P.D. only,07 - SMV other
1464,BATHGATE DR btwn LEIGH CRES & LEIGH CRES,373802.7699,5032992.077,4/6/16,17:42,03 - Snow,04 - Slush,10 - No control,01 - Non intersection,01 - Daylight,03 - P.D. only,99 - Other
1465,BATHGATE DR btwn MONTREAL RD & GULF PL,373232.9561,5034437.791,11/13/16,16:50,01 - Clear,01 - Dry,10 - No control,04 - At/near private drive,05 - Dusk,03 - P.D. only,02 - Angle
1466,BATHGATE DR btwn QUIGG PRIV & DEN HAAG DR,373344.2011,5034074.713,10/24/16,0:46,01 - Clear,01 - Dry,10 - No control,01 - Non intersection,07 - Dark,03 - P.D. only,06 - SMV unattended vehicle
1467,BATON CRT btwn AIRD PL & END,351812.3711,5018990.124,3/26/16,17:25,01 - Clear,01 - Dry,10 - No control,04 - At/near private drive,01 - Daylight,03 - P.D. only,06 - SMV unattended vehicle
1468,BAXTER RD btwn IRIS ST & END,361016.3191,5023922.303,1/22/16,22:47,01 - Clear,01 - Dry,10 - No control,01 - Non intersection,07 - Dark,02 - Non-fatal injury,06 - SMV unattended vehicle
1469,BAXTER RD btwn IRIS ST & END,361025.5199,5023656.283,1/13/16,16:22,01 - Clear,05 - Packed snow,10 - No control,01 - Non intersection,01 - Daylight,02 - Non-fatal injury,06 - SMV unattended vehicle
1470,BAY ST @ COOPER ST,367202.1601,5030719.877,2/17/16,8:15,03 - Snow,03 - Loose snow,02 - Stop sign,03 - At intersection,01 - Daylight,03 - P.D. only,02 - Angle
1471,BAY ST @ FLORENCE ST,367420.0516,5030356.351,2/1/16,13:27,01 - Clear,02 - Wet,02 - Stop sign,03 - At intersection,01 - Daylight,02 - Non-fatal injury,02 - Angle
1472,BAY ST @ GILMOUR ST,367332.6175,5030502.223,9/19/16,12:52,01 - Clear,01 - Dry,02 - Stop sign,03 - At intersection,01 - Daylight,03 - P.D. only,02 - Angle
1473,BAY ST @ GLADSTONE AVE,367462.4887,5030288.342,2/17/16,8:58,01 - Clear,04 - Slush,02 - Stop sign,03 - At intersection,01 - Daylight,03 - P.D. only,02 - Angle
1474,BAY ST @ GLADSTONE AVE,367462.4852,5030287.888,7/5/16,18:22,01 - Clear,01 - Dry,02 - Stop sign,03 - At intersection,01 - Daylight,03 - P.D. only,02 - Angle
1475,BAY ST @ GLOUCESTER ST,367075.1255,5030934.826,11/1/16,11:58,02 - Rain,02 - Wet,02 - Stop sign,02 - Intersection related,01 - Daylight,03 - P.D. only,03 - Rear end
1476,BAY ST @ JAMES ST,367378.3882,5030428.342,6/22/16,9:37,01 - Clear,01 - Dry,02 - Stop sign,03 - At intersection,01 - Daylight,03 - P.D. only,02 - Angle
1477,BAY ST @ LISGAR ST,367156.4708,5030793.209,8/4/16,22:26,01 - Clear,01 - Dry,02 - Stop sign,03 - At intersection,07 - Dark,03 - P.D. only,03 - Rear end
1478,BAY ST @ QUEEN ST,366898.81,5031211.253,4/14/16,6:33,01 - Clear,01 - Dry,01 - Traffic signal,02 - Intersection related,01 - Daylight,02 - Non-fatal injury,04 - Sideswipe
1479,BAY ST @ QUEEN ST,366899.4729,5031211.911,3/16/16,15:30,01 - Clear,02 - Wet,01 - Traffic signal,02 - Intersection related,01 - Daylight,03 - P.D. only,03 - Rear end
1480,BAY ST @ SLATER ST,366984.3796,5031078.116,7/1/16,20:06,02 - Rain,02 - Wet,01 - Traffic signal,03 - At intersection,01 - Daylight,02 - Non-fatal injury,05 - Turning movement
1481,BAY ST @ SLATER ST,366983.4758,5031077.904,3/12/16,10:35,01 - Clear,01 - Dry,01 - Traffic signal,03 - At intersection,01 - Daylight,03 - P.D. only,05 - Turning movement
1482,BAY ST @ SLATER ST,366983.9223,5031077.897,4/26/16,1:51,01 - Clear,01 - Dry,01 - Traffic signal,03 - At intersection,07 - Dark,03 - P.D. only,02 - Angle
1483,BAY ST @ SOMERSET ST,367244.4721,5030645.023,6/17/16,9:17,01 - Clear,01 - Dry,02 - Stop sign,03 - At intersection,01 - Daylight,02 - Non-fatal injury,02 - Angle
1484,BAY ST @ SOMERSET ST,367244.4754,5030645.24,3/11/16,8:31,01 - Clear,01 - Dry,02 - Stop sign,03 - At intersection,01 - Daylight,03 - P.D. only,02 - Angle
1485,BAY ST @ SPARKS ST,366857.1577,5031280.279,7/25/16,0:37,01 - Clear,01 - Dry,01 - Traffic signal,03 - At intersection,07 - Dark,02 - Non-fatal injury,02 - Angle
1486,BAY ST @ SPARKS ST,366856.479,5031279.809,10/8/16,20:58,01 - Clear,01 - Dry,01 - Traffic signal,03 - At intersection,07 - Dark,03 - P.D. only,05 - Turning movement
1487,BAY ST @ WELLINGTON ST,366814.0394,5031351.347,2/24/16,22:27,02 - Rain,02 - Wet,01 - Traffic signal,02 - Intersection related,07 - Dark,03 - P.D. only,04 - Sideswipe
1488,BAY ST @ WELLINGTON ST,366813.0417,5031350.324,6/10/16,23:05,01 - Clear,01 - Dry,01 - Traffic signal,02 - Intersection related,07 - Dark,03 - P.D. only,03 - Rear end
1489,BAY ST @ WELLINGTON ST,366813.8698,5031352.809,12/19/16,8:23,01 - Clear,05 - Packed snow,01 - Traffic signal,02 - Intersection related,01 - Daylight,03 - P.D. only,04 - Sideswipe
1490,BAY ST btwn MACLAREN ST & GILMOUR ST,367298.6218,5030560.147,12/31/16,23:55,03 - Snow,04 - Slush,10 - No control,01 - Non intersection,07 - Dark,03 - P.D. only,04 - Sideswipe
1491,BAY ST btwn SLATER ST & LAURIER AVE W,366994.8943,5031060.788,8/18/16,14:12,01 - Clear,01 - Dry,10 - No control,04 - At/near private drive,01 - Daylight,03 - P.D. only,05 - Turning movement
1492,BAY ST btwn SLATER ST & LAURIER AVE W,367019.6661,5031020.244,4/16/16,12:53,01 - Clear,01 - Dry,10 - No control,01 - Non intersection,01 - Daylight,03 - P.D. only,04 - Sideswipe
1493,BAYCREST DR @ CEDARWOOD DR,371229.7263,5026790.778,12/26/16,14:35,04 - Freezing Rain,06 - Ice,02 - Stop sign,03 - At intersection,01 - Daylight,03 - P.D. only,02 - Angle
1494,BAYCREST DR @ SANDALWOOD DR,371357.4286,5026703.627,10/29/16,12:28,01 - Clear,02 - Wet,03 - Yield sign,02 - Intersection related,01 - Daylight,03 - P.D. only,02 - Angle
1495,BAYCREST DR @ WALKLEY RD,371420.9801,5026592.403,5/17/16,11:19,01 - Clear,01 - Dry,01 - Traffic signal,03 - At intersection,01 - Daylight,02 - Non-fatal injury,02 - Angle
1496,BAYCREST DR @ WALKLEY RD,371422.407,5026590.752,6/9/16,13:07,01 - Clear,01 - Dry,01 - Traffic signal,03 - At intersection,01 - Daylight,02 - Non-fatal injury,05 - Turning movement
1497,BAYCREST DR @ WALKLEY RD,371421.7306,5026590.297,9/1/16,21:27,01 - Clear,01 - Dry,01 - Traffic signal,03 - At intersection,07 - Dark,03 - P.D. only,04 - Sideswipe
1498,BAYCREST DR @ WALKLEY RD,371420.9317,5026590.261,3/22/16,8:49,01 - Clear,01 - Dry,01 - Traffic signal,03 - At intersection,01 - Daylight,03 - P.D. only,03 - Rear end
1499,BAYCREST DR @ WALKLEY RD,371421.2486,5026590.425,5/13/16,20:24,01 - Clear,01 - Dry,01 - Traffic signal,03 - At intersection,05 - Dusk,03 - P.D. only,03 - Rear end
1500,BAYCREST DR @ WALKLEY RD,371421.9501,5026590.747,9/23/16,16:46,01 - Clear,01 - Dry,01 - Traffic signal,03 - At intersection,01 - Daylight,03 - P.D. only,02 - Angle
1501,BAYCREST DR @ WALKLEY RD,371420.9246,5026590.749,6/15/16,7:30,01 - Clear,01 - Dry,01 - Traffic signal,03 - At intersection,01 - Daylight,03 - P.D. only,02 - Angle
1502,BAYCREST DR @ WALKLEY RD,371421.9501,5026590.307,10/27/16,10:40,01 - Clear,01 - Dry,01 - Traffic signal,02 - Intersection related,01 - Daylight,03 - P.D. only,04 - Sideswipe
1503,BAYCREST DR @ WALKLEY RD,371421.9501,5026590.747,11/4/16,12:42,01 - Clear,01 - Dry,01 - Traffic signal,02 - Intersection related,01 - Daylight,03 - P.D. only,03 - Rear end
1504,BAYCREST DR btwn CEDARWOOD DR & SANDALWOOD DR,371274.4779,5026757.998,7/3/16,19:13,01 - Clear,01 - Dry,10 - No control,01 - Non intersection,01 - Daylight,02 - Non-fatal injury,07 - SMV other
1505,BAYCREST DR btwn CEDARWOOD DR & SANDALWOOD DR,371237.4955,5026781.767,2/17/16,14:44,01 - Clear,02 - Wet,10 - No control,01 - Non intersection,01 - Daylight,03 - P.D. only,04 - Sideswipe
1506,BAYCREST DR btwn HERON RD & CEDARWOOD DR,371174.2182,5026881.756,5/26/16,8:11,01 - Clear,01 - Dry,10 - No control,01 - Non intersection,01 - Daylight,02 - Non-fatal injury,03 - Rear end
1507,BAYCREST DR btwn HERON RD & CEDARWOOD DR,371191.446,5026856.802,12/17/16,0:00,04 - Freezing Rain,03 - Loose snow,10 - No control,01 - Non intersection,00 - Unknown,03 - P.D. only,06 - SMV unattended vehicle
1508,BAYFIELD AVE @ CARLING AVE,352347.1623,5022370.161,8/24/16,11:03,01 - Clear,01 - Dry,02 - Stop sign,03 - At intersection,01 - Daylight,02 - Non-fatal injury,03 - Rear end
1509,BAYFIELD AVE @ CARLING AVE,352347.4257,5022371.233,3/29/16,7:59,01 - Clear,01 - Dry,02 - Stop sign,02 - Intersection related,01 - Daylight,03 - P.D. only,02 - Angle
1510,BAYFIELD AVE @ CARLING AVE,352345.5291,5022370.841,4/6/16,17:09,03 - Snow,03 - Loose snow,02 - Stop sign,03 - At intersection,01 - Daylight,03 - P.D. only,03 - Rear end
1511,BAYNE AVE btwn DAVID DR & MEADOWLANDS DR W,364744.7448,5023733.123,5/11/16,17:36,01 - Clear,01 - Dry,10 - No control,04 - At/near private drive,01 - Daylight,02 - Non-fatal injury,07 - SMV other
1512,BAYNES SOUND WAY @ BLUE ASTER ST E,364192.4721,5012360.323,2/9/16,9:16,01 - Clear,03 - Loose snow,02 - Stop sign,02 - Intersection related,01 - Daylight,03 - P.D. only,06 - SMV unattended vehicle
1513,BAYSHORE DR @ BAYSHORE CS,359143.8594,5023738.621,3/26/16,12:23,01 - Clear,01 - Dry,01 - Traffic signal,02 - Intersection related,01 - Daylight,03 - P.D. only,04 - Sideswipe
1514,BAYSHORE DR @ RICHMOND RD,359371.0289,5023367.284,10/18/16,7:58,01 - Clear,02 - Wet,01 - Traffic signal,02 - Intersection related,01 - Daylight,03 - P.D. only,07 - SMV other
1515,BAYSHORE DR @ RICHMOND RD,359372.0266,5023369.185,1/28/16,6:30,01 - Clear,01 - Dry,01 - Traffic signal,03 - At intersection,07 - Dark,03 - P.D. only,04 - Sideswipe
1516,BAYSHORE DR @ RICHMOND RD,359372.0266,5023368.745,2/11/16,8:40,03 - Snow,03 - Loose snow,01 - Traffic signal,02 - Intersection related,01 - Daylight,03 - P.D. only,04 - Sideswipe
1517,BAYSHORE DR @ RICHMOND RD,359373.5134,5023368.112,11/1/16,10:54,01 - Clear,01 - Dry,01 - Traffic signal,02 - Intersection related,01 - Daylight,03 - P.D. only,03 - Rear end
1518,BAYSHORE DR @ RICHMOND RD,359372.9125,5023368.98,8/10/16,10:16,01 - Clear,01 - Dry,01 - Traffic signal,03 - At intersection,01 - Daylight,03 - P.D. only,02 - Angle
1519,BAYSHORE DR @ RICHMOND RD,359372.8528,5023368.38,3/8/16,19:45,01 - Clear,02 - Wet,01 - Traffic signal,02 - Intersection related,07 - Dark,03 - P.D. only,03 - Rear end
1520,BAYSHORE DR @ RICHMOND RD,359372.4657,5023367.867,11/19/16,12:54,01 - Clear,01 - Dry,01 - Traffic signal,02 - Intersection related,01 - Daylight,03 - P.D. only,99 - Other
1521,BAYSHORE DR @ RICHMOND RD,359371.857,5023368.94,12/31/16,14:13,03 - Snow,03 - Loose snow,01 - Traffic signal,02 - Intersection related,01 - Daylight,03 - P.D. only,04 - Sideswipe
1522,BAYSHORE DR @ RICHMOND RD,359372.4676,5023369.191,12/3/16,16:56,01 - Clear,01 - Dry,01 - Traffic signal,03 - At intersection,07 - Dark,03 - P.D. only,05 - Turning movement
1523,BAYSHORE DR @ WOODRIDGE CRES N,359070.1462,5023875.783,2/16/16,13:09,03 - Snow,03 - Loose snow,01 - Traffic signal,03 - At intersection,01 - Daylight,02 - Non-fatal injury,07 - SMV other
1524,BAYSHORE DR @ WOODRIDGE CRES N,359072.2653,5023873.476,2/4/16,20:02,01 - Clear,01 - Dry,01 - Traffic signal,03 - At intersection,07 - Dark,02 - Non-fatal injury,07 - SMV other
1525,BAYSHORE DR @ WOODRIDGE CRES N,359072.871,5023874.664,11/20/16,14:45,03 - Snow,06 - Ice,01 - Traffic signal,02 - Intersection related,01 - Daylight,03 - P.D. only,03 - Rear end
1526,BAYSHORE DR @ WOODRIDGE CRES N,359072.1991,5023874.854,4/9/16,11:27,01 - Clear,01 - Dry,01 - Traffic signal,02 - Intersection related,01 - Daylight,03 - P.D. only,05 - Turning movement
1527,BAYSHORE DR @ WOODRIDGE CRES N,359072.0428,5023873.008,12/26/16,19:23,04 - Freezing Rain,06 - Ice,01 - Traffic signal,02 - Intersection related,07 - Dark,03 - P.D. only,03 - Rear end
1528,BAYSHORE DR @ WOODRIDGE CRES S,359234.7095,5023509.799,12/4/16,23:42,01 - Clear,01 - Dry,01 - Traffic signal,03 - At intersection,07 - Dark,03 - P.D. only,05 - Turning movement
1529,BAYSHORE DR btwn CARLING AVE & WOODRIDGE CRES N,359033.5893,5023938.153,4/30/16,10:50,01 - Clear,01 - Dry,10 - No control,04 - At/near private drive,01 - Daylight,03 - P.D. only,05 - Turning movement
1530,BAYSHORE DR btwn WOODRIDGE CRES & HWY417 IC130 RAMP66,359260.17,5023490.044,12/18/16,17:16,01 - Clear,05 - Packed snow,10 - No control,01 - Non intersection,07 - Dark,03 - P.D. only,04 - Sideswipe
1531,BAYSHORE DR btwn WOODRIDGE CRES N & BAYSHORE CS,359090.1988,5023847.772,5/7/16,12:54,01 - Clear,01 - Dry,10 - No control,01 - Non intersection,01 - Daylight,03 - P.D. only,04 - Sideswipe
1532,BAYSHORE DR btwn WOODRIDGE CRES S & BAYSHORE CS,359176.9785,5023619.114,2/10/16,19:26,03 - Snow,04 - Slush,10 - No control,04 - At/near private drive,07 - Dark,03 - P.D. only,01 - Approaching
1533,BAYSHORE DR btwn WOODRIDGE CRES S & BAYSHORE CS,359227.7415,5023517.629,10/27/16,8:33,01 - Clear,01 - Dry,10 - No control,01 - Non intersection,01 - Daylight,03 - P.D. only,04 - Sideswipe
1534,BAYSHORE DR btwn WOODRIDGE CRES S & BAYSHORE CS,359210.1816,5023545.758,12/10/16,16:50,01 - Clear,02 - Wet,10 - No control,04 - At/near private drive,05 - Dusk,03 - P.D. only,02 - Angle
1535,BAYSHORE DR btwn WOODRIDGE CRES S & BAYSHORE CS,359180.6669,5023601.431,12/26/16,12:37,04 - Freezing Rain,06 - Ice,10 - No control,04 - At/near private drive,01 - Daylight,03 - P.D. only,02 - Angle
1536,BAYSHORE DR btwn WOODRIDGE CRES S & BAYSHORE CS,359192.2611,5023573.688,12/23/16,15:16,01 - Clear,01 - Dry,10 - No control,04 - At/near private drive,01 - Daylight,03 - P.D. only,02 - Angle
1537,BAYSHORE DR SB btwn WOODRIDGE CRES & BAYSHORE DR SB RAMPS TO RICHMOND ,359259.3419,5023480.106,12/27/16,16:55,03 - Snow,06 - Ice,10 - No control,04 - At/near private drive,07 - Dark,03 - P.D. only,04 - Sideswipe
1538,BAYSWATER AVE @ CARLING AVE,366365.4813,5028642.336,10/14/16,14:59,01 - Clear,01 - Dry,02 - Stop sign,02 - Intersection related,01 - Daylight,02 - Non-fatal injury,04 - Sideswipe
1539,BAYSWATER AVE @ GLADSTONE AVE,366001.5326,5029477.496,10/2/16,13:33,02 - Rain,02 - Wet,01 - Traffic signal,02 - Intersection related,01 - Daylight,02 - Non-fatal injury,03 - Rear end
1540,BAYSWATER AVE @ GLADSTONE AVE,366001.8318,5029479.34,6/14/16,17:42,01 - Clear,01 - Dry,01 - Traffic signal,02 - Intersection related,01 - Daylight,03 - P.D. only,03 - Rear end
1541,BAYSWATER AVE @ GLADSTONE AVE,366002.3607,5029480.808,11/12/16,18:01,01 - Clear,01 - Dry,01 - Traffic signal,02 - Intersection related,07 - Dark,03 - P.D. only,03 - Rear end
1542,BAYSWATER AVE @ SOMERSET ST,365812.0419,5029911.348,8/27/16,11:09,01 - Clear,01 - Dry,01 - Traffic signal,03 - At intersection,01 - Daylight,03 - P.D. only,04 - Sideswipe
1543,BAYSWATER AVE @ SOMERSET ST,365813.3739,5029912.241,4/6/16,19:49,03 - Snow,03 - Loose snow,01 - Traffic signal,02 - Intersection related,07 - Dark,03 - P.D. only,07 - SMV other
1544,BAYSWATER AVE @ SOMERSET ST,365811.8723,5029910.325,12/18/16,17:41,03 - Snow,03 - Loose snow,01 - Traffic signal,02 - Intersection related,07 - Dark,03 - P.D. only,99 - Other
1545,BAYSWATER AVE @ SOMERSET ST,365816.2736,5029912.937,12/20/16,19:05,01 - Clear,04 - Slush,01 - Traffic signal,03 - At intersection,07 - Dark,03 - P.D. only,05 - Turning movement
1546,BAYSWATER AVE btwn WELLINGTON ST W & SOMERSET ST W,365792.7225,5029955.256,1/14/16,9:57,03 - Snow,03 - Loose snow,10 - No control,01 - Non intersection,01 - Daylight,03 - P.D. only,07 - SMV other
1547,BAYVIEW DR btwn LEN PURCELL DR & BISHOP DAVIS DR,336738.2095,5039025.494,11/26/16,3:04,01 - Clear,01 - Dry,10 - No control,01 - Non intersection,07 - Dark,03 - P.D. only,07 - SMV other
1548,BAYVIEW DR btwn LEN PURCELL DR & STIVER RD,337319.1981,5040406.477,8/7/16,0:19,01 - Clear,01 - Dry,10 - No control,01 - Non intersection,07 - Dark,03 - P.D. only,06 - SMV unattended vehicle
1549,BAYVIEW DR W @ BISHOP DAVIS DR W,336773.329,5038969.82,7/9/16,1:55,02 - Rain,02 - Wet,02 - Stop sign,03 - At intersection,07 - Dark,03 - P.D. only,07 - SMV other
1550,BAYVIEW RD @ SCOTT ST/ALBERT ST,365519.1513,5030071.735,8/2/16,19:13,01 - Clear,01 - Dry,01 - Traffic signal,03 - At intersection,01 - Daylight,02 - Non-fatal injury,05 - Turning movement
1551,BAYVIEW RD @ SCOTT ST/ALBERT ST,365518.8352,5030071.792,2/10/16,8:11,03 - Snow,04 - Slush,01 - Traffic signal,03 - At intersection,01 - Daylight,02 - Non-fatal injury,05 - Turning movement
1552,BAYVIEW RD @ SCOTT ST/ALBERT ST,365520.5379,5030071.939,3/2/16,18:24,01 - Clear,02 - Wet,01 - Traffic signal,03 - At intersection,05 - Dusk,02 - Non-fatal injury,07 - SMV other
1553,BAYVIEW RD @ SCOTT ST/ALBERT ST,365519.023,5030071.607,6/16/16,8:38,01 - Clear,01 - Dry,01 - Traffic signal,03 - At intersection,01 - Daylight,02 - Non-fatal injury,05 - Turning movement
1554,BAYVIEW RD @ SCOTT ST/ALBERT ST,365518.1185,5030071.794,8/18/16,7:50,01 - Clear,01 - Dry,01 - Traffic signal,03 - At intersection,01 - Daylight,03 - P.D. only,04 - Sideswipe
1555,BAYVIEW RD @ SCOTT ST/ALBERT ST,365518.8175,5030071.784,9/15/16,13:14,01 - Clear,01 - Dry,01 - Traffic signal,03 - At intersection,01 - Daylight,03 - P.D. only,05 - Turning movement
1556,BAYVIEW RD @ SCOTT ST/ALBERT ST,365518.8175,5030071.345,12/15/16,17:07,01 - Clear,03 - Loose snow,01 - Traffic signal,03 - At intersection,07 - Dark,03 - P.D. only,05 - Turning movement
1557,BAYVIEW RD @ SCOTT ST/ALBERT ST,365519.8652,5030071.15,12/20/16,9:07,01 - Clear,04 - Slush,01 - Traffic signal,02 - Intersection related,01 - Daylight,03 - P.D. only,02 - Angle
1558,BEARBROOK RD @ WESTPARK DR S,377735.1066,5033568.388,6/13/16,19:53,01 - Clear,01 - Dry,02 - Stop sign,02 - Intersection related,01 - Daylight,02 - Non-fatal injury,03 - Rear end
1559,BEARBROOK RD/ROCKCLIFFE PKWY @ ST. JOSEPH BLVD,377128.439,5035238.665,5/23/16,10:32,01 - Clear,01 - Dry,01 - Traffic signal,03 - At intersection,01 - Daylight,02 - Non-fatal injury,05 - Turning movement
1560,BEARBROOK RD/ROCKCLIFFE PKWY @ ST. JOSEPH BLVD,377128.7343,5035240.006,6/6/16,15:37,01 - Clear,01 - Dry,01 - Traffic signal,03 - At intersection,01 - Daylight,02 - Non-fatal injury,05 - Turning movement
1561,BEARBROOK RD/ROCKCLIFFE PKWY @ ST. JOSEPH BLVD,377129.1249,5035238.811,3/4/16,13:07,01 - Clear,01 - Dry,01 - Traffic signal,02 - Intersection related,01 - Daylight,03 - P.D. only,03 - Rear end
1562,BEARBROOK RD/ROCKCLIFFE PKWY @ ST. JOSEPH BLVD,377126.9632,5035241.22,2/17/16,16:30,03 - Snow,03 - Loose snow,01 - Traffic signal,02 - Intersection related,01 - Daylight,03 - P.D. only,05 - Turning movement
1563,BEARBROOK RD/ROCKCLIFFE PKWY @ ST. JOSEPH BLVD,377128.0757,5035239.372,3/1/16,15:40,01 - Clear,01 - Dry,01 - Traffic signal,02 - Intersection related,01 - Daylight,03 - P.D. only,03 - Rear end
1564,BEARBROOK RD/ROCKCLIFFE PKWY @ ST. JOSEPH BLVD,377131.0269,5035244.004,3/3/16,22:56,01 - Clear,02 - Wet,01 - Traffic signal,03 - At intersection,07 - Dark,03 - P.D. only,05 - Turning movement
1565,BEARBROOK RD/ROCKCLIFFE PKWY @ ST. JOSEPH BLVD,377121.0879,5035244.004,3/11/16,20:17,01 - Clear,01 - Dry,01 - Traffic signal,03 - At intersection,07 - Dark,03 - P.D. only,05 - Turning movement
1566,BEARBROOK RD/ROCKCLIFFE PKWY @ ST. JOSEPH BLVD,377128.0757,5035239.812,2/4/16,18:00,01 - Clear,01 - Dry,01 - Traffic signal,03 - At intersection,07 - Dark,03 - P.D. only,05 - Turning movement
1567,BEARBROOK RD/ROCKCLIFFE PKWY @ ST. JOSEPH BLVD,377129.4077,5035239.368,4/5/16,19:22,01 - Clear,01 - Dry,01 - Traffic signal,03 - At intersection,01 - Daylight,03 - P.D. only,05 - Turning movement
1568,BEARBROOK RD/ROCKCLIFFE PKWY @ ST. JOSEPH BLVD,377128.5148,5035240.251,1/20/16,7:38,01 - Clear,02 - Wet,01 - Traffic signal,02 - Intersection related,03 - Dawn,03 - P.D. only,03 - Rear end
1569,BEARBROOK RD/ROCKCLIFFE PKWY @ ST. JOSEPH BLVD,377131.8135,5035245.158,3/3/16,15:38,01 - Clear,01 - Dry,01 - Traffic signal,02 - Intersection related,01 - Daylight,03 - P.D. only,03 - Rear end