Record,Location,X,Y,Date,Time,Environment,Road_Surface,Traffic_Control,Collision_Location,Light,Collision_Classification,Impact_type
1570,BEARBROOK RD/ROCKCLIFFE PKWY @ ST. JOSEPH BLVD,377129.4133,5035238.77,2/18/16,8:25,01 - Clear,06 - Ice,01 - Traffic signal,02 - Intersection related,01 - Daylight,03 - P.D. only,03 - Rear end
1571,BEARBROOK RD/ROCKCLIFFE PKWY @ ST. JOSEPH BLVD,377128.4015,5035239.905,11/17/16,7:49,01 - Clear,01 - Dry,01 - Traffic signal,02 - Intersection related,01 - Daylight,03 - P.D. only,03 - Rear end
1572,BEARBROOK RD/ROCKCLIFFE PKWY @ ST. JOSEPH BLVD,377128.0315,5035242.833,11/17/16,8:33,01 - Clear,01 - Dry,01 - Traffic signal,02 - Intersection related,01 - Daylight,03 - P.D. only,03 - Rear end
1573,BEATRICE DR @ CLARIDGE DR,365145.9115,5016523.61,2/26/16,8:30,01 - Clear,06 - Ice,02 - Stop sign,03 - At intersection,01 - Daylight,03 - P.D. only,02 - Angle
1574,BEATRICE DR @ CLARIDGE DR,365145.9056,5016523.021,3/10/16,8:10,01 - Clear,02 - Wet,02 - Stop sign,02 - Intersection related,01 - Daylight,03 - P.D. only,03 - Rear end
1575,BEATRICE DR @ CLARIDGE DR,365146.1428,5016522.585,1/5/16,8:54,01 - Clear,06 - Ice,02 - Stop sign,03 - At intersection,01 - Daylight,03 - P.D. only,02 - Angle
1576,BEATRICE DR @ CLARIDGE DR,365144.8602,5016523.084,1/20/16,9:02,01 - Clear,01 - Dry,02 - Stop sign,03 - At intersection,01 - Daylight,03 - P.D. only,02 - Angle
1577,BEATRICE DR @ STRANDHERD DR,365527.5965,5015321.701,8/31/16,13:47,01 - Clear,01 - Dry,01 - Traffic signal,03 - At intersection,01 - Daylight,02 - Non-fatal injury,02 - Angle
1578,BEATRICE DR btwn GLEESON WAY & DEERFOX DR,365377.8035,5015718.232,2/25/16,19:00,01 - Clear,02 - Wet,10 - No control,01 - Non intersection,07 - Dark,03 - P.D. only,06 - SMV unattended vehicle
1579,BEATRICE DR btwn KILBARRON RD & LETOURNEAU ST,364991.0558,5016682.58,12/2/16,17:20,01 - Clear,01 - Dry,10 - No control,01 - Non intersection,07 - Dark,03 - P.D. only,06 - SMV unattended vehicle
1580,BEATRICE DR btwn NO NAME & HOLLOWBROOK DR,365482.3635,5015096.947,5/22/16,10:54,01 - Clear,01 - Dry,10 - No control,04 - At/near private drive,01 - Daylight,03 - P.D. only,04 - Sideswipe
1581,BEAUFORT DR @ HERSCHEL CRES E,352563.413,5019280.461,3/8/16,7:33,01 - Clear,02 - Wet,,03 - At intersection,01 - Daylight,03 - P.D. only,02 - Angle
1582,BEAUSEJOUR DR @ CHAMPNEUF DR,381546.5212,5036132.568,7/27/16,7:20,01 - Clear,01 - Dry,02 - Stop sign,03 - At intersection,01 - Daylight,03 - P.D. only,02 - Angle
1583,BEAUSEJOUR DR @ JEANNE D'ARC BLVD,381420.9666,5036061.669,2/13/16,14:05,01 - Clear,01 - Dry,01 - Traffic signal,02 - Intersection related,01 - Daylight,03 - P.D. only,03 - Rear end
1584,BEAUSEJOUR DR @ JEANNE D'ARC BLVD,381420.5276,5036060.352,2/13/16,13:45,01 - Clear,01 - Dry,01 - Traffic signal,03 - At intersection,01 - Daylight,03 - P.D. only,02 - Angle
1585,BEAUSEJOUR DR @ JEANNE D'ARC BLVD,381420.0885,5036060.791,1/26/16,13:39,02 - Rain,02 - Wet,01 - Traffic signal,02 - Intersection related,01 - Daylight,03 - P.D. only,03 - Rear end
1586,BEAUSEJOUR DR @ JEANNE D'ARC BLVD,381419.3181,5036061.446,1/5/16,8:28,01 - Clear,02 - Wet,01 - Traffic signal,03 - At intersection,01 - Daylight,03 - P.D. only,05 - Turning movement
1587,BEAUSEJOUR DR @ JEANNE D'ARC BLVD,381420.5216,5036060.346,6/19/16,17:45,01 - Clear,01 - Dry,01 - Traffic signal,03 - At intersection,01 - Daylight,03 - P.D. only,05 - Turning movement
1588,BEAUSEJOUR DR @ JEANNE D'ARC BLVD,381421.5753,5036062.642,12/11/16,16:52,01 - Clear,01 - Dry,01 - Traffic signal,02 - Intersection related,05 - Dusk,03 - P.D. only,03 - Rear end
1589,BEAUSEJOUR DR @ JEANNE D'ARC BLVD,381421.1398,5036060.127,12/18/16,10:35,03 - Snow,03 - Loose snow,01 - Traffic signal,02 - Intersection related,01 - Daylight,03 - P.D. only,03 - Rear end
1590,BEAUSOLEIL DR @ CLARENCE ST,368601.9241,5032845.483,11/14/16,19:49,01 - Clear,01 - Dry,02 - Stop sign,03 - At intersection,07 - Dark,02 - Non-fatal injury,02 - Angle
1591,BEAUSOLEIL DR @ OLD ST. PATRICK ST,368516.8086,5032987.591,4/19/16,16:27,01 - Clear,01 - Dry,02 - Stop sign,02 - Intersection related,01 - Daylight,03 - P.D. only,03 - Rear end
1592,BEAUSOLEIL DR btwn OLD ST. PATRICK ST & MURRAY ST,368540.7273,5032948.306,2/16/16,18:00,03 - Snow,04 - Slush,10 - No control,01 - Non intersection,05 - Dusk,03 - P.D. only,06 - SMV unattended vehicle
1593,BEAVER RDG @ EAGLE LANE,365232.8194,5024490.851,3/7/16,15:41,01 - Clear,01 - Dry,02 - Stop sign,03 - At intersection,01 - Daylight,03 - P.D. only,05 - Turning movement
1594,BEAVER RDG btwn COMMANCHE DR & LEAVER AVE,364950.8702,5024571.389,2/24/16,14:39,03 - Snow,06 - Ice,10 - No control,01 - Non intersection,01 - Daylight,03 - P.D. only,01 - Approaching
1595,BEAVERBROOK LANE btwn BEAVERBROOK RD & TERON RD,351762.5291,5021320.944,8/4/16,13:36,01 - Clear,01 - Dry,10 - No control,04 - At/near private drive,01 - Daylight,03 - P.D. only,03 - Rear end
1596,BEAVERPOND DR @ BLAIR RD,375399.5104,5031873.908,7/14/16,20:47,01 - Clear,01 - Dry,01 - Traffic signal,02 - Intersection related,05 - Dusk,03 - P.D. only,03 - Rear end
1597,BEAVERTAIL RD @ OLD ALMONTE RD,341307.4875,5014600.975,11/5/16,6:01,01 - Clear,01 - Dry,02 - Stop sign,02 - Intersection related,07 - Dark,03 - P.D. only,07 - SMV other
1598,BEAVERTAIL RD btwn OLD ALMONTE RD & RICHARDSON SIDE RD,341477.0464,5014417.376,3/23/16,18:33,01 - Clear,01 - Dry,10 - No control,01 - Non intersection,07 - Dark,01 - Fatal injury,07 - SMV other
1599,BEAVERWOOD RD btwn Continuation of BEAVERWOOD RD & ANN ST,368824.8554,5009678.648,12/3/16,14:02,01 - Clear,01 - Dry,10 - No control,04 - At/near private drive,01 - Daylight,02 - Non-fatal injury,07 - SMV other
1600,BECKENHAM LANE @ MONTREAL RD,374504.2053,5034383.137,1/5/16,3:43,01 - Clear,01 - Dry,02 - Stop sign,02 - Intersection related,07 - Dark,03 - P.D. only,07 - SMV other
1601,BECKWITH BOUNDARY RD @ ASHTON STATION RD,348809.8318,4993484.731,3/26/16,9:39,01 - Clear,06 - Ice,02 - Stop sign,02 - Intersection related,01 - Daylight,03 - P.D. only,07 - SMV other
1602,BEECH ST @ LORETTA AVE,366382.0419,5029142.222,9/23/16,8:27,02 - Rain,02 - Wet,02 - Stop sign,02 - Intersection related,01 - Daylight,02 - Non-fatal injury,07 - SMV other
1603,BEECH ST @ ROCHESTER ST,366855.8703,5029341.32,11/4/16,15:20,01 - Clear,01 - Dry,02 - Stop sign,02 - Intersection related,01 - Daylight,02 - Non-fatal injury,03 - Rear end
1604,BEECH ST @ ROCHESTER ST,366857.5267,5029342.149,12/17/16,22:24,03 - Snow,05 - Packed snow,02 - Stop sign,03 - At intersection,07 - Dark,03 - P.D. only,02 - Angle
1605,BEECH ST btwn BAYSWATER AVE & BREEZEHILL AVE S,366237.601,5029078.044,2/12/16,9:00,01 - Clear,06 - Ice,10 - No control,04 - At/near private drive,01 - Daylight,03 - P.D. only,07 - SMV other
1606,BEECH ST btwn BREEZEHILL AVE S & LORETTA AVE S,366344.8099,5029126.72,4/21/16,8:48,01 - Clear,01 - Dry,10 - No control,01 - Non intersection,01 - Daylight,02 - Non-fatal injury,04 - Sideswipe
1607,BEECH ST btwn CHAMPAGNE AVE S & RAILWAY ST,366514.5146,5029198.036,12/22/16,11:18,01 - Clear,02 - Wet,10 - No control,01 - Non intersection,01 - Daylight,03 - P.D. only,07 - SMV other
1608,BEECH ST btwn PRESTON ST & ROCHESTER ST,366691.502,5029272.41,1/23/16,17:55,01 - Clear,01 - Dry,10 - No control,01 - Non intersection,07 - Dark,03 - P.D. only,06 - SMV unattended vehicle
1609,BEECH ST btwn PRESTON ST & ROCHESTER ST,366830.9782,5029331.487,2/17/16,9:26,03 - Snow,05 - Packed snow,10 - No control,01 - Non intersection,01 - Daylight,03 - P.D. only,06 - SMV unattended vehicle
1610,BEECH ST btwn PRESTON ST & ROCHESTER ST,366764.7117,5029304.143,5/31/16,15:38,01 - Clear,01 - Dry,10 - No control,01 - Non intersection,01 - Daylight,03 - P.D. only,04 - Sideswipe
1611,BEECH ST btwn RAILWAY ST & PRESTON ST,366669.7677,5029262.53,11/16/16,18:30,01 - Clear,01 - Dry,10 - No control,01 - Non intersection,07 - Dark,03 - P.D. only,04 - Sideswipe
1612,BEECHWOOD AVE @ CHARLEVOIX ST/MACKAY ST,369186.093,5033592.129,3/3/16,18:12,01 - Clear,02 - Wet,01 - Traffic signal,03 - At intersection,05 - Dusk,03 - P.D. only,05 - Turning movement
1613,BEECHWOOD AVE @ CORONA AVE,369697.0582,5034149.183,12/17/16,11:22,03 - Snow,03 - Loose snow,02 - Stop sign,03 - At intersection,01 - Daylight,03 - P.D. only,02 - Angle
1614,BEECHWOOD AVE @ LOYER ST,369300.7049,5033688.596,2/19/16,19:00,03 - Snow,04 - Slush,02 - Stop sign,03 - At intersection,07 - Dark,03 - P.D. only,02 - Angle
1615,BEECHWOOD AVE @ MARIER AVE/PUTMAN AVE,369606.5347,5033906.351,10/18/16,10:06,01 - Clear,02 - Wet,01 - Traffic signal,02 - Intersection related,01 - Daylight,02 - Non-fatal injury,03 - Rear end
1616,BEECHWOOD AVE @ MARIER AVE/PUTMAN AVE,369607.3628,5033907.179,12/13/16,8:29,01 - Clear,02 - Wet,01 - Traffic signal,03 - At intersection,01 - Daylight,03 - P.D. only,04 - Sideswipe
1617,BEECHWOOD AVE @ SPRINGFIELD RD,369238.3577,5033651.519,10/31/16,13:02,01 - Clear,01 - Dry,01 - Traffic signal,03 - At intersection,01 - Daylight,02 - Non-fatal injury,07 - SMV other
1618,BEECHWOOD AVE @ SPRINGFIELD RD,369236.0428,5033653.369,1/13/16,15:15,01 - Clear,01 - Dry,01 - Traffic signal,02 - Intersection related,01 - Daylight,03 - P.D. only,03 - Rear end
1619,BEECHWOOD AVE @ ST. CHARLES ST,369415.4892,5033785.376,5/12/16,8:52,01 - Clear,01 - Dry,01 - Traffic signal,02 - Intersection related,01 - Daylight,03 - P.D. only,03 - Rear end
1620,BEECHWOOD AVE @ STE. CECILE ST,369650.9288,5033965.379,1/23/16,16:30,01 - Clear,01 - Dry,02 - Stop sign,02 - Intersection related,01 - Daylight,02 - Non-fatal injury,03 - Rear end
1621,BEECHWOOD AVE btwn CHAPLEAU AVE & PUTMAN AVE,369556.6873,5033873.958,1/23/16,12:09,01 - Clear,01 - Dry,10 - No control,01 - Non intersection,01 - Daylight,03 - P.D. only,02 - Angle
1622,BEECHWOOD AVE btwn CHAPLEAU AVE & PUTMAN AVE,369550.7919,5033871.669,5/6/16,10:08,01 - Clear,01 - Dry,10 - No control,01 - Non intersection,01 - Daylight,03 - P.D. only,04 - Sideswipe
1623,BEECHWOOD AVE btwn CHAPLEAU AVE & PUTMAN AVE,369568.7021,5033881.948,12/21/16,12:25,01 - Clear,02 - Wet,10 - No control,04 - At/near private drive,01 - Daylight,03 - P.D. only,06 - SMV unattended vehicle
1624,BEECHWOOD AVE btwn CORONA AVE & OAKHILL RD,369698.9418,5034154.597,7/21/16,20:25,01 - Clear,01 - Dry,10 - No control,04 - At/near private drive,01 - Daylight,03 - P.D. only,02 - Angle
1625,BEECHWOOD AVE btwn DOUGLAS AVE & LANGEVIN AVE,369309.6281,5033694.348,3/8/16,7:28,01 - Clear,01 - Dry,10 - No control,01 - Non intersection,01 - Daylight,03 - P.D. only,03 - Rear end
1626,BEECHWOOD AVE btwn MACKAY ST & SPRINGFIELD RD,369220.9179,5033637.805,5/11/16,10:08,01 - Clear,01 - Dry,10 - No control,01 - Non intersection,01 - Daylight,03 - P.D. only,04 - Sideswipe
1627,BEECHWOOD AVE btwn MACKAY ST & SPRINGFIELD RD,369188.725,5033596.522,12/22/16,11:57,01 - Clear,02 - Wet,10 - No control,04 - At/near private drive,01 - Daylight,03 - P.D. only,05 - Turning movement
1628,BEECHWOOD AVE btwn SPRINGFIELD RD & LOYER ST,369241.8068,5033656.475,2/18/16,15:34,01 - Clear,02 - Wet,10 - No control,01 - Non intersection,01 - Daylight,03 - P.D. only,05 - Turning movement
1629,BEECHWOOD AVE btwn ST. PATRICK ST & MACKAY ST,369158.8521,5033540.738,12/22/16,6:03,03 - Snow,03 - Loose snow,10 - No control,01 - Non intersection,07 - Dark,02 - Non-fatal injury,07 - SMV other
1630,BEECHWOOD AVE btwn ST. PATRICK ST & MACKAY ST,369160.8263,5033546.825,3/30/16,20:42,01 - Clear,01 - Dry,10 - No control,01 - Non intersection,07 - Dark,03 - P.D. only,06 - SMV unattended vehicle
1631,BEECHWOOD AVE btwn ST. PATRICK ST & MACKAY ST,369133.3395,5033497.775,7/18/16,16:31,01 - Clear,01 - Dry,10 - No control,01 - Non intersection,01 - Daylight,03 - P.D. only,04 - Sideswipe
1632,BELANGER AVE @ CLEMENTINE BLVD,369465.4965,5027401.877,9/9/16,9:45,01 - Clear,01 - Dry,02 - Stop sign,02 - Intersection related,01 - Daylight,03 - P.D. only,99 - Other
1633,BELANGER AVE btwn CLEMENTINE BLVD & BANK ST,369633.024,5027421.446,2/29/16,13:05,01 - Clear,02 - Wet,10 - No control,01 - Non intersection,01 - Daylight,03 - P.D. only,06 - SMV unattended vehicle
1634,BELCOURT BLVD @ INNES RD,382123.7842,5035270.449,4/3/16,17:09,01 - Clear,01 - Dry,01 - Traffic signal,03 - At intersection,01 - Daylight,02 - Non-fatal injury,05 - Turning movement
1635,BELCOURT BLVD @ INNES RD,382120.9203,5035267.269,10/11/16,18:39,01 - Clear,01 - Dry,01 - Traffic signal,03 - At intersection,07 - Dark,02 - Non-fatal injury,05 - Turning movement
1636,BELCOURT BLVD @ INNES RD,382122.1144,5035266.342,10/4/16,17:49,01 - Clear,01 - Dry,01 - Traffic signal,03 - At intersection,01 - Daylight,02 - Non-fatal injury,03 - Rear end
1637,BELCOURT BLVD @ INNES RD,382122.2375,5035266.391,2/5/16,15:16,01 - Clear,01 - Dry,01 - Traffic signal,02 - Intersection related,01 - Daylight,03 - P.D. only,03 - Rear end
1638,BELCOURT BLVD @ INNES RD,382122.018,5035267.049,1/22/16,18:55,01 - Clear,01 - Dry,01 - Traffic signal,02 - Intersection related,07 - Dark,03 - P.D. only,03 - Rear end
1639,BELCOURT BLVD @ INNES RD,382122.2523,5035265.937,4/29/16,16:15,01 - Clear,01 - Dry,01 - Traffic signal,02 - Intersection related,01 - Daylight,03 - P.D. only,05 - Turning movement
1640,BELCOURT BLVD @ NOTRE DAME ST,381316.4224,5037214.906,5/27/16,7:45,01 - Clear,01 - Dry,02 - Stop sign,02 - Intersection related,01 - Daylight,03 - P.D. only,03 - Rear end
1641,BELCOURT BLVD @ ST. JOSEPH BLVD,381204.5335,5037359.337,7/7/16,9:52,01 - Clear,01 - Dry,01 - Traffic signal,03 - At intersection,01 - Daylight,02 - Non-fatal injury,07 - SMV other
1642,BELCOURT BLVD @ ST. JOSEPH BLVD,381206.3965,5037359.011,12/1/16,14:40,02 - Rain,02 - Wet,01 - Traffic signal,03 - At intersection,01 - Daylight,02 - Non-fatal injury,02 - Angle
1643,BELCOURT BLVD @ ST. JOSEPH BLVD,381204.7402,5037357.354,11/22/16,14:45,01 - Clear,01 - Dry,01 - Traffic signal,02 - Intersection related,01 - Daylight,02 - Non-fatal injury,03 - Rear end
1644,BELCOURT BLVD @ SUNVIEW DR,381509.8165,5036784.711,1/5/16,9:24,01 - Clear,01 - Dry,02 - Stop sign,03 - At intersection,01 - Daylight,03 - P.D. only,06 - SMV unattended vehicle
1645,BELFAST RD @ COVENTRY RD,371524.387,5031642.674,3/5/16,16:05,01 - Clear,01 - Dry,01 - Traffic signal,03 - At intersection,01 - Daylight,03 - P.D. only,05 - Turning movement
1646,BELFAST RD @ COVENTRY RD,371523.9484,5031642.019,7/19/16,17:00,01 - Clear,01 - Dry,01 - Traffic signal,02 - Intersection related,01 - Daylight,03 - P.D. only,03 - Rear end
1647,BELFAST RD @ COVENTRY RD,371523.9484,5031640.656,1/14/16,12:50,01 - Clear,04 - Slush,01 - Traffic signal,02 - Intersection related,01 - Daylight,03 - P.D. only,03 - Rear end
1648,BELFAST RD @ COVENTRY RD,371523.5016,5031640.467,11/15/16,11:43,01 - Clear,01 - Dry,01 - Traffic signal,03 - At intersection,01 - Daylight,03 - P.D. only,05 - Turning movement
1649,BELFAST RD @ COVENTRY RD,371523.5016,5031640.467,12/13/16,15:50,03 - Snow,02 - Wet,01 - Traffic signal,03 - At intersection,01 - Daylight,03 - P.D. only,03 - Rear end
1650,BELFAST RD @ COVENTRY RD,371526.2056,5031641.979,12/10/16,8:13,01 - Clear,06 - Ice,01 - Traffic signal,02 - Intersection related,01 - Daylight,03 - P.D. only,03 - Rear end
1651,BELFAST RD @ COVENTRY RD,371523.7211,5031639.494,12/29/16,18:29,03 - Snow,05 - Packed snow,01 - Traffic signal,02 - Intersection related,07 - Dark,03 - P.D. only,03 - Rear end
1652,BELFAST RD @ COVENTRY RD,371525.3774,5031641.979,11/18/16,17:36,01 - Clear,02 - Wet,01 - Traffic signal,02 - Intersection related,07 - Dark,03 - P.D. only,03 - Rear end
1653,BELFAST RD @ ST. LAURENT BLVD,372859.8959,5030579.804,10/28/16,8:19,02 - Rain,02 - Wet,01 - Traffic signal,02 - Intersection related,01 - Daylight,02 - Non-fatal injury,03 - Rear end
1654,BELFAST RD @ ST. LAURENT BLVD,372860.5021,5030577.896,1/20/16,13:55,01 - Clear,02 - Wet,01 - Traffic signal,02 - Intersection related,01 - Daylight,02 - Non-fatal injury,03 - Rear end
1655,BELFAST RD @ ST. LAURENT BLVD,372861.5523,5030580.632,12/16/16,11:50,01 - Clear,02 - Wet,01 - Traffic signal,02 - Intersection related,01 - Daylight,02 - Non-fatal injury,03 - Rear end
1656,BELFAST RD @ ST. LAURENT BLVD,372860.9436,5030578.342,12/8/16,18:19,03 - Snow,03 - Loose snow,01 - Traffic signal,03 - At intersection,07 - Dark,02 - Non-fatal injury,05 - Turning movement
1657,BELFAST RD @ ST. LAURENT BLVD,372856.6315,5030581.707,3/23/16,15:11,01 - Clear,01 - Dry,01 - Traffic signal,03 - At intersection,01 - Daylight,03 - P.D. only,05 - Turning movement
1658,BELFAST RD @ ST. LAURENT BLVD,372860.4054,5030579.82,9/29/16,17:29,01 - Clear,01 - Dry,01 - Traffic signal,03 - At intersection,01 - Daylight,03 - P.D. only,05 - Turning movement
1659,BELFAST RD @ ST. LAURENT BLVD,372860.7241,5030577.32,8/12/16,16:13,02 - Rain,02 - Wet,01 - Traffic signal,03 - At intersection,01 - Daylight,03 - P.D. only,03 - Rear end
1660,BELFAST RD @ ST. LAURENT BLVD,372864.1793,5030579.82,1/28/16,12:39,03 - Snow,04 - Slush,01 - Traffic signal,02 - Intersection related,01 - Daylight,03 - P.D. only,03 - Rear end
1661,BELFAST RD @ ST. LAURENT BLVD,372860.7241,5030580.438,1/12/16,7:21,03 - Snow,04 - Slush,01 - Traffic signal,02 - Intersection related,03 - Dawn,03 - P.D. only,04 - Sideswipe
1662,BELFAST RD @ ST. LAURENT BLVD,372859.2232,5030578.937,1/6/16,8:13,01 - Clear,02 - Wet,01 - Traffic signal,02 - Intersection related,01 - Daylight,03 - P.D. only,99 - Other
1663,BELFAST RD @ ST. LAURENT BLVD,372858.5184,5030576.046,1/21/16,12:59,01 - Clear,02 - Wet,01 - Traffic signal,02 - Intersection related,01 - Daylight,03 - P.D. only,03 - Rear end
1664,BELFAST RD @ ST. LAURENT BLVD,372861.523,5030577.763,2/19/16,21:13,03 - Snow,05 - Packed snow,01 - Traffic signal,03 - At intersection,07 - Dark,03 - P.D. only,02 - Angle
1665,BELFAST RD @ ST. LAURENT BLVD,372859.8959,5030577.32,9/4/16,14:18,01 - Clear,01 - Dry,01 - Traffic signal,02 - Intersection related,01 - Daylight,03 - P.D. only,03 - Rear end
1666,BELFAST RD @ ST. LAURENT BLVD,372861.4059,5030579.017,4/19/16,6:48,01 - Clear,01 - Dry,01 - Traffic signal,03 - At intersection,01 - Daylight,03 - P.D. only,05 - Turning movement
1667,BELFAST RD @ ST. LAURENT BLVD,372860.4968,5030578.562,7/28/16,15:35,01 - Clear,01 - Dry,01 - Traffic signal,03 - At intersection,01 - Daylight,03 - P.D. only,05 - Turning movement
1668,BELFAST RD @ ST. LAURENT BLVD,372860.7241,5030579.879,9/6/16,11:58,01 - Clear,01 - Dry,01 - Traffic signal,02 - Intersection related,01 - Daylight,03 - P.D. only,04 - Sideswipe
1669,BELFAST RD @ ST. LAURENT BLVD,372859.6264,5030578.782,9/22/16,10:18,01 - Clear,01 - Dry,01 - Traffic signal,02 - Intersection related,01 - Daylight,03 - P.D. only,04 - Sideswipe
1670,BELFAST RD @ ST. LAURENT BLVD,372861.6332,5030579.471,6/9/16,6:42,01 - Clear,01 - Dry,01 - Traffic signal,02 - Intersection related,01 - Daylight,03 - P.D. only,02 - Angle
1671,BELFAST RD @ ST. LAURENT BLVD,372861.8218,5030578.782,11/16/16,15:51,01 - Clear,01 - Dry,01 - Traffic signal,02 - Intersection related,01 - Daylight,03 - P.D. only,04 - Sideswipe
1672,BELFAST RD @ ST. LAURENT BLVD,372861.5523,5030578.148,12/29/16,15:16,03 - Snow,05 - Packed snow,01 - Traffic signal,02 - Intersection related,01 - Daylight,03 - P.D. only,02 - Angle
1673,BELFAST RD @ ST. LAURENT BLVD,372861.3827,5030579.221,11/28/16,15:55,01 - Clear,01 - Dry,01 - Traffic signal,03 - At intersection,01 - Daylight,03 - P.D. only,05 - Turning movement
1674,BELFAST RD @ ST. LAURENT BLVD,372863.2086,5030578.976,11/21/16,6:34,03 - Snow,03 - Loose snow,01 - Traffic signal,03 - At intersection,07 - Dark,03 - P.D. only,07 - SMV other
1675,BELFAST RD @ TREMBLAY RD,371558.4914,5031319.655,7/7/16,11:58,01 - Clear,01 - Dry,01 - Traffic signal,03 - At intersection,01 - Daylight,02 - Non-fatal injury,05 - Turning movement
1676,BELFAST RD @ TREMBLAY RD,371551.3464,5031320.57,11/24/16,8:28,02 - Rain,02 - Wet,01 - Traffic signal,03 - At intersection,01 - Daylight,02 - Non-fatal injury,02 - Angle
1677,BELFAST RD @ TRIOLE ST,372980.0703,5030623.776,10/28/16,9:51,02 - Rain,02 - Wet,02 - Stop sign,03 - At intersection,01 - Daylight,03 - P.D. only,02 - Angle
1678,BELFAST RD @ TRIOLE ST,372980.5094,5030623.337,11/19/16,11:03,01 - Clear,01 - Dry,02 - Stop sign,03 - At intersection,01 - Daylight,03 - P.D. only,02 - Angle
1679,BELFAST RD btwn COVENTRY RD & TREMBLAY RD,371532.9657,5031540.415,6/21/16,15:28,01 - Clear,01 - Dry,10 - No control,01 - Non intersection,01 - Daylight,03 - P.D. only,03 - Rear end
1680,BELFAST RD btwn TRAINYARDS DR & ST. LAURENT BLVD,372020.8109,5030857.592,11/15/16,10:27,01 - Clear,01 - Dry,10 - No control,04 - At/near private drive,01 - Daylight,03 - P.D. only,02 - Angle
1681,BELFAST RD btwn TRAINYARDS DR & ST. LAURENT BLVD,372317.1368,5030679.768,7/6/16,15:37,01 - Clear,01 - Dry,10 - No control,04 - At/near private drive,01 - Daylight,03 - P.D. only,05 - Turning movement
1682,BELFAST RD btwn TRAINYARDS DR & ST. LAURENT BLVD,371929.0977,5030897.425,10/28/16,7:24,02 - Rain,02 - Wet,10 - No control,01 - Non intersection,03 - Dawn,03 - P.D. only,03 - Rear end
1683,BELFAST RD btwn TREMBLAY RD & TRAINYARDS DR,371790.7364,5030945.368,11/11/16,12:20,01 - Clear,01 - Dry,10 - No control,04 - At/near private drive,01 - Daylight,02 - Non-fatal injury,02 - Angle
1684,BELGRAVE RD btwn MARLOWE CRES & ONSLOW CRES,369663.6475,5029713.582,1/29/16,17:33,03 - Snow,03 - Loose snow,10 - No control,01 - Non intersection,05 - Dusk,03 - P.D. only,06 - SMV unattended vehicle
1685,BELGREEN DR btwn STEVENAGE DR & RUSSELL RD,375868.9021,5027353.48,11/21/16,6:50,03 - Snow,03 - Loose snow,10 - No control,04 - At/near private drive,03 - Dawn,03 - P.D. only,05 - Turning movement
1686,BELISLE ST btwn MCARTHUR AVE & END,371295.2871,5032919.812,12/27/16,7:03,01 - Clear,06 - Ice,10 - No control,04 - At/near private drive,03 - Dawn,03 - P.D. only,06 - SMV unattended vehicle
1687,BELL ST @ ECCLES ST,366820.7533,5030255.673,7/16/16,13:30,01 - Clear,01 - Dry,02 - Stop sign,02 - Intersection related,01 - Daylight,03 - P.D. only,99 - Other
1688,BELL ST @ GLADSTONE AVE,366944.9436,5029970.07,3/7/16,8:01,03 - Snow,06 - Ice,02 - Stop sign,02 - Intersection related,01 - Daylight,03 - P.D. only,06 - SMV unattended vehicle
1689,BELL ST @ GLADSTONE AVE,366943.2133,5029970.805,8/12/16,14:07,01 - Clear,01 - Dry,02 - Stop sign,02 - Intersection related,01 - Daylight,03 - P.D. only,03 - Rear end
1690,BELL ST @ GLADSTONE AVE,366946.0539,5029970.704,12/14/16,15:30,01 - Clear,02 - Wet,02 - Stop sign,02 - Intersection related,01 - Daylight,03 - P.D. only,03 - Rear end
1691,BELL ST @ WILLOW ST,366908.8088,5030053.473,10/13/16,14:24,01 - Clear,01 - Dry,02 - Stop sign,02 - Intersection related,01 - Daylight,03 - P.D. only,05 - Turning movement
1692,BELL ST btwn WEST RIDGE DR & ELM CRES,350043.2456,5012336.632,5/28/16,3:52,01 - Clear,01 - Dry,10 - No control,01 - Non intersection,07 - Dark,03 - P.D. only,06 - SMV unattended vehicle
1693,BELLEVIEW DR btwn PINEVIEW RD & OAKVIEW RD,353202.0336,5018711.728,8/11/16,21:12,01 - Clear,01 - Dry,10 - No control,01 - Non intersection,07 - Dark,02 - Non-fatal injury,07 - SMV other
1694,BELLMAN DR @ GLENCOE ST,361075.0167,5020965.15,2/18/16,8:45,01 - Clear,06 - Ice,02 - Stop sign,02 - Intersection related,01 - Daylight,03 - P.D. only,03 - Rear end
1695,BELLMAN DR btwn BASIN CRT & GLENCOE ST,361018.5397,5020945.85,12/28/16,10:41,01 - Clear,06 - Ice,10 - No control,01 - Non intersection,01 - Daylight,03 - P.D. only,02 - Angle
1696,BELLMAN DR btwn GLENCOE ST & GREENBANK RD,361147.6105,5020985.904,5/28/16,12:44,01 - Clear,01 - Dry,10 - No control,04 - At/near private drive,01 - Daylight,03 - P.D. only,02 - Angle
1697,BELMEADE RD btwn 4TH LINE RD & 5TH LINE RD,382826.7873,4998416.786,11/9/16,13:14,01 - Clear,01 - Dry,10 - No control,04 - At/near private drive,01 - Daylight,03 - P.D. only,05 - Turning movement
1698,BELMEADE RD btwn STAGECOACH RD & 3RD LINE RD,380230.2943,4996887.707,1/14/16,18:12,01 - Clear,02 - Wet,10 - No control,01 - Non intersection,07 - Dark,03 - P.D. only,07 - SMV other