Record,Location,X,Y,Date,Time,Environment,Road_Surface,Traffic_Control,Collision_Location,Light,Collision_Classification,Impact_type
1699,BELMEADE RD btwn STAGECOACH RD & 3RD LINE RD,380198.4283,4996871.854,3/13/16,22:53,01 - Clear,01 - Dry,10 - No control,01 - Non intersection,07 - Dark,03 - P.D. only,07 - SMV other
1700,BELMONT @ WILLARD ST,368876.8783,5028466.91,12/8/16,13:52,03 - Snow,02 - Wet,02 - Stop sign,03 - At intersection,01 - Daylight,02 - Non-fatal injury,02 - Angle
1701,BELVAL CRES btwn BELCOURT BLVD & BELCOURT BLVD,381814.5492,5036337.916,5/19/16,19:26,01 - Clear,01 - Dry,10 - No control,01 - Non intersection,01 - Daylight,03 - P.D. only,06 - SMV unattended vehicle
1702,BENJAMIN AVE btwn FAIRLAWN AVE & BLYTHDALE RD,362210.9733,5025105.38,12/3/16,0:00,01 - Clear,01 - Dry,10 - No control,01 - Non intersection,00 - Unknown,03 - P.D. only,06 - SMV unattended vehicle
1703,BENLEA DR btwn ANCROFT CRT & WOODFIELD DR,364523.7853,5021856.214,3/25/16,12:53,01 - Clear,01 - Dry,10 - No control,01 - Non intersection,01 - Daylight,03 - P.D. only,06 - SMV unattended vehicle
1704,BENLEA DR btwn BRYDON CRT & ANCROFT CRT,364460.7533,5021789.158,12/23/16,8:25,01 - Clear,04 - Slush,10 - No control,01 - Non intersection,01 - Daylight,03 - P.D. only,06 - SMV unattended vehicle
1705,BENLEA DR E @ WOODFIELD DR E,364526.6959,5021864.518,11/25/16,8:38,01 - Clear,02 - Wet,02 - Stop sign,02 - Intersection related,01 - Daylight,03 - P.D. only,07 - SMV other
1706,BENOIT ST btwn DUMAS ST & BELCOURT BLVD,381821.6702,5035654.762,6/10/16,0:00,01 - Clear,01 - Dry,10 - No control,01 - Non intersection,00 - Unknown,03 - P.D. only,06 - SMV unattended vehicle
1707,BENSINGER WAY @ GRENADINE ST,349726.8994,5016345.793,1/13/16,9:55,03 - Snow,05 - Packed snow,02 - Stop sign,03 - At intersection,01 - Daylight,03 - P.D. only,02 - Angle
1708,BENSINGER WAY btwn MALOJA WAY & MYKONOS WAY,349676.6372,5016300.236,5/24/16,8:00,01 - Clear,01 - Dry,10 - No control,01 - Non intersection,01 - Daylight,03 - P.D. only,04 - Sideswipe
1709,BENTLEY AVE @ SUNDERLAND ST,366151.3587,5021837.596,9/28/16,17:35,01 - Clear,01 - Dry,02 - Stop sign,03 - At intersection,01 - Daylight,03 - P.D. only,02 - Angle
1710,BENTLEY AVE btwn GIFFORD ST & END,366445.1876,5022019.173,10/10/16,11:52,01 - Clear,01 - Dry,10 - No control,04 - At/near private drive,01 - Daylight,02 - Non-fatal injury,07 - SMV other
1711,BENTLEY AVE btwn GIFFORD ST & END,366867.8909,5022291.474,10/14/16,21:04,01 - Clear,01 - Dry,10 - No control,01 - Non intersection,07 - Dark,03 - P.D. only,07 - SMV other
1712,BENTLEY AVE btwn SUNDERLAND ST & CAMELOT DR,365922.2141,5021690.14,6/18/16,11:05,01 - Clear,01 - Dry,10 - No control,04 - At/near private drive,01 - Daylight,03 - P.D. only,99 - Other
1713,BENTLEY AVE btwn SUNDERLAND ST & CAMELOT DR,366125.2411,5021819.756,11/23/16,12:02,01 - Clear,02 - Wet,10 - No control,04 - At/near private drive,01 - Daylight,03 - P.D. only,02 - Angle
1714,BERGAMOT CIRC btwn TO BE DETERMINED & AZALEA LANE (1),385834.2623,5038150.337,5/24/16,16:00,01 - Clear,01 - Dry,10 - No control,01 - Non intersection,01 - Daylight,03 - P.D. only,06 - SMV unattended vehicle
1715,BERKELEY AVE @ RICHMOND RD,362910.9134,5028065.549,6/25/16,21:50,01 - Clear,01 - Dry,02 - Stop sign,03 - At intersection,07 - Dark,02 - Non-fatal injury,05 - Turning movement
1716,BERRIGAN DR @ CROXLEY WAY,364420.1263,5015711.857,5/15/16,16:00,01 - Clear,01 - Dry,02 - Stop sign,03 - At intersection,01 - Daylight,03 - P.D. only,02 - Angle
1717,BERRIGAN DR @ LONGFIELDS DR,364304.9658,5015646.018,9/6/16,16:50,01 - Clear,01 - Dry,11 - Roundabout,02 - Intersection related,01 - Daylight,02 - Non-fatal injury,02 - Angle
1718,BERRIGAN DR @ LONGFIELDS DR,364304.9714,5015645.551,5/30/16,8:35,01 - Clear,01 - Dry,11 - Roundabout,02 - Intersection related,01 - Daylight,03 - P.D. only,03 - Rear end
1719,BERRIGAN DR @ LONGFIELDS DR,364305.9036,5015646.128,2/17/16,18:50,03 - Snow,05 - Packed snow,11 - Roundabout,02 - Intersection related,07 - Dark,03 - P.D. only,03 - Rear end
1720,BERRIGAN DR @ LONGFIELDS DR,364305.9036,5015647.46,2/17/16,18:06,01 - Clear,06 - Ice,11 - Roundabout,02 - Intersection related,07 - Dark,03 - P.D. only,03 - Rear end
1721,BERRIGAN DR @ WANSTEAD GT,365005.4714,5015977.074,6/7/16,8:27,01 - Clear,01 - Dry,02 - Stop sign,03 - At intersection,01 - Daylight,03 - P.D. only,02 - Angle
1722,BERRIGAN DR btwn CROXLEY WAY & CLARIDGE DR,364430.2152,5015718.042,3/3/16,9:00,01 - Clear,01 - Dry,10 - No control,01 - Non intersection,01 - Daylight,03 - P.D. only,06 - SMV unattended vehicle
1723,BERRIGAN DR btwn LONGFIELDS DR & CROXLEY WAY,364309.941,5015648.366,3/23/16,9:04,01 - Clear,02 - Wet,10 - No control,01 - Non intersection,01 - Daylight,03 - P.D. only,03 - Rear end
1724,BERRIGAN DR btwn PLUMAS GT & WANSTEAD GT,364807.7198,5015880.389,5/5/16,19:00,01 - Clear,01 - Dry,10 - No control,01 - Non intersection,01 - Daylight,02 - Non-fatal injury,06 - SMV unattended vehicle
1725,BERRIGAN DR btwn WESSEX RD & EDGEWARE DR (1),363863.6403,5015334.396,10/25/16,13:41,01 - Clear,01 - Dry,10 - No control,01 - Non intersection,01 - Daylight,03 - P.D. only,03 - Rear end
1726,BERRIGAN DR btwn WESSEX RD & EDGEWARE DR (1),363808.3244,5015312.457,5/31/16,17:21,01 - Clear,01 - Dry,10 - No control,04 - At/near private drive,01 - Daylight,03 - P.D. only,02 - Angle
1727,BERRY SIDE RD btwn FIFTH LINE RD & SIXTH LINE RD,347959.4521,5031225.211,9/15/16,8:51,01 - Clear,08 - Loose sand or gravel,10 - No control,01 - Non intersection,01 - Daylight,03 - P.D. only,07 - SMV other
1728,BERRY SIDE RD btwn FIFTH LINE RD & SIXTH LINE RD,348052.6417,5031324.318,11/24/16,11:48,03 - Snow,03 - Loose snow,10 - No control,01 - Non intersection,01 - Daylight,03 - P.D. only,07 - SMV other
1729,BERTONA ST @ CRAIG HENRY DR,362580.4679,5021848.27,9/19/16,15:10,01 - Clear,01 - Dry,02 - Stop sign,03 - At intersection,01 - Daylight,03 - P.D. only,05 - Turning movement
1730,BERTONA ST @ KNOXDALE RD,362754.3694,5021448.4,7/18/16,11:53,01 - Clear,01 - Dry,02 - Stop sign,02 - Intersection related,01 - Daylight,03 - P.D. only,03 - Rear end
1731,BERWICK AVE btwn MAJOR ST & FIELD ST,362591.3825,5024385.194,2/3/16,13:30,04 - Freezing Rain,06 - Ice,10 - No control,04 - At/near private drive,01 - Daylight,03 - P.D. only,02 - Angle
1732,BESSERER ST @ CHARLOTTE ST,369292.927,5032790.488,5/25/16,17:24,01 - Clear,01 - Dry,02 - Stop sign,03 - At intersection,01 - Daylight,03 - P.D. only,05 - Turning movement
1733,BESSERER ST @ CHARLOTTE ST,369292.9295,5032791.364,2/16/16,13:50,03 - Snow,03 - Loose snow,02 - Stop sign,03 - At intersection,01 - Daylight,03 - P.D. only,02 - Angle
1734,BESSERER ST @ CHARLOTTE ST,369292.933,5032791.811,2/14/16,10:00,01 - Clear,06 - Ice,02 - Stop sign,02 - Intersection related,01 - Daylight,03 - P.D. only,07 - SMV other
1735,BESSERER ST @ CUMBERLAND ST,368416.0444,5032255.476,10/5/16,14:04,01 - Clear,01 - Dry,01 - Traffic signal,02 - Intersection related,01 - Daylight,03 - P.D. only,04 - Sideswipe
1736,BESSERER ST @ DALHOUSIE ST,368252.929,5032157.575,8/3/16,7:14,01 - Clear,01 - Dry,01 - Traffic signal,02 - Intersection related,01 - Daylight,03 - P.D. only,04 - Sideswipe
1737,BESSERER ST @ DALHOUSIE ST,368253.3603,5032156.916,1/8/16,12:00,01 - Clear,01 - Dry,01 - Traffic signal,03 - At intersection,01 - Daylight,03 - P.D. only,04 - Sideswipe
1738,BESSERER ST @ DALHOUSIE ST,368253.3759,5032158.473,5/4/16,8:47,01 - Clear,01 - Dry,01 - Traffic signal,03 - At intersection,01 - Daylight,03 - P.D. only,04 - Sideswipe
1739,BESSERER ST @ DALHOUSIE ST,368252.0431,5032158.233,11/27/16,23:28,01 - Clear,01 - Dry,01 - Traffic signal,02 - Intersection related,07 - Dark,03 - P.D. only,04 - Sideswipe
1740,BESSERER ST @ KING EDWARD AVE,368551.4557,5032340.207,2/3/16,18:42,01 - Clear,02 - Wet,01 - Traffic signal,03 - At intersection,07 - Dark,02 - Non-fatal injury,07 - SMV other
1741,BESSERER ST @ KING EDWARD AVE,368551.0159,5032340.584,12/25/16,11:30,01 - Clear,01 - Dry,01 - Traffic signal,03 - At intersection,01 - Daylight,02 - Non-fatal injury,02 - Angle
1742,BESSERER ST @ KING EDWARD AVE,368550.3146,5032339.02,4/9/16,15:24,01 - Clear,01 - Dry,01 - Traffic signal,03 - At intersection,01 - Daylight,03 - P.D. only,02 - Angle
1743,BESSERER ST @ KING EDWARD AVE,368551.5334,5032342.652,12/18/16,15:53,06 - Strong wind,04 - Slush,01 - Traffic signal,03 - At intersection,01 - Daylight,03 - P.D. only,04 - Sideswipe
1744,BESSERER ST @ NICHOLAS ST,368185.0325,5032111.805,6/24/16,12:25,01 - Clear,01 - Dry,01 - Traffic signal,02 - Intersection related,01 - Daylight,03 - P.D. only,04 - Sideswipe
1745,BESSERER ST @ NICHOLAS ST,368185.4816,5032111.125,8/16/16,15:30,01 - Clear,02 - Wet,01 - Traffic signal,02 - Intersection related,01 - Daylight,03 - P.D. only,03 - Rear end
1746,BESSERER ST @ NICHOLAS ST,368184.6112,5032111.36,11/23/16,14:51,01 - Clear,01 - Dry,01 - Traffic signal,03 - At intersection,01 - Daylight,03 - P.D. only,02 - Angle
1747,BESSERER ST @ NICHOLAS ST,368184.6112,5032111.8,10/2/16,3:21,01 - Clear,01 - Dry,01 - Traffic signal,03 - At intersection,07 - Dark,03 - P.D. only,04 - Sideswipe
1748,BESSERER ST @ WALLER ST,368315.7138,5032192.636,1/22/16,17:38,01 - Clear,01 - Dry,01 - Traffic signal,02 - Intersection related,05 - Dusk,02 - Non-fatal injury,07 - SMV other
1749,BESSERER ST @ WALLER ST,368316.1588,5032191.301,5/30/16,14:44,01 - Clear,01 - Dry,01 - Traffic signal,03 - At intersection,01 - Daylight,02 - Non-fatal injury,07 - SMV other
1750,BESSERER ST @ WALLER ST,368315.706,5032192.887,8/15/16,10:03,01 - Clear,01 - Dry,01 - Traffic signal,02 - Intersection related,01 - Daylight,02 - Non-fatal injury,04 - Sideswipe
1751,BESSERER ST @ WALLER ST,368316.1553,5032192.644,3/11/16,13:10,01 - Clear,01 - Dry,01 - Traffic signal,02 - Intersection related,01 - Daylight,03 - P.D. only,04 - Sideswipe
1752,BESSERER ST @ WALLER ST,368315.7138,5032192.636,10/19/16,14:00,01 - Clear,01 - Dry,01 - Traffic signal,03 - At intersection,01 - Daylight,03 - P.D. only,05 - Turning movement
1753,BESSERER ST @ WALLER ST,368316.5919,5032191.319,9/1/16,12:49,01 - Clear,01 - Dry,01 - Traffic signal,02 - Intersection related,01 - Daylight,03 - P.D. only,04 - Sideswipe
1754,BESSERER ST @ WALLER ST,368316.5919,5032192.197,10/26/16,7:04,01 - Clear,01 - Dry,01 - Traffic signal,02 - Intersection related,03 - Dawn,03 - P.D. only,04 - Sideswipe
1755,BESSERER ST @ WALLER ST,368314.8356,5032192.197,8/13/16,19:32,02 - Rain,02 - Wet,01 - Traffic signal,02 - Intersection related,01 - Daylight,03 - P.D. only,05 - Turning movement
1756,BESSERER ST @ WALLER ST,368315.7078,5032191.301,6/18/16,11:44,01 - Clear,01 - Dry,01 - Traffic signal,02 - Intersection related,01 - Daylight,03 - P.D. only,06 - SMV unattended vehicle
1757,BESSERER ST @ WALLER ST,368316.6097,5032190.85,5/21/16,12:49,01 - Clear,01 - Dry,01 - Traffic signal,03 - At intersection,01 - Daylight,03 - P.D. only,04 - Sideswipe
1758,BESSERER ST @ WALLER ST,368315.9999,5032191.645,1/18/16,8:28,01 - Clear,04 - Slush,01 - Traffic signal,03 - At intersection,01 - Daylight,03 - P.D. only,04 - Sideswipe
1759,BESSERER ST @ WALLER ST,368315.4741,5032191.748,4/14/16,12:15,01 - Clear,01 - Dry,01 - Traffic signal,03 - At intersection,01 - Daylight,03 - P.D. only,05 - Turning movement
1760,BESSERER ST @ WALLER ST,368316.1573,5032192.202,3/28/16,15:16,02 - Rain,02 - Wet,01 - Traffic signal,03 - At intersection,01 - Daylight,03 - P.D. only,04 - Sideswipe
1761,BESSERER ST @ WALLER ST,368315.7078,5032191.752,3/25/16,13:35,01 - Clear,02 - Wet,01 - Traffic signal,03 - At intersection,01 - Daylight,03 - P.D. only,04 - Sideswipe
1762,BESSERER ST @ WALLER ST,368315.2747,5032191.758,10/15/16,12:08,01 - Clear,01 - Dry,01 - Traffic signal,02 - Intersection related,01 - Daylight,03 - P.D. only,04 - Sideswipe
1763,BESSERER ST @ WALLER ST,368316.1627,5032192.787,11/14/16,11:34,01 - Clear,01 - Dry,01 - Traffic signal,02 - Intersection related,01 - Daylight,03 - P.D. only,04 - Sideswipe
1764,BESSERER ST @ WALLER ST,368316.1528,5032191.319,12/13/16,23:54,01 - Clear,04 - Slush,01 - Traffic signal,03 - At intersection,07 - Dark,03 - P.D. only,04 - Sideswipe
1765,BESSERER ST @ WALLER ST,368315.2433,5032191.984,12/31/16,22:10,03 - Snow,03 - Loose snow,01 - Traffic signal,02 - Intersection related,07 - Dark,03 - P.D. only,03 - Rear end
1766,BESSERER ST btwn AUGUSTA ST & COBOURG ST,369069.5205,5032658.443,11/4/16,16:38,01 - Clear,01 - Dry,10 - No control,01 - Non intersection,05 - Dusk,03 - P.D. only,04 - Sideswipe
1767,BESSERER ST btwn CUMBERLAND ST & KING EDWARD AVE,368485.0232,5032301.444,5/27/16,12:30,01 - Clear,01 - Dry,10 - No control,01 - Non intersection,01 - Daylight,03 - P.D. only,06 - SMV unattended vehicle
1768,BESSERER ST btwn CUMBERLAND ST & KING EDWARD AVE,368533.7943,5032331.788,6/26/16,0:00,01 - Clear,01 - Dry,10 - No control,01 - Non intersection,00 - Unknown,03 - P.D. only,06 - SMV unattended vehicle
1769,BESSERER ST btwn CUMBERLAND ST & KING EDWARD AVE,368458.7485,5032283.847,6/29/16,20:59,01 - Clear,01 - Dry,10 - No control,01 - Non intersection,05 - Dusk,03 - P.D. only,06 - SMV unattended vehicle
1770,BESSERER ST btwn DALHOUSIE ST & WALLER ST,368267.6304,5032165.478,8/23/16,9:42,01 - Clear,01 - Dry,10 - No control,01 - Non intersection,01 - Daylight,03 - P.D. only,04 - Sideswipe
1771,BESSERER ST btwn KING EDWARD AVE & NELSON ST,368559.4594,5032347.99,4/24/16,10:00,01 - Clear,01 - Dry,10 - No control,01 - Non intersection,01 - Daylight,03 - P.D. only,06 - SMV unattended vehicle
1772,BESSERER ST btwn KING EDWARD AVE & NELSON ST,368681.4987,5032420.197,4/15/16,16:50,01 - Clear,01 - Dry,10 - No control,01 - Non intersection,01 - Daylight,03 - P.D. only,03 - Rear end
1773,BESSERER ST btwn NELSON ST & FRIEL ST,368772.3249,5032476.926,4/26/16,13:44,01 - Clear,01 - Dry,10 - No control,01 - Non intersection,01 - Daylight,03 - P.D. only,06 - SMV unattended vehicle
1774,BESSERER ST btwn NELSON ST & FRIEL ST,368706.2995,5032435.909,11/3/16,17:25,01 - Clear,01 - Dry,10 - No control,01 - Non intersection,07 - Dark,03 - P.D. only,04 - Sideswipe
1775,BESSERER ST btwn NICHOLAS ST & DALHOUSIE ST,368237.2161,5032146.708,6/22/16,18:00,01 - Clear,01 - Dry,10 - No control,01 - Non intersection,01 - Daylight,02 - Non-fatal injury,04 - Sideswipe
1776,BESSERER ST btwn NICHOLAS ST & DALHOUSIE ST,368236.6754,5032146.378,2/2/16,12:29,01 - Clear,02 - Wet,10 - No control,01 - Non intersection,01 - Daylight,03 - P.D. only,04 - Sideswipe
1777,BESSERER ST btwn WALLER ST & CUMBERLAND ST,368338.4333,5032207.887,7/30/16,17:40,01 - Clear,01 - Dry,10 - No control,01 - Non intersection,01 - Daylight,03 - P.D. only,06 - SMV unattended vehicle
1778,BETHUNE CRT @ TERON RD,351584.3896,5021521.712,5/2/16,16:38,01 - Clear,01 - Dry,02 - Stop sign,02 - Intersection related,01 - Daylight,03 - P.D. only,03 - Rear end
1779,BEVERLY ST @ STITTSVILLE MAIN ST,349845.2399,5013824.182,10/19/16,12:08,01 - Clear,01 - Dry,01 - Traffic signal,03 - At intersection,01 - Daylight,03 - P.D. only,03 - Rear end
1780,BEVERLY ST @ STITTSVILLE MAIN ST,349843.6336,5013825.571,1/5/16,9:23,01 - Clear,06 - Ice,01 - Traffic signal,02 - Intersection related,01 - Daylight,03 - P.D. only,03 - Rear end
1781,BEVERLY ST @ STITTSVILLE MAIN ST,349843.8031,5013825.644,2/3/16,6:45,01 - Clear,02 - Wet,01 - Traffic signal,03 - At intersection,07 - Dark,03 - P.D. only,07 - SMV other
1782,BEVERLY ST @ STITTSVILLE MAIN ST,349842.7554,5013825.839,11/7/16,18:52,01 - Clear,01 - Dry,01 - Traffic signal,02 - Intersection related,07 - Dark,03 - P.D. only,03 - Rear end
1783,BEVERLY ST @ STITTSVILLE MAIN ST,349845.2399,5013823.354,12/21/16,11:16,01 - Clear,01 - Dry,01 - Traffic signal,02 - Intersection related,01 - Daylight,03 - P.D. only,03 - Rear end
1784,BEXLEY PL @ STAFFORD RD,358055.0539,5021289.415,5/5/16,13:16,01 - Clear,01 - Dry,02 - Stop sign,03 - At intersection,01 - Daylight,03 - P.D. only,02 - Angle
1785,BILBERRY DR btwn CHANTENAY DR & JEANNE D'ARC BLVD N,380399.4617,5038592.374,12/21/16,18:30,03 - Snow,04 - Slush,10 - No control,01 - Non intersection,07 - Dark,03 - P.D. only,99 - Other
1786,BILBERRY DR btwn DU BOIS AVE S & JEANNE D'ARC BLVD N,380487.346,5038339.137,10/11/16,14:59,01 - Clear,01 - Dry,10 - No control,04 - At/near private drive,01 - Daylight,03 - P.D. only,02 - Angle
1787,BILBERRY DR W @ JEANNE D'ARC BLVD,380449.8641,5038398.698,4/25/16,11:02,01 - Clear,01 - Dry,01 - Traffic signal,02 - Intersection related,01 - Daylight,02 - Non-fatal injury,02 - Angle
1788,BILBERRY DR W @ JEANNE D'ARC BLVD,380447.7901,5038399.069,5/11/16,7:54,01 - Clear,01 - Dry,01 - Traffic signal,03 - At intersection,01 - Daylight,02 - Non-fatal injury,02 - Angle
1789,BILBERRY DR W @ JEANNE D'ARC BLVD,380449.0068,5038399.863,4/6/16,8:19,01 - Clear,01 - Dry,01 - Traffic signal,02 - Intersection related,01 - Daylight,03 - P.D. only,03 - Rear end
1790,BILL LEATHEM DR @ LEIKIN DR S,366925.9234,5017440.112,2/14/16,11:12,05 - Drifting Snow,06 - Ice,02 - Stop sign,02 - Intersection related,01 - Daylight,03 - P.D. only,07 - SMV other
1791,BILL LEATHEM DR @ LEIKIN DR S,366925.4376,5017438.655,3/28/16,15:59,01 - Clear,02 - Wet,02 - Stop sign,02 - Intersection related,01 - Daylight,03 - P.D. only,03 - Rear end
1792,BILL LEATHEM DR btwn Continuation of BILL LEATHEM DR & LEIKIN DR,366906.8803,5017462.353,8/12/16,9:23,02 - Rain,02 - Wet,10 - No control,01 - Non intersection,01 - Daylight,03 - P.D. only,07 - SMV other
1793,BILL LEATHEM DR btwn PARAGON AVE & Continuation of BILL LEATHEM DR,366670.678,5017517.065,1/3/16,9:29,03 - Snow,03 - Loose snow,10 - No control,01 - Non intersection,01 - Daylight,03 - P.D. only,01 - Approaching
1794,BILLINGS BRIDGE NB RAMP @ RIVERSIDE DR EB,369366.0452,5028026.584,5/3/16,13:15,01 - Clear,01 - Dry,10 - No control,02 - Intersection related,01 - Daylight,03 - P.D. only,04 - Sideswipe
1795,BILLINGS BRIDGESC RAMP NB @ RIVERSIDE DR EB,369081.6543,5027762.603,3/10/16,12:22,01 - Clear,02 - Wet,02 - Stop sign,03 - At intersection,01 - Daylight,02 - Non-fatal injury,02 - Angle
1796,BILLINGS BRIDGESC RAMP NB @ RIVERSIDE DR EB,369083.0504,5027762.907,1/22/16,16:16,01 - Clear,03 - Loose snow,02 - Stop sign,03 - At intersection,01 - Daylight,03 - P.D. only,02 - Angle
1797,BILLINGS BRIDGESC RAMP NB @ RIVERSIDE DR WB,369023.4721,5027794.025,1/11/16,11:54,01 - Clear,01 - Dry,03 - Yield sign,02 - Intersection related,01 - Daylight,02 - Non-fatal injury,02 - Angle
1798,BILLINGS BRIDGESC RAMP NB @ RIVERSIDE DR WB,369024.3055,5027793.078,3/10/16,14:09,01 - Clear,02 - Wet,03 - Yield sign,03 - At intersection,01 - Daylight,03 - P.D. only,02 - Angle
1799,BILLINGS BRIDGESC RAMP NB @ RIVERSIDE DR WB,369022.389,5027794.67,11/10/16,14:25,01 - Clear,01 - Dry,03 - Yield sign,03 - At intersection,01 - Daylight,03 - P.D. only,02 - Angle
1800,BINBURY WAY btwn INVERKIP AVE & PENNARD WAY,372675.5952,5025757.175,11/23/16,7:59,01 - Clear,06 - Ice,10 - No control,04 - At/near private drive,01 - Daylight,03 - P.D. only,05 - Turning movement
1801,BINSCARTH CRES E @ SHELDRAKE DR E,353363.7019,5016950.168,2/29/16,7:42,04 - Freezing Rain,06 - Ice,,02 - Intersection related,01 - Daylight,03 - P.D. only,06 - SMV unattended vehicle
1802,BIRCH AVE @ HEMLOCK RD,370286.4877,5034693.498,4/6/16,18:27,03 - Snow,04 - Slush,01 - Traffic signal,02 - Intersection related,05 - Dusk,03 - P.D. only,03 - Rear end
1803,BIRCH AVE @ HEMLOCK RD,370286.6177,5034693.795,11/7/16,9:04,01 - Clear,01 - Dry,01 - Traffic signal,03 - At intersection,01 - Daylight,03 - P.D. only,02 - Angle
1804,BIRCH DR btwn MAPLE DR & NATIONAL CAPITAL COMM DRWY,366455.3032,5028339.964,5/24/16,12:30,01 - Clear,01 - Dry,10 - No control,01 - Non intersection,01 - Daylight,03 - P.D. only,99 - Other
1805,BIRCHGROVE RD btwn LARMOURS RD & WATSON RD,398434.3468,5033628.691,1/16/16,6:43,03 - Snow,06 - Ice,10 - No control,01 - Non intersection,07 - Dark,03 - P.D. only,07 - SMV other
1806,BIRCHGROVE RD btwn LARMOURS RD & WATSON RD,398463.5886,5033563.079,11/18/16,6:19,"07 - Fog, mist, smoke, dust",01 - Dry,10 - No control,01 - Non intersection,07 - Dark,03 - P.D. only,07 - SMV other
1807,BIRCHMOUNT DR @ CEDARCROFT CRES W,374129.5914,5032164.275,1/9/16,13:46,01 - Clear,02 - Wet,02 - Stop sign,02 - Intersection related,01 - Daylight,03 - P.D. only,06 - SMV unattended vehicle
1808,BIRCHMOUNT DR btwn CEDARCROFT CRES & LILY LANE,374221.7355,5032082.543,11/14/16,13:10,01 - Clear,01 - Dry,10 - No control,04 - At/near private drive,01 - Daylight,03 - P.D. only,02 - Angle
1809,BIRKENDALE DR btwn EDENVALE DR & TEESWATER ST,352470.8763,5020199.655,1/21/16,7:45,01 - Clear,01 - Dry,10 - No control,04 - At/near private drive,03 - Dawn,03 - P.D. only,06 - SMV unattended vehicle
1810,BISHOPS MILLS WAY btwn EDENVALE DR & KETTLEBY ST,352472.7267,5020077.421,11/25/16,20:00,02 - Rain,02 - Wet,10 - No control,04 - At/near private drive,07 - Dark,03 - P.D. only,06 - SMV unattended vehicle
1811,BLACKBURN AVE @ LAURIER AVE,369187.7146,5032308.909,2/14/16,8:14,01 - Clear,06 - Ice,02 - Stop sign,03 - At intersection,01 - Daylight,03 - P.D. only,02 - Angle
1812,BLACKBURN AVE @ SOMERSET ST,369407.0292,5031948.81,5/25/16,16:51,01 - Clear,01 - Dry,02 - Stop sign,03 - At intersection,01 - Daylight,02 - Non-fatal injury,02 - Angle
1813,BLACKBURN AVE @ SOMERSET ST,369406.5782,5031948.81,6/3/16,12:42,01 - Clear,01 - Dry,02 - Stop sign,03 - At intersection,01 - Daylight,03 - P.D. only,02 - Angle
1814,BLACKBURN BYPASS @ INNES RD E,379791.3573,5033782.346,6/18/16,9:35,01 - Clear,01 - Dry,01 - Traffic signal,02 - Intersection related,01 - Daylight,02 - Non-fatal injury,03 - Rear end
1815,BLACKBURN BYPASS @ INNES RD E,379791.3819,5033781.914,6/29/16,16:50,01 - Clear,01 - Dry,01 - Traffic signal,02 - Intersection related,01 - Daylight,03 - P.D. only,03 - Rear end
1816,BLACKBURN BYPASS @ INNES RD E,379792.3618,5033781.486,1/22/16,16:44,01 - Clear,01 - Dry,01 - Traffic signal,02 - Intersection related,05 - Dusk,03 - P.D. only,03 - Rear end
1817,BLACKBURN BYPASS @ INNES RD E,379790.0614,5033783.251,1/4/16,15:50,01 - Clear,01 - Dry,01 - Traffic signal,02 - Intersection related,01 - Daylight,03 - P.D. only,03 - Rear end
1818,BLACKBURN BYPASS @ INNES RD E,379792.2387,5033781.81,2/16/16,6:55,03 - Snow,05 - Packed snow,01 - Traffic signal,02 - Intersection related,03 - Dawn,03 - P.D. only,07 - SMV other
1819,BLACKBURN BYPASS @ INNES RD E,379790.4163,5033780.846,5/27/16,16:20,01 - Clear,02 - Wet,01 - Traffic signal,03 - At intersection,01 - Daylight,03 - P.D. only,07 - SMV other
1820,BLACKBURN BYPASS @ INNES RD E,379788.9087,5033782.464,9/12/16,7:50,01 - Clear,01 - Dry,01 - Traffic signal,02 - Intersection related,01 - Daylight,03 - P.D. only,03 - Rear end
1821,BLACKBURN BYPASS @ INNES RD E,379791.7479,5033782.807,9/28/16,12:49,01 - Clear,01 - Dry,01 - Traffic signal,02 - Intersection related,01 - Daylight,03 - P.D. only,03 - Rear end
1822,BLACKBURN BYPASS @ INNES RD E,379790.0916,5033781.565,10/22/16,18:11,02 - Rain,02 - Wet,01 - Traffic signal,02 - Intersection related,01 - Daylight,03 - P.D. only,03 - Rear end
1823,BLACKBURN BYPASS @ INNES RD W,377184.7411,5032183.462,10/24/16,16:10,01 - Clear,01 - Dry,01 - Traffic signal,03 - At intersection,01 - Daylight,02 - Non-fatal injury,03 - Rear end
1824,BLACKBURN BYPASS @ INNES RD W,377186.5266,5032175.466,1/7/16,9:53,01 - Clear,01 - Dry,01 - Traffic signal,02 - Intersection related,01 - Daylight,03 - P.D. only,03 - Rear end
1825,BLACKBURN BYPASS @ INNES RD W,377187.4539,5032174.936,1/18/16,1:47,03 - Snow,03 - Loose snow,01 - Traffic signal,02 - Intersection related,07 - Dark,03 - P.D. only,07 - SMV other
1826,BLACKBURN BYPASS @ INNES RD W,377187.7167,5032174.524,8/25/16,17:07,01 - Clear,01 - Dry,01 - Traffic signal,02 - Intersection related,01 - Daylight,03 - P.D. only,03 - Rear end