Record,Location,X,Y,Date,Time,Environment,Road_Surface,Traffic_Control,Collision_Location,Light,Collision_Classification,Impact_type
1827,BLACKBURN BYPASS @ INNES RD W,377188.0901,5032176.135,8/5/16,16:23,01 - Clear,01 - Dry,01 - Traffic signal,02 - Intersection related,01 - Daylight,03 - P.D. only,03 - Rear end
1828,BLACKBURN BYPASS @ INNES RD W,377187.4273,5032176.599,7/5/16,13:37,01 - Clear,01 - Dry,01 - Traffic signal,02 - Intersection related,01 - Daylight,03 - P.D. only,04 - Sideswipe
1829,BLACKBURN BYPASS @ INNES RD W,377184.4674,5032179.287,10/18/16,21:58,01 - Clear,01 - Dry,01 - Traffic signal,03 - At intersection,07 - Dark,03 - P.D. only,05 - Turning movement
1830,BLACKBURN BYPASS @ NAVAN RD,379617.214,5033278.931,2/10/16,17:55,03 - Snow,03 - Loose snow,01 - Traffic signal,02 - Intersection related,07 - Dark,02 - Non-fatal injury,03 - Rear end
1831,BLACKBURN BYPASS @ NAVAN RD,379617.8041,5033274.605,3/17/16,19:26,02 - Rain,02 - Wet,01 - Traffic signal,03 - At intersection,07 - Dark,03 - P.D. only,05 - Turning movement
1832,BLACKBURN BYPASS @ NAVAN RD,379617.7471,5033275.299,8/12/16,7:21,02 - Rain,02 - Wet,01 - Traffic signal,02 - Intersection related,01 - Daylight,03 - P.D. only,03 - Rear end
1833,BLACKBURN BYPASS @ NAVAN RD,379622.8722,5033277.711,10/28/16,17:49,01 - Clear,01 - Dry,01 - Traffic signal,02 - Intersection related,01 - Daylight,03 - P.D. only,03 - Rear end
1834,BLACKBURN BYPASS @ NAVAN RD,379617.5198,5033275.471,7/1/16,7:23,01 - Clear,01 - Dry,01 - Traffic signal,02 - Intersection related,01 - Daylight,03 - P.D. only,03 - Rear end
1835,BLACKBURN BYPASS @ NAVAN RD,379618.3704,5033274.724,8/29/16,18:14,01 - Clear,01 - Dry,01 - Traffic signal,02 - Intersection related,01 - Daylight,03 - P.D. only,03 - Rear end
1836,BLACKBURN BYPASS @ NAVAN RD,379617.9277,5033274.607,11/8/16,16:11,01 - Clear,01 - Dry,01 - Traffic signal,02 - Intersection related,01 - Daylight,03 - P.D. only,03 - Rear end
1837,BLACKBURN BYPASS @ NAVAN RD,379617.9666,5033274.343,11/3/16,13:46,02 - Rain,02 - Wet,01 - Traffic signal,02 - Intersection related,01 - Daylight,03 - P.D. only,02 - Angle
1838,BLACKBURN BYPASS @ NAVAN RD,379617.7329,5033274.562,12/5/16,6:45,03 - Snow,03 - Loose snow,01 - Traffic signal,02 - Intersection related,07 - Dark,03 - P.D. only,07 - SMV other
1839,BLACKBURN BYPASS @ NAVAN RD,379615.4215,5033277.138,11/16/16,19:06,01 - Clear,01 - Dry,01 - Traffic signal,02 - Intersection related,07 - Dark,03 - P.D. only,04 - Sideswipe
1840,BLACKBURN BYPASS EB btwn 1700 W OF NAVAN RD & NAVAN RD,379575.7494,5033208.475,4/6/16,14:49,03 - Snow,05 - Packed snow,10 - No control,01 - Non intersection,01 - Daylight,02 - Non-fatal injury,03 - Rear end
1841,BLACKBURN BYPASS EB btwn 1700 W OF NAVAN RD & NAVAN RD,378941.5828,5032827.484,6/30/16,10:28,01 - Clear,01 - Dry,10 - No control,01 - Non intersection,01 - Daylight,02 - Non-fatal injury,07 - SMV other
1842,BLACKBURN BYPASS EB btwn 1700 W OF NAVAN RD & NAVAN RD,379473.2026,5033136.839,3/4/16,17:00,01 - Clear,01 - Dry,10 - No control,01 - Non intersection,01 - Daylight,03 - P.D. only,03 - Rear end
1843,BLACKBURN BYPASS EB btwn 1700 W OF NAVAN RD & NAVAN RD,379214.6076,5032988.952,1/13/16,17:00,01 - Clear,04 - Slush,10 - No control,01 - Non intersection,05 - Dusk,03 - P.D. only,03 - Rear end
1844,BLACKBURN BYPASS EB btwn NAVAN RD & INNES RD E,379782.6469,5033677.902,3/18/16,11:25,01 - Clear,01 - Dry,10 - No control,01 - Non intersection,01 - Daylight,03 - P.D. only,04 - Sideswipe
1845,BLACKBURN BYPASS EB btwn NAVAN RD & INNES RD E,379808.2133,5033772.125,1/23/16,2:40,01 - Clear,01 - Dry,10 - No control,01 - Non intersection,07 - Dark,03 - P.D. only,07 - SMV other
1846,BLACKBURN BYPASS WB btwn 1700 W OF NAVAN RD & INNES RD W,377269.4495,5032169.795,1/19/16,18:21,01 - Clear,01 - Dry,10 - No control,01 - Non intersection,07 - Dark,03 - P.D. only,03 - Rear end
1847,BLACKBURN BYPASS WB btwn 1700 W OF NAVAN RD & INNES RD W,378075.9942,5032349.761,9/23/16,8:27,02 - Rain,02 - Wet,10 - No control,01 - Non intersection,01 - Daylight,03 - P.D. only,03 - Rear end
1848,BLACKBURN BYPASS WB btwn 1700 W OF NAVAN RD & INNES RD W,377352.4762,5032156.073,6/7/16,7:13,01 - Clear,01 - Dry,10 - No control,01 - Non intersection,01 - Daylight,03 - P.D. only,03 - Rear end
1849,BLACKBURN BYPASS WB btwn NAVAN RD & 1700 W OF NAVAN RD,379198.5193,5033002.549,1/28/16,10:31,03 - Snow,03 - Loose snow,10 - No control,01 - Non intersection,01 - Daylight,02 - Non-fatal injury,07 - SMV other
1850,BLACKBURN BYPASS WB btwn NAVAN RD & 1700 W OF NAVAN RD,378886.9224,5032816.186,11/25/16,7:47,02 - Rain,02 - Wet,10 - No control,01 - Non intersection,01 - Daylight,02 - Non-fatal injury,07 - SMV other
1851,BLACKBURN BYPASS WB btwn NAVAN RD & 1700 W OF NAVAN RD,379537.6761,5033207.62,9/15/16,16:17,01 - Clear,01 - Dry,10 - No control,01 - Non intersection,01 - Daylight,03 - P.D. only,03 - Rear end
1852,BLACKBURN BYPASS WB btwn NAVAN RD & 1700 W OF NAVAN RD,379563.4897,5033223.885,11/23/16,16:25,01 - Clear,01 - Dry,10 - No control,01 - Non intersection,05 - Dusk,03 - P.D. only,03 - Rear end
1853,BLACKBURN BYPASS WB btwn NAVAN RD & 1700 W OF NAVAN RD,379462.1263,5033155.69,12/14/16,18:22,01 - Clear,01 - Dry,10 - No control,01 - Non intersection,07 - Dark,03 - P.D. only,03 - Rear end
1854,BLACKBURN BYPASS WB btwn NAVAN RD & 1700 W OF NAVAN RD,379469.0805,5033163.342,12/26/16,17:09,03 - Snow,04 - Slush,10 - No control,01 - Non intersection,07 - Dark,03 - P.D. only,07 - SMV other
1855,BLACKBURN BYPASS WB btwn NAVAN RD & 1700 W OF NAVAN RD,379300.5173,5033061.826,12/15/16,17:16,01 - Clear,01 - Dry,10 - No control,01 - Non intersection,07 - Dark,03 - P.D. only,03 - Rear end
1856,BLACKBURN BYPASS WB btwn NAVAN RD & INNES RD E,379713.5757,5033448.407,5/26/16,7:26,01 - Clear,01 - Dry,10 - No control,01 - Non intersection,01 - Daylight,02 - Non-fatal injury,03 - Rear end
1857,BLACKBURN BYPASS WB btwn NAVAN RD & INNES RD E,379765.1191,5033692.953,3/3/16,7:15,01 - Clear,02 - Wet,10 - No control,01 - Non intersection,01 - Daylight,03 - P.D. only,03 - Rear end
1858,BLACKBURN BYPASS WB btwn NAVAN RD & INNES RD E,379774.0284,5033746.925,9/6/16,17:38,01 - Clear,01 - Dry,10 - No control,01 - Non intersection,01 - Daylight,03 - P.D. only,03 - Rear end
1859,BLACKDOME CRES btwn KALBROOK ST & GOLDRIDGE DR,350088.7352,5020055.123,2/20/16,9:00,01 - Clear,04 - Slush,10 - No control,04 - At/near private drive,01 - Daylight,03 - P.D. only,07 - SMV other
1860,BLACKDOME CRES btwn KALBROOK ST & KALBROOK ST,350114.0147,5020172.137,3/19/16,21:30,01 - Clear,01 - Dry,10 - No control,01 - Non intersection,07 - Dark,03 - P.D. only,06 - SMV unattended vehicle
1861,BLACKLEAF DR @ JOCKVALE RD,365567.3359,5012899.706,1/9/16,11:11,02 - Rain,02 - Wet,02 - Stop sign,03 - At intersection,01 - Daylight,02 - Non-fatal injury,02 - Angle
1862,BLACKLEAF DR @ JOCKVALE RD,365567.3359,5012899.706,10/28/16,15:53,01 - Clear,02 - Wet,02 - Stop sign,03 - At intersection,01 - Daylight,02 - Non-fatal injury,02 - Angle
1863,BLACKLEAF DR @ JOCKVALE RD,365567.3359,5012899.706,10/29/16,19:49,01 - Clear,02 - Wet,02 - Stop sign,03 - At intersection,07 - Dark,03 - P.D. only,02 - Angle
1864,BLACKLEAF DR btwn CHEYENNE WAY/KENNACRAIG PRIV S & DUNDONALD DR,365215.3079,5012239.134,1/14/16,12:45,03 - Snow,04 - Slush,10 - No control,04 - At/near private drive,01 - Daylight,03 - P.D. only,06 - SMV unattended vehicle
1865,BLACK'S SIDE RD @ FLEWELLYN RD,350714.3763,5010138.618,12/30/16,13:52,01 - Clear,05 - Packed snow,02 - Stop sign,02 - Intersection related,01 - Daylight,03 - P.D. only,07 - SMV other
1866,BLAIR PL @ OGILVIE RD,374798.6248,5033372.24,2/6/16,17:42,01 - Clear,02 - Wet,01 - Traffic signal,02 - Intersection related,07 - Dark,03 - P.D. only,03 - Rear end
1867,BLAIR PL @ OGILVIE RD,374799.942,5033371.801,2/13/16,17:00,01 - Clear,01 - Dry,01 - Traffic signal,02 - Intersection related,07 - Dark,03 - P.D. only,03 - Rear end
1868,BLAIR PL @ OGILVIE RD,374799.9498,5033372.036,8/9/16,18:20,01 - Clear,01 - Dry,01 - Traffic signal,02 - Intersection related,01 - Daylight,03 - P.D. only,03 - Rear end
1869,BLAIR PL @ OGILVIE RD,374799.9445,5033372.248,2/17/16,20:10,01 - Clear,06 - Ice,01 - Traffic signal,02 - Intersection related,07 - Dark,03 - P.D. only,03 - Rear end
1870,BLAIR PL @ OGILVIE RD,374797.4711,5033373.458,1/12/16,17:40,03 - Snow,03 - Loose snow,01 - Traffic signal,02 - Intersection related,07 - Dark,03 - P.D. only,03 - Rear end
1871,BLAIR PL btwn OGILVIE RD & END,374832.954,5033286.844,3/9/16,10:36,01 - Clear,01 - Dry,10 - No control,04 - At/near private drive,01 - Daylight,03 - P.D. only,02 - Angle
1872,BLAIR PL btwn OGILVIE RD & END,374843.829,5033270.531,9/30/16,0:00,01 - Clear,01 - Dry,10 - No control,01 - Non intersection,00 - Unknown,03 - P.D. only,06 - SMV unattended vehicle
1873,BLAIR PL btwn OGILVIE RD & END,374818.8882,5033324.908,6/7/16,16:00,02 - Rain,02 - Wet,10 - No control,01 - Non intersection,01 - Daylight,03 - P.D. only,04 - Sideswipe
1874,BLAIR RD @ CLAVER ST,374416.9478,5033434.797,2/25/16,7:45,02 - Rain,06 - Ice,02 - Stop sign,02 - Intersection related,01 - Daylight,03 - P.D. only,03 - Rear end
1875,BLAIR RD @ CLAVER ST,374417.5565,5033434.164,11/21/16,14:45,03 - Snow,03 - Loose snow,02 - Stop sign,02 - Intersection related,01 - Daylight,03 - P.D. only,06 - SMV unattended vehicle
1876,BLAIR RD @ DUNHAM ST,374306.4964,5033710.36,3/26/16,12:07,01 - Clear,01 - Dry,02 - Stop sign,02 - Intersection related,01 - Daylight,02 - Non-fatal injury,03 - Rear end
1877,BLAIR RD @ DUNHAM ST,374306.7204,5033710.852,8/15/16,16:18,01 - Clear,01 - Dry,02 - Stop sign,02 - Intersection related,01 - Daylight,03 - P.D. only,03 - Rear end
1878,BLAIR RD @ INNES RD,375579.5338,5031438.756,3/24/16,10:49,04 - Freezing Rain,06 - Ice,01 - Traffic signal,02 - Intersection related,01 - Daylight,02 - Non-fatal injury,03 - Rear end
1879,BLAIR RD @ INNES RD,375578.5076,5031440.01,6/11/16,17:00,01 - Clear,01 - Dry,01 - Traffic signal,02 - Intersection related,01 - Daylight,02 - Non-fatal injury,03 - Rear end
1880,BLAIR RD @ INNES RD,375578.9622,5031439.101,7/3/16,14:52,01 - Clear,01 - Dry,01 - Traffic signal,02 - Intersection related,01 - Daylight,02 - Non-fatal injury,03 - Rear end
1881,BLAIR RD @ INNES RD,375578.1994,5031438.752,9/27/16,18:00,01 - Clear,01 - Dry,01 - Traffic signal,02 - Intersection related,01 - Daylight,02 - Non-fatal injury,03 - Rear end
1882,BLAIR RD @ INNES RD,375577.0786,5031439.969,12/12/16,5:59,03 - Snow,03 - Loose snow,01 - Traffic signal,02 - Intersection related,07 - Dark,02 - Non-fatal injury,03 - Rear end
1883,BLAIR RD @ INNES RD,375581.2194,5031439.969,12/1/16,14:50,02 - Rain,02 - Wet,01 - Traffic signal,02 - Intersection related,01 - Daylight,02 - Non-fatal injury,03 - Rear end
1884,BLAIR RD @ INNES RD,375578.7349,5031440.014,2/25/16,7:43,02 - Rain,06 - Ice,01 - Traffic signal,02 - Intersection related,01 - Daylight,03 - P.D. only,03 - Rear end
1885,BLAIR RD @ INNES RD,375580.3912,5031439.969,7/24/16,18:01,01 - Clear,01 - Dry,01 - Traffic signal,02 - Intersection related,01 - Daylight,03 - P.D. only,03 - Rear end
1886,BLAIR RD @ INNES RD,375578.9604,5031440.683,5/26/16,15:31,01 - Clear,01 - Dry,01 - Traffic signal,03 - At intersection,01 - Daylight,03 - P.D. only,02 - Angle
1887,BLAIR RD @ INNES RD,375578.7349,5031439.823,8/16/16,16:51,02 - Rain,02 - Wet,01 - Traffic signal,02 - Intersection related,01 - Daylight,03 - P.D. only,03 - Rear end
1888,BLAIR RD @ INNES RD,375577.9067,5031439.969,8/12/16,19:42,02 - Rain,02 - Wet,01 - Traffic signal,02 - Intersection related,01 - Daylight,03 - P.D. only,03 - Rear end
1889,BLAIR RD @ INNES RD,375578.7349,5031438.313,8/12/16,12:01,01 - Clear,01 - Dry,01 - Traffic signal,02 - Intersection related,01 - Daylight,03 - P.D. only,03 - Rear end
1890,BLAIR RD @ INNES RD,375578.9604,5031439.33,6/15/16,14:09,01 - Clear,01 - Dry,01 - Traffic signal,02 - Intersection related,01 - Daylight,03 - P.D. only,04 - Sideswipe
1891,BLAIR RD @ INNES RD,375579.0012,5031439.821,3/10/16,9:23,01 - Clear,01 - Dry,01 - Traffic signal,02 - Intersection related,01 - Daylight,03 - P.D. only,05 - Turning movement
1892,BLAIR RD @ INNES RD,375578.7349,5031439.287,8/22/16,23:45,01 - Clear,01 - Dry,01 - Traffic signal,02 - Intersection related,07 - Dark,03 - P.D. only,03 - Rear end
1893,BLAIR RD @ INNES RD,375579.4083,5031439.78,4/7/16,20:15,02 - Rain,02 - Wet,01 - Traffic signal,02 - Intersection related,07 - Dark,03 - P.D. only,03 - Rear end
1894,BLAIR RD @ INNES RD,375579.8572,5031440.677,4/28/16,10:35,01 - Clear,01 - Dry,01 - Traffic signal,02 - Intersection related,01 - Daylight,03 - P.D. only,03 - Rear end
1895,BLAIR RD @ INNES RD,375578.9594,5031439.331,4/23/16,12:24,01 - Clear,01 - Dry,01 - Traffic signal,02 - Intersection related,01 - Daylight,03 - P.D. only,03 - Rear end
1896,BLAIR RD @ INNES RD,375578.7349,5031440.885,2/25/16,7:50,04 - Freezing Rain,06 - Ice,01 - Traffic signal,02 - Intersection related,01 - Daylight,03 - P.D. only,03 - Rear end
1897,BLAIR RD @ INNES RD,375579.4167,5031439.555,8/2/16,18:10,01 - Clear,01 - Dry,01 - Traffic signal,02 - Intersection related,01 - Daylight,03 - P.D. only,03 - Rear end
1898,BLAIR RD @ INNES RD,375578.9596,5031440.005,2/5/16,15:30,01 - Clear,01 - Dry,01 - Traffic signal,02 - Intersection related,01 - Daylight,03 - P.D. only,03 - Rear end
1899,BLAIR RD @ INNES RD,375579.4113,5031439.33,6/11/16,11:10,02 - Rain,02 - Wet,01 - Traffic signal,02 - Intersection related,01 - Daylight,03 - P.D. only,03 - Rear end
1900,BLAIR RD @ INNES RD,375578.7349,5031439.141,11/23/16,9:00,01 - Clear,01 - Dry,01 - Traffic signal,02 - Intersection related,01 - Daylight,03 - P.D. only,03 - Rear end
1901,BLAIR RD @ INNES RD,375579.5631,5031439.969,11/16/16,12:18,02 - Rain,02 - Wet,01 - Traffic signal,02 - Intersection related,01 - Daylight,03 - P.D. only,03 - Rear end
1902,BLAIR RD @ INNES RD,375578.7349,5031438.752,9/17/16,17:56,02 - Rain,02 - Wet,01 - Traffic signal,02 - Intersection related,01 - Daylight,03 - P.D. only,03 - Rear end
1903,BLAIR RD @ INNES RD,375578.7349,5031439.141,12/20/16,13:01,01 - Clear,01 - Dry,01 - Traffic signal,02 - Intersection related,01 - Daylight,03 - P.D. only,03 - Rear end
1904,BLAIR RD @ MEADOWBROOK RD,375194.0626,5032310.449,3/22/16,8:56,01 - Clear,01 - Dry,01 - Traffic signal,03 - At intersection,01 - Daylight,02 - Non-fatal injury,02 - Angle
1905,BLAIR RD @ MEADOWBROOK RD,375194.2753,5032311.799,6/25/16,9:04,01 - Clear,01 - Dry,01 - Traffic signal,03 - At intersection,01 - Daylight,03 - P.D. only,05 - Turning movement
1906,BLAIR RD @ MEADOWBROOK RD,375195.825,5032311.854,3/24/16,10:15,04 - Freezing Rain,03 - Loose snow,01 - Traffic signal,02 - Intersection related,01 - Daylight,03 - P.D. only,03 - Rear end
1907,BLAIR RD @ MEADOWBROOK RD,375194.7345,5032311.983,11/29/16,17:37,06 - Strong wind,01 - Dry,01 - Traffic signal,02 - Intersection related,07 - Dark,03 - P.D. only,03 - Rear end
1908,BLAIR RD @ MONTREAL RD,374019.0616,5034438.487,11/11/16,20:44,01 - Clear,01 - Dry,01 - Traffic signal,03 - At intersection,07 - Dark,02 - Non-fatal injury,02 - Angle
1909,BLAIR RD @ MONTREAL RD,374020.6585,5034440.04,2/25/16,18:28,06 - Strong wind,06 - Ice,01 - Traffic signal,02 - Intersection related,07 - Dark,03 - P.D. only,03 - Rear end
1910,BLAIR RD @ MONTREAL RD,374020.8179,5034439.365,2/25/16,18:13,03 - Snow,06 - Ice,01 - Traffic signal,02 - Intersection related,05 - Dusk,03 - P.D. only,03 - Rear end
1911,BLAIR RD @ MONTREAL RD,374019.4982,5034439.807,2/26/16,12:06,02 - Rain,06 - Ice,01 - Traffic signal,03 - At intersection,01 - Daylight,03 - P.D. only,05 - Turning movement
1912,BLAIR RD @ MONTREAL RD,374019.3296,5034438.804,8/26/16,8:28,01 - Clear,01 - Dry,01 - Traffic signal,03 - At intersection,01 - Daylight,03 - P.D. only,05 - Turning movement
1913,BLAIR RD @ MONTREAL RD,374019.9447,5034439.36,4/19/16,8:27,01 - Clear,01 - Dry,01 - Traffic signal,02 - Intersection related,01 - Daylight,03 - P.D. only,03 - Rear end
1914,BLAIR RD @ MONTREAL RD,374021.494,5034437.368,3/2/16,14:29,01 - Clear,02 - Wet,01 - Traffic signal,02 - Intersection related,01 - Daylight,03 - P.D. only,03 - Rear end
1915,BLAIR RD @ OGILVIE RD,374508.178,5033198.639,6/9/16,6:35,01 - Clear,01 - Dry,01 - Traffic signal,03 - At intersection,01 - Daylight,02 - Non-fatal injury,07 - SMV other
1916,BLAIR RD @ OGILVIE RD,374508.3896,5033198.797,2/7/16,13:34,01 - Clear,01 - Dry,01 - Traffic signal,02 - Intersection related,01 - Daylight,03 - P.D. only,03 - Rear end
1917,BLAIR RD @ OGILVIE RD,374508.8214,5033199.234,2/12/16,17:15,03 - Snow,03 - Loose snow,01 - Traffic signal,02 - Intersection related,05 - Dusk,03 - P.D. only,03 - Rear end
1918,BLAIR RD @ OGILVIE RD,374507.2645,5033197.886,8/12/16,16:16,01 - Clear,02 - Wet,01 - Traffic signal,02 - Intersection related,01 - Daylight,03 - P.D. only,03 - Rear end
1919,BLAIR RD @ OGILVIE RD,374506.0674,5033196.505,9/10/16,17:02,01 - Clear,01 - Dry,01 - Traffic signal,02 - Intersection related,01 - Daylight,03 - P.D. only,03 - Rear end
1920,BLAIR RD @ OGILVIE RD,374506.9952,5033198.854,8/2/16,21:37,01 - Clear,01 - Dry,01 - Traffic signal,02 - Intersection related,07 - Dark,03 - P.D. only,03 - Rear end
1921,BLAIR RD @ OGILVIE RD,374506.2228,5033200.451,1/12/16,18:26,01 - Clear,02 - Wet,01 - Traffic signal,02 - Intersection related,07 - Dark,03 - P.D. only,03 - Rear end
1922,BLAIR RD @ OGILVIE RD,374507.4992,5033199.248,5/3/16,8:59,01 - Clear,01 - Dry,01 - Traffic signal,02 - Intersection related,01 - Daylight,03 - P.D. only,03 - Rear end
1923,BLAIR RD @ OGILVIE RD,374508.2592,5033198.307,9/19/16,7:32,01 - Clear,01 - Dry,01 - Traffic signal,02 - Intersection related,01 - Daylight,03 - P.D. only,03 - Rear end
1924,BLAIR RD @ OGILVIE RD,374507.0651,5033197.916,5/12/16,16:34,01 - Clear,01 - Dry,01 - Traffic signal,03 - At intersection,01 - Daylight,03 - P.D. only,04 - Sideswipe
1925,BLAIR RD @ OGILVIE RD,374508.1316,5033197.491,7/22/16,14:29,01 - Clear,01 - Dry,01 - Traffic signal,02 - Intersection related,01 - Daylight,03 - P.D. only,03 - Rear end
1926,BLAIR RD @ OGILVIE RD,374507.7237,5033198.161,12/14/16,14:25,01 - Clear,04 - Slush,01 - Traffic signal,02 - Intersection related,01 - Daylight,03 - P.D. only,03 - Rear end
1927,BLAIR RD @ OR174 IC112 RAMP26,374752.5266,5032847.71,11/26/16,11:07,01 - Clear,01 - Dry,10 - No control,02 - Intersection related,01 - Daylight,03 - P.D. only,07 - SMV other
1928,BLAIR RD @ OR174 IC112 RAMP52,374816.9259,5032774.184,12/8/16,17:12,03 - Snow,03 - Loose snow,10 - No control,02 - Intersection related,07 - Dark,02 - Non-fatal injury,03 - Rear end
1929,BLAIR RD @ REGIONAL RD 174 N/OR174 IC112 RAMP61,374634.5118,5032991.399,2/9/16,15:48,01 - Clear,01 - Dry,01 - Traffic signal,03 - At intersection,01 - Daylight,02 - Non-fatal injury,05 - Turning movement
1930,BLAIR RD @ REGIONAL RD 174 N/OR174 IC112 RAMP61,374634.4591,5032991.15,10/22/16,0:33,02 - Rain,02 - Wet,01 - Traffic signal,02 - Intersection related,07 - Dark,02 - Non-fatal injury,03 - Rear end
1931,BLAIR RD @ REGIONAL RD 174 N/OR174 IC112 RAMP61,374634.465,5032991.309,4/1/16,16:00,01 - Clear,01 - Dry,01 - Traffic signal,02 - Intersection related,01 - Daylight,02 - Non-fatal injury,03 - Rear end
1932,BLAIR RD @ REGIONAL RD 174 N/OR174 IC112 RAMP61,374635.6499,5032991.288,6/29/16,8:52,01 - Clear,01 - Dry,01 - Traffic signal,03 - At intersection,01 - Daylight,02 - Non-fatal injury,02 - Angle
1933,BLAIR RD @ REGIONAL RD 174 N/OR174 IC112 RAMP61,374634.3977,5032992.296,9/10/16,23:18,02 - Rain,02 - Wet,01 - Traffic signal,03 - At intersection,07 - Dark,03 - P.D. only,05 - Turning movement
1934,BLAIR RD @ REGIONAL RD 174 N/OR174 IC112 RAMP61,374634.1257,5032992.749,5/17/16,10:47,01 - Clear,01 - Dry,01 - Traffic signal,02 - Intersection related,01 - Daylight,03 - P.D. only,03 - Rear end
1935,BLAIR RD @ REGIONAL RD 174 N/OR174 IC112 RAMP61,374633.9031,5032991.989,11/14/16,14:08,01 - Clear,01 - Dry,01 - Traffic signal,02 - Intersection related,01 - Daylight,03 - P.D. only,03 - Rear end
1936,BLAIR RD @ REGIONAL RD 174 N/OR174 IC112 RAMP61,374633.0757,5032992.952,11/21/16,9:10,03 - Snow,04 - Slush,01 - Traffic signal,02 - Intersection related,01 - Daylight,03 - P.D. only,03 - Rear end
1937,BLAIR RD @ REGIONAL RD 174 N/OR174 IC112 RAMP61,374633.8828,5032991.208,9/19/16,19:42,01 - Clear,01 - Dry,01 - Traffic signal,02 - Intersection related,05 - Dusk,03 - P.D. only,04 - Sideswipe
1938,BLAIR RD @ REGIONAL RD 174 N/OR174 IC112 RAMP61,374637.058,5032992.342,9/23/16,7:30,02 - Rain,02 - Wet,01 - Traffic signal,02 - Intersection related,01 - Daylight,03 - P.D. only,03 - Rear end
1939,BLAIR RD @ REGIONAL RD 174 S/OR174 IC112 RAMP15,374907.8687,5032662.28,8/3/16,23:01,01 - Clear,01 - Dry,01 - Traffic signal,03 - At intersection,07 - Dark,02 - Non-fatal injury,05 - Turning movement
1940,BLAIR RD @ REGIONAL RD 174 S/OR174 IC112 RAMP15,374908.2141,5032662.368,1/17/16,11:32,01 - Clear,02 - Wet,01 - Traffic signal,03 - At intersection,01 - Daylight,02 - Non-fatal injury,05 - Turning movement
1941,BLAIR RD @ REGIONAL RD 174 S/OR174 IC112 RAMP15,374907.7436,5032661.676,2/21/16,10:17,01 - Clear,02 - Wet,01 - Traffic signal,02 - Intersection related,01 - Daylight,02 - Non-fatal injury,05 - Turning movement
1942,BLAIR RD @ REGIONAL RD 174 S/OR174 IC112 RAMP15,374907.5161,5032660.934,11/30/16,19:50,02 - Rain,02 - Wet,01 - Traffic signal,03 - At intersection,07 - Dark,02 - Non-fatal injury,05 - Turning movement
1943,BLAIR RD @ REGIONAL RD 174 S/OR174 IC112 RAMP15,374908.4839,5032660.248,2/27/16,21:55,01 - Clear,02 - Wet,01 - Traffic signal,03 - At intersection,07 - Dark,03 - P.D. only,05 - Turning movement
1944,BLAIR RD @ REGIONAL RD 174 S/OR174 IC112 RAMP15,374906.8968,5032661.49,2/6/16,13:10,01 - Clear,01 - Dry,01 - Traffic signal,02 - Intersection related,01 - Daylight,03 - P.D. only,04 - Sideswipe
1945,BLAIR RD @ REGIONAL RD 174 S/OR174 IC112 RAMP15,374906.8098,5032660.767,1/15/16,18:30,01 - Clear,02 - Wet,01 - Traffic signal,03 - At intersection,07 - Dark,03 - P.D. only,05 - Turning movement
1946,BLAIR RD @ REGIONAL RD 174 S/OR174 IC112 RAMP15,374904.385,5032660.501,9/7/16,21:59,02 - Rain,02 - Wet,01 - Traffic signal,03 - At intersection,07 - Dark,03 - P.D. only,03 - Rear end
1947,BLAIR RD @ REGIONAL RD 174 S/OR174 IC112 RAMP15,374907.0618,5032662.782,11/2/16,15:30,01 - Clear,01 - Dry,01 - Traffic signal,02 - Intersection related,01 - Daylight,03 - P.D. only,03 - Rear end
1948,BLAIR RD @ REGIONAL RD 174 S/OR174 IC112 RAMP15,374908.9355,5032661.388,11/26/16,15:25,01 - Clear,01 - Dry,01 - Traffic signal,03 - At intersection,01 - Daylight,03 - P.D. only,05 - Turning movement
1949,BLAIR RD @ SWANS WAY N,373691.94,5035265.687,12/19/16,18:34,01 - Clear,02 - Wet,10 - No control,02 - Intersection related,07 - Dark,03 - P.D. only,07 - SMV other
1950,BLAIR RD btwn BEAVERPOND DR & INNES RD,375413.9999,5031841.417,1/7/16,17:30,01 - Clear,02 - Wet,10 - No control,01 - Non intersection,05 - Dusk,03 - P.D. only,03 - Rear end
1951,BLAIR RD btwn BEAVERPOND DR & INNES RD,375503.3726,5031630.445,10/21/16,11:05,02 - Rain,02 - Wet,10 - No control,04 - At/near private drive,01 - Daylight,03 - P.D. only,03 - Rear end
1952,BLAIR RD btwn CROWNHILL ST & OGILVIE RD,374503.5089,5033208.14,9/1/16,16:53,01 - Clear,01 - Dry,10 - No control,01 - Non intersection,01 - Daylight,03 - P.D. only,03 - Rear end
1953,BLAIR RD btwn MONTREAL RD & SEGUIN ST,374051.1902,5034358.011,12/17/16,16:03,03 - Snow,03 - Loose snow,10 - No control,01 - Non intersection,05 - Dusk,03 - P.D. only,07 - SMV other
1954,BLAIR RD btwn NICOL ST & MONTREAL RD,373933.4414,5034652.845,9/16/16,16:22,01 - Clear,01 - Dry,10 - No control,01 - Non intersection,01 - Daylight,02 - Non-fatal injury,07 - SMV other
1955,BLAIR RD btwn OGILVIE RD & OR174 IC112 RAMP36,374583.771,5033048.769,10/27/16,21:54,03 - Snow,04 - Slush,10 - No control,01 - Non intersection,07 - Dark,03 - P.D. only,03 - Rear end