Record,Location,X,Y,Date,Time,Environment,Road_Surface,Traffic_Control,Collision_Location,Light,Collision_Classification,Impact_type
1956,BLAIR RD btwn OGILVIE RD & OR174 IC112 RAMP36,374621.3476,5033008.124,11/14/16,18:02,01 - Clear,01 - Dry,10 - No control,01 - Non intersection,07 - Dark,03 - P.D. only,04 - Sideswipe
1957,BLAIR RD btwn OR174 IC112 RAMP15 & MEADOWBROOK RD,375186.0775,5032321.114,1/14/16,10:35,01 - Clear,03 - Loose snow,10 - No control,04 - At/near private drive,01 - Daylight,02 - Non-fatal injury,02 - Angle
1958,BLAIR RD btwn OR174 IC112 RAMP15 & MEADOWBROOK RD,375186.6116,5032321.888,9/2/16,17:10,01 - Clear,01 - Dry,10 - No control,01 - Non intersection,01 - Daylight,02 - Non-fatal injury,07 - SMV other
1959,BLAIR RD btwn OR174 IC112 RAMP15 & MEADOWBROOK RD,374944.6575,5032614.816,1/26/16,17:17,01 - Clear,02 - Wet,10 - No control,01 - Non intersection,05 - Dusk,03 - P.D. only,03 - Rear end
1960,BLAIR RD btwn OR174 IC112 RAMP15 & MEADOWBROOK RD,375141.0799,5032377.097,5/27/16,16:16,02 - Rain,02 - Wet,10 - No control,04 - At/near private drive,01 - Daylight,03 - P.D. only,02 - Angle
1961,BLAIR RD btwn OR174 IC112 RAMP15 & MEADOWBROOK RD,375068.4996,5032465.466,11/26/16,19:57,01 - Clear,01 - Dry,10 - No control,01 - Non intersection,07 - Dark,03 - P.D. only,05 - Turning movement
1962,BLAIR RD btwn OR174 IC112 RAMP26 & OR174 IC112 RAMP52,374799.8595,5032792.948,10/21/16,18:27,02 - Rain,02 - Wet,10 - No control,01 - Non intersection,07 - Dark,02 - Non-fatal injury,03 - Rear end
1963,BLAIR RD btwn OR174 IC112 RAMP36 & OR174 IC112 RAMP26,374640.5448,5032983.646,10/31/16,14:50,01 - Clear,01 - Dry,10 - No control,01 - Non intersection,01 - Daylight,03 - P.D. only,04 - Sideswipe
1964,BLAIR RD btwn SEGUIN ST & MOWAT ST,374160.8514,5034079.682,7/29/16,17:50,01 - Clear,01 - Dry,10 - No control,01 - Non intersection,01 - Daylight,02 - Non-fatal injury,05 - Turning movement
1965,BLAIR ST @ STATION BLVD,371117.1673,5030308.614,12/7/16,12:08,03 - Snow,03 - Loose snow,02 - Stop sign,02 - Intersection related,01 - Daylight,02 - Non-fatal injury,03 - Rear end
1966,BLAIR ST btwn DORION AVE & DRAKE AVE,370998.0916,5030216.866,1/29/16,8:50,01 - Clear,01 - Dry,10 - No control,01 - Non intersection,01 - Daylight,03 - P.D. only,06 - SMV unattended vehicle
1967,BLAIS RD @ BANK ST,376155.8273,5019726.136,10/2/16,15:56,01 - Clear,02 - Wet,02 - Stop sign,02 - Intersection related,01 - Daylight,02 - Non-fatal injury,03 - Rear end
1968,BLAIS RD @ BANK ST,376155.4149,5019728.133,2/9/16,9:00,03 - Snow,06 - Ice,02 - Stop sign,02 - Intersection related,01 - Daylight,03 - P.D. only,01 - Approaching
1969,BLAIS RD @ BANK ST,376154.0058,5019727.099,1/7/16,6:35,01 - Clear,01 - Dry,02 - Stop sign,03 - At intersection,07 - Dark,03 - P.D. only,03 - Rear end
1970,BLAKE BLVD @ LAFONTAINE AVE,370941.3638,5033036.492,3/7/16,9:06,01 - Clear,04 - Slush,02 - Stop sign,03 - At intersection,01 - Daylight,03 - P.D. only,02 - Angle
1971,BLAKE BLVD btwn JEAN TALON ST & BLAKE BLVD,371165.1263,5033055.685,8/28/16,0:00,01 - Clear,01 - Dry,10 - No control,01 - Non intersection,00 - Unknown,03 - P.D. only,06 - SMV unattended vehicle
1972,BLANCHFIELD RD @ OSGOODE MAIN ST,377912.6925,5002875.436,1/29/16,14:08,01 - Clear,02 - Wet,02 - Stop sign,03 - At intersection,01 - Daylight,03 - P.D. only,02 - Angle
1973,BLANCHFIELD RD @ OSGOODE MAIN ST,377912.3696,5002875.356,9/25/16,16:45,01 - Clear,01 - Dry,02 - Stop sign,03 - At intersection,01 - Daylight,03 - P.D. only,02 - Angle
1974,BLAZER AVE @ PRINCE OF WALES DR,367352.9306,5021106.268,10/31/16,18:19,01 - Clear,01 - Dry,02 - Stop sign,02 - Intersection related,05 - Dusk,03 - P.D. only,02 - Angle
1975,BLEEKS RD @ CONLEY RD,351250.2259,5004818.004,6/25/16,0:00,01 - Clear,08 - Loose sand or gravel,02 - Stop sign,02 - Intersection related,07 - Dark,02 - Non-fatal injury,07 - SMV other
1976,BLEEKS RD @ CONLEY RD,351249.3478,5004816.686,9/4/16,5:31,01 - Clear,01 - Dry,02 - Stop sign,03 - At intersection,07 - Dark,03 - P.D. only,07 - SMV other
1977,BLEEKS RD @ MUNSTER RD,348847.8808,5002901.14,10/7/16,13:14,01 - Clear,01 - Dry,02 - Stop sign,02 - Intersection related,01 - Daylight,03 - P.D. only,02 - Angle
1978,BLEEKS RD btwn DWYER HILL RD & BAYBERRY LANE,348327.8424,5002445.229,10/28/16,19:16,01 - Clear,01 - Dry,10 - No control,04 - At/near private drive,07 - Dark,03 - P.D. only,02 - Angle
1979,BLOHM DR @ ESSON ST,374368.7395,5026173.113,10/21/16,9:50,02 - Rain,02 - Wet,02 - Stop sign,03 - At intersection,01 - Daylight,02 - Non-fatal injury,07 - SMV other
1980,BLOHM DR @ ESSON ST,374368.52,5026173.307,2/21/16,2:42,04 - Freezing Rain,06 - Ice,02 - Stop sign,03 - At intersection,07 - Dark,03 - P.D. only,07 - SMV other
1981,BLOHM DR @ ESSON ST,374369.5677,5026173.941,12/19/16,16:11,01 - Clear,05 - Packed snow,02 - Stop sign,02 - Intersection related,05 - Dusk,03 - P.D. only,04 - Sideswipe
1982,BLOHM DR @ HUNT CLUB RD,375128.6483,5026190.177,8/22/16,19:10,01 - Clear,01 - Dry,01 - Traffic signal,03 - At intersection,01 - Daylight,02 - Non-fatal injury,05 - Turning movement
1983,BLOHM DR @ HUNT CLUB RD,375127.6352,5026191.453,2/15/16,11:40,01 - Clear,01 - Dry,01 - Traffic signal,03 - At intersection,01 - Daylight,03 - P.D. only,03 - Rear end
1984,BLOHM DR @ HUNT CLUB RD,375128.6483,5026189.299,10/17/16,13:25,01 - Clear,01 - Dry,01 - Traffic signal,03 - At intersection,01 - Daylight,03 - P.D. only,05 - Turning movement
1985,BLOHM DR @ HUNT CLUB RD,375129.5265,5026189.738,8/16/16,18:05,02 - Rain,02 - Wet,01 - Traffic signal,03 - At intersection,01 - Daylight,03 - P.D. only,05 - Turning movement
1986,BLOHM DR @ HUNT CLUB RD,375127.2615,5026190.761,10/31/16,14:26,01 - Clear,01 - Dry,01 - Traffic signal,02 - Intersection related,01 - Daylight,03 - P.D. only,03 - Rear end
1987,BLOHM DR @ HUNT CLUB RD,375130.4224,5026188.842,6/4/16,15:48,01 - Clear,01 - Dry,01 - Traffic signal,03 - At intersection,01 - Daylight,03 - P.D. only,03 - Rear end
1988,BLOHM DR @ HUNT CLUB RD,375129.733,5026189.764,11/10/16,19:30,01 - Clear,01 - Dry,01 - Traffic signal,02 - Intersection related,07 - Dark,03 - P.D. only,03 - Rear end
1989,BLOHM DR @ HUNT CLUB RD,375128.0897,5026190.761,12/7/16,12:25,01 - Clear,01 - Dry,01 - Traffic signal,02 - Intersection related,01 - Daylight,03 - P.D. only,04 - Sideswipe
1990,BLOHM DR @ JOHNSTON RD,374577.2811,5026456.863,9/7/16,8:36,01 - Clear,01 - Dry,02 - Stop sign,02 - Intersection related,01 - Daylight,03 - P.D. only,03 - Rear end
1991,BLOHM DR @ LORRY GREENBERG DR,373684.8561,5025945.526,12/8/16,23:05,03 - Snow,06 - Ice,02 - Stop sign,02 - Intersection related,07 - Dark,03 - P.D. only,03 - Rear end
1992,BLOHM DR @ PITTAWAY AVE/SWAIN AVE,374262.2369,5025979.913,1/7/16,10:54,01 - Clear,01 - Dry,02 - Stop sign,03 - At intersection,01 - Daylight,03 - P.D. only,02 - Angle
1993,BLOHM DR btwn KARSH DR & ESSON ST,374311.1667,5026071.653,11/30/16,0:21,"07 - Fog, mist, smoke, dust",01 - Dry,10 - No control,04 - At/near private drive,07 - Dark,02 - Non-fatal injury,06 - SMV unattended vehicle
1994,BLOHM DR btwn LORRY GREENBERG DR & 68 N OF BRISTON PRIV,373765.4517,5025805.691,10/27/16,13:44,01 - Clear,01 - Dry,10 - No control,01 - Non intersection,01 - Daylight,02 - Non-fatal injury,07 - SMV other
1995,BLOHM DR btwn MARNIE PRIV & HUNT CLUB RD,375117.6366,5026211.393,4/18/16,9:53,01 - Clear,01 - Dry,10 - No control,01 - Non intersection,01 - Daylight,03 - P.D. only,06 - SMV unattended vehicle
1996,BLUE JAY CRES btwn FILLMORE CRES & FILLMORE CRES,375205.2325,5036224.998,10/3/16,13:04,01 - Clear,01 - Dry,10 - No control,04 - At/near private drive,01 - Daylight,03 - P.D. only,02 - Angle
1997,BLUE WILLOW CRES btwn DES PRUCHES AVE & DES PRUCHES AVE,381052.5069,5033198.057,12/25/16,0:00,01 - Clear,01 - Dry,10 - No control,01 - Non intersection,00 - Unknown,03 - P.D. only,06 - SMV unattended vehicle
1998,BOIS VERT PL btwn AQUAVIEW DR & SILVERADO CRES,384549.2226,5035838.731,10/26/16,8:11,01 - Clear,01 - Dry,10 - No control,01 - Non intersection,01 - Daylight,03 - P.D. only,06 - SMV unattended vehicle
1999,BOISFRANC CIRC @ BRIAN COBURN BLVD,385410.743,5035431.659,3/20/16,13:10,01 - Clear,01 - Dry,02 - Stop sign,03 - At intersection,01 - Daylight,03 - P.D. only,05 - Turning movement
2000,BOLTON ST @ KING EDWARD AVE,368040.1087,5033173.769,6/22/16,8:50,01 - Clear,01 - Dry,02 - Stop sign,02 - Intersection related,01 - Daylight,03 - P.D. only,03 - Rear end
2001,BONGARD AVE @ GIFFORD ST/TRISTAN CRT,366408.8072,5021652.832,12/5/16,8:55,03 - Snow,05 - Packed snow,03 - Yield sign,02 - Intersection related,01 - Daylight,03 - P.D. only,02 - Angle
2002,BOOKTON PL btwn GREY SEAL CIRC & GREY SEAL CIRC,369253.2761,5016361.67,3/29/16,0:00,02 - Rain,02 - Wet,10 - No control,01 - Non intersection,07 - Dark,03 - P.D. only,06 - SMV unattended vehicle
2003,BOOTH ST @ 148 N OF MIDDLE ST/E.B.EDDY S,366034.5085,5031416.756,4/4/16,9:18,01 - Clear,01 - Dry,01 - Traffic signal,02 - Intersection related,01 - Daylight,03 - P.D. only,03 - Rear end
2004,BOOTH ST @ 208 N OF MIDDLE ST/E.B. EDDY N,366010.3937,5031471.56,7/7/16,15:05,01 - Clear,01 - Dry,01 - Traffic signal,02 - Intersection related,01 - Daylight,03 - P.D. only,04 - Sideswipe
2005,BOOTH ST @ CARLING AVE,367094.0533,5029105.901,10/27/16,16:41,03 - Snow,02 - Wet,01 - Traffic signal,03 - At intersection,01 - Daylight,03 - P.D. only,05 - Turning movement
2006,BOOTH ST @ ECCLES ST,366623.2009,5030186.596,10/8/16,9:19,02 - Rain,02 - Wet,01 - Traffic signal,03 - At intersection,01 - Daylight,03 - P.D. only,02 - Angle
2007,BOOTH ST @ ELM ST,366527.7019,5030399.778,12/20/16,7:32,01 - Clear,02 - Wet,02 - Stop sign,02 - Intersection related,03 - Dawn,03 - P.D. only,04 - Sideswipe
2008,BOOTH ST @ FLEET ST,366296.4694,5030935.006,9/15/16,9:10,01 - Clear,01 - Dry,02 - Stop sign,03 - At intersection,01 - Daylight,03 - P.D. only,05 - Turning movement
2009,BOOTH ST @ GLADSTONE AVE,366769.3713,5029851.228,2/17/16,21:33,03 - Snow,05 - Packed snow,01 - Traffic signal,02 - Intersection related,07 - Dark,03 - P.D. only,03 - Rear end
2010,BOOTH ST @ GLADSTONE AVE,366768.4799,5029850.787,6/11/16,10:49,02 - Rain,02 - Wet,01 - Traffic signal,02 - Intersection related,01 - Daylight,03 - P.D. only,99 - Other
2011,BOOTH ST @ GLADSTONE AVE,366768.0468,5029851.22,11/9/16,17:48,01 - Clear,01 - Dry,01 - Traffic signal,03 - At intersection,07 - Dark,03 - P.D. only,05 - Turning movement
2012,BOOTH ST @ GLADSTONE AVE,366768.4859,5029850.342,10/12/16,16:58,01 - Clear,01 - Dry,01 - Traffic signal,03 - At intersection,01 - Daylight,03 - P.D. only,05 - Turning movement
2013,BOOTH ST @ ORANGEVILLE ST,366891.9541,5029572.186,5/28/16,22:08,01 - Clear,01 - Dry,02 - Stop sign,03 - At intersection,07 - Dark,02 - Non-fatal injury,02 - Angle
2014,BOOTH ST @ OTTAWA RIVER PKWY/WELLINGTON ST,366263.7186,5031007.765,9/4/16,13:30,01 - Clear,01 - Dry,01 - Traffic signal,02 - Intersection related,01 - Daylight,02 - Non-fatal injury,03 - Rear end
2015,BOOTH ST @ OTTAWA RIVER PKWY/WELLINGTON ST,366264.5005,5031007.257,5/13/16,18:03,01 - Clear,01 - Dry,01 - Traffic signal,02 - Intersection related,01 - Daylight,03 - P.D. only,03 - Rear end
2016,BOOTH ST @ OTTAWA RIVER PKWY/WELLINGTON ST,366264.8121,5031006.821,9/4/16,13:30,01 - Clear,01 - Dry,01 - Traffic signal,03 - At intersection,01 - Daylight,03 - P.D. only,05 - Turning movement
2017,BOOTH ST @ OTTAWA RIVER PKWY/WELLINGTON ST,366263.9266,5031005.203,1/15/16,18:43,01 - Clear,01 - Dry,01 - Traffic signal,02 - Intersection related,07 - Dark,03 - P.D. only,04 - Sideswipe
2018,BOOTH ST @ OTTAWA RIVER PKWY/WELLINGTON ST,366265.3611,5031006.551,4/7/16,13:44,03 - Snow,03 - Loose snow,01 - Traffic signal,02 - Intersection related,01 - Daylight,03 - P.D. only,03 - Rear end
2019,BOOTH ST @ OTTAWA RIVER PKWY/WELLINGTON ST,366262.8503,5031006.22,3/25/16,22:21,01 - Clear,01 - Dry,01 - Traffic signal,02 - Intersection related,07 - Dark,03 - P.D. only,04 - Sideswipe
2020,BOOTH ST @ OTTAWA RIVER PKWY/WELLINGTON ST,366264.1736,5031006.856,6/24/16,13:42,01 - Clear,01 - Dry,01 - Traffic signal,02 - Intersection related,01 - Daylight,03 - P.D. only,04 - Sideswipe
2021,BOOTH ST @ OTTAWA RIVER PKWY/WELLINGTON ST,366264.4491,5031007.846,10/3/16,12:15,01 - Clear,01 - Dry,01 - Traffic signal,03 - At intersection,01 - Daylight,03 - P.D. only,02 - Angle
2022,BOOTH ST @ OTTAWA RIVER PKWY/WELLINGTON ST,366264.3945,5031006.961,8/19/16,17:11,01 - Clear,01 - Dry,01 - Traffic signal,02 - Intersection related,01 - Daylight,03 - P.D. only,03 - Rear end
2023,BOOTH ST @ OTTAWA RIVER PKWY/WELLINGTON ST,366264.036,5031006.238,12/6/16,8:45,01 - Clear,02 - Wet,01 - Traffic signal,03 - At intersection,01 - Daylight,03 - P.D. only,04 - Sideswipe
2024,BOOTH ST @ PRIMROSE AVE,366498.172,5030471.335,11/14/16,8:35,01 - Clear,01 - Dry,01 - Traffic signal,02 - Intersection related,01 - Daylight,02 - Non-fatal injury,03 - Rear end
2025,BOOTH ST @ RAYMOND ST,366860.2718,5029641.737,3/20/16,9:06,01 - Clear,01 - Dry,01 - Traffic signal,02 - Intersection related,01 - Daylight,03 - P.D. only,02 - Angle
2026,BOOTH ST @ RAYMOND ST,366860.0403,5029642.22,2/5/16,12:35,01 - Clear,01 - Dry,01 - Traffic signal,03 - At intersection,01 - Daylight,03 - P.D. only,02 - Angle
2027,BOOTH ST @ RAYMOND ST,366860.7841,5029641.53,10/6/16,14:58,01 - Clear,01 - Dry,01 - Traffic signal,02 - Intersection related,01 - Daylight,03 - P.D. only,03 - Rear end
2028,BOOTH ST @ SOMERSET ST,366593.8302,5030254.796,6/21/16,10:07,01 - Clear,01 - Dry,01 - Traffic signal,03 - At intersection,01 - Daylight,03 - P.D. only,02 - Angle
2029,BOOTH ST @ WELLINGTON ST S,366401.8745,5030675.985,10/25/16,22:41,01 - Clear,01 - Dry,02 - Stop sign,02 - Intersection related,07 - Dark,02 - Non-fatal injury,03 - Rear end
2030,BOOTH ST @ WILLOW ST,366710.917,5029983.684,1/20/16,10:00,01 - Clear,04 - Slush,01 - Traffic signal,03 - At intersection,01 - Daylight,03 - P.D. only,02 - Angle
2031,BOOTH ST btwn ALBERT ST & PRIMROSE AVE,366493.3804,5030478.39,7/9/16,19:00,01 - Clear,02 - Wet,10 - No control,01 - Non intersection,01 - Daylight,03 - P.D. only,06 - SMV unattended vehicle
2032,BOOTH ST btwn GLADSTONE AVE & LOUISA ST,366795.7323,5029785.982,5/26/16,15:24,01 - Clear,01 - Dry,10 - No control,01 - Non intersection,01 - Daylight,02 - Non-fatal injury,05 - Turning movement
2033,BOOTH ST btwn MIDDLE ST & VIMY PLACE PRIV,366129.8444,5031271.286,1/19/16,8:05,01 - Clear,02 - Wet,10 - No control,01 - Non intersection,01 - Daylight,03 - P.D. only,07 - SMV other
2034,BOOTH ST btwn MIDDLE ST & VIMY PLACE PRIV,366228.7803,5031102.032,3/15/16,15:10,02 - Rain,02 - Wet,10 - No control,01 - Non intersection,01 - Daylight,03 - P.D. only,03 - Rear end
2035,BOOTH ST btwn NORMAN ST & CARLING AVE,367017.2146,5029280.215,2/18/16,16:00,03 - Snow,05 - Packed snow,10 - No control,01 - Non intersection,01 - Daylight,03 - P.D. only,06 - SMV unattended vehicle
2036,BOOTH ST btwn NORMAN ST & CARLING AVE,367053.6581,5029198.547,2/18/16,12:15,01 - Clear,01 - Dry,10 - No control,01 - Non intersection,01 - Daylight,03 - P.D. only,06 - SMV unattended vehicle
2037,BOOTH ST btwn NORMAN ST & CARLING AVE,367035.4633,5029238.348,11/30/16,11:11,01 - Clear,02 - Wet,10 - No control,04 - At/near private drive,01 - Daylight,03 - P.D. only,02 - Angle
2038,BOOTH ST btwn OTTAWA RIVER PKWY & FLEET ST,366267.4974,5030999.204,6/16/16,11:45,01 - Clear,01 - Dry,10 - No control,04 - At/near private drive,01 - Daylight,03 - P.D. only,03 - Rear end
2039,BOOTH ST btwn PRIMROSE AVE & ELM ST,366520.1271,5030419.365,9/13/16,16:35,01 - Clear,01 - Dry,10 - No control,01 - Non intersection,01 - Daylight,02 - Non-fatal injury,04 - Sideswipe
2040,BOOTH ST btwn PROVINCIAL BOUNDARY & 208 N OF MIDDLE ST/E.B. EDDY N,365990.4919,5031513.603,8/22/16,15:37,01 - Clear,01 - Dry,10 - No control,01 - Non intersection,01 - Daylight,02 - Non-fatal injury,05 - Turning movement
2041,BOOTH ST btwn PROVINCIAL BOUNDARY & 208 N OF MIDDLE ST/E.B. EDDY N,366006.6407,5031479.991,11/4/16,6:22,01 - Clear,01 - Dry,10 - No control,01 - Non intersection,07 - Dark,03 - P.D. only,04 - Sideswipe
2042,BOOTH ST btwn PROVINCIAL BOUNDARY & 208 N OF MIDDLE ST/E.B. EDDY N,365983.9463,5031527.639,12/24/16,7:03,03 - Snow,02 - Wet,10 - No control,07 - Overpass or bridge,07 - Dark,03 - P.D. only,07 - SMV other
2043,BOOTH ST btwn TRANSIT & WELLINGTON ST,366396.7752,5030688.524,11/7/16,6:05,01 - Clear,01 - Dry,10 - No control,01 - Non intersection,07 - Dark,03 - P.D. only,04 - Sideswipe
2044,BORDEN SIDE RD @ PRINCE OF WALES DR,367173.0475,5024126.851,12/20/16,20:10,01 - Clear,03 - Loose snow,02 - Stop sign,02 - Intersection related,07 - Dark,03 - P.D. only,05 - Turning movement
2045,BORDEN ST @ LION ST W,374915.5837,5000831.345,3/12/16,19:00,01 - Clear,01 - Dry,10 - No control,02 - Intersection related,07 - Dark,03 - P.D. only,06 - SMV unattended vehicle
2046,BOREALIS CRES btwn SOLACE CRT & MERGANSER ST,372519.3015,5033586.845,2/9/16,14:21,01 - Clear,02 - Wet,10 - No control,01 - Non intersection,01 - Daylight,03 - P.D. only,06 - SMV unattended vehicle
2047,BORTHWICK AVE btwn QUEBEC ST & BURN ST,372216.9085,5033315.306,9/24/16,6:56,01 - Clear,01 - Dry,10 - No control,01 - Non intersection,03 - Dawn,03 - P.D. only,06 - SMV unattended vehicle
2048,BOTELER ST @ SUSSEX DR,367452.1789,5032953.111,5/20/16,23:28,01 - Clear,01 - Dry,01 - Traffic signal,03 - At intersection,07 - Dark,02 - Non-fatal injury,05 - Turning movement
2049,BOTELER ST @ SUSSEX DR,367451.3115,5032952.385,11/4/16,14:46,01 - Clear,01 - Dry,01 - Traffic signal,02 - Intersection related,01 - Daylight,02 - Non-fatal injury,07 - SMV other
2050,BOTELER ST @ SUSSEX DR,367450.4833,5032949.901,11/24/16,8:38,03 - Snow,02 - Wet,01 - Traffic signal,02 - Intersection related,01 - Daylight,02 - Non-fatal injury,03 - Rear end
2051,BOTELER ST @ SUSSEX DR,367452.1397,5032951.143,9/20/16,6:27,01 - Clear,01 - Dry,01 - Traffic signal,02 - Intersection related,07 - Dark,03 - P.D. only,03 - Rear end
2052,BOTELER ST @ SUSSEX DR,367451.092,5032951.312,12/12/16,11:45,03 - Snow,04 - Slush,01 - Traffic signal,03 - At intersection,01 - Daylight,03 - P.D. only,05 - Turning movement
2053,BOTELER ST @ SUSSEX DR,367452.9678,5032949.901,12/8/16,20:30,03 - Snow,03 - Loose snow,01 - Traffic signal,03 - At intersection,07 - Dark,03 - P.D. only,07 - SMV other
2054,BOTSFORD ST btwn SHELLEY AVE & BROWNING AVE,372164.5558,5030045.683,8/30/16,14:44,01 - Clear,01 - Dry,10 - No control,04 - At/near private drive,01 - Daylight,03 - P.D. only,06 - SMV unattended vehicle
2055,BOTTRIELL WAY N @ CHARLEMAGNE BLVD,383695.7912,5037954.257,6/12/16,19:48,01 - Clear,01 - Dry,01 - Traffic signal,03 - At intersection,01 - Daylight,02 - Non-fatal injury,07 - SMV other
2056,BOTTRIELL WAY N @ CHARLEMAGNE BLVD,383695.8955,5037954.499,11/25/16,19:03,01 - Clear,02 - Wet,01 - Traffic signal,03 - At intersection,07 - Dark,03 - P.D. only,05 - Turning movement
2057,BOUNDARY RD @ HIGHWAY 417 EB,387397.8289,5023882.046,12/9/16,17:08,01 - Clear,01 - Dry,01 - Traffic signal,02 - Intersection related,07 - Dark,03 - P.D. only,03 - Rear end
2058,BOUNDARY RD @ HWY 417 BOUNDARY IC96R15,387502.7652,5023611.77,5/1/16,22:14,02 - Rain,02 - Wet,10 - No control,03 - At intersection,07 - Dark,03 - P.D. only,07 - SMV other
2059,BOUNDARY RD @ HWY 417 BOUNDARY IC96R15,387506.4403,5023610.931,11/13/16,11:05,01 - Clear,01 - Dry,10 - No control,03 - At intersection,01 - Daylight,03 - P.D. only,03 - Rear end
2060,BOUNDARY RD @ MITCH OWENS RD,388066.6603,5022162.055,11/25/16,16:38,"07 - Fog, mist, smoke, dust",02 - Wet,02 - Stop sign,02 - Intersection related,05 - Dusk,02 - Non-fatal injury,03 - Rear end
2061,BOUNDARY RD @ MITCH OWENS RD,388065.6066,5022162.695,6/18/16,14:34,01 - Clear,01 - Dry,02 - Stop sign,03 - At intersection,01 - Daylight,03 - P.D. only,02 - Angle
2062,BOUNDARY RD @ MITCH OWENS RD,388065.1735,5022163.128,1/17/16,17:07,03 - Snow,03 - Loose snow,02 - Stop sign,03 - At intersection,05 - Dusk,03 - P.D. only,07 - SMV other
2063,BOUNDARY RD @ MITCH OWENS RD,388064.3312,5022162.845,1/1/16,12:28,03 - Snow,02 - Wet,02 - Stop sign,03 - At intersection,01 - Daylight,03 - P.D. only,02 - Angle
2064,BOUNDARY RD @ MITCH OWENS RD,388070.1407,5022157.04,8/18/16,17:57,01 - Clear,01 - Dry,02 - Stop sign,03 - At intersection,01 - Daylight,03 - P.D. only,02 - Angle
2065,BOUNDARY RD @ MITCH OWENS RD,388067.4351,5022162.036,11/8/16,17:42,01 - Clear,01 - Dry,02 - Stop sign,03 - At intersection,07 - Dark,03 - P.D. only,02 - Angle
2066,BOUNDARY RD @ PARKWAY RD,388799.8253,5020306.702,12/27/16,18:51,05 - Drifting Snow,06 - Ice,02 - Stop sign,03 - At intersection,07 - Dark,02 - Non-fatal injury,07 - SMV other
2067,BOUNDARY RD btwn EIGHTH LINE RD & HWY417 IC96 RAMP61,386754.6376,5025520.16,6/1/16,7:06,01 - Clear,01 - Dry,10 - No control,01 - Non intersection,01 - Daylight,03 - P.D. only,03 - Rear end
2068,BOUNDARY RD btwn ENTREPRENEUR CRES & MITCH OWENS RD,387992.9543,5022351.703,11/2/16,12:22,01 - Clear,01 - Dry,10 - No control,01 - Non intersection,01 - Daylight,03 - P.D. only,07 - SMV other
2069,BOUNDARY RD btwn INDCUM RD & ENTREPRENEUR CRES,387913.9757,5022563.129,2/28/16,10:13,03 - Snow,03 - Loose snow,10 - No control,01 - Non intersection,01 - Daylight,03 - P.D. only,07 - SMV other
2070,BOUNDARY RD btwn MITCH OWENS RD & DEVINE RD,388295.5425,5021613.445,1/16/16,11:45,03 - Snow,03 - Loose snow,10 - No control,01 - Non intersection,01 - Daylight,02 - Non-fatal injury,07 - SMV other
2071,BOUNDARY RD btwn MITCH OWENS RD & DEVINE RD,388321.0968,5021548.775,2/11/16,6:42,03 - Snow,03 - Loose snow,10 - No control,01 - Non intersection,07 - Dark,03 - P.D. only,07 - SMV other
2072,BOUNDARY RD btwn MITCH OWENS RD & DEVINE RD,388094.8176,5022090.006,11/5/16,22:26,01 - Clear,01 - Dry,10 - No control,01 - Non intersection,07 - Dark,03 - P.D. only,07 - SMV other
2073,BOUNDARY RD btwn NINTH LINE RD & INDCUM RD,387608.0079,5023340.03,3/26/16,15:14,01 - Clear,01 - Dry,10 - No control,04 - At/near private drive,01 - Daylight,02 - Non-fatal injury,05 - Turning movement
2074,BOUNDARY RD btwn RUSSELL RD & EIGHTH LINE RD,386573.974,5025988.954,4/29/16,11:13,01 - Clear,01 - Dry,10 - No control,05 - At railway crossing,01 - Daylight,03 - P.D. only,07 - SMV other
2075,BOURASSA ST @ GLADWIN CRES,373353.7301,5029739.551,12/1/16,15:40,"07 - Fog, mist, smoke, dust",01 - Dry,03 - Yield sign,03 - At intersection,01 - Daylight,03 - P.D. only,02 - Angle
2076,BOURASSA ST @ ST. LAURENT BLVD,373235.9815,5029692.431,1/11/16,8:47,01 - Clear,06 - Ice,01 - Traffic signal,02 - Intersection related,01 - Daylight,02 - Non-fatal injury,03 - Rear end
2077,BOURASSA ST @ ST. LAURENT BLVD,373237.3987,5029694.223,11/27/16,14:51,01 - Clear,01 - Dry,01 - Traffic signal,03 - At intersection,01 - Daylight,02 - Non-fatal injury,07 - SMV other
2078,BOURASSA ST @ ST. LAURENT BLVD,373234.7349,5029692.373,1/28/16,13:10,03 - Snow,04 - Slush,01 - Traffic signal,02 - Intersection related,01 - Daylight,03 - P.D. only,03 - Rear end
2079,BOURASSA ST @ ST. LAURENT BLVD,373235.6221,5029694.223,2/17/16,10:02,03 - Snow,04 - Slush,01 - Traffic signal,03 - At intersection,01 - Daylight,03 - P.D. only,02 - Angle
2080,BOURASSA ST @ ST. LAURENT BLVD,373237.4084,5029693.331,5/25/16,16:40,01 - Clear,01 - Dry,01 - Traffic signal,02 - Intersection related,01 - Daylight,03 - P.D. only,03 - Rear end
2081,BOURASSA ST @ ST. LAURENT BLVD,373235.9331,5029693.823,3/11/16,16:45,01 - Clear,01 - Dry,01 - Traffic signal,03 - At intersection,01 - Daylight,03 - P.D. only,04 - Sideswipe
2082,BOURASSA ST @ ST. LAURENT BLVD,373235.6611,5029692.753,8/24/16,20:48,01 - Clear,01 - Dry,01 - Traffic signal,02 - Intersection related,07 - Dark,03 - P.D. only,03 - Rear end
2083,BOURASSA ST @ ST. LAURENT BLVD,373236.0734,5029692.459,4/18/16,17:00,01 - Clear,01 - Dry,01 - Traffic signal,02 - Intersection related,01 - Daylight,03 - P.D. only,03 - Rear end
2084,BOURASSA ST @ ST. LAURENT BLVD,373236.732,5029693.971,12/20/16,11:05,01 - Clear,04 - Slush,01 - Traffic signal,02 - Intersection related,01 - Daylight,03 - P.D. only,03 - Rear end