Record,Location,X,Y,Date,Time,Environment,Road_Surface,Traffic_Control,Collision_Location,Light,Collision_Classification,Impact_type
2085,BOURASSA ST @ ST. LAURENT BLVD,373235.9038,5029693.143,9/7/16,16:45,01 - Clear,01 - Dry,01 - Traffic signal,02 - Intersection related,01 - Daylight,03 - P.D. only,03 - Rear end
2086,BOURASSA ST btwn ST. LAURENT BLVD & GLADWIN CRES,373247.2583,5029698.708,3/5/16,5:41,01 - Clear,05 - Packed snow,10 - No control,01 - Non intersection,03 - Dawn,03 - P.D. only,06 - SMV unattended vehicle
2087,BOWER ST btwn MUTCHMOR RD & MAIN ST,369326.464,5029703.917,11/8/16,7:10,01 - Clear,01 - Dry,10 - No control,01 - Non intersection,03 - Dawn,03 - P.D. only,06 - SMV unattended vehicle
2088,BOWESVILLE RD @ RIDEAU RD,373361.5113,5015567.125,3/24/16,11:55,03 - Snow,05 - Packed snow,02 - Stop sign,03 - At intersection,01 - Daylight,02 - Non-fatal injury,02 - Angle
2089,BOWESVILLE RD btwn HIGH RD & EARL ARMSTRONG RD,371773.3081,5019181.302,4/6/16,17:31,03 - Snow,03 - Loose snow,10 - No control,01 - Non intersection,01 - Daylight,03 - P.D. only,07 - SMV other
2090,BOWESVILLE RD btwn RIDEAU RD & MITCH OWENS RD,373847.1235,5014453.551,5/31/16,1:02,01 - Clear,01 - Dry,10 - No control,01 - Non intersection,07 - Dark,02 - Non-fatal injury,07 - SMV other
2091,BOWESVILLE RD/EMERALD LINKS DR W @ MITCH OWENS,374182.5204,5013708.224,7/13/16,7:45,01 - Clear,01 - Dry,02 - Stop sign,03 - At intersection,01 - Daylight,03 - P.D. only,02 - Angle
2092,BOWESVILLE RD/HIGH RD @ LEITRIM RD,371675.3972,5019287.25,2/11/16,8:05,01 - Clear,02 - Wet,02 - Stop sign,02 - Intersection related,01 - Daylight,03 - P.D. only,03 - Rear end
2093,BOWHILL AVE btwn HILLHURST PL & CHESTERTON DR,365550.21,5023765.369,10/8/16,0:00,01 - Clear,01 - Dry,10 - No control,01 - Non intersection,00 - Unknown,03 - P.D. only,06 - SMV unattended vehicle
2094,BOWHILL AVE btwn OVERLAKE DR & HILLHURST PL,365379.8854,5023663.757,12/5/16,14:45,01 - Clear,03 - Loose snow,10 - No control,01 - Non intersection,01 - Daylight,03 - P.D. only,06 - SMV unattended vehicle
2095,BOYCE AVE btwn WALTER ST & CARLING AVE,359342.4275,5024226.973,2/25/16,13:11,04 - Freezing Rain,02 - Wet,10 - No control,01 - Non intersection,01 - Daylight,03 - P.D. only,06 - SMV unattended vehicle
2096,BOYER RD @ GAULTOIS AVE,380657.0778,5036252.238,10/12/16,10:20,01 - Clear,01 - Dry,02 - Stop sign,03 - At intersection,01 - Daylight,03 - P.D. only,02 - Angle
2097,BOYER RD @ JEANNE D'ARC BLVD,380683.5106,5036191.462,5/3/16,7:01,"07 - Fog, mist, smoke, dust",01 - Dry,02 - Stop sign,02 - Intersection related,01 - Daylight,02 - Non-fatal injury,03 - Rear end
2098,BOYER RD @ JEANNE D'ARC BLVD,380683.0617,5036192.808,4/22/16,14:44,01 - Clear,01 - Dry,02 - Stop sign,03 - At intersection,01 - Daylight,03 - P.D. only,02 - Angle
2099,BOYER RD @ JEANNE D'ARC BLVD,380683.0617,5036193.706,4/18/16,15:40,01 - Clear,01 - Dry,02 - Stop sign,02 - Intersection related,01 - Daylight,03 - P.D. only,03 - Rear end
2100,BOYER RD @ JEANNE D'ARC BLVD,380683.7351,5036192.17,12/15/16,7:55,01 - Clear,02 - Wet,02 - Stop sign,02 - Intersection related,01 - Daylight,03 - P.D. only,04 - Sideswipe
2101,BOYER RD @ LOIRE DR,380613.2597,5036352.155,7/22/16,16:05,01 - Clear,01 - Dry,02 - Stop sign,03 - At intersection,01 - Daylight,02 - Non-fatal injury,07 - SMV other
2102,BOYER RD @ NOTRE DAME ST,380449.3991,5036734.806,11/2/16,13:16,01 - Clear,01 - Dry,02 - Stop sign,03 - At intersection,01 - Daylight,03 - P.D. only,02 - Angle
2103,BOYER RD @ ORLEANS BLVD,380977.5269,5035508.348,9/28/16,8:39,01 - Clear,01 - Dry,02 - Stop sign,03 - At intersection,01 - Daylight,02 - Non-fatal injury,02 - Angle
2104,BOYER RD @ ORLEANS BLVD,380978.5746,5035508.982,12/29/16,11:47,03 - Snow,05 - Packed snow,02 - Stop sign,02 - Intersection related,01 - Daylight,03 - P.D. only,03 - Rear end
2105,BOYER RD @ ST. JOSEPH BLVD,380405.4153,5036833.889,2/5/16,16:45,01 - Clear,01 - Dry,02 - Stop sign,02 - Intersection related,01 - Daylight,03 - P.D. only,03 - Rear end
2106,BOYER RD @ ST. JOSEPH BLVD,380405.52,5036833.364,3/1/16,11:03,01 - Clear,03 - Loose snow,02 - Stop sign,03 - At intersection,01 - Daylight,03 - P.D. only,03 - Rear end
2107,BOYER RD @ ST. JOSEPH BLVD,380405.0678,5036834.485,5/3/16,17:15,01 - Clear,01 - Dry,02 - Stop sign,03 - At intersection,01 - Daylight,03 - P.D. only,02 - Angle
2108,BOYER RD @ ST. JOSEPH BLVD,380405.0834,5036833.366,12/17/16,10:00,03 - Snow,03 - Loose snow,02 - Stop sign,03 - At intersection,01 - Daylight,03 - P.D. only,05 - Turning movement
2109,BOYER RD btwn HARTLAND ST & BEAUSEJOUR DR,380741.9394,5036051.713,4/6/16,19:25,03 - Snow,05 - Packed snow,10 - No control,04 - At/near private drive,07 - Dark,03 - P.D. only,02 - Angle
2110,BRADFORD ST btwn JAMIESON ST & MAUD ST,359652.1974,5025658.389,12/31/16,18:20,01 - Clear,03 - Loose snow,10 - No control,01 - Non intersection,07 - Dark,03 - P.D. only,06 - SMV unattended vehicle
2111,BRADLEY AVE @ SHAKESPEARE ST,370433.7101,5033632.368,12/10/16,12:36,01 - Clear,06 - Ice,02 - Stop sign,03 - At intersection,01 - Daylight,03 - P.D. only,02 - Angle
2112,BRADY AVE btwn HUNTERBROOK ST N & STATEWOOD DR,348649.8126,5022840.116,1/11/16,16:59,01 - Clear,01 - Dry,10 - No control,04 - At/near private drive,05 - Dusk,03 - P.D. only,06 - SMV unattended vehicle
2113,BRAEMAR ST @ HEMLOCK RD,370891.0741,5034757.719,5/9/16,15:38,01 - Clear,01 - Dry,02 - Stop sign,02 - Intersection related,01 - Daylight,03 - P.D. only,03 - Rear end
2114,BRAEMAR ST @ HEMLOCK RD,370892.5383,5034757.191,12/8/16,17:34,03 - Snow,03 - Loose snow,02 - Stop sign,02 - Intersection related,07 - Dark,03 - P.D. only,03 - Rear end
2115,BRAMBLEGROVE CRES btwn LORRY GREENBERG DR & BRIERMOOR CRES (2),373509.2746,5025595.884,1/17/16,12:00,01 - Clear,03 - Loose snow,10 - No control,01 - Non intersection,01 - Daylight,03 - P.D. only,06 - SMV unattended vehicle
2116,BRAMBLEGROVE CRES S @ LORRY GREENBERG DR,373390.7636,5025650.3,9/6/16,15:41,01 - Clear,01 - Dry,02 - Stop sign,02 - Intersection related,01 - Daylight,03 - P.D. only,03 - Rear end
2117,BRANCHWOOD ST btwn WELLS ST & WELLS ST,367048.8397,5015592.489,6/15/16,18:38,01 - Clear,01 - Dry,10 - No control,01 - Non intersection,01 - Daylight,03 - P.D. only,06 - SMV unattended vehicle
2118,BRANT ST @ MCARTHUR AVE,371263.0715,5032805.351,11/8/16,17:45,01 - Clear,01 - Dry,01 - Traffic signal,02 - Intersection related,07 - Dark,03 - P.D. only,04 - Sideswipe
2119,BRANT ST btwn MCARTHUR AVE & BRANT ST,371280.1108,5032673.486,11/8/16,16:49,01 - Clear,01 - Dry,10 - No control,04 - At/near private drive,05 - Dusk,03 - P.D. only,06 - SMV unattended vehicle
2120,BRANTHAVEN ST @ BRANTHAVEN ST N,384732.7338,5034963.474,5/11/16,18:45,01 - Clear,01 - Dry,02 - Stop sign,03 - At intersection,01 - Daylight,03 - P.D. only,02 - Angle
2121,BREANNA CARDILL ST btwn Continuation of BREANNA CARDILL ST & MARY ANNE,378188.3365,5012242.611,1/20/16,21:30,01 - Clear,05 - Packed snow,10 - No control,01 - Non intersection,07 - Dark,03 - P.D. only,06 - SMV unattended vehicle
2122,BREEZEHILL AVE   N btwn SOMERSET ST W & LAUREL ST,366002.0906,5029739.927,9/29/16,0:00,01 - Clear,01 - Dry,10 - No control,01 - Non intersection,00 - Unknown,03 - P.D. only,06 - SMV unattended vehicle
2123,BREEZEHILL AVE   S btwn HICKORY ST & LINDENPARK PRIV,366400.6449,5028830.317,2/28/16,13:00,01 - Clear,05 - Packed snow,10 - No control,01 - Non intersection,01 - Daylight,03 - P.D. only,06 - SMV unattended vehicle
2124,BREEZEHILL AVE   S btwn YOUNG ST & NOLAN AVE,366216.7908,5029254.363,10/15/16,0:00,01 - Clear,01 - Dry,10 - No control,01 - Non intersection,00 - Unknown,03 - P.D. only,06 - SMV unattended vehicle
2125,BREEZEHILL AVE @ GLADSTONE AVE,366098.9544,5029523.833,12/7/16,15:25,01 - Clear,02 - Wet,02 - Stop sign,03 - At intersection,01 - Daylight,02 - Non-fatal injury,05 - Turning movement
2126,BREEZEWOOD ST btwn MONDAVI ST & MONDAVI ST,386347.3609,5037931.995,7/17/16,21:30,01 - Clear,01 - Dry,10 - No control,04 - At/near private drive,07 - Dark,03 - P.D. only,06 - SMV unattended vehicle
2127,BRENTWOOD AVE @ VICTORIA ST,384704.1324,5010723.485,6/21/16,16:03,01 - Clear,01 - Dry,02 - Stop sign,02 - Intersection related,01 - Daylight,02 - Non-fatal injury,03 - Rear end
2128,BRETTONWOOD RIDGE btwn CALVINGTON AVE & SILVERTIP LANE,349164.4556,5018292.326,12/16/16,15:50,01 - Clear,02 - Wet,10 - No control,01 - Non intersection,05 - Dusk,03 - P.D. only,06 - SMV unattended vehicle
2129,BRETTONWOOD RIDGE btwn HALYARD WAY/FALLENGALE CRES & SWEETWATER LANE/FALLENGALE CRES,348956.3964,5018411.237,3/22/16,0:00,01 - Clear,01 - Dry,10 - No control,01 - Non intersection,00 - Unknown,03 - P.D. only,06 - SMV unattended vehicle
2130,BREWER RD @ BRONSON AVE,368108.7808,5027766.702,3/31/16,17:48,02 - Rain,02 - Wet,01 - Traffic signal,03 - At intersection,01 - Daylight,02 - Non-fatal injury,05 - Turning movement
2131,BREWER RD @ BRONSON AVE,368105.37,5027771.05,7/9/16,11:53,02 - Rain,02 - Wet,01 - Traffic signal,02 - Intersection related,01 - Daylight,02 - Non-fatal injury,03 - Rear end
2132,BREWER RD @ BRONSON AVE,368109.8737,5027764.839,9/8/16,12:38,01 - Clear,02 - Wet,01 - Traffic signal,02 - Intersection related,01 - Daylight,02 - Non-fatal injury,03 - Rear end
2133,BREWER RD @ BRONSON AVE,368109.8753,5027766.85,10/20/16,18:44,01 - Clear,01 - Dry,01 - Traffic signal,02 - Intersection related,07 - Dark,03 - P.D. only,03 - Rear end
2134,BREWER RD @ BRONSON AVE,368107.9494,5027765.777,10/22/16,17:22,02 - Rain,02 - Wet,01 - Traffic signal,03 - At intersection,07 - Dark,03 - P.D. only,05 - Turning movement
2135,BREWER RD @ BRONSON AVE,368109.7057,5027766.216,5/27/16,16:42,02 - Rain,02 - Wet,01 - Traffic signal,02 - Intersection related,01 - Daylight,03 - P.D. only,03 - Rear end
2136,BREWER RD @ BRONSON AVE,368109.2666,5027766.655,2/3/16,17:47,01 - Clear,02 - Wet,01 - Traffic signal,03 - At intersection,07 - Dark,03 - P.D. only,03 - Rear end
2137,BREWER RD @ BRONSON AVE,368109.0471,5027765.31,1/6/16,8:40,01 - Clear,02 - Wet,01 - Traffic signal,02 - Intersection related,01 - Daylight,03 - P.D. only,05 - Turning movement
2138,BREWER RD @ BRONSON AVE,368108.3707,5027766.21,5/26/16,21:38,02 - Rain,02 - Wet,01 - Traffic signal,03 - At intersection,07 - Dark,03 - P.D. only,05 - Turning movement
2139,BREWER RD @ BRONSON AVE,368108.8226,5027765.314,5/1/16,13:19,02 - Rain,02 - Wet,01 - Traffic signal,02 - Intersection related,01 - Daylight,03 - P.D. only,03 - Rear end
2140,BREWER RD @ BRONSON AVE,368109.2744,5027766.89,7/25/16,9:19,02 - Rain,02 - Wet,01 - Traffic signal,02 - Intersection related,01 - Daylight,03 - P.D. only,03 - Rear end
2141,BREWER RD @ BRONSON AVE,368108.3885,5027766.216,9/23/16,22:47,01 - Clear,01 - Dry,01 - Traffic signal,03 - At intersection,07 - Dark,03 - P.D. only,05 - Turning movement
2142,BREWER RD @ BRONSON AVE,368107.9107,5027766.436,7/25/16,8:11,02 - Rain,02 - Wet,01 - Traffic signal,02 - Intersection related,01 - Daylight,03 - P.D. only,03 - Rear end
2143,BREWER RD @ BRONSON AVE,368109.2666,5027765.777,10/20/16,16:14,02 - Rain,02 - Wet,01 - Traffic signal,02 - Intersection related,01 - Daylight,03 - P.D. only,04 - Sideswipe
2144,BREWER RD @ BRONSON AVE,368109.8753,5027766.85,10/8/16,11:35,02 - Rain,02 - Wet,01 - Traffic signal,02 - Intersection related,01 - Daylight,03 - P.D. only,03 - Rear end
2145,BREWER RD @ BRONSON AVE,368108.3653,5027765.981,7/15/16,16:00,02 - Rain,02 - Wet,01 - Traffic signal,02 - Intersection related,01 - Daylight,03 - P.D. only,03 - Rear end
2146,BREWER RD @ BRONSON AVE,368106.5626,5027768.506,12/14/16,15:15,01 - Clear,01 - Dry,01 - Traffic signal,02 - Intersection related,01 - Daylight,03 - P.D. only,03 - Rear end
2147,BREWER RD @ BRONSON AVE,368109.8753,5027766.85,12/23/16,21:38,03 - Snow,02 - Wet,01 - Traffic signal,03 - At intersection,07 - Dark,03 - P.D. only,03 - Rear end
2148,BREWER WAY btwn HOPEWELL AVE & BRONSON AVE,368092.5722,5028095.452,8/25/16,1:32,01 - Clear,01 - Dry,10 - No control,01 - Non intersection,07 - Dark,03 - P.D. only,07 - SMV other
2149,BRIAN COBURN BLVD @ ESPRIT DR,385141.9652,5035342.854,5/20/16,22:30,01 - Clear,01 - Dry,02 - Stop sign,02 - Intersection related,07 - Dark,03 - P.D. only,04 - Sideswipe
2150,BRIAN COBURN BLVD @ ESPRIT DR,385140.2026,5035344.241,1/14/16,7:21,03 - Snow,05 - Packed snow,02 - Stop sign,02 - Intersection related,03 - Dawn,03 - P.D. only,03 - Rear end
2151,BRIAN COBURN BLVD @ ESPRIT DR,385141.6409,5035342.872,9/10/16,20:10,01 - Clear,01 - Dry,02 - Stop sign,03 - At intersection,07 - Dark,03 - P.D. only,02 - Angle
2152,BRIAN COBURN BLVD @ ESPRIT DR,385141.353,5035343.552,7/8/16,16:16,01 - Clear,01 - Dry,02 - Stop sign,02 - Intersection related,01 - Daylight,03 - P.D. only,03 - Rear end
2153,BRIAN COBURN BLVD @ ESPRIT DR,385141.7998,5035343.332,12/21/16,16:48,01 - Clear,02 - Wet,02 - Stop sign,03 - At intersection,05 - Dusk,03 - P.D. only,02 - Angle
2154,BRIAN COBURN BLVD @ MER BLEUE RD,383150.8189,5034441.164,1/4/16,19:37,01 - Clear,01 - Dry,01 - Traffic signal,02 - Intersection related,07 - Dark,03 - P.D. only,03 - Rear end
2155,BRIAN COBURN BLVD @ MER BLEUE RD,383150.8189,5034441.164,10/4/16,7:15,01 - Clear,01 - Dry,11 - Roundabout,02 - Intersection related,01 - Daylight,03 - P.D. only,03 - Rear end
2156,BRIAN COBURN BLVD @ STRASBOURG ST,384047.0876,5034849.225,9/29/16,16:11,01 - Clear,01 - Dry,02 - Stop sign,03 - At intersection,01 - Daylight,03 - P.D. only,03 - Rear end
2157,BRIAN COBURN BLVD @ TENTH LINE RD,384428.3389,5035022.308,5/1/16,15:44,02 - Rain,02 - Wet,01 - Traffic signal,02 - Intersection related,01 - Daylight,02 - Non-fatal injury,03 - Rear end
2158,BRIAN COBURN BLVD @ TENTH LINE RD,384428.3389,5035022.308,12/1/16,18:36,01 - Clear,02 - Wet,01 - Traffic signal,03 - At intersection,07 - Dark,02 - Non-fatal injury,05 - Turning movement
2159,BRIAN COBURN BLVD @ TENTH LINE RD,384428.3389,5035022.308,12/8/16,16:11,03 - Snow,03 - Loose snow,01 - Traffic signal,02 - Intersection related,05 - Dusk,03 - P.D. only,03 - Rear end
2160,BRIAN COBURN BLVD @ TENTH LINE RD,384428.3389,5035022.308,12/28/16,17:37,01 - Clear,01 - Dry,01 - Traffic signal,03 - At intersection,07 - Dark,03 - P.D. only,05 - Turning movement
2161,BRIAN COBURN BLVD @ TENTH LINE RD,384428.3389,5035022.308,12/1/16,19:34,02 - Rain,02 - Wet,01 - Traffic signal,03 - At intersection,07 - Dark,03 - P.D. only,05 - Turning movement
2162,BRIAN COBURN BLVD btwn AQUAVIEW DR & ESPRIT DR,384966.2049,5035268.788,12/7/16,17:05,01 - Clear,01 - Dry,10 - No control,01 - Non intersection,07 - Dark,03 - P.D. only,03 - Rear end
2163,BRIAN COBURN BLVD btwn BOISFRANC CIRC & ESPRIT DR,385187.903,5035364.408,7/11/16,16:45,01 - Clear,01 - Dry,10 - No control,04 - At/near private drive,01 - Daylight,03 - P.D. only,02 - Angle
2164,BRIAN COBURN BLVD btwn GERRY LALONDE DR & STRASBOURG ST,384037.478,5034846.321,4/29/16,10:41,01 - Clear,01 - Dry,10 - No control,01 - Non intersection,01 - Daylight,03 - P.D. only,03 - Rear end
2165,BRIAN GOOD AVE @ POPLIN ST,368164.583,5014727.027,12/5/16,8:08,03 - Snow,06 - Ice,10 - No control,03 - At intersection,01 - Daylight,03 - P.D. only,02 - Angle
2166,BRIAR HILL DR btwn HERON RD & GARAND PL,371450.4831,5027045.041,1/1/16,10:14,03 - Snow,02 - Wet,10 - No control,04 - At/near private drive,01 - Daylight,03 - P.D. only,99 - Other
2167,BRIAR HILL DR btwn HERON RD & GARAND PL,371450.9415,5027071.372,7/21/16,10:32,01 - Clear,01 - Dry,10 - No control,04 - At/near private drive,01 - Daylight,03 - P.D. only,05 - Turning movement
2168,BRIARFIELD CRES btwn DEANCOURT CRES & DEANCOURT CRES,383813.341,5038335.579,8/8/16,12:32,01 - Clear,01 - Dry,10 - No control,01 - Non intersection,01 - Daylight,03 - P.D. only,06 - SMV unattended vehicle
2169,BRIARFIELD CRES btwn DEANCOURT CRES & DEANCOURT CRES,383802.2159,5038165.237,12/13/16,0:00,01 - Clear,02 - Wet,10 - No control,01 - Non intersection,00 - Unknown,03 - P.D. only,06 - SMV unattended vehicle
2170,BRIDGE ST @ ARTHUR CRES N,369022.5372,5010281.816,12/16/16,18:20,01 - Clear,06 - Ice,02 - Stop sign,03 - At intersection,07 - Dark,02 - Non-fatal injury,07 - SMV other
2171,BRIDGE ST @ LONG ISLAND RD,369060.8189,5010344.733,1/12/16,8:05,01 - Clear,01 - Dry,01 - Traffic signal,03 - At intersection,01 - Daylight,02 - Non-fatal injury,02 - Angle
2172,BRIDGE ST @ MILL ST,368855.6417,5010077.373,3/26/16,10:22,01 - Clear,01 - Dry,01 - Traffic signal,02 - Intersection related,01 - Daylight,03 - P.D. only,03 - Rear end
2173,BRIDGE ST @ MILL ST,368854.981,5010077.365,12/9/16,21:34,01 - Clear,02 - Wet,01 - Traffic signal,03 - At intersection,07 - Dark,03 - P.D. only,05 - Turning movement
2174,BRIDGE ST btwn KITOMAN CRES & RIVER RD,369464.8727,5010750.715,3/3/16,16:46,01 - Clear,01 - Dry,10 - No control,04 - At/near private drive,01 - Daylight,03 - P.D. only,05 - Turning movement
2175,BRIDGE ST/MAPLE AVE @ MANOTICK MAIN ST,368699.1737,5009932.581,3/9/16,15:50,01 - Clear,01 - Dry,01 - Traffic signal,03 - At intersection,01 - Daylight,03 - P.D. only,02 - Angle
2176,BRIDGESTONE DR @ BRIDLE PARK DR/EQUESTRIAN DR ,355297.2881,5016273.673,9/1/16,9:26,01 - Clear,01 - Dry,02 - Stop sign,03 - At intersection,01 - Daylight,02 - Non-fatal injury,07 - SMV other
2177,BRIDGESTONE DR @ CEDAROCK DR,355108.631,5016898.983,12/22/16,10:43,03 - Snow,03 - Loose snow,02 - Stop sign,02 - Intersection related,01 - Daylight,02 - Non-fatal injury,01 - Approaching
2178,BRIDGESTONE DR @ EAGLESON RD,354872.691,5015404.735,12/5/16,10:09,03 - Snow,03 - Loose snow,02 - Stop sign,02 - Intersection related,01 - Daylight,03 - P.D. only,03 - Rear end
2179,BRIDGESTONE DR @ EQUESTRIAN DR N,355115.7505,5016815.105,3/19/16,0:12,01 - Clear,01 - Dry,03 - Yield sign,02 - Intersection related,07 - Dark,03 - P.D. only,07 - SMV other
2180,BRIDGESTONE DR @ FOXHALL WAY,355179.009,5016442.85,6/27/16,17:53,01 - Clear,01 - Dry,11 - Roundabout,02 - Intersection related,01 - Daylight,03 - P.D. only,07 - SMV other
2181,BRIDGESTONE DR @ FOXHALL WAY,355179.009,5016442.85,10/10/16,18:26,01 - Clear,01 - Dry,11 - Roundabout,03 - At intersection,07 - Dark,03 - P.D. only,07 - SMV other
2182,BRIDGESTONE DR @ SPUR AVE,355424.3256,5015853.583,1/8/16,8:06,01 - Clear,04 - Slush,02 - Stop sign,02 - Intersection related,01 - Daylight,03 - P.D. only,99 - Other
2183,BRIDGESTONE DR/STEEPLE CHASE DR @ STONEHAVEN D,355105.9173,5016984.516,4/22/16,11:07,01 - Clear,01 - Dry,11 - Roundabout,03 - At intersection,01 - Daylight,02 - Non-fatal injury,07 - SMV other
2184,BRIDGESTONE DR/STEEPLE CHASE DR @ STONEHAVEN D,355105.9527,5016985.164,2/15/16,18:16,03 - Snow,06 - Ice,11 - Roundabout,03 - At intersection,07 - Dark,03 - P.D. only,02 - Angle
2185,BRIDGESTONE DR/STEEPLE CHASE DR @ STONEHAVEN D,355104.8038,5016985.15,1/21/16,13:45,01 - Clear,01 - Dry,11 - Roundabout,03 - At intersection,01 - Daylight,03 - P.D. only,03 - Rear end
2186,BRIDGESTONE DR/STEEPLE CHASE DR @ STONEHAVEN D,355105.3307,5016984.623,10/9/16,9:56,01 - Clear,01 - Dry,11 - Roundabout,03 - At intersection,01 - Daylight,03 - P.D. only,07 - SMV other
2187,BRIDGESTONE DR/STEEPLE CHASE DR @ STONEHAVEN D,355104.9949,5016984.447,12/20/16,6:49,01 - Clear,04 - Slush,11 - Roundabout,03 - At intersection,07 - Dark,03 - P.D. only,02 - Angle
2188,BRIDLE PARK DR @ STONEHAVEN DR,356109.3938,5016318.519,5/20/16,8:07,01 - Clear,01 - Dry,01 - Traffic signal,03 - At intersection,01 - Daylight,02 - Non-fatal injury,03 - Rear end
2189,BRIDLE PARK DR @ STONEMEADOW DR,355614.2875,5016339.851,12/9/16,16:40,01 - Clear,01 - Dry,02 - Stop sign,03 - At intersection,05 - Dusk,03 - P.D. only,02 - Angle
2190,BRIDLE PARK DR btwn RIVERGREEN CRES & WINDGATE CRES,355828.4114,5016209.938,5/14/16,7:29,01 - Clear,01 - Dry,10 - No control,01 - Non intersection,01 - Daylight,02 - Non-fatal injury,07 - SMV other
2191,BRIDLE PATH DR @ CAROUSEL CRES,371900.5158,5023641.844,4/16/16,14:03,01 - Clear,01 - Dry,10 - No control,03 - At intersection,01 - Daylight,03 - P.D. only,05 - Turning movement
2192,BRIDLE PATH DR @ CROSSCUT TER/PIMLICO CRES S,371366.831,5023704.911,1/22/16,20:21,01 - Clear,01 - Dry,02 - Stop sign,03 - At intersection,07 - Dark,03 - P.D. only,02 - Angle
2193,BRIDLE PATH DR @ EQUUS WAY E/HUNTER'S POINT CR,371620.9986,5023532.573,12/9/16,8:30,01 - Clear,06 - Ice,02 - Stop sign,02 - Intersection related,01 - Daylight,03 - P.D. only,03 - Rear end
2194,BRIDLE PATH DR btwn CAROUSEL CRES & ALBION RD,372011.9704,5023711.243,8/20/16,10:23,01 - Clear,01 - Dry,10 - No control,01 - Non intersection,01 - Daylight,03 - P.D. only,05 - Turning movement
2195,BRIDLEWOOD DR btwn SPRUCE MEADOWS DR & CLYDESDALE AVE,355001.0387,5017311.452,2/19/16,16:20,01 - Clear,05 - Packed snow,10 - No control,01 - Non intersection,01 - Daylight,03 - P.D. only,02 - Angle
2196,BRIGHTON AVE btwn BRISTOL AVE & RIDEAU RIVER DR,369456.8925,5028945.856,9/1/16,0:00,01 - Clear,01 - Dry,10 - No control,01 - Non intersection,00 - Unknown,03 - P.D. only,06 - SMV unattended vehicle
2197,BRIGHTSIDE AVE btwn Continuation of BRIGHTSIDE AVE & HOPETOWN ST,351604.2847,5012335.369,6/5/16,18:22,02 - Rain,02 - Wet,10 - No control,01 - Non intersection,01 - Daylight,02 - Non-fatal injury,06 - SMV unattended vehicle
2198,BRISBANE RD @ MAYO AVE,366907.9724,5020908.7,3/7/16,10:42,01 - Clear,02 - Wet,03 - Yield sign,03 - At intersection,01 - Daylight,03 - P.D. only,02 - Angle
2199,BRISTOL AVE @ SUNNYSIDE AVE,369241.9276,5028891.769,9/23/16,17:20,01 - Clear,01 - Dry,02 - Stop sign,03 - At intersection,01 - Daylight,03 - P.D. only,02 - Angle
2200,BRITANNIA RD @ CARLING AVE,360175.3593,5024738.983,8/12/16,16:42,01 - Clear,01 - Dry,02 - Stop sign,02 - Intersection related,01 - Daylight,03 - P.D. only,02 - Angle
2201,BRITANNIA RD @ DON ST,360011.0156,5025111.173,8/30/16,13:04,01 - Clear,01 - Dry,02 - Stop sign,03 - At intersection,01 - Daylight,03 - P.D. only,02 - Angle
2202,BRITANNIA RD @ DON ST,360011.0943,5025110.655,10/29/16,11:48,02 - Rain,02 - Wet,02 - Stop sign,03 - At intersection,01 - Daylight,03 - P.D. only,02 - Angle
2203,BRITANNIA RD btwn SALINA ST & HOWE ST,359869.2988,5025354.774,8/27/16,18:25,01 - Clear,01 - Dry,10 - No control,04 - At/near private drive,01 - Daylight,03 - P.D. only,02 - Angle
2204,BRITTANY DR @ MONTREAL RD,371912.4923,5033995.24,2/11/16,19:23,06 - Strong wind,06 - Ice,01 - Traffic signal,03 - At intersection,07 - Dark,03 - P.D. only,05 - Turning movement
2205,BRITTANY DR btwn BANGS ST & TRURO ST,371710.7026,5034359.041,3/24/16,23:19,03 - Snow,06 - Ice,10 - No control,01 - Non intersection,07 - Dark,03 - P.D. only,06 - SMV unattended vehicle
2206,BRITTANY DR btwn BANGS ST & TRURO ST,371732.2359,5034354.421,11/22/16,13:37,03 - Snow,05 - Packed snow,10 - No control,01 - Non intersection,01 - Daylight,03 - P.D. only,06 - SMV unattended vehicle
2207,BRITTANY DR btwn KRISTIN WAY & MONTREAL RD,371874.6292,5034081.133,3/4/16,19:54,01 - Clear,01 - Dry,10 - No control,01 - Non intersection,07 - Dark,03 - P.D. only,06 - SMV unattended vehicle
2208,BRITTANY DR btwn KRISTIN WAY & MONTREAL RD,371858.4013,5034120.13,12/17/16,13:38,03 - Snow,03 - Loose snow,10 - No control,01 - Non intersection,01 - Daylight,03 - P.D. only,05 - Turning movement
2209,BRITTANY DR btwn ST. LAURENT BLVD & COLEFORD PL,371417.7701,5034362.128,4/6/16,20:29,03 - Snow,05 - Packed snow,10 - No control,04 - At/near private drive,07 - Dark,03 - P.D. only,06 - SMV unattended vehicle
2210,BRITTANY DR btwn ST. LAURENT BLVD & COLEFORD PL,371357.4828,5034346.761,8/7/16,17:00,01 - Clear,01 - Dry,10 - No control,04 - At/near private drive,01 - Daylight,03 - P.D. only,01 - Approaching
2211,BROADVIEW AVE @ BYRON AVE,362696.3424,5027832.499,4/4/16,16:00,01 - Clear,01 - Dry,02 - Stop sign,03 - At intersection,01 - Daylight,03 - P.D. only,02 - Angle
2212,BROADVIEW AVE @ DOVERCOURT AVE,362984.9155,5027115.41,5/26/16,9:38,01 - Clear,01 - Dry,02 - Stop sign,02 - Intersection related,01 - Daylight,03 - P.D. only,01 - Approaching