Record,Location,X,Y,Date,Time,Environment,Road_Surface,Traffic_Control,Collision_Location,Light,Collision_Classification,Impact_type
2213,BROADVIEW AVE @ PRINCETON AVE,362851.0273,5027444.759,1/20/16,10:39,01 - Clear,02 - Wet,02 - Stop sign,03 - At intersection,01 - Daylight,02 - Non-fatal injury,02 - Angle
2214,BROADVIEW AVE @ PRINCETON AVE,362850.5882,5027443.881,6/24/16,6:09,01 - Clear,01 - Dry,02 - Stop sign,02 - Intersection related,01 - Daylight,03 - P.D. only,03 - Rear end
2215,BROADVIEW AVE @ RICHMOND RD,362679.4725,5027865.331,2/2/16,8:45,01 - Clear,01 - Dry,02 - Stop sign,02 - Intersection related,01 - Daylight,03 - P.D. only,03 - Rear end
2216,BROADVIEW AVE @ RICHMOND RD,362679.468,5027866.222,3/23/16,12:15,01 - Clear,01 - Dry,02 - Stop sign,03 - At intersection,01 - Daylight,03 - P.D. only,05 - Turning movement
2217,BROADVIEW AVE btwn BYRON AVE & KENWOOD AVE,362731.2847,5027746.418,3/4/16,15:06,01 - Clear,01 - Dry,10 - No control,04 - At/near private drive,01 - Daylight,03 - P.D. only,02 - Angle
2218,BROADVIEW AVE btwn KERR AVE & NADOLNY SACHS PRIV,363280.5,5026435.571,3/3/16,12:03,01 - Clear,01 - Dry,10 - No control,04 - At/near private drive,01 - Daylight,03 - P.D. only,99 - Other
2219,BROADVIEW AVE btwn WELLESLEY AVE & CARLING AVE,363175.1924,5026649.448,6/25/16,14:35,01 - Clear,01 - Dry,10 - No control,04 - At/near private drive,01 - Daylight,03 - P.D. only,04 - Sideswipe
2220,BROCKSTONE CRES btwn AQUAVIEW DR & AQUAVIEW DR,384868.0698,5035822.587,10/11/16,12:45,01 - Clear,01 - Dry,10 - No control,04 - At/near private drive,01 - Daylight,03 - P.D. only,99 - Other
2221,BROMLEY RD @ CARLING AVE,362559.0286,5026245.304,5/27/16,14:59,01 - Clear,01 - Dry,02 - Stop sign,03 - At intersection,01 - Daylight,03 - P.D. only,04 - Sideswipe
2222,BROMLEY RD @ SHERBOURNE RD,362924.3169,5026581.035,8/14/16,2:08,01 - Clear,01 - Dry,02 - Stop sign,03 - At intersection,07 - Dark,03 - P.D. only,04 - Sideswipe
2223,BROMLEY RD btwn CARLING AVE & MCKELLAR AVE,362705.9358,5026443.553,4/2/16,23:00,01 - Clear,01 - Dry,10 - No control,01 - Non intersection,07 - Dark,03 - P.D. only,06 - SMV unattended vehicle
2224,BRONSON AVE @ BRONSON AVE NB OFFRAMP 24,367808.4356,5028298.384,6/25/16,14:05,01 - Clear,01 - Dry,10 - No control,02 - Intersection related,01 - Daylight,03 - P.D. only,03 - Rear end
2225,BRONSON AVE @ BRONSON AVE NB ON RAMP 42,367752.3019,5028446.382,8/14/16,15:12,01 - Clear,01 - Dry,03 - Yield sign,02 - Intersection related,01 - Daylight,03 - P.D. only,02 - Angle
2226,BRONSON AVE @ BRONSON AVE SB ON RAMP 43,367796.6102,5028318.773,2/28/16,15:43,01 - Clear,02 - Wet,03 - Yield sign,02 - Intersection related,01 - Daylight,03 - P.D. only,07 - SMV other
2227,BRONSON AVE @ BRONSON AVE SB ON RAMP 43,367797.2886,5028320.055,9/17/16,16:39,01 - Clear,01 - Dry,03 - Yield sign,02 - Intersection related,01 - Daylight,03 - P.D. only,03 - Rear end
2228,BRONSON AVE @ CARLING AVE/GLEBE AVE,367448.6255,5029335.332,5/17/16,18:07,01 - Clear,01 - Dry,01 - Traffic signal,03 - At intersection,01 - Daylight,02 - Non-fatal injury,02 - Angle
2229,BRONSON AVE @ CARLING AVE/GLEBE AVE,367447.9317,5029334.214,5/17/16,11:45,01 - Clear,01 - Dry,01 - Traffic signal,02 - Intersection related,01 - Daylight,02 - Non-fatal injury,03 - Rear end
2230,BRONSON AVE @ CARLING AVE/GLEBE AVE,367448.3656,5029334.903,9/23/16,14:46,01 - Clear,01 - Dry,01 - Traffic signal,02 - Intersection related,01 - Daylight,02 - Non-fatal injury,02 - Angle
2231,BRONSON AVE @ CARLING AVE/GLEBE AVE,367446.6093,5029335.342,9/19/16,22:29,01 - Clear,01 - Dry,01 - Traffic signal,03 - At intersection,07 - Dark,03 - P.D. only,02 - Angle
2232,BRONSON AVE @ CARLING AVE/GLEBE AVE,367447.2644,5029336.673,10/28/16,16:45,01 - Clear,02 - Wet,01 - Traffic signal,03 - At intersection,01 - Daylight,03 - P.D. only,03 - Rear end
2233,BRONSON AVE @ CARLING AVE/GLEBE AVE,367446.6093,5029336.221,1/27/16,11:59,01 - Clear,02 - Wet,01 - Traffic signal,02 - Intersection related,01 - Daylight,03 - P.D. only,03 - Rear end
2234,BRONSON AVE @ CARLING AVE/GLEBE AVE,367446.6093,5029334.903,9/16/16,15:58,01 - Clear,01 - Dry,01 - Traffic signal,02 - Intersection related,01 - Daylight,03 - P.D. only,05 - Turning movement
2235,BRONSON AVE @ CARLING AVE/GLEBE AVE,367447.0306,5029334.886,4/15/16,18:10,01 - Clear,01 - Dry,01 - Traffic signal,03 - At intersection,01 - Daylight,03 - P.D. only,04 - Sideswipe
2236,BRONSON AVE @ CARLING AVE/GLEBE AVE,367447.4875,5029334.903,12/12/16,17:05,03 - Snow,02 - Wet,01 - Traffic signal,02 - Intersection related,07 - Dark,03 - P.D. only,04 - Sideswipe
2237,BRONSON AVE @ CARLING AVE/GLEBE AVE,367448.5352,5029334.32,12/28/16,19:19,01 - Clear,01 - Dry,01 - Traffic signal,02 - Intersection related,07 - Dark,03 - P.D. only,03 - Rear end
2238,BRONSON AVE @ CARLING AVE/GLEBE AVE,367447.7705,5029335.559,11/24/16,9:26,03 - Snow,03 - Loose snow,01 - Traffic signal,02 - Intersection related,01 - Daylight,03 - P.D. only,04 - Sideswipe
2239,BRONSON AVE @ CARLING AVE/GLEBE AVE,367449.3633,5029335.148,11/25/16,18:29,01 - Clear,01 - Dry,01 - Traffic signal,02 - Intersection related,07 - Dark,03 - P.D. only,03 - Rear end
2240,BRONSON AVE @ CARLING AVE/GLEBE AVE,367449.3633,5029335.148,11/30/16,20:00,02 - Rain,02 - Wet,01 - Traffic signal,02 - Intersection related,07 - Dark,03 - P.D. only,04 - Sideswipe
2241,BRONSON AVE @ CARLING AVE/GLEBE AVE,367447.5611,5029335.664,9/29/16,23:15,01 - Clear,01 - Dry,01 - Traffic signal,02 - Intersection related,07 - Dark,03 - P.D. only,04 - Sideswipe
2242,BRONSON AVE @ CATHERINE ST/RAYMOND ST,367252.489,5029796.347,9/2/16,15:03,01 - Clear,01 - Dry,01 - Traffic signal,02 - Intersection related,01 - Daylight,02 - Non-fatal injury,02 - Angle
2243,BRONSON AVE @ CATHERINE ST/RAYMOND ST,367252.9358,5029796.112,6/22/16,19:39,01 - Clear,01 - Dry,01 - Traffic signal,02 - Intersection related,01 - Daylight,02 - Non-fatal injury,05 - Turning movement
2244,BRONSON AVE @ CATHERINE ST/RAYMOND ST,367252.4379,5029796.752,9/5/16,8:23,01 - Clear,01 - Dry,01 - Traffic signal,03 - At intersection,01 - Daylight,02 - Non-fatal injury,07 - SMV other
2245,BRONSON AVE @ CATHERINE ST/RAYMOND ST,367252.4865,5029797.232,3/17/16,15:00,01 - Clear,01 - Dry,01 - Traffic signal,02 - Intersection related,01 - Daylight,03 - P.D. only,03 - Rear end
2246,BRONSON AVE @ CATHERINE ST/RAYMOND ST,367252.9373,5029796.566,10/25/16,13:15,01 - Clear,01 - Dry,01 - Traffic signal,02 - Intersection related,01 - Daylight,03 - P.D. only,03 - Rear end
2247,BRONSON AVE @ CATHERINE ST/RAYMOND ST,367254.3648,5029795.324,8/12/16,12:36,01 - Clear,01 - Dry,01 - Traffic signal,02 - Intersection related,01 - Daylight,03 - P.D. only,03 - Rear end
2248,BRONSON AVE @ CATHERINE ST/RAYMOND ST,367251.6108,5029796.786,1/19/16,19:28,03 - Snow,04 - Slush,01 - Traffic signal,02 - Intersection related,07 - Dark,03 - P.D. only,04 - Sideswipe
2249,BRONSON AVE @ CATHERINE ST/RAYMOND ST,367252.928,5029797.225,1/6/16,14:40,01 - Clear,02 - Wet,01 - Traffic signal,02 - Intersection related,01 - Daylight,03 - P.D. only,04 - Sideswipe
2250,BRONSON AVE @ CATHERINE ST/RAYMOND ST,367252.9748,5029795.768,2/16/16,15:24,03 - Snow,03 - Loose snow,01 - Traffic signal,03 - At intersection,01 - Daylight,03 - P.D. only,02 - Angle
2251,BRONSON AVE @ CATHERINE ST/RAYMOND ST,367253.2254,5029795.889,4/5/16,18:56,01 - Clear,01 - Dry,01 - Traffic signal,03 - At intersection,01 - Daylight,03 - P.D. only,05 - Turning movement
2252,BRONSON AVE @ CATHERINE ST/RAYMOND ST,367252.483,5029797.694,5/15/16,20:31,01 - Clear,01 - Dry,01 - Traffic signal,02 - Intersection related,05 - Dusk,03 - P.D. only,99 - Other
2253,BRONSON AVE @ CATHERINE ST/RAYMOND ST,367253.0774,5029796.563,11/10/16,17:30,01 - Clear,01 - Dry,01 - Traffic signal,02 - Intersection related,07 - Dark,03 - P.D. only,03 - Rear end
2254,BRONSON AVE @ CATHERINE ST/RAYMOND ST,367253.0043,5029797.318,11/16/16,7:22,02 - Rain,02 - Wet,01 - Traffic signal,03 - At intersection,01 - Daylight,03 - P.D. only,05 - Turning movement
2255,BRONSON AVE @ CATHERINE ST/RAYMOND ST,367252.3808,5029796.954,6/28/16,12:35,01 - Clear,01 - Dry,01 - Traffic signal,02 - Intersection related,01 - Daylight,03 - P.D. only,03 - Rear end
2256,BRONSON AVE @ CATHERINE ST/RAYMOND ST,367253.0774,5029798.166,8/28/16,21:06,01 - Clear,01 - Dry,01 - Traffic signal,02 - Intersection related,07 - Dark,03 - P.D. only,04 - Sideswipe
2257,BRONSON AVE @ CHRISTIE ST,367050.0403,5030279.905,11/16/16,12:51,01 - Clear,01 - Dry,01 - Traffic signal,03 - At intersection,01 - Daylight,03 - P.D. only,02 - Angle
2258,BRONSON AVE @ COMMISSIONER ST/SLATER ST,366769.3513,5030948.079,7/20/16,14:29,01 - Clear,01 - Dry,01 - Traffic signal,03 - At intersection,01 - Daylight,02 - Non-fatal injury,02 - Angle
2259,BRONSON AVE @ COMMISSIONER ST/SLATER ST,366768.5093,5030949.05,5/26/16,14:39,01 - Clear,01 - Dry,01 - Traffic signal,03 - At intersection,01 - Daylight,02 - Non-fatal injury,05 - Turning movement
2260,BRONSON AVE @ COMMISSIONER ST/SLATER ST,366769.096,5030947.786,6/5/16,16:22,01 - Clear,02 - Wet,01 - Traffic signal,03 - At intersection,01 - Daylight,03 - P.D. only,05 - Turning movement
2261,BRONSON AVE @ COMMISSIONER ST/SLATER ST,366770.1255,5030948.331,10/11/16,10:07,01 - Clear,01 - Dry,01 - Traffic signal,03 - At intersection,01 - Daylight,03 - P.D. only,05 - Turning movement
2262,BRONSON AVE @ COMMISSIONER ST/SLATER ST,366769.096,5030948.568,6/7/16,16:16,01 - Clear,01 - Dry,01 - Traffic signal,03 - At intersection,01 - Daylight,03 - P.D. only,02 - Angle
2263,BRONSON AVE @ COMMISSIONER ST/SLATER ST,366768.3113,5030947.886,6/16/16,13:20,01 - Clear,01 - Dry,01 - Traffic signal,03 - At intersection,01 - Daylight,03 - P.D. only,05 - Turning movement
2264,BRONSON AVE @ COMMISSIONER ST/SLATER ST,366767.7869,5030949.257,5/23/16,15:22,01 - Clear,01 - Dry,01 - Traffic signal,03 - At intersection,01 - Daylight,03 - P.D. only,05 - Turning movement
2265,BRONSON AVE @ COMMISSIONER ST/SLATER ST,366768.9249,5030948.787,2/1/16,13:35,01 - Clear,01 - Dry,01 - Traffic signal,03 - At intersection,01 - Daylight,03 - P.D. only,02 - Angle
2266,BRONSON AVE @ COMMISSIONER ST/SLATER ST,366769.8153,5030948.346,2/22/16,8:02,01 - Clear,01 - Dry,01 - Traffic signal,03 - At intersection,01 - Daylight,03 - P.D. only,04 - Sideswipe
2267,BRONSON AVE @ COMMISSIONER ST/SLATER ST,366768.3938,5030948.866,4/12/16,10:16,01 - Clear,01 - Dry,01 - Traffic signal,03 - At intersection,01 - Daylight,03 - P.D. only,05 - Turning movement
2268,BRONSON AVE @ COMMISSIONER ST/SLATER ST,366767.6077,5030948.787,9/15/16,18:50,01 - Clear,01 - Dry,01 - Traffic signal,03 - At intersection,01 - Daylight,03 - P.D. only,04 - Sideswipe
2269,BRONSON AVE @ COMMISSIONER ST/SLATER ST,366767.6077,5030947.909,9/18/16,11:44,01 - Clear,01 - Dry,01 - Traffic signal,02 - Intersection related,01 - Daylight,03 - P.D. only,05 - Turning movement
2270,BRONSON AVE @ COMMISSIONER ST/SLATER ST,366769.3513,5030949.265,7/22/16,12:31,01 - Clear,01 - Dry,01 - Traffic signal,03 - At intersection,01 - Daylight,03 - P.D. only,05 - Turning movement
2271,BRONSON AVE @ COMMISSIONER ST/SLATER ST,366769.41,5030947.492,11/21/16,22:01,03 - Snow,03 - Loose snow,01 - Traffic signal,02 - Intersection related,07 - Dark,03 - P.D. only,07 - SMV other
2272,BRONSON AVE @ COMMISSIONER ST/SLATER ST,366769.3688,5030948.764,10/6/16,14:01,01 - Clear,01 - Dry,01 - Traffic signal,02 - Intersection related,01 - Daylight,03 - P.D. only,05 - Turning movement
2273,BRONSON AVE @ FIFTH AVE/MADAWASKA DR,367614.5409,5028937.311,10/18/16,22:06,01 - Clear,01 - Dry,01 - Traffic signal,03 - At intersection,07 - Dark,02 - Non-fatal injury,07 - SMV other
2274,BRONSON AVE @ FIFTH AVE/MADAWASKA DR,367613.6396,5028938.414,1/14/16,7:57,03 - Snow,05 - Packed snow,01 - Traffic signal,02 - Intersection related,01 - Daylight,02 - Non-fatal injury,03 - Rear end
2275,BRONSON AVE @ FIFTH AVE/MADAWASKA DR,367613.94,5028939.008,7/20/16,10:35,01 - Clear,01 - Dry,01 - Traffic signal,02 - Intersection related,01 - Daylight,02 - Non-fatal injury,03 - Rear end
2276,BRONSON AVE @ FIFTH AVE/MADAWASKA DR,367613.0541,5028938.334,2/23/16,9:35,01 - Clear,01 - Dry,01 - Traffic signal,02 - Intersection related,01 - Daylight,02 - Non-fatal injury,03 - Rear end
2277,BRONSON AVE @ FIFTH AVE/MADAWASKA DR,367613.2535,5028937.865,5/8/16,20:52,01 - Clear,01 - Dry,01 - Traffic signal,02 - Intersection related,07 - Dark,03 - P.D. only,03 - Rear end
2278,BRONSON AVE @ FIFTH AVE/MADAWASKA DR,367613.9322,5028939.651,2/19/16,18:47,03 - Snow,03 - Loose snow,01 - Traffic signal,02 - Intersection related,07 - Dark,03 - P.D. only,03 - Rear end
2279,BRONSON AVE @ FIFTH AVE/MADAWASKA DR,367612.615,5028937.895,1/16/16,12:54,03 - Snow,04 - Slush,01 - Traffic signal,02 - Intersection related,01 - Daylight,03 - P.D. only,04 - Sideswipe
2280,BRONSON AVE @ FIFTH AVE/MADAWASKA DR,367613.7127,5028938.178,1/7/16,8:08,01 - Clear,01 - Dry,01 - Traffic signal,03 - At intersection,01 - Daylight,03 - P.D. only,04 - Sideswipe
2281,BRONSON AVE @ FIFTH AVE/MADAWASKA DR,367613.0393,5028937.431,2/26/16,13:44,01 - Clear,01 - Dry,01 - Traffic signal,03 - At intersection,01 - Daylight,03 - P.D. only,05 - Turning movement
2282,BRONSON AVE @ FIFTH AVE/MADAWASKA DR,367614.3891,5028939.681,6/11/16,22:02,01 - Clear,01 - Dry,01 - Traffic signal,02 - Intersection related,07 - Dark,03 - P.D. only,04 - Sideswipe
2283,BRONSON AVE @ FIFTH AVE/MADAWASKA DR,367614.5409,5028938.968,9/23/16,11:05,01 - Clear,01 - Dry,01 - Traffic signal,02 - Intersection related,01 - Daylight,03 - P.D. only,03 - Rear end
2284,BRONSON AVE @ FIFTH AVE/MADAWASKA DR,367613.7127,5028939.737,12/29/16,16:18,01 - Clear,05 - Packed snow,01 - Traffic signal,02 - Intersection related,05 - Dusk,03 - P.D. only,03 - Rear end
2285,BRONSON AVE @ FINDLAY AVE,367727.9602,5028661.932,1/11/16,9:02,03 - Snow,06 - Ice,02 - Stop sign,02 - Intersection related,01 - Daylight,03 - P.D. only,03 - Rear end
2286,BRONSON AVE @ FIRST AVE,367489.9269,5029236.343,1/29/16,12:42,03 - Snow,02 - Wet,02 - Stop sign,03 - At intersection,01 - Daylight,03 - P.D. only,02 - Angle
2287,BRONSON AVE @ FIRST AVE,367490.366,5029236.782,10/20/16,11:59,02 - Rain,02 - Wet,02 - Stop sign,02 - Intersection related,01 - Daylight,03 - P.D. only,04 - Sideswipe
2288,BRONSON AVE @ FIRST AVE,367488.6097,5029236.782,11/16/16,15:00,01 - Clear,01 - Dry,02 - Stop sign,02 - Intersection related,01 - Daylight,03 - P.D. only,02 - Angle
2289,BRONSON AVE @ FOURTH AVE,367583.939,5029009.335,5/29/16,17:32,01 - Clear,01 - Dry,02 - Stop sign,03 - At intersection,01 - Daylight,02 - Non-fatal injury,01 - Approaching
2290,BRONSON AVE @ FOURTH AVE,367584.1869,5029009.324,11/9/16,17:48,01 - Clear,01 - Dry,02 - Stop sign,03 - At intersection,07 - Dark,03 - P.D. only,05 - Turning movement
2291,BRONSON AVE @ FOURTH AVE,367583.178,5029009.828,10/1/16,13:30,01 - Clear,01 - Dry,02 - Stop sign,02 - Intersection related,01 - Daylight,03 - P.D. only,03 - Rear end
2292,BRONSON AVE @ GILMOUR ST,367031.4835,5030320.909,12/9/16,8:15,01 - Clear,06 - Ice,10 - No control,02 - Intersection related,01 - Daylight,03 - P.D. only,02 - Angle
2293,BRONSON AVE @ GLADSTONE AVE,367132.5781,5030081.115,5/11/16,10:58,01 - Clear,01 - Dry,01 - Traffic signal,03 - At intersection,01 - Daylight,02 - Non-fatal injury,07 - SMV other
2294,BRONSON AVE @ GLADSTONE AVE,367133.929,5030081.109,7/21/16,11:21,01 - Clear,01 - Dry,01 - Traffic signal,03 - At intersection,01 - Daylight,02 - Non-fatal injury,07 - SMV other
2295,BRONSON AVE @ GLADSTONE AVE,367133.0199,5030082.019,8/2/16,23:59,01 - Clear,01 - Dry,01 - Traffic signal,02 - Intersection related,07 - Dark,03 - P.D. only,04 - Sideswipe
2296,BRONSON AVE @ GLADSTONE AVE,367133.0431,5030081.784,10/19/16,14:27,01 - Clear,01 - Dry,01 - Traffic signal,03 - At intersection,01 - Daylight,03 - P.D. only,05 - Turning movement
2297,BRONSON AVE @ GLADSTONE AVE,367132.0454,5030080.322,9/1/16,8:14,01 - Clear,01 - Dry,01 - Traffic signal,02 - Intersection related,01 - Daylight,03 - P.D. only,03 - Rear end
2298,BRONSON AVE @ GLADSTONE AVE,367134.3603,5030081.344,10/27/16,7:58,01 - Clear,01 - Dry,01 - Traffic signal,02 - Intersection related,01 - Daylight,03 - P.D. only,04 - Sideswipe
2299,BRONSON AVE @ GLADSTONE AVE,367133.0253,5030081.789,5/13/16,13:30,01 - Clear,01 - Dry,01 - Traffic signal,02 - Intersection related,01 - Daylight,03 - P.D. only,03 - Rear end
2300,BRONSON AVE @ GLADSTONE AVE,367133.0199,5030082.019,7/14/16,21:25,01 - Clear,01 - Dry,01 - Traffic signal,03 - At intersection,07 - Dark,03 - P.D. only,01 - Approaching
2301,BRONSON AVE @ GLADSTONE AVE,367133.3316,5030081.706,6/1/16,17:21,01 - Clear,01 - Dry,01 - Traffic signal,02 - Intersection related,01 - Daylight,03 - P.D. only,03 - Rear end
2302,BRONSON AVE @ GLADSTONE AVE,367133.477,5030080.665,4/17/16,23:00,01 - Clear,01 - Dry,01 - Traffic signal,03 - At intersection,07 - Dark,03 - P.D. only,03 - Rear end
2303,BRONSON AVE @ GLADSTONE AVE,367133.7017,5030081.296,9/29/16,19:14,01 - Clear,01 - Dry,01 - Traffic signal,02 - Intersection related,"06 - Dusk, artificial",03 - P.D. only,03 - Rear end
2304,BRONSON AVE @ GLOUCESTER ST,366834.6206,5030792.343,3/4/16,23:47,01 - Clear,02 - Wet,01 - Traffic signal,02 - Intersection related,07 - Dark,03 - P.D. only,06 - SMV unattended vehicle
2305,BRONSON AVE @ HOLMWOOD AVE,367700.483,5028729.993,5/15/16,15:00,01 - Clear,01 - Dry,01 - Traffic signal,02 - Intersection related,01 - Daylight,03 - P.D. only,03 - Rear end
2306,BRONSON AVE @ HOLMWOOD AVE,367699.8795,5028728.301,10/20/16,22:51,02 - Rain,02 - Wet,01 - Traffic signal,02 - Intersection related,07 - Dark,03 - P.D. only,03 - Rear end
2307,BRONSON AVE @ HOLMWOOD AVE,367700.4804,5028729.544,7/31/16,14:01,01 - Clear,01 - Dry,01 - Traffic signal,02 - Intersection related,01 - Daylight,03 - P.D. only,03 - Rear end
2308,BRONSON AVE @ HOLMWOOD AVE,367699.61,5028729.324,7/30/16,9:44,01 - Clear,01 - Dry,01 - Traffic signal,02 - Intersection related,01 - Daylight,03 - P.D. only,03 - Rear end
2309,BRONSON AVE @ HOLMWOOD AVE,367699.0514,5028729.958,10/15/16,23:55,01 - Clear,01 - Dry,01 - Traffic signal,02 - Intersection related,07 - Dark,03 - P.D. only,03 - Rear end
2310,BRONSON AVE @ HWY 417 BRONSON IC121AR51,367288.7124,5029710.933,3/30/16,11:45,01 - Clear,01 - Dry,01 - Traffic signal,03 - At intersection,01 - Daylight,02 - Non-fatal injury,07 - SMV other
2311,BRONSON AVE @ HWY 417 BRONSON IC121AR51,367289.103,5029711.339,8/4/16,12:00,01 - Clear,01 - Dry,01 - Traffic signal,02 - Intersection related,01 - Daylight,02 - Non-fatal injury,02 - Angle
2312,BRONSON AVE @ HWY 417 BRONSON IC121AR51,367288.9126,5029710.487,5/11/16,12:00,01 - Clear,01 - Dry,01 - Traffic signal,02 - Intersection related,01 - Daylight,03 - P.D. only,03 - Rear end
2313,BRONSON AVE @ HWY 417 BRONSON IC121AR51,367287.2551,5029711.328,4/18/16,17:00,01 - Clear,01 - Dry,01 - Traffic signal,02 - Intersection related,01 - Daylight,03 - P.D. only,04 - Sideswipe
2314,BRONSON AVE @ HWY 417 BRONSON IC121AR51,367288.3078,5029710.562,4/22/16,11:55,01 - Clear,01 - Dry,01 - Traffic signal,02 - Intersection related,01 - Daylight,03 - P.D. only,03 - Rear end
2315,BRONSON AVE @ IMPERIAL AVE/PLYMOUTH ST,367318.4676,5029643.763,10/21/16,23:37,02 - Rain,02 - Wet,10 - No control,03 - At intersection,07 - Dark,02 - Non-fatal injury,05 - Turning movement
2316,BRONSON AVE @ IMPERIAL AVE/PLYMOUTH ST,367318.7241,5029644.223,3/5/16,18:38,01 - Clear,01 - Dry,10 - No control,03 - At intersection,07 - Dark,03 - P.D. only,05 - Turning movement
2317,BRONSON AVE @ IMPERIAL AVE/PLYMOUTH ST,367318.6428,5029643.352,2/19/16,17:45,03 - Snow,04 - Slush,10 - No control,02 - Intersection related,05 - Dusk,03 - P.D. only,03 - Rear end
2318,BRONSON AVE @ IMPERIAL AVE/PLYMOUTH ST,367319.2287,5029643.545,10/25/16,17:21,01 - Clear,01 - Dry,10 - No control,03 - At intersection,05 - Dusk,03 - P.D. only,05 - Turning movement
2319,BRONSON AVE @ IMPERIAL AVE/PLYMOUTH ST,367319.3851,5029644.006,6/30/16,13:00,01 - Clear,01 - Dry,10 - No control,03 - At intersection,01 - Daylight,03 - P.D. only,05 - Turning movement
2320,BRONSON AVE @ IMPERIAL AVE/PLYMOUTH ST,367319.1243,5029643.608,5/29/16,13:44,01 - Clear,01 - Dry,10 - No control,03 - At intersection,01 - Daylight,03 - P.D. only,05 - Turning movement
2321,BRONSON AVE @ IMPERIAL AVE/PLYMOUTH ST,367319.0939,5029643.552,7/6/16,14:33,01 - Clear,01 - Dry,10 - No control,03 - At intersection,01 - Daylight,03 - P.D. only,07 - SMV other
2322,BRONSON AVE @ IMPERIAL AVE/PLYMOUTH ST,367318.9228,5029644.21,12/5/16,22:21,01 - Clear,02 - Wet,10 - No control,03 - At intersection,07 - Dark,03 - P.D. only,05 - Turning movement
2323,BRONSON AVE @ JAMES ST,367066.4787,5030242.235,3/8/16,23:01,01 - Clear,01 - Dry,02 - Stop sign,03 - At intersection,07 - Dark,03 - P.D. only,02 - Angle
2324,BRONSON AVE @ JAMES ST,367067.295,5030241.931,3/7/16,15:31,01 - Clear,01 - Dry,02 - Stop sign,03 - At intersection,01 - Daylight,03 - P.D. only,02 - Angle
2325,BRONSON AVE @ KIPPEWA DR,367557.3932,5029075.331,5/23/16,12:31,01 - Clear,01 - Dry,02 - Stop sign,03 - At intersection,01 - Daylight,03 - P.D. only,02 - Angle
2326,BRONSON AVE @ KIPPEWA DR,367556.0582,5029075.776,4/23/16,15:55,01 - Clear,01 - Dry,02 - Stop sign,03 - At intersection,01 - Daylight,03 - P.D. only,02 - Angle
2327,BRONSON AVE @ KIPPEWA DR,367557.176,5029075.787,7/15/16,16:38,02 - Rain,02 - Wet,02 - Stop sign,03 - At intersection,01 - Daylight,03 - P.D. only,02 - Angle
2328,BRONSON AVE @ LAKESIDE AVE,367654.6154,5028837.885,4/6/16,14:50,03 - Snow,03 - Loose snow,02 - Stop sign,02 - Intersection related,01 - Daylight,03 - P.D. only,02 - Angle
2329,BRONSON AVE @ LAURIER AVE,366804.0424,5030861.35,6/28/16,15:54,01 - Clear,01 - Dry,01 - Traffic signal,03 - At intersection,01 - Daylight,02 - Non-fatal injury,05 - Turning movement
2330,BRONSON AVE @ LAURIER AVE,366804.701,5030860.327,10/27/16,23:12,03 - Snow,02 - Wet,01 - Traffic signal,03 - At intersection,07 - Dark,02 - Non-fatal injury,07 - SMV other
2331,BRONSON AVE @ LAURIER AVE,366805.1304,5030861.728,4/6/16,14:50,03 - Snow,04 - Slush,01 - Traffic signal,02 - Intersection related,01 - Daylight,03 - P.D. only,03 - Rear end
2332,BRONSON AVE @ LAURIER AVE,366805.4515,5030861.945,1/14/16,7:06,03 - Snow,03 - Loose snow,01 - Traffic signal,03 - At intersection,03 - Dawn,03 - P.D. only,02 - Angle
2333,BRONSON AVE @ LAURIER AVE,366804.9265,5030862.697,6/2/16,2:20,01 - Clear,01 - Dry,01 - Traffic signal,03 - At intersection,07 - Dark,03 - P.D. only,05 - Turning movement
2334,BRONSON AVE @ LAURIER AVE,366805.1602,5030860.88,7/15/16,19:03,01 - Clear,01 - Dry,01 - Traffic signal,03 - At intersection,01 - Daylight,03 - P.D. only,02 - Angle
2335,BRONSON AVE @ MACLAREN ST,366999.4741,5030398.888,6/1/16,17:18,01 - Clear,01 - Dry,02 - Stop sign,03 - At intersection,01 - Daylight,03 - P.D. only,02 - Angle
2336,BRONSON AVE @ MACLAREN ST,366999.4801,5030399.784,1/1/16,20:57,03 - Snow,03 - Loose snow,02 - Stop sign,03 - At intersection,07 - Dark,03 - P.D. only,02 - Angle
2337,BRONSON AVE @ NEPEAN ST,366860.0403,5030728.347,1/24/16,11:25,01 - Clear,01 - Dry,10 - No control,03 - At intersection,01 - Daylight,03 - P.D. only,05 - Turning movement
2338,BRONSON AVE @ POWELL AVE,367388.5448,5029476.992,2/29/16,13:02,01 - Clear,02 - Wet,01 - Traffic signal,03 - At intersection,01 - Daylight,02 - Non-fatal injury,02 - Angle
2339,BRONSON AVE @ POWELL AVE,367389.0012,5029478.336,4/7/16,19:38,02 - Rain,02 - Wet,01 - Traffic signal,03 - At intersection,07 - Dark,02 - Non-fatal injury,05 - Turning movement
2340,BRONSON AVE @ POWELL AVE,367386.7862,5029479.399,5/15/16,20:52,01 - Clear,01 - Dry,01 - Traffic signal,03 - At intersection,07 - Dark,02 - Non-fatal injury,03 - Rear end
2341,BRONSON AVE @ POWELL AVE,367388.5607,5029476.759,5/20/16,12:22,01 - Clear,01 - Dry,01 - Traffic signal,02 - Intersection related,01 - Daylight,03 - P.D. only,03 - Rear end