Record,Location,X,Y,Date,Time,Environment,Road_Surface,Traffic_Control,Collision_Location,Light,Collision_Classification,Impact_type
2342,BRONSON AVE @ POWELL AVE,367387.2203,5029476.994,9/12/16,19:36,01 - Clear,01 - Dry,01 - Traffic signal,03 - At intersection,05 - Dusk,03 - P.D. only,05 - Turning movement
2343,BRONSON AVE @ POWELL AVE,367388.1034,5029477.887,2/24/16,9:34,03 - Snow,04 - Slush,01 - Traffic signal,02 - Intersection related,01 - Daylight,03 - P.D. only,03 - Rear end
2344,BRONSON AVE @ POWELL AVE,367387.6516,5029477.214,6/21/16,13:01,01 - Clear,01 - Dry,01 - Traffic signal,02 - Intersection related,01 - Daylight,03 - P.D. only,04 - Sideswipe
2345,BRONSON AVE @ POWELL AVE,367388.0984,5029476.994,12/10/16,12:52,01 - Clear,01 - Dry,01 - Traffic signal,02 - Intersection related,01 - Daylight,03 - P.D. only,02 - Angle
2346,BRONSON AVE @ PRIMROSE AVE,366886.3581,5030669.79,3/9/16,11:36,02 - Rain,02 - Wet,01 - Traffic signal,02 - Intersection related,01 - Daylight,03 - P.D. only,03 - Rear end
2347,BRONSON AVE @ PRIMROSE AVE,366885.9215,5030668.905,3/11/16,12:13,01 - Clear,01 - Dry,01 - Traffic signal,02 - Intersection related,01 - Daylight,03 - P.D. only,03 - Rear end
2348,BRONSON AVE @ PRIMROSE AVE,366885.0177,5030669.571,7/21/16,14:04,01 - Clear,01 - Dry,01 - Traffic signal,03 - At intersection,01 - Daylight,03 - P.D. only,02 - Angle
2349,BRONSON AVE @ RENFREW AVE,367357.185,5029551.326,10/24/16,5:05,01 - Clear,01 - Dry,02 - Stop sign,02 - Intersection related,07 - Dark,02 - Non-fatal injury,03 - Rear end
2350,BRONSON AVE @ SOMERSET ST,366967.4714,5030477.022,4/14/16,11:41,01 - Clear,01 - Dry,01 - Traffic signal,02 - Intersection related,01 - Daylight,03 - P.D. only,04 - Sideswipe
2351,BRONSON AVE @ SOMERSET ST,366967.4706,5030475.896,6/14/16,14:53,01 - Clear,01 - Dry,01 - Traffic signal,02 - Intersection related,01 - Daylight,03 - P.D. only,04 - Sideswipe
2352,BRONSON AVE @ SOMERSET ST,366967.4706,5030476.347,5/11/16,10:56,01 - Clear,01 - Dry,01 - Traffic signal,02 - Intersection related,01 - Daylight,03 - P.D. only,03 - Rear end
2353,BRONSON AVE @ SOMERSET ST,366966.5984,5030476.353,1/27/16,11:11,01 - Clear,01 - Dry,01 - Traffic signal,03 - At intersection,01 - Daylight,03 - P.D. only,05 - Turning movement
2354,BRONSON AVE @ SOMERSET ST,366967.9156,5030477.231,2/1/16,17:36,01 - Clear,02 - Wet,01 - Traffic signal,03 - At intersection,05 - Dusk,03 - P.D. only,04 - Sideswipe
2355,BRONSON AVE @ SOMERSET ST,366967.6961,5030476.84,9/12/16,17:45,01 - Clear,01 - Dry,01 - Traffic signal,02 - Intersection related,01 - Daylight,03 - P.D. only,03 - Rear end
2356,BRONSON AVE @ SOMERSET ST,366967.4688,5030476.572,8/5/16,19:07,01 - Clear,01 - Dry,01 - Traffic signal,02 - Intersection related,01 - Daylight,03 - P.D. only,04 - Sideswipe
2357,BRONSON AVE @ SOMERSET ST,366967.9234,5030476.118,7/31/16,15:52,01 - Clear,01 - Dry,01 - Traffic signal,03 - At intersection,01 - Daylight,03 - P.D. only,02 - Angle
2358,BRONSON AVE @ SOMERSET ST,366967.6961,5030476.343,8/13/16,22:15,02 - Rain,02 - Wet,01 - Traffic signal,02 - Intersection related,07 - Dark,03 - P.D. only,99 - Other
2359,BRONSON AVE @ SOMERSET ST,366967.2227,5030477.282,10/21/16,15:47,02 - Rain,02 - Wet,01 - Traffic signal,03 - At intersection,01 - Daylight,03 - P.D. only,05 - Turning movement
2360,BRONSON AVE @ SOMERSET ST,366967.4766,5030475.475,9/23/16,16:38,01 - Clear,01 - Dry,01 - Traffic signal,02 - Intersection related,01 - Daylight,03 - P.D. only,04 - Sideswipe
2361,BRONSON AVE @ SUNNYSIDE AVE/UNIVERSITY RD - CA,367922.7073,5028091.291,12/10/16,17:41,01 - Clear,01 - Dry,01 - Traffic signal,03 - At intersection,07 - Dark,02 - Non-fatal injury,07 - SMV other
2362,BRONSON AVE @ SUNNYSIDE AVE/UNIVERSITY RD - CA,367921.6124,5028092.206,1/21/16,22:45,01 - Clear,03 - Loose snow,01 - Traffic signal,02 - Intersection related,07 - Dark,03 - P.D. only,03 - Rear end
2363,BRONSON AVE @ SUNNYSIDE AVE/UNIVERSITY RD - CA,367921.8232,5028091.104,3/11/16,9:23,01 - Clear,01 - Dry,01 - Traffic signal,03 - At intersection,01 - Daylight,03 - P.D. only,03 - Rear end
2364,BRONSON AVE @ SUNNYSIDE AVE/UNIVERSITY RD - CA,367922.4906,5028091.767,1/19/16,13:30,01 - Clear,04 - Slush,01 - Traffic signal,03 - At intersection,01 - Daylight,03 - P.D. only,07 - SMV other
2365,BRONSON AVE @ SUNNYSIDE AVE/UNIVERSITY RD - CA,367925.1946,5028091.961,9/14/16,9:02,01 - Clear,01 - Dry,01 - Traffic signal,02 - Intersection related,01 - Daylight,03 - P.D. only,03 - Rear end
2366,BRONSON AVE @ SUNNYSIDE AVE/UNIVERSITY RD - CA,367922.9341,5028092.219,3/8/16,14:15,01 - Clear,02 - Wet,01 - Traffic signal,02 - Intersection related,01 - Daylight,03 - P.D. only,03 - Rear end
2367,BRONSON AVE @ SUNNYSIDE AVE/UNIVERSITY RD - CA,367922.4856,5028092.221,2/29/16,8:40,01 - Clear,01 - Dry,01 - Traffic signal,02 - Intersection related,01 - Daylight,03 - P.D. only,04 - Sideswipe
2368,BRONSON AVE @ SUNNYSIDE AVE/UNIVERSITY RD - CA,367923.3327,5028090.808,8/21/16,22:15,01 - Clear,01 - Dry,01 - Traffic signal,03 - At intersection,07 - Dark,03 - P.D. only,05 - Turning movement
2369,BRONSON AVE @ SUNNYSIDE AVE/UNIVERSITY RD - CA,367923.5383,5028089.477,8/23/16,16:13,01 - Clear,01 - Dry,01 - Traffic signal,02 - Intersection related,01 - Daylight,03 - P.D. only,03 - Rear end
2370,BRONSON AVE @ SUNNYSIDE AVE/UNIVERSITY RD - CA,367921.0538,5028091.133,10/11/16,14:30,01 - Clear,01 - Dry,01 - Traffic signal,02 - Intersection related,01 - Daylight,03 - P.D. only,03 - Rear end
2371,BRONSON AVE @ SUNNYSIDE AVE/UNIVERSITY RD - CA,367922.7101,5028092.405,9/23/16,9:13,01 - Clear,01 - Dry,01 - Traffic signal,02 - Intersection related,01 - Daylight,03 - P.D. only,03 - Rear end
2372,BRONSON AVE @ SUNNYSIDE AVE/UNIVERSITY RD - CA,367921.6124,5028091.328,12/17/16,14:29,03 - Snow,05 - Packed snow,01 - Traffic signal,02 - Intersection related,01 - Daylight,03 - P.D. only,02 - Angle
2373,BRONSON AVE @ THIRD AVE,367551.6305,5029087.788,7/26/16,19:09,01 - Clear,01 - Dry,02 - Stop sign,02 - Intersection related,01 - Daylight,02 - Non-fatal injury,03 - Rear end
2374,BRONSON AVE btwn ARLINGTON AVE & RAYMOND ST,367228.3912,5029852.109,5/24/16,18:05,01 - Clear,01 - Dry,10 - No control,01 - Non intersection,01 - Daylight,03 - P.D. only,04 - Sideswipe
2375,BRONSON AVE btwn BREWER WAY & RIVERSIDE DR RAMPS 34B & 42A-3,368156.7719,5027678.756,3/2/16,16:36,01 - Clear,01 - Dry,10 - No control,01 - Non intersection,01 - Daylight,02 - Non-fatal injury,03 - Rear end
2376,BRONSON AVE btwn BREWER WAY & RIVERSIDE DR RAMPS 34B & 42A-3,368252.4562,5027505.527,7/11/16,8:45,01 - Clear,01 - Dry,10 - No control,01 - Non intersection,01 - Daylight,02 - Non-fatal injury,03 - Rear end
2377,BRONSON AVE btwn BREWER WAY & RIVERSIDE DR RAMPS 34B & 42A-3,368126.0709,5027733.819,2/24/16,21:08,04 - Freezing Rain,06 - Ice,10 - No control,01 - Non intersection,07 - Dark,03 - P.D. only,07 - SMV other
2378,BRONSON AVE btwn BREWER WAY & RIVERSIDE DR RAMPS 34B & 42A-3,368125.4107,5027735.527,8/11/16,8:27,01 - Clear,01 - Dry,10 - No control,01 - Non intersection,01 - Daylight,03 - P.D. only,04 - Sideswipe
2379,BRONSON AVE btwn BREWER WAY & RIVERSIDE DR RAMPS 34B & 42A-3,368402.9185,5027212.813,6/18/16,20:43,01 - Clear,01 - Dry,10 - No control,01 - Non intersection,05 - Dusk,03 - P.D. only,04 - Sideswipe
2380,BRONSON AVE btwn BREWER WAY & RIVERSIDE DR RAMPS 34B & 42A-3,368114.9712,5027754.088,2/16/16,15:00,03 - Snow,05 - Packed snow,10 - No control,01 - Non intersection,01 - Daylight,03 - P.D. only,07 - SMV other
2381,BRONSON AVE btwn BREWER WAY & RIVERSIDE DR RAMPS 34B & 42A-3,368389.3849,5027236.237,6/1/16,9:07,01 - Clear,01 - Dry,10 - No control,01 - Non intersection,01 - Daylight,03 - P.D. only,03 - Rear end
2382,BRONSON AVE btwn BREWER WAY & RIVERSIDE DR RAMPS 34B & 42A-3,368370.4647,5027275.808,7/8/16,7:15,01 - Clear,01 - Dry,10 - No control,01 - Non intersection,01 - Daylight,03 - P.D. only,04 - Sideswipe
2383,BRONSON AVE btwn BREWER WAY & RIVERSIDE DR RAMPS 34B & 42A-3,368410.995,5027195.394,4/9/16,12:09,01 - Clear,01 - Dry,10 - No control,01 - Non intersection,01 - Daylight,03 - P.D. only,07 - SMV other
2384,BRONSON AVE btwn BREWER WAY & RIVERSIDE DR RAMPS 34B & 42A-3,368370.847,5027279.59,10/31/16,15:22,01 - Clear,01 - Dry,10 - No control,01 - Non intersection,01 - Daylight,03 - P.D. only,04 - Sideswipe
2385,BRONSON AVE btwn BRONSON AVE NB ON RAMP 42 & BRONSON AVE SB ON RAMP 43,367759.5713,5028418.427,2/22/16,8:10,01 - Clear,01 - Dry,10 - No control,01 - Non intersection,01 - Daylight,02 - Non-fatal injury,03 - Rear end
2386,BRONSON AVE btwn BRONSON AVE NB ON RAMP 42 & BRONSON AVE SB ON RAMP 43,367768.7429,5028383.347,8/4/16,17:32,01 - Clear,01 - Dry,10 - No control,01 - Non intersection,01 - Daylight,03 - P.D. only,03 - Rear end
2387,BRONSON AVE btwn BRONSON AVE NB ON RAMP 42 & BRONSON AVE SB ON RAMP 43,367768.2828,5028390.102,11/21/16,21:31,03 - Snow,06 - Ice,10 - No control,01 - Non intersection,07 - Dark,03 - P.D. only,07 - SMV other
2388,BRONSON AVE btwn BRONSON AVE RAMP 34 & AIRPORT PKWY/BRONSON AVE RAMP 2,368625.7654,5026890.828,10/20/16,15:10,01 - Clear,01 - Dry,10 - No control,01 - Non intersection,01 - Daylight,03 - P.D. only,04 - Sideswipe
2389,BRONSON AVE btwn BRONSON AVE SB ON RAMP 43 & SUNNYSIDE AVE/UNIVERSITY ,367912.7212,5028109.971,3/4/16,17:10,01 - Clear,01 - Dry,10 - No control,01 - Non intersection,01 - Daylight,03 - P.D. only,04 - Sideswipe
2390,BRONSON AVE btwn BRONSON AVE SB ON RAMP 43 & SUNNYSIDE AVE/UNIVERSITY ,367894.8762,5028141.828,2/26/16,9:32,04 - Freezing Rain,06 - Ice,10 - No control,01 - Non intersection,01 - Daylight,03 - P.D. only,03 - Rear end
2391,BRONSON AVE btwn CARLING AVE & FIRST AVE,367460.0527,5029307.504,3/9/16,16:50,01 - Clear,02 - Wet,10 - No control,01 - Non intersection,01 - Daylight,03 - P.D. only,03 - Rear end
2392,BRONSON AVE btwn CARLING AVE & FIRST AVE,367460.5593,5029310.083,6/17/16,19:09,01 - Clear,01 - Dry,10 - No control,01 - Non intersection,01 - Daylight,03 - P.D. only,04 - Sideswipe
2393,BRONSON AVE btwn CLEMOW AVE & CARLING AVE,367426.0587,5029383.984,2/18/16,12:15,01 - Clear,01 - Dry,10 - No control,01 - Non intersection,01 - Daylight,02 - Non-fatal injury,01 - Approaching
2394,BRONSON AVE btwn COOPER ST & SOMERSET ST W,366959.705,5030492.554,1/20/16,7:00,01 - Clear,02 - Wet,10 - No control,01 - Non intersection,07 - Dark,03 - P.D. only,04 - Sideswipe
2395,BRONSON AVE btwn COOPER ST & SOMERSET ST W,366963.8325,5030486.572,7/11/16,9:58,01 - Clear,01 - Dry,10 - No control,01 - Non intersection,01 - Daylight,03 - P.D. only,05 - Turning movement
2396,BRONSON AVE btwn COOPER ST & SOMERSET ST W,366935.564,5030551.479,6/9/16,16:04,01 - Clear,01 - Dry,10 - No control,01 - Non intersection,01 - Daylight,03 - P.D. only,04 - Sideswipe
2397,BRONSON AVE btwn COOPER ST & SOMERSET ST W,366959.493,5030492.197,5/9/16,15:46,01 - Clear,01 - Dry,10 - No control,04 - At/near private drive,01 - Daylight,03 - P.D. only,02 - Angle
2398,BRONSON AVE btwn FINDLAY AVE & BRONSON AVE SB OFF RAMP 34,367745.0818,5028521.798,1/20/16,11:51,01 - Clear,02 - Wet,10 - No control,01 - Non intersection,01 - Daylight,03 - P.D. only,07 - SMV other
2399,BRONSON AVE btwn FINDLAY AVE & BRONSON AVE SB OFF RAMP 34,367742.7864,5028568.578,3/4/16,17:47,01 - Clear,01 - Dry,10 - No control,01 - Non intersection,01 - Daylight,03 - P.D. only,04 - Sideswipe
2400,BRONSON AVE btwn FINDLAY AVE & BRONSON AVE SB OFF RAMP 34,367730.3016,5028655.648,8/12/16,15:45,02 - Rain,02 - Wet,10 - No control,01 - Non intersection,01 - Daylight,03 - P.D. only,04 - Sideswipe
2401,BRONSON AVE btwn FIRST AVE & SECOND AVE,367517.4938,5029167.188,7/5/16,14:05,01 - Clear,01 - Dry,10 - No control,01 - Non intersection,01 - Daylight,02 - Non-fatal injury,04 - Sideswipe
2402,BRONSON AVE btwn FIRST AVE & SECOND AVE,367513.5959,5029176.8,5/22/16,17:54,01 - Clear,01 - Dry,10 - No control,01 - Non intersection,01 - Daylight,03 - P.D. only,03 - Rear end
2403,BRONSON AVE btwn FLORENCE ST & GLADSTONE AVE,367129.8381,5030093.382,7/16/16,12:40,01 - Clear,01 - Dry,10 - No control,01 - Non intersection,01 - Daylight,03 - P.D. only,04 - Sideswipe
2404,BRONSON AVE btwn FOURTH AVE & MADAWASKA DR,367590.1518,5028996.117,9/2/16,17:19,01 - Clear,01 - Dry,10 - No control,01 - Non intersection,01 - Daylight,03 - P.D. only,03 - Rear end
2405,BRONSON AVE btwn GILMOUR ST & CHRISTIE ST,367040.5666,5030302.931,8/10/16,17:02,01 - Clear,01 - Dry,10 - No control,01 - Non intersection,01 - Daylight,03 - P.D. only,04 - Sideswipe
2406,BRONSON AVE btwn GLADSTONE AVE & MCLEOD ST,367137.5653,5030072.928,8/25/16,10:18,01 - Clear,01 - Dry,10 - No control,01 - Non intersection,01 - Daylight,03 - P.D. only,04 - Sideswipe
2407,BRONSON AVE btwn GLADSTONE AVE & MCLEOD ST,367139.0291,5030066.47,3/1/16,9:00,01 - Clear,01 - Dry,10 - No control,01 - Non intersection,01 - Daylight,03 - P.D. only,04 - Sideswipe
2408,BRONSON AVE btwn GLADSTONE AVE & MCLEOD ST,367158.7089,5030020.229,3/3/16,8:20,01 - Clear,01 - Dry,10 - No control,01 - Non intersection,01 - Daylight,03 - P.D. only,04 - Sideswipe
2409,BRONSON AVE btwn GLADSTONE AVE & MCLEOD ST,367139.3197,5030067.182,5/7/16,14:22,01 - Clear,01 - Dry,10 - No control,04 - At/near private drive,01 - Daylight,03 - P.D. only,05 - Turning movement
2410,BRONSON AVE btwn HOLMWOOD AVE & FINDLAY AVE,367707.0563,5028714.603,6/9/16,11:37,01 - Clear,01 - Dry,10 - No control,01 - Non intersection,01 - Daylight,03 - P.D. only,04 - Sideswipe
2411,BRONSON AVE btwn JAMES ST & FLORENCE ST,367071.7501,5030229.056,10/5/16,9:08,01 - Clear,01 - Dry,10 - No control,01 - Non intersection,01 - Daylight,03 - P.D. only,04 - Sideswipe
2412,BRONSON AVE btwn KIPPEWA DR & FOURTH AVE,367578.6641,5029019.44,1/29/16,8:52,03 - Snow,02 - Wet,10 - No control,01 - Non intersection,01 - Daylight,03 - P.D. only,04 - Sideswipe
2413,BRONSON AVE btwn LAKESIDE AVE & LAKEVIEW TER,367662.5702,5028823.113,2/13/16,18:50,01 - Clear,01 - Dry,10 - No control,01 - Non intersection,07 - Dark,03 - P.D. only,04 - Sideswipe
2414,BRONSON AVE btwn LAKEVIEW TER & HOLMWOOD AVE,367698.2928,5028735.471,11/4/16,14:57,01 - Clear,01 - Dry,10 - No control,01 - Non intersection,01 - Daylight,03 - P.D. only,04 - Sideswipe
2415,BRONSON AVE btwn LISGAR ST & COOPER ST,366912.6005,5030605.137,8/31/16,17:30,01 - Clear,01 - Dry,10 - No control,01 - Non intersection,01 - Daylight,03 - P.D. only,07 - SMV other
2416,BRONSON AVE btwn MACLAREN ST & GILMOUR ST,367006.5053,5030385.295,8/28/16,10:44,01 - Clear,01 - Dry,10 - No control,01 - Non intersection,01 - Daylight,03 - P.D. only,04 - Sideswipe
2417,BRONSON AVE btwn MCLEOD ST & FLORA ST,367189.4312,5029943.742,6/30/16,13:14,01 - Clear,01 - Dry,10 - No control,04 - At/near private drive,01 - Daylight,03 - P.D. only,03 - Rear end
2418,BRONSON AVE btwn PLYMOUTH ST & RENFREW AVE,367319.9707,5029639.178,1/5/16,10:48,01 - Clear,01 - Dry,10 - No control,01 - Non intersection,01 - Daylight,03 - P.D. only,04 - Sideswipe
2419,BRONSON AVE btwn PLYMOUTH ST & RENFREW AVE,367325.1919,5029629.236,1/12/16,15:35,03 - Snow,04 - Slush,10 - No control,04 - At/near private drive,01 - Daylight,03 - P.D. only,02 - Angle
2420,BRONSON AVE btwn PLYMOUTH ST & RENFREW AVE,367322.3024,5029634.108,9/16/16,11:16,01 - Clear,01 - Dry,10 - No control,01 - Non intersection,01 - Daylight,03 - P.D. only,04 - Sideswipe
2421,BRONSON AVE btwn PLYMOUTH ST & RENFREW AVE,367352.9794,5029558.808,9/22/16,19:19,02 - Rain,02 - Wet,10 - No control,04 - At/near private drive,07 - Dark,03 - P.D. only,02 - Angle
2422,BRONSON AVE btwn PLYMOUTH ST & RENFREW AVE,367321.6345,5029636.562,6/8/16,16:15,01 - Clear,01 - Dry,10 - No control,04 - At/near private drive,01 - Daylight,03 - P.D. only,02 - Angle
2423,BRONSON AVE btwn PLYMOUTH ST & RENFREW AVE,367354.7358,5029556.173,12/16/16,22:47,01 - Clear,01 - Dry,10 - No control,04 - At/near private drive,07 - Dark,03 - P.D. only,05 - Turning movement
2424,BRONSON AVE btwn POWELL AVE & CLEMOW AVE,367395.7707,5029457.597,6/7/16,11:49,01 - Clear,01 - Dry,10 - No control,01 - Non intersection,01 - Daylight,03 - P.D. only,04 - Sideswipe
2425,BRONSON AVE btwn POWELL AVE & CLEMOW AVE,367416.0999,5029408.754,10/11/16,9:01,01 - Clear,01 - Dry,10 - No control,01 - Non intersection,01 - Daylight,03 - P.D. only,04 - Sideswipe
2426,BRONSON AVE btwn RENFREW AVE & POWELL AVE,367359.1919,5029544.122,6/9/16,17:30,01 - Clear,01 - Dry,10 - No control,04 - At/near private drive,01 - Daylight,03 - P.D. only,02 - Angle
2427,BRONSON AVE btwn RENFREW AVE & POWELL AVE,367367.0299,5029526.755,1/10/16,18:16,02 - Rain,02 - Wet,10 - No control,01 - Non intersection,07 - Dark,03 - P.D. only,04 - Sideswipe
2428,BRONSON AVE btwn RENFREW AVE & POWELL AVE,367359.3682,5029544.087,1/20/16,14:00,01 - Clear,01 - Dry,10 - No control,04 - At/near private drive,01 - Daylight,03 - P.D. only,02 - Angle
2429,BRONSON AVE btwn RENFREW AVE & POWELL AVE,367359.5656,5029543.44,8/17/16,7:53,01 - Clear,01 - Dry,10 - No control,04 - At/near private drive,01 - Daylight,03 - P.D. only,02 - Angle
2430,BRONSON AVE btwn RENFREW AVE & POWELL AVE,367365.3789,5029529.487,7/11/16,19:43,01 - Clear,01 - Dry,10 - No control,04 - At/near private drive,01 - Daylight,03 - P.D. only,02 - Angle
2431,BRONSON AVE btwn RENFREW AVE & POWELL AVE,367357.9724,5029548.35,7/29/16,17:04,01 - Clear,01 - Dry,10 - No control,01 - Non intersection,01 - Daylight,03 - P.D. only,02 - Angle
2432,BRONSON AVE btwn SECOND AVE & THIRD AVE,367527.6465,5029142.689,2/7/16,16:09,01 - Clear,01 - Dry,10 - No control,01 - Non intersection,01 - Daylight,02 - Non-fatal injury,03 - Rear end
2433,BRONSON AVE btwn SECOND AVE & THIRD AVE,367530.6444,5029135.134,5/24/16,18:00,01 - Clear,01 - Dry,10 - No control,01 - Non intersection,01 - Daylight,03 - P.D. only,04 - Sideswipe
2434,BRONSON AVE btwn SECOND AVE & THIRD AVE,367528.7438,5029139.858,7/22/16,10:00,01 - Clear,01 - Dry,10 - No control,01 - Non intersection,01 - Daylight,03 - P.D. only,03 - Rear end
2435,BRONSON AVE btwn SOMERSET ST W & MACLAREN ST,366971.8673,5030466.254,8/14/16,14:49,01 - Clear,01 - Dry,10 - No control,04 - At/near private drive,01 - Daylight,03 - P.D. only,05 - Turning movement
2436,BRONSON AVE btwn SOMERSET ST W & MACLAREN ST,366987.0155,5030430.469,8/19/16,10:57,01 - Clear,01 - Dry,10 - No control,01 - Non intersection,01 - Daylight,03 - P.D. only,04 - Sideswipe
2437,BRONSON AVE btwn SOMERSET ST W & MACLAREN ST,366973.7567,5030458.839,2/26/16,21:15,01 - Clear,01 - Dry,10 - No control,01 - Non intersection,07 - Dark,03 - P.D. only,01 - Approaching
2438,BRONSON AVE btwn UNIVERSITY RD & BREWER WAY,367927.4292,5028082.558,5/6/16,16:43,01 - Clear,01 - Dry,10 - No control,01 - Non intersection,01 - Daylight,02 - Non-fatal injury,03 - Rear end
2439,BRONSON AVE btwn UNIVERSITY RD & BREWER WAY,368014.4587,5027938.367,1/4/16,23:25,01 - Clear,01 - Dry,10 - No control,01 - Non intersection,07 - Dark,03 - P.D. only,07 - SMV other
2440,BRONSON AVE btwn UNIVERSITY RD & BREWER WAY,368023.9176,5027918.331,1/19/16,14:40,01 - Clear,02 - Wet,10 - No control,01 - Non intersection,01 - Daylight,03 - P.D. only,07 - SMV other
2441,BRONSON AVE RAMP 34 btwn BRONSON AVE & BRONSON AVE RAMPS 35 & 36,368624.1134,5026801.058,5/30/16,14:11,01 - Clear,01 - Dry,10 - No control,01 - Non intersection,01 - Daylight,02 - Non-fatal injury,07 - SMV other
2442,BRONSON AVE RAMP 52 btwn HERON RD EB & BRONSON AVE RAMP 62,368876.5035,5026636.25,2/26/16,9:09,01 - Clear,06 - Ice,10 - No control,01 - Non intersection,01 - Daylight,02 - Non-fatal injury,04 - Sideswipe
2443,BRONSON AVE RAMP 52 btwn HERON RD EB & BRONSON AVE RAMP 62,368712.7469,5026694.14,9/18/16,10:16,01 - Clear,01 - Dry,10 - No control,01 - Non intersection,01 - Daylight,02 - Non-fatal injury,02 - Angle
2444,BRONSON AVE/BRONSON/HERON RAMP 35 @ HERON RD,368642.0159,5026698.153,10/18/16,8:20,02 - Rain,02 - Wet,01 - Traffic signal,02 - Intersection related,01 - Daylight,03 - P.D. only,03 - Rear end
2445,BRONSON AVE/BRONSON/HERON RAMP 35 @ HERON RD,368643.1584,5026697.931,8/11/16,16:40,01 - Clear,01 - Dry,01 - Traffic signal,02 - Intersection related,01 - Daylight,03 - P.D. only,03 - Rear end
2446,BRONSON AVE/BRONSON/HERON RAMP 35 @ HERON RD,368640.9989,5026697.892,7/28/16,11:50,01 - Clear,01 - Dry,01 - Traffic signal,02 - Intersection related,01 - Daylight,03 - P.D. only,03 - Rear end
2447,BRONSON AVE/BRONSON/HERON RAMP 35 @ HERON RD,368641.1174,5026697.085,7/28/16,8:10,01 - Clear,01 - Dry,01 - Traffic signal,02 - Intersection related,01 - Daylight,03 - P.D. only,03 - Rear end
2448,BRONSON PL @ BRONSON AVE NB OFFRAMP 24,367839.6784,5028398.962,11/18/16,13:03,01 - Clear,01 - Dry,03 - Yield sign,03 - At intersection,01 - Daylight,03 - P.D. only,02 - Angle
2449,BRONSON PL @ COLONEL BY DR,367809.3711,5028522.758,5/16/16,7:55,01 - Clear,01 - Dry,02 - Stop sign,02 - Intersection related,01 - Daylight,03 - P.D. only,03 - Rear end
2450,BRONSON PL @ COLONEL BY DR,367809.0382,5028523.578,6/3/16,16:09,01 - Clear,01 - Dry,02 - Stop sign,02 - Intersection related,01 - Daylight,03 - P.D. only,03 - Rear end
2451,BRONSON PL @ COLONEL BY DR,367809.5394,5028521.139,9/20/16,17:36,01 - Clear,01 - Dry,02 - Stop sign,02 - Intersection related,01 - Daylight,03 - P.D. only,03 - Rear end
2452,BRONSON PL @ COLONEL BY DR,367808.8745,5028521.765,9/5/16,8:25,01 - Clear,01 - Dry,02 - Stop sign,02 - Intersection related,01 - Daylight,03 - P.D. only,05 - Turning movement
2453,BRONSON/HERON RAMP 42/BRONSON/HERON RAMP 52 @ ,368752.3288,5026892.813,3/4/16,11:31,01 - Clear,01 - Dry,02 - Stop sign,02 - Intersection related,01 - Daylight,02 - Non-fatal injury,03 - Rear end
2454,BRONSON/HERON RAMP 42/BRONSON/HERON RAMP 52 @ ,368751.0561,5026891.64,1/7/16,14:27,01 - Clear,01 - Dry,02 - Stop sign,02 - Intersection related,01 - Daylight,03 - P.D. only,03 - Rear end
2455,BRONSON/HERON RAMP 42/BRONSON/HERON RAMP 52 @ ,368751.885,5026892.254,1/25/16,17:19,01 - Clear,01 - Dry,02 - Stop sign,02 - Intersection related,05 - Dusk,03 - P.D. only,03 - Rear end
2456,BRONSON/HERON RAMP 42/BRONSON/HERON RAMP 52 @ ,368752.5651,5026894.028,1/6/16,18:43,01 - Clear,01 - Dry,02 - Stop sign,02 - Intersection related,07 - Dark,03 - P.D. only,03 - Rear end
2457,BROOK LANE btwn OAKRIDGE BLVD & OAKRIDGE BLVD,363648.6756,5022920.784,9/15/16,12:15,01 - Clear,01 - Dry,10 - No control,04 - At/near private drive,01 - Daylight,03 - P.D. only,02 - Angle
2458,BROOKFIELD RD @ 200 W OF FLANNERY DR,368511.5821,5026257.204,10/12/16,17:23,01 - Clear,01 - Dry,01 - Traffic signal,03 - At intersection,01 - Daylight,03 - P.D. only,02 - Angle
2459,BROOKFIELD RD btwn RIVERSIDE DR/HOG'S BACK RD & 200 W OF FLANNERY DR,368484.6485,5026256.644,5/5/16,12:15,01 - Clear,01 - Dry,10 - No control,04 - At/near private drive,01 - Daylight,02 - Non-fatal injury,07 - SMV other
2460,BROOKFIELD RD btwn RIVERSIDE DR/HOG'S BACK RD & 200 W OF FLANNERY DR,368182.8256,5026222.78,7/13/16,6:30,01 - Clear,01 - Dry,10 - No control,01 - Non intersection,01 - Daylight,03 - P.D. only,04 - Sideswipe
2461,BROOKSTONE ST @ WATERBRIDGE DR,367142.2105,5015961.531,10/10/16,11:32,01 - Clear,01 - Dry,02 - Stop sign,02 - Intersection related,01 - Daylight,03 - P.D. only,05 - Turning movement
2462,BROOKSTONE ST/HATHAWAY DR @ CRESTHAVEN DR,366779.9935,5015698.383,6/19/16,15:03,01 - Clear,01 - Dry,02 - Stop sign,03 - At intersection,01 - Daylight,03 - P.D. only,02 - Angle
2463,BROPHY DR @ FOURTH LINE RD,360737.958,5005671.337,8/12/16,16:22,01 - Clear,02 - Wet,02 - Stop sign,03 - At intersection,01 - Daylight,02 - Non-fatal injury,02 - Angle
2464,BROPHY DR @ HWY 416 BANKFIEL IC57R34,364561.9715,5007931.741,10/20/16,11:44,01 - Clear,02 - Wet,02 - Stop sign,02 - Intersection related,01 - Daylight,03 - P.D. only,02 - Angle
2465,BROPHY DR btwn MOODIE DR & WILLIAM MCEWEN DR,363786.3802,5007474.43,11/19/16,14:46,01 - Clear,01 - Dry,10 - No control,04 - At/near private drive,01 - Daylight,02 - Non-fatal injury,03 - Rear end