Record,Location,X,Y,Date,Time,Environment,Road_Surface,Traffic_Control,Collision_Location,Light,Collision_Classification,Impact_type
2466,BRUIN RD @ CEDARVIEW RD,359230.5254,5020935.789,10/22/16,12:45,01 - Clear,01 - Dry,02 - Stop sign,02 - Intersection related,01 - Daylight,03 - P.D. only,03 - Rear end
2467,BRUNEL ST @ MONTREAL RD,372824.6607,5034415.872,11/17/16,14:47,01 - Clear,01 - Dry,02 - Stop sign,02 - Intersection related,01 - Daylight,02 - Non-fatal injury,03 - Rear end
2468,BRUYERE ST @ DALHOUSIE ST,367827.8163,5032851.739,1/20/16,10:35,01 - Clear,01 - Dry,01 - Traffic signal,02 - Intersection related,01 - Daylight,03 - P.D. only,03 - Rear end
2469,BRUYERE ST @ SUSSEX DR,367538.515,5032668.579,2/9/16,9:13,03 - Snow,03 - Loose snow,01 - Traffic signal,03 - At intersection,01 - Daylight,03 - P.D. only,02 - Angle
2470,BRUYERE ST @ SUSSEX DR,367537.9965,5032669.085,6/22/16,15:21,01 - Clear,01 - Dry,01 - Traffic signal,02 - Intersection related,01 - Daylight,03 - P.D. only,04 - Sideswipe
2471,BRUYERE ST btwn DALHOUSIE ST & CUMBERLAND ST,367837.1473,5032858.397,9/26/16,9:52,01 - Clear,01 - Dry,10 - No control,01 - Non intersection,01 - Daylight,02 - Non-fatal injury,07 - SMV other
2472,BRUYERE ST btwn DALHOUSIE ST & CUMBERLAND ST,367912.0911,5032905.301,3/24/16,0:00,01 - Clear,05 - Packed snow,10 - No control,01 - Non intersection,00 - Unknown,03 - P.D. only,06 - SMV unattended vehicle
2473,BRUYERE ST btwn DALHOUSIE ST & CUMBERLAND ST,367845.9266,5032861.115,10/26/16,13:30,01 - Clear,01 - Dry,10 - No control,01 - Non intersection,01 - Daylight,03 - P.D. only,06 - SMV unattended vehicle
2474,BRUYERE ST btwn PARENT AVE & DALHOUSIE ST,367703.4441,5032774.149,12/8/16,14:00,01 - Clear,01 - Dry,10 - No control,01 - Non intersection,01 - Daylight,03 - P.D. only,06 - SMV unattended vehicle
2475,BRUYERE ST btwn SUSSEX DR & PARENT AVE,367627.2105,5032723.21,3/19/16,14:46,01 - Clear,01 - Dry,10 - No control,01 - Non intersection,01 - Daylight,02 - Non-fatal injury,07 - SMV other
2476,BUCHANAN CRES W @ QUINCY AVE W,374364.32,5035925.414,8/14/16,17:12,01 - Clear,01 - Dry,02 - Stop sign,03 - At intersection,01 - Daylight,03 - P.D. only,02 - Angle
2477,BUCKLAND RD btwn ST. JULIE ST & ROCKDALE RD,394647.8064,5024604.766,3/1/16,16:23,03 - Snow,05 - Packed snow,10 - No control,01 - Non intersection,01 - Daylight,03 - P.D. only,06 - SMV unattended vehicle
2478,BUELL ST btwn KIRKWOOD AVE & WESTVIEW AVE,364160.8879,5027867.137,5/20/16,16:51,01 - Clear,01 - Dry,10 - No control,04 - At/near private drive,01 - Daylight,02 - Non-fatal injury,07 - SMV other
2479,BUNCHBERRY WAY @ FINDLAY CREEK DR,374327.3279,5019387.186,2/13/16,10:08,01 - Clear,06 - Ice,02 - Stop sign,02 - Intersection related,01 - Daylight,03 - P.D. only,07 - SMV other
2480,BUNCHBERRY WAY @ FINDLAY CREEK DR,374327.3279,5019387.186,12/28/16,12:30,03 - Snow,03 - Loose snow,02 - Stop sign,02 - Intersection related,01 - Daylight,03 - P.D. only,03 - Rear end
2481,BUNCHBERRY WAY btwn ROCKROSE WAY & WILLOWMERE WAY,374020.7176,5019773.803,2/17/16,8:25,01 - Clear,03 - Loose snow,10 - No control,04 - At/near private drive,01 - Daylight,03 - P.D. only,02 - Angle
2482,BUNCHBERRY WAY btwn ROCKROSE WAY & WILLOWMERE WAY,374020.7176,5019773.803,4/11/16,0:00,03 - Snow,03 - Loose snow,10 - No control,01 - Non intersection,00 - Unknown,03 - P.D. only,06 - SMV unattended vehicle
2483,BURKE RD @ CARLING AVE,352830.7997,5022661.084,10/26/16,19:43,01 - Clear,01 - Dry,02 - Stop sign,02 - Intersection related,07 - Dark,03 - P.D. only,07 - SMV other
2484,BURLAND ST @ CARLING AVE,359279.499,5024164.927,12/22/16,16:09,01 - Clear,02 - Wet,02 - Stop sign,02 - Intersection related,05 - Dusk,03 - P.D. only,04 - Sideswipe
2485,BURLINGTON CRES btwn HUNTERSFIELD DR & HUNTERSFIELD DR,373400.1898,5025223.264,4/10/16,11:50,01 - Clear,01 - Dry,10 - No control,04 - At/near private drive,01 - Daylight,03 - P.D. only,02 - Angle
2486,BURMA RD btwn PROVENDER AVE & MONTREAL RD,373196.9445,5034685.403,6/30/16,23:04,01 - Clear,01 - Dry,10 - No control,01 - Non intersection,07 - Dark,03 - P.D. only,06 - SMV unattended vehicle
2487,BURNABY DR btwn ROSEHILL AVE & ETESIAN ST,350242.6387,5016317.798,6/25/16,8:00,01 - Clear,01 - Dry,10 - No control,01 - Non intersection,01 - Daylight,03 - P.D. only,06 - SMV unattended vehicle
2488,BURNABY DR btwn ROSEHILL AVE & ETESIAN ST,350242.8394,5016317.392,7/31/16,0:00,01 - Clear,01 - Dry,10 - No control,01 - Non intersection,00 - Unknown,03 - P.D. only,06 - SMV unattended vehicle
2489,BURNSIDE AVE @ HINCHEY AVE,364937.5284,5030164.124,8/13/16,15:49,99 - Other,02 - Wet,02 - Stop sign,03 - At intersection,01 - Daylight,03 - P.D. only,02 - Angle
2490,BURRIS LANE @ MERIVALE RD,364879.0501,5025067.106,10/20/16,12:43,02 - Rain,02 - Wet,01 - Traffic signal,02 - Intersection related,01 - Daylight,02 - Non-fatal injury,03 - Rear end
2491,BURTON RD btwn Continuation of BURTON RD & Continuation of BURTON RD (,392522.3748,5021119.864,9/1/16,5:47,01 - Clear,01 - Dry,10 - No control,01 - Non intersection,07 - Dark,02 - Non-fatal injury,07 - SMV other
2492,BURTON RD btwn FRONTIER RD & TO BE DETERMINED,390470.1555,5020337.709,6/30/16,18:23,01 - Clear,01 - Dry,10 - No control,01 - Non intersection,01 - Daylight,02 - Non-fatal injury,07 - SMV other
2493,BURTON RD btwn FRONTIER RD & TO BE DETERMINED,390323.5824,5020359.96,3/24/16,13:56,04 - Freezing Rain,06 - Ice,10 - No control,01 - Non intersection,01 - Daylight,03 - P.D. only,07 - SMV other
2494,BUTTERFLY WALK btwn CONTOUR ST & MORNINGSTAR WAY,381734.3891,5032988.197,2/13/16,20:50,01 - Clear,05 - Packed snow,10 - No control,01 - Non intersection,07 - Dark,03 - P.D. only,06 - SMV unattended vehicle
2495,BY WARD MARKET SQ btwn CLARENCE ST & YORK ST,367896.1746,5032394.608,6/7/16,23:51,01 - Clear,01 - Dry,10 - No control,01 - Non intersection,07 - Dark,03 - P.D. only,06 - SMV unattended vehicle
2496,BY WARD MARKET SQ btwn YORK ST & GEORGE ST,367947.0645,5032323.062,9/21/16,10:20,01 - Clear,01 - Dry,10 - No control,01 - Non intersection,01 - Daylight,03 - P.D. only,06 - SMV unattended vehicle
2497,BY WARD MARKET SQ btwn YORK ST & GEORGE ST,367977.3333,5032278.101,4/21/16,13:00,01 - Clear,01 - Dry,10 - No control,01 - Non intersection,01 - Daylight,03 - P.D. only,06 - SMV unattended vehicle
2498,BYRON AVE @ CHURCHILL AVE,363272.7396,5028179.769,3/26/16,12:30,01 - Clear,01 - Dry,01 - Traffic signal,02 - Intersection related,01 - Daylight,03 - P.D. only,03 - Rear end
2499,BYRON AVE @ CHURCHILL AVE,363274.8882,5028180.602,6/11/16,9:49,02 - Rain,02 - Wet,01 - Traffic signal,03 - At intersection,01 - Daylight,03 - P.D. only,05 - Turning movement
2500,BYRON AVE @ EDEN AVE,363390.674,5028214.682,11/18/16,14:44,01 - Clear,01 - Dry,02 - Stop sign,03 - At intersection,01 - Daylight,02 - Non-fatal injury,05 - Turning movement
2501,BYRON AVE @ HOLLAND AVE,365014.3097,5028958.556,7/14/16,16:02,01 - Clear,01 - Dry,02 - Stop sign,02 - Intersection related,01 - Daylight,03 - P.D. only,05 - Turning movement
2502,BYRON AVE @ HOLLAND AVE,365013.5639,5028959.01,7/28/16,0:02,01 - Clear,01 - Dry,02 - Stop sign,03 - At intersection,07 - Dark,03 - P.D. only,07 - SMV other
2503,BYRON AVE @ HOLLAND AVE,365012.2158,5028957.313,12/1/16,15:30,02 - Rain,02 - Wet,02 - Stop sign,02 - Intersection related,01 - Daylight,03 - P.D. only,04 - Sideswipe
2504,BYRON AVE @ ISLAND PARK DR,364256.2951,5028603.103,11/22/16,12:49,01 - Clear,01 - Dry,01 - Traffic signal,02 - Intersection related,01 - Daylight,03 - P.D. only,03 - Rear end
2505,BYRON AVE @ KIRKWOOD AVE,363868.2974,5028430.216,10/3/16,14:22,01 - Clear,01 - Dry,01 - Traffic signal,02 - Intersection related,01 - Daylight,03 - P.D. only,03 - Rear end
2506,BYRON AVE @ KIRKWOOD AVE,363866.691,5028431.822,8/15/16,10:18,01 - Clear,01 - Dry,01 - Traffic signal,02 - Intersection related,01 - Daylight,03 - P.D. only,03 - Rear end
2507,BYRON AVE @ SHERBOURNE RD,361905.3466,5027047.864,9/1/16,7:37,01 - Clear,01 - Dry,02 - Stop sign,02 - Intersection related,01 - Daylight,02 - Non-fatal injury,07 - SMV other
2508,BYRON AVE @ TWEEDSMUIR AVE,363592.9174,5028304.553,7/20/16,10:41,01 - Clear,01 - Dry,02 - Stop sign,03 - At intersection,01 - Daylight,02 - Non-fatal injury,02 - Angle
2509,BYRON AVE @ TWEEDSMUIR AVE,363592.4706,5028304.333,11/25/16,17:23,02 - Rain,02 - Wet,02 - Stop sign,03 - At intersection,07 - Dark,03 - P.D. only,02 - Angle
2510,BYRON AVE btwn COMPTON AVE & WOODROFFE AVE,361584.2766,5026606.813,8/20/16,0:00,01 - Clear,01 - Dry,10 - No control,01 - Non intersection,00 - Unknown,03 - P.D. only,06 - SMV unattended vehicle
2511,BYRON AVE btwn HARMER AVE N & HOLLAND AVE,364969.1517,5028938.266,11/4/16,12:09,01 - Clear,01 - Dry,10 - No control,01 - Non intersection,01 - Daylight,02 - Non-fatal injury,03 - Rear end
2512,BYRON AVE btwn HILLCREST AVE & BROADVIEW AVE,362685.117,5027822.107,11/17/16,3:46,01 - Clear,01 - Dry,10 - No control,01 - Non intersection,07 - Dark,03 - P.D. only,07 - SMV other
2513,BYRON AVE btwn WOODROFFE AVE & LOCKHART AVE,361619.2178,5026655.596,11/22/16,4:18,03 - Snow,03 - Loose snow,10 - No control,01 - Non intersection,07 - Dark,03 - P.D. only,06 - SMV unattended vehicle
2514,BYWARD MARKET @ YORK ST,367945.383,5032329.5,8/9/16,12:37,01 - Clear,01 - Dry,02 - Stop sign,02 - Intersection related,01 - Daylight,03 - P.D. only,05 - Turning movement
2515,CABOT ST @ PLEASANT PARK RD,369684.3374,5028424.424,8/16/16,8:45,01 - Clear,01 - Dry,02 - Stop sign,02 - Intersection related,01 - Daylight,03 - P.D. only,03 - Rear end
2516,CADBORO RD @ OGILVIE RD,373600.43,5032664.245,7/13/16,16:56,01 - Clear,01 - Dry,01 - Traffic signal,02 - Intersection related,01 - Daylight,03 - P.D. only,03 - Rear end
2517,CADBORO RD @ OGILVIE RD,373602.0998,5032663.415,2/24/16,14:50,03 - Snow,06 - Ice,01 - Traffic signal,03 - At intersection,01 - Daylight,03 - P.D. only,03 - Rear end
2518,CAESAR AVE E @ CLEOPATRA DR E,365794.4952,5021032.682,2/19/16,16:30,03 - Snow,02 - Wet,03 - Yield sign,03 - At intersection,01 - Daylight,03 - P.D. only,02 - Angle
2519,CAHILL DR    W btwn UPLANDS DR & TWYFORD ST,370210.3866,5023360.336,4/6/16,0:00,02 - Rain,02 - Wet,10 - No control,01 - Non intersection,00 - Unknown,03 - P.D. only,06 - SMV unattended vehicle
2520,CAHILL DR @ CUTTS PRIV,372000.1188,5024835.365,9/19/16,13:30,01 - Clear,01 - Dry,10 - No control,02 - Intersection related,01 - Daylight,03 - P.D. only,05 - Turning movement
2521,CAHILL DR @ HUNT CLUB RD,372407.962,5024541.6,8/9/16,17:46,01 - Clear,01 - Dry,01 - Traffic signal,03 - At intersection,01 - Daylight,02 - Non-fatal injury,05 - Turning movement
2522,CAHILL DR @ HUNT CLUB RD,372407.3441,5024541.728,6/9/16,12:22,01 - Clear,01 - Dry,01 - Traffic signal,03 - At intersection,01 - Daylight,02 - Non-fatal injury,05 - Turning movement
2523,CAHILL DR @ HUNT CLUB RD,372407.7347,5024541.267,10/10/16,16:21,01 - Clear,01 - Dry,01 - Traffic signal,02 - Intersection related,01 - Daylight,02 - Non-fatal injury,03 - Rear end
2524,CAHILL DR @ HUNT CLUB RD,372409.391,5024540.439,9/17/16,23:09,02 - Rain,02 - Wet,01 - Traffic signal,02 - Intersection related,07 - Dark,02 - Non-fatal injury,03 - Rear end
2525,CAHILL DR @ HUNT CLUB RD,372405.2502,5024543.752,7/20/16,9:30,01 - Clear,01 - Dry,01 - Traffic signal,03 - At intersection,01 - Daylight,02 - Non-fatal injury,02 - Angle
2526,CAHILL DR @ HUNT CLUB RD,372407.2755,5024541.82,6/12/16,16:08,01 - Clear,01 - Dry,01 - Traffic signal,03 - At intersection,01 - Daylight,03 - P.D. only,02 - Angle
2527,CAHILL DR @ HUNT CLUB RD,372409.8986,5024543.014,1/3/16,9:13,03 - Snow,03 - Loose snow,01 - Traffic signal,02 - Intersection related,01 - Daylight,03 - P.D. only,04 - Sideswipe
2528,CAHILL DR @ HUNT CLUB RD,372406.9633,5024541.848,2/17/16,19:19,03 - Snow,06 - Ice,01 - Traffic signal,03 - At intersection,07 - Dark,03 - P.D. only,02 - Angle
2529,CAHILL DR @ HUNT CLUB RD,372406.861,5024542.098,3/10/16,10:20,01 - Clear,01 - Dry,01 - Traffic signal,02 - Intersection related,01 - Daylight,03 - P.D. only,03 - Rear end
2530,CAHILL DR @ HUNT CLUB RD,372408.4165,5024542.509,7/16/16,6:59,01 - Clear,01 - Dry,01 - Traffic signal,03 - At intersection,01 - Daylight,03 - P.D. only,02 - Angle
2531,CAHILL DR @ HUNT CLUB RD,372408.4165,5024542.964,7/22/16,13:33,01 - Clear,01 - Dry,01 - Traffic signal,02 - Intersection related,01 - Daylight,03 - P.D. only,03 - Rear end
2532,CAHILL DR @ HUNT CLUB RD,372406.9065,5024541.267,5/24/16,23:46,01 - Clear,01 - Dry,01 - Traffic signal,02 - Intersection related,07 - Dark,03 - P.D. only,02 - Angle
2533,CAHILL DR @ HUNT CLUB RD,372406.0784,5024541.267,12/14/16,17:41,01 - Clear,01 - Dry,01 - Traffic signal,03 - At intersection,07 - Dark,03 - P.D. only,04 - Sideswipe
2534,CAHILL DR @ HUNT CLUB RD,372407.5152,5024543.168,12/9/16,17:36,01 - Clear,01 - Dry,01 - Traffic signal,03 - At intersection,07 - Dark,03 - P.D. only,02 - Angle
2535,CAHILL DR @ MCCARTHY RD,370272.0765,5023736.672,2/18/16,15:22,01 - Clear,02 - Wet,02 - Stop sign,03 - At intersection,01 - Daylight,03 - P.D. only,02 - Angle
2536,CAHILL DR btwn SANDHAMN PRIV & VERDON PRIV,371883.9979,5024767.104,1/11/16,0:57,05 - Drifting Snow,06 - Ice,10 - No control,01 - Non intersection,07 - Dark,03 - P.D. only,07 - SMV other
2537,CALAVERAS AVE @ LONGFIELDS DR,364358.8649,5015491.595,11/4/16,8:40,01 - Clear,01 - Dry,02 - Stop sign,02 - Intersection related,01 - Daylight,03 - P.D. only,03 - Rear end
2538,CALAVERAS AVE @ PALMADEO DR,365047.6222,5015908.021,7/13/16,9:40,01 - Clear,01 - Dry,02 - Stop sign,03 - At intersection,01 - Daylight,03 - P.D. only,02 - Angle
2539,CALAVERAS AVE btwn LONGFIELDS DR & CROXLEY WAY,364404.3565,5015519.562,1/17/16,18:34,03 - Snow,03 - Loose snow,10 - No control,01 - Non intersection,07 - Dark,03 - P.D. only,06 - SMV unattended vehicle
2540,CALAVERAS AVE btwn PALMADEO DR & BEATRICE DR,365163.8727,5015975.035,3/8/16,11:03,01 - Clear,02 - Wet,10 - No control,04 - At/near private drive,01 - Daylight,03 - P.D. only,06 - SMV unattended vehicle
2541,CALAVERAS AVE btwn PALMADEO DR & BEATRICE DR,365206.1384,5015999.686,4/6/16,7:20,01 - Clear,01 - Dry,10 - No control,04 - At/near private drive,01 - Daylight,03 - P.D. only,99 - Other
2542,CALDWELL AVE @ MEDFORD ST,364699.7848,5026134.303,6/24/16,16:44,01 - Clear,01 - Dry,02 - Stop sign,03 - At intersection,01 - Daylight,02 - Non-fatal injury,02 - Angle
2543,CALDWELL AVE @ MERIVALE RD,364907.1785,5026230.193,5/26/16,21:35,01 - Clear,02 - Wet,01 - Traffic signal,03 - At intersection,07 - Dark,02 - Non-fatal injury,03 - Rear end
2544,CALDWELL AVE @ MERIVALE RD,364906.3003,5026230.632,2/20/16,12:45,02 - Rain,02 - Wet,01 - Traffic signal,03 - At intersection,01 - Daylight,03 - P.D. only,05 - Turning movement
2545,CALDWELL AVE @ MERIVALE RD,364908.5344,5026230.867,7/19/16,13:53,01 - Clear,01 - Dry,01 - Traffic signal,02 - Intersection related,01 - Daylight,03 - P.D. only,03 - Rear end
2546,CALDWELL AVE @ MERIVALE RD,364908.3165,5026230.642,4/19/16,15:22,01 - Clear,01 - Dry,01 - Traffic signal,02 - Intersection related,01 - Daylight,03 - P.D. only,03 - Rear end
2547,CALDWELL AVE @ MERIVALE RD,364906.9388,5026230.642,3/4/16,17:07,01 - Clear,03 - Loose snow,01 - Traffic signal,02 - Intersection related,01 - Daylight,03 - P.D. only,03 - Rear end
2548,CALDWELL AVE btwn MEDFORD ST & MERIVALE RD,364702.6792,5026135.631,9/12/16,7:36,01 - Clear,01 - Dry,10 - No control,01 - Non intersection,01 - Daylight,03 - P.D. only,06 - SMV unattended vehicle
2549,CALDWELL AVE btwn MEDFORD ST & MERIVALE RD,364710.1734,5026137.69,6/27/16,13:22,01 - Clear,01 - Dry,10 - No control,04 - At/near private drive,01 - Daylight,03 - P.D. only,04 - Sideswipe
2550,CALDWELL AVE btwn MEDFORD ST & MERIVALE RD,364720.32,5026140.621,5/31/16,19:45,01 - Clear,01 - Dry,10 - No control,01 - Non intersection,01 - Daylight,03 - P.D. only,06 - SMV unattended vehicle
2551,CALDWELL AVE btwn MEDFORD ST & MERIVALE RD,364707.3286,5026136.603,12/24/16,12:18,01 - Clear,02 - Wet,10 - No control,01 - Non intersection,01 - Daylight,03 - P.D. only,06 - SMV unattended vehicle
2552,CALDWELL AVE btwn MORISSET AVE & MEDFORD ST,364433.7439,5026116.092,2/11/16,15:05,01 - Clear,02 - Wet,10 - No control,04 - At/near private drive,01 - Daylight,03 - P.D. only,02 - Angle
2553,CALDWELL AVE btwn MORISSET AVE & MEDFORD ST,364409.8101,5026150.609,2/18/16,17:28,01 - Clear,06 - Ice,10 - No control,04 - At/near private drive,05 - Dusk,03 - P.D. only,02 - Angle
2554,CALDWELL AVE btwn MORISSET AVE & MEDFORD ST,364415.3505,5026144.856,12/6/16,10:32,01 - Clear,04 - Slush,10 - No control,01 - Non intersection,01 - Daylight,03 - P.D. only,06 - SMV unattended vehicle
2555,CALICO CRES btwn SCALA AVE & SCALA AVE,385788.6518,5036412.591,10/11/16,8:03,01 - Clear,01 - Dry,10 - No control,04 - At/near private drive,01 - Daylight,03 - P.D. only,02 - Angle
2556,CAMBRIAN RD @ CEDARVIEW RD,363002.0128,5011834.183,6/23/16,17:10,01 - Clear,01 - Dry,02 - Stop sign,02 - Intersection related,01 - Daylight,02 - Non-fatal injury,03 - Rear end
2557,CAMBRIAN RD @ CEDARVIEW RD,363002.6714,5011835.645,7/29/16,3:27,"07 - Fog, mist, smoke, dust",01 - Dry,02 - Stop sign,02 - Intersection related,07 - Dark,03 - P.D. only,03 - Rear end
2558,CAMBRIAN RD @ CEDARVIEW RD,363001.9896,5011835.311,7/22/16,20:56,02 - Rain,02 - Wet,02 - Stop sign,02 - Intersection related,05 - Dusk,03 - P.D. only,07 - SMV other
2559,CAMBRIAN RD @ CEDARVIEW RD,363001.5737,5011833.305,12/11/16,9:30,01 - Clear,06 - Ice,02 - Stop sign,03 - At intersection,01 - Daylight,03 - P.D. only,07 - SMV other
2560,CAMBRIAN RD @ GRAND CANAL ST,364186.2637,5012513.461,7/26/16,18:10,01 - Clear,01 - Dry,02 - Stop sign,03 - At intersection,01 - Daylight,03 - P.D. only,05 - Turning movement
2561,CAMBRIAN RD @ GREENBANK RD,364764.0269,5012873.081,2/12/16,18:18,03 - Snow,04 - Slush,11 - Roundabout,03 - At intersection,07 - Dark,03 - P.D. only,07 - SMV other
2562,CAMBRIAN RD @ GREENBANK RD,364764.9095,5012873.094,3/13/16,15:45,01 - Clear,01 - Dry,11 - Roundabout,03 - At intersection,01 - Daylight,03 - P.D. only,03 - Rear end
2563,CAMBRIAN RD @ GREENBANK RD,364764.0136,5012873.094,4/5/16,8:27,01 - Clear,01 - Dry,11 - Roundabout,03 - At intersection,01 - Daylight,03 - P.D. only,03 - Rear end
2564,CAMBRIAN RD @ GREENBANK RD,364765.5137,5012872.837,12/28/16,17:35,03 - Snow,04 - Slush,11 - Roundabout,03 - At intersection,07 - Dark,03 - P.D. only,02 - Angle
2565,CAMBRIAN RD @ KILBIRNIE DR/TUCANA WAY,365113.837,5013068.716,3/10/16,8:31,01 - Clear,02 - Wet,02 - Stop sign,03 - At intersection,01 - Daylight,03 - P.D. only,02 - Angle
2566,CAMBRIAN RD @ MOODIE DR,361122.4377,5010805.383,7/16/16,12:21,01 - Clear,01 - Dry,02 - Stop sign,03 - At intersection,01 - Daylight,03 - P.D. only,02 - Angle
2567,CAMBRIAN RD btwn BORRISOKANE RD & GRAND CANAL ST,363437.3586,5012083.228,1/30/16,4:40,03 - Snow,03 - Loose snow,10 - No control,01 - Non intersection,07 - Dark,02 - Non-fatal injury,07 - SMV other
2568,CAMBRIAN RD btwn GRAND CANAL ST & SEELEY'S BAY ST,364080.833,5012452.859,10/3/16,17:18,01 - Clear,01 - Dry,10 - No control,01 - Non intersection,01 - Daylight,02 - Non-fatal injury,06 - SMV unattended vehicle
2569,CAMBRIAN RD btwn REGATTA AVE & GREENBANK RD,364573.028,5012736.967,12/13/16,15:00,01 - Clear,02 - Wet,10 - No control,01 - Non intersection,01 - Daylight,03 - P.D. only,05 - Turning movement
2570,CAMBRIAN RD btwn RICHMOND RD & END,358420.3283,5009085.475,12/30/16,10:28,03 - Snow,06 - Ice,10 - No control,01 - Non intersection,01 - Daylight,03 - P.D. only,07 - SMV other
2571,CAMBRIDGE ST    N btwn ARLINGTON AVE & RAYMOND ST,367133.1917,5029795.987,5/13/16,10:30,02 - Rain,02 - Wet,10 - No control,01 - Non intersection,01 - Daylight,03 - P.D. only,06 - SMV unattended vehicle
2572,CAMBRIDGE ST    N btwn CHRISTIE ST & GLADSTONE AVE,367051.2405,5030073.686,5/22/16,12:09,01 - Clear,01 - Dry,10 - No control,01 - Non intersection,01 - Daylight,03 - P.D. only,06 - SMV unattended vehicle
2573,CAMBRIDGE ST    N btwn GLADSTONE AVE & ARLINGTON AVE,367078.5826,5029925.335,8/30/16,0:00,00 - Unknown,00 - Unknown,10 - No control,04 - At/near private drive,07 - Dark,03 - P.D. only,06 - SMV unattended vehicle
2574,CAMBRIDGE ST    N btwn LAURIER AVE W & PRIMROSE AVE,366775.1087,5030728.297,2/1/16,16:00,01 - Clear,01 - Dry,10 - No control,04 - At/near private drive,01 - Daylight,03 - P.D. only,04 - Sideswipe
2575,CAMBRIDGE ST    N btwn LAURIER AVE W & PRIMROSE AVE,366772.7995,5030732.016,8/23/16,16:03,01 - Clear,01 - Dry,10 - No control,01 - Non intersection,01 - Daylight,03 - P.D. only,99 - Other
2576,CAMBRIDGE ST    N btwn LAURIER AVE W & PRIMROSE AVE,366780.9217,5030718.25,11/4/16,13:49,01 - Clear,01 - Dry,10 - No control,01 - Non intersection,01 - Daylight,03 - P.D. only,06 - SMV unattended vehicle
2577,CAMBRIDGE ST    N btwn PRIMROSE AVE & SOMERSET ST W,366826.2542,5030602.651,2/22/16,19:06,01 - Clear,04 - Slush,10 - No control,01 - Non intersection,07 - Dark,03 - P.D. only,06 - SMV unattended vehicle
2578,CAMBRIDGE ST    N btwn PRIMROSE AVE & SOMERSET ST W,366895.3863,5030442.264,12/14/16,17:00,03 - Snow,04 - Slush,10 - No control,01 - Non intersection,07 - Dark,03 - P.D. only,06 - SMV unattended vehicle
2579,CAMBRIDGE ST @ CARLING AVE,367353.4819,5029274.556,7/12/16,20:54,01 - Clear,01 - Dry,02 - Stop sign,02 - Intersection related,05 - Dusk,02 - Non-fatal injury,04 - Sideswipe
2580,CAMBRIDGE ST @ SOMERSET ST,366897.7804,5030434.257,8/26/16,13:33,01 - Clear,01 - Dry,02 - Stop sign,03 - At intersection,01 - Daylight,03 - P.D. only,02 - Angle
2581,CAMELOT DR btwn CLEOPATRA DR & BENTLEY AVE,365565.2713,5021424.032,11/22/16,18:57,01 - Clear,01 - Dry,10 - No control,01 - Non intersection,07 - Dark,03 - P.D. only,06 - SMV unattended vehicle
2582,CAMEO DR btwn GREYROCK CRES & CASTLE HILL CRES,364115.1913,5025240.733,10/6/16,12:28,01 - Clear,01 - Dry,10 - No control,04 - At/near private drive,01 - Daylight,03 - P.D. only,03 - Rear end
2583,CAMERON AVE btwn BELLWOOD AVE & RIVERDALE AVE,369017.9006,5028305.316,10/17/16,0:00,01 - Clear,01 - Dry,10 - No control,01 - Non intersection,00 - Unknown,03 - P.D. only,06 - SMV unattended vehicle
2584,CAMERON ST @ REGIONAL RD 174,389861.2431,5042618.003,2/12/16,14:51,02 - Rain,02 - Wet,01 - Traffic signal,02 - Intersection related,01 - Daylight,02 - Non-fatal injury,03 - Rear end
2585,CAMERON ST @ REGIONAL RD 174,389861.4554,5042617.564,8/3/16,16:03,01 - Clear,01 - Dry,01 - Traffic signal,02 - Intersection related,01 - Daylight,03 - P.D. only,03 - Rear end
2586,CAMERON ST @ REGIONAL RD 174,389859.6759,5042617.345,8/30/16,17:17,01 - Clear,01 - Dry,01 - Traffic signal,03 - At intersection,01 - Daylight,03 - P.D. only,03 - Rear end
2587,CAMERON ST @ REGIONAL RD 174,389860.74,5042616.51,2/10/16,13:43,01 - Clear,02 - Wet,01 - Traffic signal,03 - At intersection,01 - Daylight,03 - P.D. only,05 - Turning movement
2588,CAMERON ST @ REGIONAL RD 174,389861.447,5042617.34,4/22/16,16:05,01 - Clear,02 - Wet,01 - Traffic signal,02 - Intersection related,01 - Daylight,03 - P.D. only,03 - Rear end
2589,CAMERON ST @ REGIONAL RD 174,389860.5463,5042616.655,7/29/16,13:11,01 - Clear,01 - Dry,01 - Traffic signal,02 - Intersection related,01 - Daylight,03 - P.D. only,03 - Rear end
2590,CAMERON ST @ REGIONAL RD 174,389860.6184,5042617.969,6/3/16,17:46,01 - Clear,01 - Dry,01 - Traffic signal,02 - Intersection related,01 - Daylight,03 - P.D. only,03 - Rear end
2591,CAMERON ST btwn FERRY ROAD LANE & END,389761.9756,5042913.865,3/28/16,13:40,01 - Clear,01 - Dry,10 - No control,01 - Non intersection,01 - Daylight,03 - P.D. only,04 - Sideswipe
2592,CAMPEAU DR @ CORDILLERA ST,351451.951,5019702.761,5/5/16,21:27,01 - Clear,01 - Dry,02 - Stop sign,03 - At intersection,07 - Dark,02 - Non-fatal injury,07 - SMV other
2593,CAMPEAU DR @ GRAY CRES,352098.0576,5020078.828,2/25/16,19:00,03 - Snow,04 - Slush,02 - Stop sign,02 - Intersection related,07 - Dark,03 - P.D. only,03 - Rear end