Record,Location,X,Y,Date,Time,Environment,Road_Surface,Traffic_Control,Collision_Location,Light,Collision_Classification,Impact_type
2594,CAMPEAU DR @ HERLIHEY WAY,350509.6948,5019177.706,3/2/16,20:41,03 - Snow,03 - Loose snow,01 - Traffic signal,02 - Intersection related,07 - Dark,03 - P.D. only,02 - Angle
2595,CAMPEAU DR @ HERLIHEY WAY,350507.2072,5019177.254,7/16/16,19:00,01 - Clear,01 - Dry,01 - Traffic signal,03 - At intersection,01 - Daylight,03 - P.D. only,02 - Angle
2596,CAMPEAU DR @ HERLIHEY WAY,350508.1943,5019177.484,9/1/16,4:17,01 - Clear,01 - Dry,01 - Traffic signal,02 - Intersection related,07 - Dark,03 - P.D. only,07 - SMV other
2597,CAMPEAU DR @ HUNTMAR DR,349065.8246,5018045.511,5/24/16,17:27,01 - Clear,01 - Dry,11 - Roundabout,03 - At intersection,01 - Daylight,03 - P.D. only,04 - Sideswipe
2598,CAMPEAU DR @ HUNTMAR DR,349064.7805,5018039.64,9/12/16,18:14,01 - Clear,01 - Dry,11 - Roundabout,03 - At intersection,01 - Daylight,03 - P.D. only,02 - Angle
2599,CAMPEAU DR @ KANATA AVE,350594.2085,5019400.846,8/29/16,14:43,01 - Clear,01 - Dry,01 - Traffic signal,02 - Intersection related,01 - Daylight,02 - Non-fatal injury,05 - Turning movement
2600,CAMPEAU DR @ KANATA AVE,350596.5234,5019403.186,12/28/16,14:07,01 - Clear,01 - Dry,01 - Traffic signal,03 - At intersection,01 - Daylight,02 - Non-fatal injury,05 - Turning movement
2601,CAMPEAU DR @ KANATA AVE,350594.6451,5019401.722,3/3/16,10:26,01 - Clear,01 - Dry,01 - Traffic signal,03 - At intersection,01 - Daylight,03 - P.D. only,05 - Turning movement
2602,CAMPEAU DR @ KANATA AVE,350594.0389,5019400.702,10/17/16,8:42,01 - Clear,01 - Dry,01 - Traffic signal,02 - Intersection related,01 - Daylight,03 - P.D. only,03 - Rear end
2603,CAMPEAU DR @ KANATA AVE,350593.7608,5019403.59,2/5/16,8:48,01 - Clear,01 - Dry,01 - Traffic signal,02 - Intersection related,01 - Daylight,03 - P.D. only,03 - Rear end
2604,CAMPEAU DR @ KANATA AVE,350594.1166,5019403.07,1/12/16,17:26,03 - Snow,04 - Slush,01 - Traffic signal,02 - Intersection related,05 - Dusk,03 - P.D. only,03 - Rear end
2605,CAMPEAU DR @ KNUDSON DR,351809.8054,5019846.665,6/8/16,21:47,01 - Clear,01 - Dry,01 - Traffic signal,02 - Intersection related,07 - Dark,03 - P.D. only,04 - Sideswipe
2606,CAMPEAU DR @ TERON RD/COLCHESTER SQ,352563.7225,5020468.652,1/11/16,19:45,01 - Clear,01 - Dry,01 - Traffic signal,03 - At intersection,07 - Dark,02 - Non-fatal injury,05 - Turning movement
2607,CAMPEAU DR @ TERON RD/COLCHESTER SQ,352563.0639,5020467.306,8/28/16,20:52,01 - Clear,01 - Dry,01 - Traffic signal,03 - At intersection,05 - Dusk,03 - P.D. only,05 - Turning movement
2608,CAMPEAU DR @ TERON RD/COLCHESTER SQ,352563.0566,5020467.748,2/17/16,7:55,03 - Snow,05 - Packed snow,01 - Traffic signal,02 - Intersection related,01 - Daylight,03 - P.D. only,03 - Rear end
2609,CAMPEAU DR @ TERON RD/COLCHESTER SQ,352563.4985,5020468.198,3/19/16,20:01,01 - Clear,01 - Dry,01 - Traffic signal,03 - At intersection,07 - Dark,03 - P.D. only,05 - Turning movement
2610,CAMPEAU DR @ TERON RD/COLCHESTER SQ,352563.0639,5020466.428,10/27/16,21:27,03 - Snow,03 - Loose snow,01 - Traffic signal,03 - At intersection,07 - Dark,03 - P.D. only,05 - Turning movement
2611,CAMPEAU DR @ TERON RD/COLCHESTER SQ,352564.1959,5020468.236,12/18/16,15:40,01 - Clear,03 - Loose snow,01 - Traffic signal,02 - Intersection related,01 - Daylight,03 - P.D. only,03 - Rear end
2612,CAMPEAU DR @ TERON RD/COLCHESTER SQ,352563.2752,5020468.593,11/24/16,8:49,03 - Snow,05 - Packed snow,01 - Traffic signal,02 - Intersection related,01 - Daylight,03 - P.D. only,03 - Rear end
2613,CAMPEAU DR @ TERRY FOX DR,350455.6007,5019011.581,1/4/16,15:45,01 - Clear,01 - Dry,01 - Traffic signal,02 - Intersection related,01 - Daylight,02 - Non-fatal injury,03 - Rear end
2614,CAMPEAU DR @ TERRY FOX DR,350455.8247,5019011.575,3/11/16,18:05,01 - Clear,01 - Dry,01 - Traffic signal,03 - At intersection,05 - Dusk,02 - Non-fatal injury,05 - Turning movement
2615,CAMPEAU DR @ TERRY FOX DR,350455.6007,5019010.041,8/31/16,9:19,01 - Clear,01 - Dry,01 - Traffic signal,03 - At intersection,01 - Daylight,03 - P.D. only,03 - Rear end
2616,CAMPEAU DR @ TERRY FOX DR,350455.3812,5019010.236,2/11/16,12:08,06 - Strong wind,05 - Packed snow,01 - Traffic signal,02 - Intersection related,01 - Daylight,03 - P.D. only,01 - Approaching
2617,CAMPEAU DR @ TERRY FOX DR,350455.3812,5019010.236,10/19/16,8:15,01 - Clear,01 - Dry,01 - Traffic signal,03 - At intersection,01 - Daylight,03 - P.D. only,05 - Turning movement
2618,CAMPEAU DR @ TERRY FOX DR,350454.5298,5019011.794,1/8/16,16:20,01 - Clear,01 - Dry,01 - Traffic signal,02 - Intersection related,01 - Daylight,03 - P.D. only,03 - Rear end
2619,CAMPEAU DR @ TERRY FOX DR,350455.3734,5019009.546,8/8/16,13:12,01 - Clear,01 - Dry,01 - Traffic signal,03 - At intersection,01 - Daylight,03 - P.D. only,05 - Turning movement
2620,CAMPEAU DR @ TERRY FOX DR,350456.2593,5019009.797,6/17/16,8:20,01 - Clear,01 - Dry,01 - Traffic signal,02 - Intersection related,01 - Daylight,03 - P.D. only,99 - Other
2621,CAMPEAU DR @ TERRY FOX DR,350454.9189,5019011.364,7/25/16,18:30,01 - Clear,02 - Wet,01 - Traffic signal,02 - Intersection related,01 - Daylight,03 - P.D. only,04 - Sideswipe
2622,CAMPEAU DR @ TERRY FOX DR,350455.8262,5019010.681,6/15/16,11:15,01 - Clear,01 - Dry,01 - Traffic signal,02 - Intersection related,01 - Daylight,03 - P.D. only,03 - Rear end
2623,CAMPEAU DR @ TERRY FOX DR,350455.6007,5019009.117,10/3/16,17:06,01 - Clear,01 - Dry,01 - Traffic signal,02 - Intersection related,01 - Daylight,03 - P.D. only,03 - Rear end
2624,CAMPEAU DR @ TERRY FOX DR,350455.6007,5019009.213,12/21/16,8:52,01 - Clear,02 - Wet,01 - Traffic signal,03 - At intersection,01 - Daylight,03 - P.D. only,02 - Angle
2625,CAMPEAU DR @ TERRY FOX DR,350454.7725,5019009.213,11/30/16,17:43,02 - Rain,02 - Wet,01 - Traffic signal,02 - Intersection related,07 - Dark,03 - P.D. only,03 - Rear end
2626,CAMPEAU DR btwn COLCHESTER SQ/TERON RD & HAWKSTONE GT,352316.5735,5020337.721,6/19/16,17:06,01 - Clear,01 - Dry,10 - No control,01 - Non intersection,01 - Daylight,03 - P.D. only,04 - Sideswipe
2627,CAMPEAU DR btwn COLCHESTER SQ/TERON RD & HAWKSTONE GT,352412.3275,5020430.61,1/12/16,8:30,02 - Rain,06 - Ice,10 - No control,01 - Non intersection,01 - Daylight,03 - P.D. only,03 - Rear end
2628,CAMPEAU DR btwn COLCHESTER SQ/TERON RD & MARCH RD,352671.4103,5020467.488,5/5/16,23:38,01 - Clear,01 - Dry,10 - No control,01 - Non intersection,07 - Dark,03 - P.D. only,07 - SMV other
2629,CAMPEAU DR btwn COLCHESTER SQ/TERON RD & MARCH RD,352578.0407,5020467.98,7/1/16,22:55,02 - Rain,02 - Wet,10 - No control,01 - Non intersection,07 - Dark,03 - P.D. only,07 - SMV other
2630,CAMPEAU DR btwn DIDSBURY RD & TERRY FOX DR,350451.8873,5019008.183,6/30/16,13:32,01 - Clear,01 - Dry,10 - No control,01 - Non intersection,01 - Daylight,03 - P.D. only,04 - Sideswipe
2631,CAMPEAU DR btwn GRAY CRES & DRYSDALE ST,351959.3466,5019941.814,2/27/16,9:45,01 - Clear,01 - Dry,10 - No control,01 - Non intersection,01 - Daylight,02 - Non-fatal injury,03 - Rear end
2632,CAMPEAU DR btwn KANATA AVE & STONECROFT TER,350881.482,5019612.949,3/2/16,15:10,01 - Clear,02 - Wet,10 - No control,04 - At/near private drive,01 - Daylight,02 - Non-fatal injury,03 - Rear end
2633,CAMPEAU DR btwn KANATA AVE & STONECROFT TER,351087.5635,5019630.879,2/27/16,9:30,01 - Clear,01 - Dry,10 - No control,01 - Non intersection,01 - Daylight,03 - P.D. only,03 - Rear end
2634,CAMPEAU DR btwn TERRY FOX DR & HERLIHEY WAY,350459.0098,5019034.546,8/23/16,16:12,01 - Clear,01 - Dry,10 - No control,01 - Non intersection,01 - Daylight,02 - Non-fatal injury,04 - Sideswipe
2635,CAMPEAU DR btwn TERRY FOX DR & HERLIHEY WAY,350476.896,5019090.587,9/21/16,14:54,01 - Clear,01 - Dry,10 - No control,04 - At/near private drive,01 - Daylight,02 - Non-fatal injury,02 - Angle
2636,CAMPEAU DR btwn TERRY FOX DR & HERLIHEY WAY,350455.3812,5019021.213,10/21/16,12:50,02 - Rain,02 - Wet,10 - No control,04 - At/near private drive,01 - Daylight,03 - P.D. only,05 - Turning movement
2637,CAMPEAU DR btwn TERRY FOX DR & HERLIHEY WAY,350470.0684,5019067.956,3/11/16,17:14,01 - Clear,01 - Dry,10 - No control,04 - At/near private drive,01 - Daylight,03 - P.D. only,02 - Angle
2638,CAMPEAU DR/HWY 417 MARCH IC138R63 @ MARCH RD,352841.6249,5020477.592,1/8/16,19:45,01 - Clear,01 - Dry,01 - Traffic signal,02 - Intersection related,07 - Dark,02 - Non-fatal injury,03 - Rear end
2639,CAMPEAU DR/HWY 417 MARCH IC138R63 @ MARCH RD,352841.3416,5020481.087,4/11/16,22:45,02 - Rain,02 - Wet,01 - Traffic signal,02 - Intersection related,07 - Dark,02 - Non-fatal injury,03 - Rear end
2640,CAMPEAU DR/HWY 417 MARCH IC138R63 @ MARCH RD,352841.6693,5020476.452,2/24/16,19:21,02 - Rain,02 - Wet,01 - Traffic signal,03 - At intersection,07 - Dark,03 - P.D. only,04 - Sideswipe
2641,CAMPEAU DR/HWY 417 MARCH IC138R63 @ MARCH RD,352840.9714,5020476.486,2/7/16,3:26,01 - Clear,01 - Dry,01 - Traffic signal,03 - At intersection,07 - Dark,03 - P.D. only,07 - SMV other
2642,CAMPEAU DR/HWY 417 MARCH IC138R63 @ MARCH RD,352841.5686,5020478.506,10/31/16,16:08,01 - Clear,01 - Dry,01 - Traffic signal,02 - Intersection related,01 - Daylight,03 - P.D. only,04 - Sideswipe
2643,CAMPEAU DR/HWY 417 MARCH IC138R63 @ MARCH RD,352841.8014,5020476.837,1/14/16,12:05,03 - Snow,03 - Loose snow,01 - Traffic signal,02 - Intersection related,01 - Daylight,03 - P.D. only,03 - Rear end
2644,CAMPEAU DR/HWY 417 MARCH IC138R63 @ MARCH RD,352840.0687,5020475.745,5/9/16,8:00,01 - Clear,01 - Dry,01 - Traffic signal,02 - Intersection related,01 - Daylight,03 - P.D. only,03 - Rear end
2645,CAMPEAU DR/HWY 417 MARCH IC138R63 @ MARCH RD,352841.8183,5020476.431,3/9/16,14:09,02 - Rain,02 - Wet,01 - Traffic signal,02 - Intersection related,01 - Daylight,03 - P.D. only,03 - Rear end
2646,CAMPEAU DR/HWY 417 MARCH IC138R63 @ MARCH RD,352844.6759,5020485.602,9/16/16,7:32,01 - Clear,01 - Dry,01 - Traffic signal,02 - Intersection related,01 - Daylight,03 - P.D. only,03 - Rear end
2647,CAMPEAU DR/HWY 417 MARCH IC138R63 @ MARCH RD,352838.9986,5020482.803,5/2/16,7:50,01 - Clear,01 - Dry,01 - Traffic signal,02 - Intersection related,01 - Daylight,03 - P.D. only,03 - Rear end
2648,CAMPEAU DR/HWY 417 MARCH IC138R63 @ MARCH RD,352841.9889,5020476.747,8/3/16,10:30,01 - Clear,01 - Dry,01 - Traffic signal,02 - Intersection related,01 - Daylight,03 - P.D. only,02 - Angle
2649,CAMPEAU DR/HWY 417 MARCH IC138R63 @ MARCH RD,352840.6403,5020476.828,9/15/16,15:47,01 - Clear,01 - Dry,01 - Traffic signal,02 - Intersection related,01 - Daylight,03 - P.D. only,03 - Rear end
2650,CANAAN RD @ REGIONAL RD 174,395771.5913,5043414.001,5/18/16,17:21,01 - Clear,01 - Dry,01 - Traffic signal,03 - At intersection,01 - Daylight,03 - P.D. only,03 - Rear end
2651,CANAAN RD @ REGIONAL RD 174,395771.5905,5043412.875,5/25/16,8:21,01 - Clear,01 - Dry,01 - Traffic signal,02 - Intersection related,01 - Daylight,03 - P.D. only,04 - Sideswipe
2652,CANAAN RD @ REGIONAL RD 174,395748.4549,5043403.012,12/21/16,10:13,01 - Clear,02 - Wet,01 - Traffic signal,02 - Intersection related,01 - Daylight,03 - P.D. only,03 - Rear end
2653,CANAAN RD @ WILHAVEN DR,396569.6545,5041715.961,7/31/16,10:32,01 - Clear,01 - Dry,02 - Stop sign,02 - Intersection related,01 - Daylight,03 - P.D. only,07 - SMV other
2654,CANAAN RD btwn REGIONAL ROAD 174 & WILHAVEN DR,395923.8545,5043043.644,5/13/16,22:04,01 - Clear,01 - Dry,10 - No control,01 - Non intersection,07 - Dark,02 - Non-fatal injury,07 - SMV other
2655,CANAAN RD btwn REGIONAL ROAD 174 & WILHAVEN DR,396512.9669,5041767.891,8/28/16,17:02,02 - Rain,02 - Wet,10 - No control,01 - Non intersection,01 - Daylight,02 - Non-fatal injury,07 - SMV other
2656,CANAAN RD btwn REGIONAL ROAD 174 & WILHAVEN DR,396487.3773,5041785.141,1/27/16,20:11,01 - Clear,01 - Dry,10 - No control,01 - Non intersection,07 - Dark,03 - P.D. only,07 - SMV other
2657,CANAAN RD btwn REGIONAL ROAD 174 & WILHAVEN DR,396499.0129,5041777.018,9/11/16,10:11,01 - Clear,01 - Dry,10 - No control,01 - Non intersection,01 - Daylight,03 - P.D. only,04 - Sideswipe
2658,CANADAIR PRIV @ DE NIVERVILLE DR,368947.5947,5021995.732,11/9/16,8:19,01 - Clear,01 - Dry,02 - Stop sign,02 - Intersection related,01 - Daylight,02 - Non-fatal injury,03 - Rear end
2659,CANADIAN SHIELD AVE @ GREAT LAKES AVE,351643.4159,5019636.7,11/30/16,10:08,01 - Clear,02 - Wet,02 - Stop sign,03 - At intersection,01 - Daylight,03 - P.D. only,02 - Angle
2660,CANDLEWOOD ST btwn BOISFRANC CIRC & CHERINGTON CRES,385567.5273,5035496.834,5/31/16,16:01,01 - Clear,01 - Dry,10 - No control,04 - At/near private drive,01 - Daylight,03 - P.D. only,07 - SMV other
2661,CANON SMITH DR @ GALETTA SIDE RD,329164.9253,5036252.328,9/22/16,23:39,02 - Rain,02 - Wet,02 - Stop sign,03 - At intersection,07 - Dark,02 - Non-fatal injury,03 - Rear end
2662,CANON SMITH DR @ GALETTA SIDE RD,329165.8034,5036251.45,2/14/16,16:26,01 - Clear,01 - Dry,02 - Stop sign,03 - At intersection,01 - Daylight,03 - P.D. only,02 - Angle
2663,CANOTEK RD @ GREEN CREEK DR,376385.3612,5035785.077,12/19/16,10:07,01 - Clear,05 - Packed snow,02 - Stop sign,02 - Intersection related,01 - Daylight,03 - P.D. only,03 - Rear end
2664,CANOTEK RD @ SHEFFORD RD,376029.0465,5035093.143,7/4/16,18:32,01 - Clear,01 - Dry,01 - Traffic signal,02 - Intersection related,01 - Daylight,03 - P.D. only,03 - Rear end
2665,CANOTEK RD @ SHEFFORD RD,376029.0697,5035094.257,11/9/16,9:49,01 - Clear,01 - Dry,01 - Traffic signal,03 - At intersection,01 - Daylight,03 - P.D. only,04 - Sideswipe
2666,CANOTEK RD btwn SHEFFORD RD & RAINBOW ST,376068.1476,5035107.868,2/8/16,16:55,01 - Clear,01 - Dry,10 - No control,04 - At/near private drive,01 - Daylight,02 - Non-fatal injury,02 - Angle
2667,CANOTEK RD btwn SHEFFORD RD & RAINBOW ST,376062.8787,5035104.794,6/22/16,9:13,01 - Clear,01 - Dry,10 - No control,01 - Non intersection,01 - Daylight,03 - P.D. only,04 - Sideswipe
2668,CANYON WALK DR @ FEATHER MOSS WAY,368988.1603,5016547.801,6/19/16,22:04,01 - Clear,01 - Dry,02 - Stop sign,03 - At intersection,07 - Dark,03 - P.D. only,02 - Angle
2669,CANYON WALK DR @ OTTER TAIL CRES N,368447.782,5016315.403,5/31/16,21:49,01 - Clear,01 - Dry,02 - Stop sign,03 - At intersection,07 - Dark,02 - Non-fatal injury,07 - SMV other
2670,CAPILANO DR btwn BIRCHWOOD DR & BEAVER RDG,364930.2973,5024427.813,12/7/16,0:00,01 - Clear,02 - Wet,10 - No control,01 - Non intersection,00 - Unknown,03 - P.D. only,06 - SMV unattended vehicle
2671,CAPILANO DR btwn WITHROW AVE & KERRY CRES,364650.9683,5024236.758,4/8/16,16:45,01 - Clear,01 - Dry,10 - No control,01 - Non intersection,01 - Daylight,03 - P.D. only,03 - Rear end
2672,CARA CRES S @ WILKIE DR S,383940.5451,5037313.857,2/18/16,7:33,01 - Clear,05 - Packed snow,03 - Yield sign,03 - At intersection,01 - Daylight,03 - P.D. only,01 - Approaching
2673,CARILLON ST @ DUROCHER ST,370017.0706,5033375.588,3/6/16,11:45,03 - Snow,03 - Loose snow,02 - Stop sign,02 - Intersection related,01 - Daylight,03 - P.D. only,06 - SMV unattended vehicle
2674,CARILLON ST @ HANNAH ST,370154.6067,5033390.374,10/18/16,16:17,01 - Clear,01 - Dry,02 - Stop sign,03 - At intersection,01 - Daylight,03 - P.D. only,02 - Angle
2675,CARILLON ST @ HANNAH ST,370154.6067,5033390.813,2/1/16,10:43,01 - Clear,01 - Dry,02 - Stop sign,03 - At intersection,01 - Daylight,03 - P.D. only,02 - Angle
2676,CARILLON ST @ HANNAH ST,370155.0458,5033390.813,9/11/16,19:13,01 - Clear,01 - Dry,02 - Stop sign,03 - At intersection,05 - Dusk,03 - P.D. only,02 - Angle
2677,CARINA CRES btwn DORADO WAY & SHANLY PRIV S,364882.9536,5013038.93,2/6/16,21:30,01 - Clear,01 - Dry,10 - No control,01 - Non intersection,07 - Dark,03 - P.D. only,06 - SMV unattended vehicle
2678,CARLETON AVE @ SCOTT ST,364113.8651,5029213.318,10/24/16,6:56,01 - Clear,01 - Dry,01 - Traffic signal,03 - At intersection,07 - Dark,03 - P.D. only,07 - SMV other
2679,CARLING AVE @ 640 W OF RANGE RD/D.N.D. ENTRANC,353356.2559,5022979.22,5/17/16,12:46,01 - Clear,01 - Dry,01 - Traffic signal,02 - Intersection related,01 - Daylight,03 - P.D. only,03 - Rear end
2680,CARLING AVE @ 73 E OF ARCHIBALD ST/WESTGATE SC,364680.2288,5027583.078,10/20/16,20:17,02 - Rain,02 - Wet,01 - Traffic signal,03 - At intersection,07 - Dark,03 - P.D. only,05 - Turning movement
2681,CARLING AVE @ 73 E OF ARCHIBALD ST/WESTGATE SC,364679.5325,5027584.598,11/27/16,10:24,01 - Clear,01 - Dry,01 - Traffic signal,03 - At intersection,01 - Daylight,03 - P.D. only,05 - Turning movement
2682,CARLING AVE @ BAYSHORE DR/BIRCHDALE AVE,359004.0428,5023990.198,12/29/16,13:44,01 - Clear,06 - Ice,01 - Traffic signal,02 - Intersection related,01 - Daylight,02 - Non-fatal injury,03 - Rear end
2683,CARLING AVE @ BAYSHORE DR/BIRCHDALE AVE,359004.8377,5023990.536,2/18/16,8:36,01 - Clear,02 - Wet,01 - Traffic signal,02 - Intersection related,01 - Daylight,03 - P.D. only,04 - Sideswipe
2684,CARLING AVE @ BAYSHORE DR/BIRCHDALE AVE,359004.871,5023990.987,1/13/16,6:39,03 - Snow,03 - Loose snow,01 - Traffic signal,02 - Intersection related,07 - Dark,03 - P.D. only,05 - Turning movement
2685,CARLING AVE @ BAYSHORE DR/BIRCHDALE AVE,359003.1646,5023989.933,1/16/16,19:03,03 - Snow,03 - Loose snow,01 - Traffic signal,02 - Intersection related,07 - Dark,03 - P.D. only,03 - Rear end
2686,CARLING AVE @ BAYSHORE DR/BIRCHDALE AVE,359005.6215,5023990.237,1/14/16,6:42,03 - Snow,03 - Loose snow,01 - Traffic signal,02 - Intersection related,07 - Dark,03 - P.D. only,03 - Rear end
2687,CARLING AVE @ BAYSHORE DR/BIRCHDALE AVE,359004.0721,5023990.346,3/29/16,20:26,01 - Clear,01 - Dry,01 - Traffic signal,02 - Intersection related,07 - Dark,03 - P.D. only,03 - Rear end
2688,CARLING AVE @ BAYSHORE DR/BIRCHDALE AVE,359004.4804,5023990.612,3/6/16,16:28,01 - Clear,01 - Dry,01 - Traffic signal,02 - Intersection related,01 - Daylight,03 - P.D. only,03 - Rear end
2689,CARLING AVE @ BAYSHORE DR/BIRCHDALE AVE,359005.6992,5023988.542,9/9/16,19:36,01 - Clear,01 - Dry,01 - Traffic signal,02 - Intersection related,07 - Dark,03 - P.D. only,03 - Rear end
2690,CARLING AVE @ BAYSHORE DR/BIRCHDALE AVE,359006.0074,5023990.158,7/16/16,14:44,01 - Clear,01 - Dry,01 - Traffic signal,02 - Intersection related,01 - Daylight,03 - P.D. only,03 - Rear end
2691,CARLING AVE @ BAYSHORE DR/BIRCHDALE AVE,359004.8377,5023990.194,12/14/16,15:30,03 - Snow,04 - Slush,01 - Traffic signal,03 - At intersection,01 - Daylight,03 - P.D. only,05 - Turning movement
2692,CARLING AVE @ BAYSHORE DR/BIRCHDALE AVE,359004.4533,5023991.279,12/27/16,13:32,01 - Clear,02 - Wet,01 - Traffic signal,02 - Intersection related,01 - Daylight,03 - P.D. only,04 - Sideswipe
2693,CARLING AVE @ BROADVIEW AVE,363180.6862,5026638.593,3/2/16,13:43,01 - Clear,01 - Dry,01 - Traffic signal,03 - At intersection,01 - Daylight,02 - Non-fatal injury,02 - Angle
2694,CARLING AVE @ BROADVIEW AVE,363179.8584,5026638.128,12/14/16,15:32,01 - Clear,01 - Dry,01 - Traffic signal,03 - At intersection,01 - Daylight,02 - Non-fatal injury,07 - SMV other
2695,CARLING AVE @ BROADVIEW AVE,363180.9061,5026637.883,2/25/16,11:30,01 - Clear,04 - Slush,01 - Traffic signal,03 - At intersection,01 - Daylight,03 - P.D. only,05 - Turning movement
2696,CARLING AVE @ BROADVIEW AVE,363180.4646,5026638.764,3/3/16,6:14,01 - Clear,01 - Dry,01 - Traffic signal,03 - At intersection,03 - Dawn,03 - P.D. only,05 - Turning movement
2697,CARLING AVE @ BROADVIEW AVE,363181.5148,5026636.471,10/11/16,12:10,01 - Clear,01 - Dry,01 - Traffic signal,02 - Intersection related,01 - Daylight,03 - P.D. only,03 - Rear end
2698,CARLING AVE @ BROADVIEW AVE,363180.296,5026637.76,1/27/16,16:15,01 - Clear,01 - Dry,01 - Traffic signal,03 - At intersection,01 - Daylight,03 - P.D. only,05 - Turning movement
2699,CARLING AVE @ BROADVIEW AVE,363180.6017,5026638.521,7/28/16,13:36,01 - Clear,01 - Dry,01 - Traffic signal,02 - Intersection related,01 - Daylight,03 - P.D. only,04 - Sideswipe
2700,CARLING AVE @ CARLINGWOOD SC,362072.9145,5025918.443,1/11/16,10:00,01 - Clear,01 - Dry,01 - Traffic signal,03 - At intersection,01 - Daylight,01 - Fatal injury,07 - SMV other
2701,CARLING AVE @ CARLINGWOOD SC,362072.3535,5025919.248,7/18/16,10:25,01 - Clear,01 - Dry,01 - Traffic signal,03 - At intersection,01 - Daylight,02 - Non-fatal injury,05 - Turning movement
2702,CARLING AVE @ CARLINGWOOD SC,362073.6707,5025918.37,11/14/16,11:51,01 - Clear,01 - Dry,01 - Traffic signal,03 - At intersection,01 - Daylight,02 - Non-fatal injury,05 - Turning movement
2703,CARLING AVE @ CARLINGWOOD SC,362072.7926,5025919.248,10/19/16,17:50,01 - Clear,01 - Dry,01 - Traffic signal,03 - At intersection,01 - Daylight,03 - P.D. only,05 - Turning movement
2704,CARLING AVE @ CARLINGWOOD SC,362072.7866,5025919.254,6/9/16,17:47,01 - Clear,01 - Dry,01 - Traffic signal,03 - At intersection,01 - Daylight,03 - P.D. only,05 - Turning movement
2705,CARLING AVE @ CARLINGWOOD SC,362074.1395,5025917.901,6/10/16,17:13,01 - Clear,01 - Dry,01 - Traffic signal,03 - At intersection,01 - Daylight,03 - P.D. only,02 - Angle
2706,CARLING AVE @ CARLINGWOOD SC,362071.8909,5025919.008,1/29/16,12:20,05 - Drifting Snow,05 - Packed snow,01 - Traffic signal,03 - At intersection,01 - Daylight,03 - P.D. only,05 - Turning movement
2707,CARLING AVE @ CARLINGWOOD SC,362073.6885,5025919.254,6/8/16,17:11,01 - Clear,01 - Dry,01 - Traffic signal,03 - At intersection,01 - Daylight,03 - P.D. only,05 - Turning movement
2708,CARLING AVE @ CARLINGWOOD SC,362074.1395,5025919.705,5/25/16,16:54,01 - Clear,01 - Dry,01 - Traffic signal,03 - At intersection,01 - Daylight,03 - P.D. only,05 - Turning movement
2709,CARLING AVE @ CARLINGWOOD SC,362072.7926,5025919.687,5/29/16,14:55,01 - Clear,01 - Dry,01 - Traffic signal,03 - At intersection,01 - Daylight,03 - P.D. only,05 - Turning movement
2710,CARLING AVE @ CHAMPAGNE AVE,366627.9199,5028810.322,10/5/16,12:52,01 - Clear,01 - Dry,01 - Traffic signal,03 - At intersection,01 - Daylight,02 - Non-fatal injury,05 - Turning movement
2711,CARLING AVE @ CHURCHILL AVE,363775.0192,5027013.312,5/19/16,13:41,01 - Clear,01 - Dry,01 - Traffic signal,02 - Intersection related,01 - Daylight,03 - P.D. only,03 - Rear end
2712,CARLING AVE @ CHURCHILL AVE,363775.6956,5027013.767,3/4/16,11:19,01 - Clear,01 - Dry,01 - Traffic signal,03 - At intersection,01 - Daylight,03 - P.D. only,03 - Rear end
2713,CARLING AVE @ CHURCHILL AVE,363776.0862,5027013.538,7/8/16,14:38,01 - Clear,01 - Dry,01 - Traffic signal,02 - Intersection related,01 - Daylight,03 - P.D. only,04 - Sideswipe
2714,CARLING AVE @ CIVIC HOSPITAL,365790.9509,5028278.276,10/20/16,17:30,02 - Rain,02 - Wet,01 - Traffic signal,03 - At intersection,05 - Dusk,02 - Non-fatal injury,05 - Turning movement
2715,CARLING AVE @ CIVIC HOSPITAL,365791.2189,5028278.837,6/16/16,16:22,01 - Clear,01 - Dry,01 - Traffic signal,03 - At intersection,01 - Daylight,02 - Non-fatal injury,05 - Turning movement
2716,CARLING AVE @ CIVIC HOSPITAL,365792.171,5028278.029,2/3/16,16:28,01 - Clear,01 - Dry,01 - Traffic signal,03 - At intersection,01 - Daylight,02 - Non-fatal injury,05 - Turning movement
2717,CARLING AVE @ CIVIC HOSPITAL,365790.9353,5028279.404,5/19/16,16:27,01 - Clear,01 - Dry,01 - Traffic signal,03 - At intersection,01 - Daylight,02 - Non-fatal injury,05 - Turning movement
2718,CARLING AVE @ CIVIC HOSPITAL,365790.5118,5028277.836,11/7/16,17:58,01 - Clear,01 - Dry,01 - Traffic signal,03 - At intersection,07 - Dark,03 - P.D. only,05 - Turning movement
2719,CARLING AVE @ CIVIC HOSPITAL,365792.0535,5028278.5,2/18/16,18:21,01 - Clear,02 - Wet,01 - Traffic signal,03 - At intersection,07 - Dark,03 - P.D. only,05 - Turning movement
2720,CARLING AVE @ CIVIC HOSPITAL,365791.8758,5028278.322,3/24/16,16:15,03 - Snow,03 - Loose snow,01 - Traffic signal,03 - At intersection,01 - Daylight,03 - P.D. only,05 - Turning movement
2721,CARLING AVE @ CIVIC HOSPITAL,365790.5118,5028278.715,6/21/16,16:55,01 - Clear,01 - Dry,01 - Traffic signal,03 - At intersection,01 - Daylight,03 - P.D. only,05 - Turning movement