Record,Location,X,Y,Date,Time,Environment,Road_Surface,Traffic_Control,Collision_Location,Light,Collision_Classification,Impact_type
2722,CARLING AVE @ CIVIC HOSPITAL,365792.171,5028277.59,9/8/16,16:45,01 - Clear,01 - Dry,01 - Traffic signal,03 - At intersection,01 - Daylight,03 - P.D. only,05 - Turning movement
2723,CARLING AVE @ CIVIC HOSPITAL,365791.39,5028276.958,12/10/16,14:40,01 - Clear,01 - Dry,01 - Traffic signal,03 - At intersection,01 - Daylight,03 - P.D. only,05 - Turning movement
2724,CARLING AVE @ CIVIC HOSPITAL,365791.8185,5028279.392,12/2/16,16:34,01 - Clear,01 - Dry,01 - Traffic signal,02 - Intersection related,05 - Dusk,03 - P.D. only,03 - Rear end
2725,CARLING AVE @ CLYDE AVE/COLE AVE,363520.4711,5026850.762,2/12/16,9:41,01 - Clear,02 - Wet,01 - Traffic signal,02 - Intersection related,01 - Daylight,02 - Non-fatal injury,05 - Turning movement
2726,CARLING AVE @ CLYDE AVE/COLE AVE,363520.5235,5026851.309,8/2/16,10:00,01 - Clear,01 - Dry,01 - Traffic signal,03 - At intersection,01 - Daylight,02 - Non-fatal injury,05 - Turning movement
2727,CARLING AVE @ CLYDE AVE/COLE AVE,363522.3469,5026848.472,11/28/16,8:41,01 - Clear,01 - Dry,01 - Traffic signal,03 - At intersection,01 - Daylight,02 - Non-fatal injury,07 - SMV other
2728,CARLING AVE @ CLYDE AVE/COLE AVE,363521.3492,5026850.762,10/8/16,15:20,01 - Clear,01 - Dry,01 - Traffic signal,02 - Intersection related,01 - Daylight,03 - P.D. only,07 - SMV other
2729,CARLING AVE @ CONNAUGHT AVE,360770.9543,5025117.738,5/25/16,17:39,01 - Clear,01 - Dry,01 - Traffic signal,02 - Intersection related,01 - Daylight,02 - Non-fatal injury,03 - Rear end
2730,CARLING AVE @ CONNAUGHT AVE,360772.3325,5025117.101,9/14/16,7:19,01 - Clear,01 - Dry,01 - Traffic signal,02 - Intersection related,01 - Daylight,03 - P.D. only,03 - Rear end
2731,CARLING AVE @ CONNAUGHT AVE,360770.8957,5025117.295,1/26/16,8:45,01 - Clear,02 - Wet,01 - Traffic signal,02 - Intersection related,01 - Daylight,03 - P.D. only,03 - Rear end
2732,CARLING AVE @ CONNAUGHT AVE,360769.5539,5025117.739,4/12/16,17:15,01 - Clear,01 - Dry,01 - Traffic signal,02 - Intersection related,01 - Daylight,03 - P.D. only,03 - Rear end
2733,CARLING AVE @ CONNAUGHT AVE,360770.4567,5025117.295,12/16/16,16:42,01 - Clear,02 - Wet,01 - Traffic signal,03 - At intersection,05 - Dusk,03 - P.D. only,05 - Turning movement
2734,CARLING AVE @ CORKSTOWN RD,358000.1351,5023425.221,9/20/16,9:03,01 - Clear,01 - Dry,01 - Traffic signal,02 - Intersection related,01 - Daylight,03 - P.D. only,03 - Rear end
2735,CARLING AVE @ CROYDON AVE,360659.3465,5025042.739,3/13/16,11:08,01 - Clear,01 - Dry,01 - Traffic signal,03 - At intersection,01 - Daylight,02 - Non-fatal injury,05 - Turning movement
2736,CARLING AVE @ CROYDON AVE,360658.9001,5025042.737,6/22/16,18:18,01 - Clear,01 - Dry,01 - Traffic signal,02 - Intersection related,01 - Daylight,02 - Non-fatal injury,03 - Rear end
2737,CARLING AVE @ CROYDON AVE,360658.9001,5025042.737,11/3/16,17:42,01 - Clear,01 - Dry,01 - Traffic signal,03 - At intersection,07 - Dark,02 - Non-fatal injury,05 - Turning movement
2738,CARLING AVE @ CROYDON AVE,360658.0147,5025043.627,2/23/16,12:49,01 - Clear,01 - Dry,01 - Traffic signal,03 - At intersection,01 - Daylight,03 - P.D. only,99 - Other
2739,CARLING AVE @ CROYDON AVE,360659.3392,5025042.737,10/25/16,15:51,01 - Clear,01 - Dry,01 - Traffic signal,03 - At intersection,01 - Daylight,03 - P.D. only,05 - Turning movement
2740,CARLING AVE @ CROYDON AVE,360659.5088,5025041.275,9/14/16,13:20,01 - Clear,01 - Dry,01 - Traffic signal,02 - Intersection related,01 - Daylight,03 - P.D. only,03 - Rear end
2741,CARLING AVE @ CROYDON AVE,360658.0042,5025042.743,5/25/16,14:45,01 - Clear,01 - Dry,01 - Traffic signal,03 - At intersection,01 - Daylight,03 - P.D. only,07 - SMV other
2742,CARLING AVE @ CROYDON AVE,360658.9079,5025042.972,7/6/16,15:30,01 - Clear,01 - Dry,01 - Traffic signal,02 - Intersection related,01 - Daylight,03 - P.D. only,04 - Sideswipe
2743,CARLING AVE @ CROYDON AVE,360658.6545,5025042.52,4/18/16,10:14,01 - Clear,01 - Dry,01 - Traffic signal,03 - At intersection,01 - Daylight,03 - P.D. only,05 - Turning movement
2744,CARLING AVE @ CROYDON AVE,360658.4611,5025042.298,10/6/16,16:00,01 - Clear,01 - Dry,01 - Traffic signal,03 - At intersection,01 - Daylight,03 - P.D. only,05 - Turning movement
2745,CARLING AVE @ CROYDON AVE,360659.5088,5025042.103,12/31/16,12:46,01 - Clear,01 - Dry,01 - Traffic signal,02 - Intersection related,01 - Daylight,03 - P.D. only,03 - Rear end
2746,CARLING AVE @ EDGEWORTH AVE,361262.0135,5025423.858,2/7/16,9:21,01 - Clear,01 - Dry,01 - Traffic signal,03 - At intersection,01 - Daylight,02 - Non-fatal injury,07 - SMV other
2747,CARLING AVE @ EDGEWORTH AVE,361261.852,5025426.595,10/20/16,17:54,02 - Rain,02 - Wet,01 - Traffic signal,03 - At intersection,07 - Dark,02 - Non-fatal injury,07 - SMV other
2748,CARLING AVE @ EDGEWORTH AVE,361262.6933,5025424.5,1/18/16,10:31,01 - Clear,01 - Dry,01 - Traffic signal,03 - At intersection,01 - Daylight,02 - Non-fatal injury,07 - SMV other
2749,CARLING AVE @ EDGEWORTH AVE,361262.5973,5025424.524,12/19/16,8:30,03 - Snow,06 - Ice,01 - Traffic signal,02 - Intersection related,01 - Daylight,03 - P.D. only,03 - Rear end
2750,CARLING AVE @ FAIRLAWN AVE/WOODROFFE AVE E,361934.6841,5025830.528,1/27/16,13:44,01 - Clear,01 - Dry,01 - Traffic signal,02 - Intersection related,01 - Daylight,02 - Non-fatal injury,04 - Sideswipe
2751,CARLING AVE @ FAIRLAWN AVE/WOODROFFE AVE E,361934.6841,5025830.528,7/7/16,7:20,01 - Clear,01 - Dry,01 - Traffic signal,03 - At intersection,01 - Daylight,02 - Non-fatal injury,02 - Angle
2752,CARLING AVE @ FAIRLAWN AVE/WOODROFFE AVE E,361934.6841,5025830.528,4/22/16,17:18,01 - Clear,01 - Dry,01 - Traffic signal,02 - Intersection related,01 - Daylight,03 - P.D. only,03 - Rear end
2753,CARLING AVE @ FAIRLAWN AVE/WOODROFFE AVE E,361934.6841,5025830.528,4/28/16,17:00,01 - Clear,01 - Dry,01 - Traffic signal,03 - At intersection,01 - Daylight,03 - P.D. only,05 - Turning movement
2754,CARLING AVE @ FAIRLAWN AVE/WOODROFFE AVE E,361934.6841,5025830.528,12/17/16,16:43,03 - Snow,04 - Slush,01 - Traffic signal,03 - At intersection,05 - Dusk,03 - P.D. only,05 - Turning movement
2755,CARLING AVE @ FAIRMONT AVE,366114.0379,5028486.964,9/9/16,17:43,01 - Clear,01 - Dry,02 - Stop sign,02 - Intersection related,01 - Daylight,03 - P.D. only,02 - Angle
2756,CARLING AVE @ FISHER AVE,365329.8652,5027972.964,10/6/16,9:53,01 - Clear,01 - Dry,01 - Traffic signal,02 - Intersection related,01 - Daylight,03 - P.D. only,03 - Rear end
2757,CARLING AVE @ FISHER AVE,365331.1374,5027972.106,1/29/16,17:55,03 - Snow,04 - Slush,01 - Traffic signal,02 - Intersection related,07 - Dark,03 - P.D. only,03 - Rear end
2758,CARLING AVE @ FISHER AVE,365329.7955,5027972.999,4/21/16,12:32,01 - Clear,01 - Dry,10 - No control,02 - Intersection related,01 - Daylight,03 - P.D. only,04 - Sideswipe
2759,CARLING AVE @ FOX CRES,361526.4564,5025575.309,9/30/16,7:44,01 - Clear,01 - Dry,02 - Stop sign,02 - Intersection related,01 - Daylight,02 - Non-fatal injury,02 - Angle
2760,CARLING AVE @ GRANDVIEW RD/NORTEL ENTRANCE,355725.4301,5024052.292,1/18/16,8:27,01 - Clear,03 - Loose snow,01 - Traffic signal,03 - At intersection,01 - Daylight,03 - P.D. only,02 - Angle
2761,CARLING AVE @ GRANDVIEW RD/NORTEL ENTRANCE,355724.9754,5024051.164,5/5/16,20:53,01 - Clear,01 - Dry,01 - Traffic signal,02 - Intersection related,07 - Dark,03 - P.D. only,03 - Rear end
2762,CARLING AVE @ GRENON AVE,359594.1251,5024350.281,1/5/16,8:08,01 - Clear,06 - Ice,01 - Traffic signal,02 - Intersection related,01 - Daylight,03 - P.D. only,03 - Rear end
2763,CARLING AVE @ HAMILTON AVE,365558.9257,5028129.874,2/19/16,16:53,01 - Clear,02 - Wet,02 - Stop sign,02 - Intersection related,05 - Dusk,03 - P.D. only,04 - Sideswipe
2764,CARLING AVE @ HARE AVE,362380.9159,5026133.307,5/21/16,18:21,01 - Clear,01 - Dry,02 - Stop sign,03 - At intersection,01 - Daylight,02 - Non-fatal injury,05 - Turning movement
2765,CARLING AVE @ HIGHLAND AVE,363302.5961,5026716.32,9/14/16,19:01,01 - Clear,01 - Dry,02 - Stop sign,03 - At intersection,01 - Daylight,03 - P.D. only,02 - Angle
2766,CARLING AVE @ HOLLAND AVE,365416.2426,5028038.088,1/5/16,9:18,01 - Clear,02 - Wet,01 - Traffic signal,03 - At intersection,01 - Daylight,02 - Non-fatal injury,02 - Angle
2767,CARLING AVE @ HOLLAND AVE,365416.4792,5028037.888,10/6/16,13:05,01 - Clear,01 - Dry,01 - Traffic signal,03 - At intersection,01 - Daylight,02 - Non-fatal injury,07 - SMV other
2768,CARLING AVE @ HOLLAND AVE,365416.474,5028038.097,4/25/16,14:14,01 - Clear,01 - Dry,01 - Traffic signal,03 - At intersection,01 - Daylight,03 - P.D. only,05 - Turning movement
2769,CARLING AVE @ HOLLAND AVE,365416.4767,5028037.881,3/30/16,7:31,01 - Clear,01 - Dry,01 - Traffic signal,02 - Intersection related,01 - Daylight,03 - P.D. only,03 - Rear end
2770,CARLING AVE @ HOLLAND AVE,365415.601,5028037.449,1/23/16,18:24,01 - Clear,01 - Dry,01 - Traffic signal,03 - At intersection,07 - Dark,03 - P.D. only,05 - Turning movement
2771,CARLING AVE @ HOLLAND AVE,365415.7802,5028037.858,4/6/16,22:14,03 - Snow,05 - Packed snow,01 - Traffic signal,03 - At intersection,07 - Dark,03 - P.D. only,02 - Angle
2772,CARLING AVE @ HOLLAND AVE,365416.0223,5028037.87,5/5/16,15:34,01 - Clear,01 - Dry,01 - Traffic signal,02 - Intersection related,01 - Daylight,03 - P.D. only,03 - Rear end
2773,CARLING AVE @ HOLLAND AVE,365416.4792,5028037.449,10/9/16,18:53,01 - Clear,01 - Dry,01 - Traffic signal,03 - At intersection,07 - Dark,03 - P.D. only,05 - Turning movement
2774,CARLING AVE @ HOLLAND AVE,365415.601,5028038.766,9/23/16,9:29,01 - Clear,02 - Wet,01 - Traffic signal,02 - Intersection related,01 - Daylight,03 - P.D. only,05 - Turning movement
2775,CARLING AVE @ HOLLAND AVE,365417.1118,5028037.968,12/7/16,17:29,01 - Clear,01 - Dry,01 - Traffic signal,03 - At intersection,07 - Dark,03 - P.D. only,05 - Turning movement
2776,CARLING AVE @ IROQUOIS RD,362213.686,5026027.406,5/5/16,17:15,01 - Clear,01 - Dry,01 - Traffic signal,03 - At intersection,01 - Daylight,02 - Non-fatal injury,05 - Turning movement
2777,CARLING AVE @ IROQUOIS RD,362213.0274,5026024.871,10/31/16,10:13,01 - Clear,01 - Dry,01 - Traffic signal,03 - At intersection,01 - Daylight,02 - Non-fatal injury,02 - Angle
2778,CARLING AVE @ IROQUOIS RD,362213.9115,5026024.403,6/21/16,16:00,01 - Clear,01 - Dry,01 - Traffic signal,02 - Intersection related,01 - Daylight,03 - P.D. only,02 - Angle
2779,CARLING AVE @ IROQUOIS RD,362213.5928,5026025.53,11/16/16,16:11,01 - Clear,01 - Dry,01 - Traffic signal,03 - At intersection,01 - Daylight,03 - P.D. only,05 - Turning movement
2780,CARLING AVE @ IROQUOIS RD,362213.2758,5026024.497,12/14/16,10:40,01 - Clear,01 - Dry,01 - Traffic signal,02 - Intersection related,01 - Daylight,03 - P.D. only,03 - Rear end
2781,CARLING AVE @ IROQUOIS RD,362213.0274,5026024.432,12/4/16,13:50,01 - Clear,01 - Dry,01 - Traffic signal,03 - At intersection,01 - Daylight,03 - P.D. only,05 - Turning movement
2782,CARLING AVE @ IRVING PL/MAPLE DR,366186.4845,5028527.334,10/17/16,16:14,01 - Clear,01 - Dry,01 - Traffic signal,03 - At intersection,01 - Daylight,03 - P.D. only,05 - Turning movement
2783,CARLING AVE @ IRVING PL/MAPLE DR,366185.6063,5028526.456,1/13/16,17:39,01 - Clear,02 - Wet,01 - Traffic signal,02 - Intersection related,00 - Unknown,03 - P.D. only,03 - Rear end
2784,CARLING AVE @ ISLAND PARK DR,365348.6995,5027998.669,4/26/16,18:19,01 - Clear,01 - Dry,01 - Traffic signal,03 - At intersection,01 - Daylight,02 - Non-fatal injury,05 - Turning movement
2785,CARLING AVE @ ISLAND PARK DR,365349.3737,5027997.093,5/14/16,21:01,01 - Clear,01 - Dry,01 - Traffic signal,03 - At intersection,07 - Dark,03 - P.D. only,05 - Turning movement
2786,CARLING AVE @ ISLAND PARK DR,365348.0231,5027996.866,1/29/16,14:03,01 - Clear,02 - Wet,01 - Traffic signal,03 - At intersection,01 - Daylight,03 - P.D. only,02 - Angle
2787,CARLING AVE @ ISLAND PARK DR,365349.8269,5027997.768,5/11/16,5:43,01 - Clear,01 - Dry,01 - Traffic signal,03 - At intersection,03 - Dawn,03 - P.D. only,02 - Angle
2788,CARLING AVE @ ISLAND PARK DR,365349.5277,5027998.785,10/7/16,18:03,01 - Clear,01 - Dry,01 - Traffic signal,02 - Intersection related,05 - Dusk,03 - P.D. only,04 - Sideswipe
2789,CARLING AVE @ IVANHOE AVE,360431.7149,5024882.175,8/25/16,16:55,01 - Clear,01 - Dry,02 - Stop sign,02 - Intersection related,01 - Daylight,02 - Non-fatal injury,03 - Rear end
2790,CARLING AVE @ IVANHOE AVE,360431.0203,5024882.754,12/31/16,12:50,03 - Snow,03 - Loose snow,02 - Stop sign,03 - At intersection,01 - Daylight,03 - P.D. only,03 - Rear end
2791,CARLING AVE @ KEMPSTER AVE/FAMOUS PLAYERS THEA,359210.8912,5024119.289,1/23/16,13:29,01 - Clear,01 - Dry,01 - Traffic signal,03 - At intersection,01 - Daylight,03 - P.D. only,02 - Angle
2792,CARLING AVE @ KIRKWOOD AVE S,364351.7005,5027337.779,1/13/16,16:15,01 - Clear,01 - Dry,01 - Traffic signal,02 - Intersection related,01 - Daylight,02 - Non-fatal injury,03 - Rear end
2793,CARLING AVE @ KIRKWOOD AVE S,364352.1597,5027337.319,5/25/16,10:23,01 - Clear,01 - Dry,01 - Traffic signal,03 - At intersection,01 - Daylight,02 - Non-fatal injury,05 - Turning movement
2794,CARLING AVE @ KIRKWOOD AVE S,364351.9278,5027337.549,6/21/16,11:57,01 - Clear,01 - Dry,01 - Traffic signal,03 - At intersection,01 - Daylight,02 - Non-fatal injury,02 - Angle
2795,CARLING AVE @ KIRKWOOD AVE S,364351.4785,5027336.883,3/4/16,8:30,01 - Clear,01 - Dry,01 - Traffic signal,02 - Intersection related,01 - Daylight,03 - P.D. only,03 - Rear end
2796,CARLING AVE @ KIRKWOOD AVE S,364350.5162,5027337.983,1/13/16,20:31,01 - Clear,04 - Slush,01 - Traffic signal,03 - At intersection,07 - Dark,03 - P.D. only,03 - Rear end
2797,CARLING AVE @ KIRKWOOD AVE S,364351.0419,5027336.89,2/5/16,13:29,01 - Clear,01 - Dry,01 - Traffic signal,02 - Intersection related,01 - Daylight,03 - P.D. only,03 - Rear end
2798,CARLING AVE @ KIRKWOOD AVE S,364351.925,5027336.427,3/28/16,11:27,01 - Clear,01 - Dry,01 - Traffic signal,03 - At intersection,01 - Daylight,03 - P.D. only,04 - Sideswipe
2799,CARLING AVE @ KIRKWOOD AVE S,364353.9519,5027337.174,1/14/16,9:50,03 - Snow,03 - Loose snow,01 - Traffic signal,03 - At intersection,01 - Daylight,03 - P.D. only,04 - Sideswipe
2800,CARLING AVE @ KIRKWOOD AVE S,364350.5782,5027336.876,5/1/16,19:19,02 - Rain,02 - Wet,01 - Traffic signal,03 - At intersection,01 - Daylight,03 - P.D. only,05 - Turning movement
2801,CARLING AVE @ KIRKWOOD AVE S,364351.926,5027336.873,5/25/16,10:30,01 - Clear,01 - Dry,01 - Traffic signal,03 - At intersection,01 - Daylight,03 - P.D. only,03 - Rear end
2802,CARLING AVE @ KIRKWOOD AVE S,364353.3274,5027339.137,9/29/16,14:56,01 - Clear,01 - Dry,01 - Traffic signal,03 - At intersection,01 - Daylight,03 - P.D. only,05 - Turning movement
2803,CARLING AVE @ KIRKWOOD AVE S,364350.8136,5027338.879,3/18/16,11:47,01 - Clear,01 - Dry,01 - Traffic signal,02 - Intersection related,01 - Daylight,03 - P.D. only,02 - Angle
2804,CARLING AVE @ KIRKWOOD AVE S,364351.9252,5027337.549,5/7/16,8:05,01 - Clear,01 - Dry,01 - Traffic signal,02 - Intersection related,01 - Daylight,03 - P.D. only,07 - SMV other
2805,CARLING AVE @ KIRKWOOD AVE S,364351.4342,5027337.238,10/17/16,15:10,01 - Clear,01 - Dry,01 - Traffic signal,02 - Intersection related,01 - Daylight,03 - P.D. only,03 - Rear end
2806,CARLING AVE @ KIRKWOOD AVE S,364351.92,5027338.208,11/4/16,12:27,01 - Clear,01 - Dry,01 - Traffic signal,03 - At intersection,01 - Daylight,03 - P.D. only,04 - Sideswipe
2807,CARLING AVE @ KIRKWOOD AVE S,364351.92,5027336.89,10/2/16,11:00,01 - Clear,01 - Dry,01 - Traffic signal,03 - At intersection,01 - Daylight,03 - P.D. only,02 - Angle
2808,CARLING AVE @ KIRKWOOD AVE S,364351.7005,5027337.549,12/29/16,8:43,03 - Snow,03 - Loose snow,01 - Traffic signal,03 - At intersection,01 - Daylight,03 - P.D. only,02 - Angle
2809,CARLING AVE @ KIRKWOOD AVE S,364351.7005,5027337.135,12/4/16,22:39,01 - Clear,01 - Dry,01 - Traffic signal,02 - Intersection related,07 - Dark,03 - P.D. only,03 - Rear end
2810,CARLING AVE @ MAITLAND AVE/SHERBOURNE RD,362942.0393,5026488.308,6/30/16,11:35,01 - Clear,01 - Dry,01 - Traffic signal,02 - Intersection related,01 - Daylight,02 - Non-fatal injury,03 - Rear end
2811,CARLING AVE @ MAITLAND AVE/SHERBOURNE RD,362942.4784,5026489.625,2/14/16,16:45,01 - Clear,01 - Dry,01 - Traffic signal,02 - Intersection related,05 - Dusk,03 - P.D. only,03 - Rear end
2812,CARLING AVE @ MAITLAND AVE/SHERBOURNE RD,362942.3862,5026489.042,3/7/16,15:26,01 - Clear,01 - Dry,01 - Traffic signal,02 - Intersection related,01 - Daylight,03 - P.D. only,03 - Rear end
2813,CARLING AVE @ MAITLAND AVE/SHERBOURNE RD,362942.4784,5026488.308,9/20/16,11:59,01 - Clear,01 - Dry,01 - Traffic signal,02 - Intersection related,01 - Daylight,03 - P.D. only,04 - Sideswipe
2814,CARLING AVE @ MAITLAND AVE/SHERBOURNE RD,362941.9858,5026488.333,1/20/16,15:37,01 - Clear,01 - Dry,01 - Traffic signal,02 - Intersection related,01 - Daylight,03 - P.D. only,04 - Sideswipe
2815,CARLING AVE @ MAITLAND AVE/SHERBOURNE RD,362941.0416,5026487.285,9/8/16,12:19,01 - Clear,01 - Dry,01 - Traffic signal,02 - Intersection related,01 - Daylight,03 - P.D. only,03 - Rear end
2816,CARLING AVE @ MAITLAND AVE/SHERBOURNE RD,362942.7666,5026488.615,11/11/16,15:43,01 - Clear,01 - Dry,01 - Traffic signal,02 - Intersection related,01 - Daylight,03 - P.D. only,03 - Rear end
2817,CARLING AVE @ MAITLAND AVE/SHERBOURNE RD,362942.0393,5026488.308,11/7/16,9:02,01 - Clear,01 - Dry,01 - Traffic signal,02 - Intersection related,01 - Daylight,03 - P.D. only,04 - Sideswipe
2818,CARLING AVE @ MAITLAND AVE/SHERBOURNE RD,362942.0393,5026487.868,10/21/16,11:43,02 - Rain,02 - Wet,01 - Traffic signal,03 - At intersection,01 - Daylight,03 - P.D. only,04 - Sideswipe
2819,CARLING AVE @ MEATH ST,364466.7499,5027452.304,12/18/16,0:40,03 - Snow,05 - Packed snow,02 - Stop sign,02 - Intersection related,07 - Dark,03 - P.D. only,07 - SMV other
2820,CARLING AVE @ MELROSE AVE,365970.9248,5028392.649,1/19/16,16:59,01 - Clear,04 - Slush,02 - Stop sign,03 - At intersection,05 - Dusk,03 - P.D. only,05 - Turning movement
2821,CARLING AVE @ MELROSE AVE,365970.3757,5028392.447,12/9/16,11:12,01 - Clear,02 - Wet,02 - Stop sign,03 - At intersection,01 - Daylight,03 - P.D. only,02 - Angle
2822,CARLING AVE @ MELWOOD AVE,362513.6945,5026198.943,12/20/16,16:00,03 - Snow,03 - Loose snow,02 - Stop sign,02 - Intersection related,05 - Dusk,03 - P.D. only,05 - Turning movement
2823,CARLING AVE @ MELWOOD AVE,362513.6945,5026199.771,12/12/16,18:27,03 - Snow,05 - Packed snow,02 - Stop sign,02 - Intersection related,07 - Dark,03 - P.D. only,07 - SMV other
2824,CARLING AVE @ MERIVALE RD,364893.9533,5027700.169,1/17/16,18:01,01 - Clear,02 - Wet,01 - Traffic signal,03 - At intersection,07 - Dark,02 - Non-fatal injury,05 - Turning movement
2825,CARLING AVE @ MERIVALE RD,364896.3601,5027700.13,9/8/16,23:07,01 - Clear,01 - Dry,01 - Traffic signal,02 - Intersection related,07 - Dark,02 - Non-fatal injury,03 - Rear end
2826,CARLING AVE @ MERIVALE RD,364894.4843,5027700.325,12/8/16,9:41,01 - Clear,01 - Dry,01 - Traffic signal,03 - At intersection,01 - Daylight,02 - Non-fatal injury,05 - Turning movement
2827,CARLING AVE @ MERIVALE RD,364894.2446,5027699.396,2/16/16,7:45,03 - Snow,03 - Loose snow,01 - Traffic signal,02 - Intersection related,01 - Daylight,03 - P.D. only,03 - Rear end
2828,CARLING AVE @ MERIVALE RD,364895.3624,5027700.325,10/6/16,11:45,01 - Clear,01 - Dry,01 - Traffic signal,02 - Intersection related,01 - Daylight,03 - P.D. only,04 - Sideswipe
2829,CARLING AVE @ MERIVALE RD,364895.1772,5027700.308,9/23/16,8:04,01 - Clear,02 - Wet,01 - Traffic signal,03 - At intersection,01 - Daylight,03 - P.D. only,02 - Angle
2830,CARLING AVE @ MERIVALE RD,364894.2446,5027701.233,1/4/16,17:40,01 - Clear,01 - Dry,01 - Traffic signal,02 - Intersection related,07 - Dark,03 - P.D. only,03 - Rear end
2831,CARLING AVE @ MERIVALE RD,364894.0452,5027699.447,8/23/16,13:33,01 - Clear,01 - Dry,01 - Traffic signal,03 - At intersection,01 - Daylight,03 - P.D. only,05 - Turning movement
2832,CARLING AVE @ MERIVALE RD,364894.4843,5027700.325,9/9/16,13:35,01 - Clear,01 - Dry,01 - Traffic signal,02 - Intersection related,01 - Daylight,03 - P.D. only,04 - Sideswipe
2833,CARLING AVE @ MERIVALE RD,364894.9293,5027700.319,6/3/16,23:03,01 - Clear,01 - Dry,01 - Traffic signal,03 - At intersection,07 - Dark,03 - P.D. only,02 - Angle
2834,CARLING AVE @ MERIVALE RD,364894.7038,5027700.13,11/30/16,19:00,02 - Rain,02 - Wet,01 - Traffic signal,02 - Intersection related,07 - Dark,03 - P.D. only,04 - Sideswipe
2835,CARLING AVE @ MERIVALE RD,364895.532,5027701.786,12/6/16,13:40,01 - Clear,01 - Dry,01 - Traffic signal,02 - Intersection related,01 - Daylight,03 - P.D. only,03 - Rear end
2836,CARLING AVE @ MERIVALE RD,364894.0452,5027700.325,12/6/16,20:39,01 - Clear,01 - Dry,01 - Traffic signal,03 - At intersection,07 - Dark,03 - P.D. only,05 - Turning movement
2837,CARLING AVE @ MOODIE DR/JAMES CUMMINGS AVE W,356001.3886,5023936.712,1/20/16,13:21,01 - Clear,01 - Dry,01 - Traffic signal,03 - At intersection,01 - Daylight,02 - Non-fatal injury,05 - Turning movement
2838,CARLING AVE @ MOODIE DR/JAMES CUMMINGS AVE W,356001.4304,5023937.735,4/19/16,17:35,01 - Clear,01 - Dry,01 - Traffic signal,03 - At intersection,01 - Daylight,02 - Non-fatal injury,05 - Turning movement
2839,CARLING AVE @ MOODIE DR/JAMES CUMMINGS AVE W,356001.0196,5023940.563,11/24/16,20:03,01 - Clear,04 - Slush,01 - Traffic signal,02 - Intersection related,07 - Dark,03 - P.D. only,07 - SMV other
2840,CARLING AVE @ OTTAWA RIVER PKWY WB,360856.4212,5025169.938,7/11/16,16:11,01 - Clear,01 - Dry,03 - Yield sign,02 - Intersection related,01 - Daylight,03 - P.D. only,03 - Rear end
2841,CARLING AVE @ OTTAWA RIVER PKWY WB,360854.901,5025171.773,11/8/16,15:00,01 - Clear,01 - Dry,03 - Yield sign,02 - Intersection related,01 - Daylight,03 - P.D. only,03 - Rear end
2842,CARLING AVE @ PARKDALE AVE,365625.2982,5028172.87,8/9/16,5:23,01 - Clear,01 - Dry,01 - Traffic signal,02 - Intersection related,07 - Dark,02 - Non-fatal injury,04 - Sideswipe
2843,CARLING AVE @ PARKDALE AVE,365625.7605,5028173.968,8/21/16,15:54,01 - Clear,01 - Dry,01 - Traffic signal,02 - Intersection related,01 - Daylight,02 - Non-fatal injury,02 - Angle
2844,CARLING AVE @ PARKDALE AVE,365625.3214,5028172.211,2/16/16,11:00,03 - Snow,03 - Loose snow,01 - Traffic signal,02 - Intersection related,01 - Daylight,03 - P.D. only,03 - Rear end
2845,CARLING AVE @ PARKDALE AVE,365625.7141,5028173.586,6/21/16,16:56,01 - Clear,01 - Dry,01 - Traffic signal,03 - At intersection,01 - Daylight,03 - P.D. only,05 - Turning movement
2846,CARLING AVE @ PARKDALE AVE,365624.6023,5028172.181,2/18/16,15:54,01 - Clear,05 - Packed snow,01 - Traffic signal,03 - At intersection,01 - Daylight,03 - P.D. only,03 - Rear end
2847,CARLING AVE @ PARKDALE AVE,365625.98,5028172.495,1/11/16,15:18,01 - Clear,01 - Dry,01 - Traffic signal,02 - Intersection related,01 - Daylight,03 - P.D. only,04 - Sideswipe
2848,CARLING AVE @ PARKDALE AVE,365626.3706,5028172.87,3/10/16,15:23,02 - Rain,02 - Wet,01 - Traffic signal,03 - At intersection,01 - Daylight,03 - P.D. only,04 - Sideswipe
2849,CARLING AVE @ PARKDALE AVE,365626.6534,5028171.748,2/23/16,18:35,03 - Snow,06 - Ice,01 - Traffic signal,02 - Intersection related,07 - Dark,03 - P.D. only,03 - Rear end
2850,CARLING AVE @ PARKDALE AVE,365625.7527,5028171.961,8/8/16,22:02,01 - Clear,01 - Dry,01 - Traffic signal,03 - At intersection,07 - Dark,03 - P.D. only,04 - Sideswipe
2851,CARLING AVE @ PARKDALE AVE,365626.8082,5028172.042,10/20/16,13:15,02 - Rain,02 - Wet,01 - Traffic signal,02 - Intersection related,01 - Daylight,03 - P.D. only,03 - Rear end