Record,Location,X,Y,Date,Time,Environment,Road_Surface,Traffic_Control,Collision_Location,Light,Collision_Classification,Impact_type
2852,CARLING AVE @ PARKDALE AVE,365625.98,5028173.138,10/4/16,21:45,01 - Clear,01 - Dry,01 - Traffic signal,02 - Intersection related,07 - Dark,03 - P.D. only,03 - Rear end
2853,CARLING AVE @ PARKDALE AVE,365625.1518,5028172.456,12/20/16,17:44,01 - Clear,02 - Wet,01 - Traffic signal,03 - At intersection,07 - Dark,03 - P.D. only,05 - Turning movement
2854,CARLING AVE @ PARKDALE AVE,365628.4645,5028173.284,12/23/16,14:46,01 - Clear,02 - Wet,01 - Traffic signal,02 - Intersection related,01 - Daylight,03 - P.D. only,03 - Rear end
2855,CARLING AVE @ PARKDALE AVE,365627.6363,5028174.112,11/17/16,15:28,01 - Clear,01 - Dry,01 - Traffic signal,02 - Intersection related,01 - Daylight,03 - P.D. only,03 - Rear end
2856,CARLING AVE @ PINECREST  RD/GREENVIEW AVE,360006.8952,5024631.869,9/3/16,15:35,01 - Clear,01 - Dry,01 - Traffic signal,03 - At intersection,01 - Daylight,02 - Non-fatal injury,02 - Angle
2857,CARLING AVE @ PINECREST  RD/GREENVIEW AVE,360006.451,5024631.18,5/12/16,11:09,01 - Clear,01 - Dry,01 - Traffic signal,03 - At intersection,01 - Daylight,03 - P.D. only,05 - Turning movement
2858,CARLING AVE @ PINECREST  RD/GREENVIEW AVE,360006.0171,5024632.308,9/1/16,17:17,01 - Clear,01 - Dry,01 - Traffic signal,03 - At intersection,01 - Daylight,03 - P.D. only,05 - Turning movement
2859,CARLING AVE @ PINECREST  RD/GREENVIEW AVE,360006.4562,5024632.748,10/16/16,14:45,02 - Rain,02 - Wet,01 - Traffic signal,03 - At intersection,01 - Daylight,03 - P.D. only,02 - Angle
2860,CARLING AVE @ PINECREST  RD/GREENVIEW AVE,360007.0909,5024632.619,1/19/16,18:30,03 - Snow,02 - Wet,01 - Traffic signal,03 - At intersection,07 - Dark,03 - P.D. only,05 - Turning movement
2861,CARLING AVE @ PINECREST  RD/GREENVIEW AVE,360007.3499,5024631.629,5/11/16,16:31,01 - Clear,01 - Dry,01 - Traffic signal,02 - Intersection related,01 - Daylight,03 - P.D. only,03 - Rear end
2862,CARLING AVE @ PINECREST  RD/GREENVIEW AVE,360006.4512,5024632.304,4/30/16,11:20,01 - Clear,01 - Dry,01 - Traffic signal,02 - Intersection related,01 - Daylight,03 - P.D. only,03 - Rear end
2863,CARLING AVE @ PINECREST  RD/GREENVIEW AVE,360006.4502,5024632.303,6/20/16,8:30,01 - Clear,01 - Dry,01 - Traffic signal,02 - Intersection related,01 - Daylight,03 - P.D. only,03 - Rear end
2864,CARLING AVE @ PINECREST  RD/GREENVIEW AVE,360006.8952,5024633.626,5/11/16,21:18,01 - Clear,01 - Dry,01 - Traffic signal,03 - At intersection,07 - Dark,03 - P.D. only,04 - Sideswipe
2865,CARLING AVE @ PINECREST  RD/GREENVIEW AVE,360005.5038,5024632.528,8/25/16,9:08,01 - Clear,01 - Dry,01 - Traffic signal,02 - Intersection related,01 - Daylight,03 - P.D. only,99 - Other
2866,CARLING AVE @ PINECREST  RD/GREENVIEW AVE,360006.8952,5024633.626,11/20/16,20:59,03 - Snow,04 - Slush,01 - Traffic signal,03 - At intersection,07 - Dark,03 - P.D. only,02 - Angle
2867,CARLING AVE @ PRESTON ST,366830.3918,5028935.553,7/6/16,8:39,01 - Clear,01 - Dry,01 - Traffic signal,02 - Intersection related,01 - Daylight,02 - Non-fatal injury,05 - Turning movement
2868,CARLING AVE @ PRESTON ST,366830.1692,5028935.324,5/18/16,23:39,01 - Clear,01 - Dry,01 - Traffic signal,03 - At intersection,07 - Dark,02 - Non-fatal injury,05 - Turning movement
2869,CARLING AVE @ PRESTON ST,366829.71,5028933.483,11/9/16,18:00,01 - Clear,01 - Dry,01 - Traffic signal,02 - Intersection related,07 - Dark,02 - Non-fatal injury,03 - Rear end
2870,CARLING AVE @ PRESTON ST,366829.9373,5028936.462,7/23/16,23:13,01 - Clear,01 - Dry,01 - Traffic signal,02 - Intersection related,07 - Dark,03 - P.D. only,03 - Rear end
2871,CARLING AVE @ REC PATH/525M E OF HOLLY ACRES,358675.9685,5023773.639,9/9/16,15:57,01 - Clear,01 - Dry,01 - Traffic signal,03 - At intersection,01 - Daylight,02 - Non-fatal injury,02 - Angle
2872,CARLING AVE @ RICHARDSON SIDE RD,351834.3475,5022269.69,2/13/16,2:00,01 - Clear,03 - Loose snow,02 - Stop sign,02 - Intersection related,07 - Dark,03 - P.D. only,07 - SMV other
2873,CARLING AVE @ RICHMOND RD,360244.9972,5024781.512,8/1/16,16:30,01 - Clear,01 - Dry,01 - Traffic signal,03 - At intersection,01 - Daylight,02 - Non-fatal injury,02 - Angle
2874,CARLING AVE @ RICHMOND RD,360245.7799,5024781.448,1/25/16,8:58,01 - Clear,04 - Slush,01 - Traffic signal,02 - Intersection related,01 - Daylight,02 - Non-fatal injury,03 - Rear end
2875,CARLING AVE @ RICHMOND RD,360245.2771,5024782.033,3/11/16,19:21,01 - Clear,01 - Dry,01 - Traffic signal,02 - Intersection related,07 - Dark,02 - Non-fatal injury,03 - Rear end
2876,CARLING AVE @ RICHMOND RD,360245.4543,5024781.962,5/11/16,7:58,01 - Clear,01 - Dry,01 - Traffic signal,02 - Intersection related,01 - Daylight,03 - P.D. only,03 - Rear end
2877,CARLING AVE @ RICHMOND RD,360245.8985,5024781.732,10/30/16,10:02,01 - Clear,01 - Dry,01 - Traffic signal,03 - At intersection,01 - Daylight,03 - P.D. only,02 - Angle
2878,CARLING AVE @ RICHMOND RD,360245.0204,5024782.171,2/1/16,15:30,01 - Clear,01 - Dry,01 - Traffic signal,02 - Intersection related,01 - Daylight,03 - P.D. only,03 - Rear end
2879,CARLING AVE @ RICHMOND RD,360246.3449,5024781.29,1/9/16,23:14,01 - Clear,02 - Wet,01 - Traffic signal,03 - At intersection,07 - Dark,03 - P.D. only,02 - Angle
2880,CARLING AVE @ RICHMOND RD,360245.4595,5024781.293,1/21/16,15:42,01 - Clear,01 - Dry,01 - Traffic signal,03 - At intersection,01 - Daylight,03 - P.D. only,04 - Sideswipe
2881,CARLING AVE @ RICHMOND RD,360244.5813,5024782.171,1/20/16,15:23,01 - Clear,02 - Wet,01 - Traffic signal,02 - Intersection related,01 - Daylight,03 - P.D. only,03 - Rear end
2882,CARLING AVE @ RICHMOND RD,360245.0026,5024781.287,5/25/16,11:54,01 - Clear,01 - Dry,01 - Traffic signal,02 - Intersection related,01 - Daylight,03 - P.D. only,07 - SMV other
2883,CARLING AVE @ RICHMOND RD,360246.7988,5024781.736,3/9/16,10:06,01 - Clear,02 - Wet,01 - Traffic signal,02 - Intersection related,01 - Daylight,03 - P.D. only,03 - Rear end
2884,CARLING AVE @ RICHMOND RD,360245.9045,5024781.287,6/8/16,10:17,01 - Clear,01 - Dry,01 - Traffic signal,02 - Intersection related,01 - Daylight,03 - P.D. only,03 - Rear end
2885,CARLING AVE @ RICHMOND RD,360244.8508,5024781.926,12/9/16,8:05,01 - Clear,06 - Ice,01 - Traffic signal,02 - Intersection related,01 - Daylight,03 - P.D. only,03 - Rear end
2886,CARLING AVE @ RICHMOND RD,360246.5072,5024782.755,12/19/16,8:45,01 - Clear,04 - Slush,01 - Traffic signal,02 - Intersection related,01 - Daylight,03 - P.D. only,03 - Rear end
2887,CARLING AVE @ RICHMOND RD,360244.8508,5024783.583,12/23/16,2:43,01 - Clear,02 - Wet,01 - Traffic signal,02 - Intersection related,07 - Dark,03 - P.D. only,07 - SMV other
2888,CARLING AVE @ RICHMOND RD,360246.5072,5024782.755,12/9/16,9:20,01 - Clear,06 - Ice,01 - Traffic signal,02 - Intersection related,01 - Daylight,03 - P.D. only,03 - Rear end
2889,CARLING AVE @ RIFLE RD,353890.8652,5023314.046,7/8/16,12:37,01 - Clear,01 - Dry,02 - Stop sign,03 - At intersection,01 - Daylight,03 - P.D. only,05 - Turning movement
2890,CARLING AVE @ RITCHIE ST,359587.9856,5024366.512,7/26/16,14:58,01 - Clear,01 - Dry,01 - Traffic signal,02 - Intersection related,01 - Daylight,03 - P.D. only,03 - Rear end
2891,CARLING AVE @ RITCHIE ST,359588.4479,5024367.171,10/6/16,1:29,01 - Clear,01 - Dry,01 - Traffic signal,02 - Intersection related,07 - Dark,03 - P.D. only,02 - Angle
2892,CARLING AVE @ ROCHESTER ST,366992.9379,5029042.554,5/4/16,18:03,01 - Clear,01 - Dry,02 - Stop sign,02 - Intersection related,01 - Daylight,03 - P.D. only,03 - Rear end
2893,CARLING AVE @ ROSEVIEW AVE,359357.5736,5024198.408,12/6/16,7:50,01 - Clear,01 - Dry,02 - Stop sign,03 - At intersection,03 - Dawn,03 - P.D. only,02 - Angle
2894,CARLING AVE @ SCRIVENS ST,359423.8953,5024258.512,7/22/16,13:37,01 - Clear,01 - Dry,01 - Traffic signal,03 - At intersection,01 - Daylight,02 - Non-fatal injury,03 - Rear end
2895,CARLING AVE @ SCRIVENS ST,359424.3339,5024259.178,2/16/16,10:38,03 - Snow,03 - Loose snow,01 - Traffic signal,02 - Intersection related,01 - Daylight,03 - P.D. only,03 - Rear end
2896,CARLING AVE @ SHERWOOD DR,366485.047,5028717.772,1/5/16,9:01,01 - Clear,06 - Ice,01 - Traffic signal,02 - Intersection related,01 - Daylight,03 - P.D. only,03 - Rear end
2897,CARLING AVE @ TAVISTOCK RD,360699.3353,5025069.301,2/8/16,13:16,01 - Clear,01 - Dry,02 - Stop sign,03 - At intersection,01 - Daylight,03 - P.D. only,02 - Angle
2898,CARLING AVE @ WESTGATE SC E,364799.926,5027658.477,7/22/16,12:53,01 - Clear,01 - Dry,01 - Traffic signal,03 - At intersection,01 - Daylight,02 - Non-fatal injury,07 - SMV other
2899,CARLING AVE @ WESTGATE SC E,364800.9752,5027659.039,10/31/16,12:53,01 - Clear,01 - Dry,01 - Traffic signal,02 - Intersection related,01 - Daylight,03 - P.D. only,99 - Other
2900,CARLING AVE @ WESTGATE SC E,364800.5216,5027658.173,9/23/16,9:15,01 - Clear,02 - Wet,01 - Traffic signal,03 - At intersection,01 - Daylight,03 - P.D. only,05 - Turning movement
2901,CARLING AVE @ WESTGATE SC E,364800.5439,5027659.258,7/5/16,12:34,01 - Clear,01 - Dry,01 - Traffic signal,02 - Intersection related,01 - Daylight,03 - P.D. only,03 - Rear end
2902,CARLING AVE @ WOODROFFE AVE W,361767.025,5025724.855,1/14/16,19:03,01 - Clear,04 - Slush,01 - Traffic signal,02 - Intersection related,07 - Dark,02 - Non-fatal injury,03 - Rear end
2903,CARLING AVE @ WOODROFFE AVE W,361767.4641,5025725.294,9/9/16,16:27,01 - Clear,01 - Dry,01 - Traffic signal,03 - At intersection,01 - Daylight,02 - Non-fatal injury,05 - Turning movement
2904,CARLING AVE @ WOODROFFE AVE W,361767.0177,5025725.292,2/19/16,9:09,01 - Clear,04 - Slush,01 - Traffic signal,02 - Intersection related,01 - Daylight,03 - P.D. only,03 - Rear end
2905,CARLING AVE @ WOODROFFE AVE W,361770.1681,5025725.099,10/24/16,7:56,01 - Clear,01 - Dry,01 - Traffic signal,02 - Intersection related,01 - Daylight,03 - P.D. only,03 - Rear end
2906,CARLING AVE @ WOODROFFE AVE W,361768.0742,5025723.951,6/8/16,8:36,01 - Clear,01 - Dry,01 - Traffic signal,02 - Intersection related,01 - Daylight,03 - P.D. only,04 - Sideswipe
2907,CARLING AVE @ WOODROFFE AVE W,361768.5659,5025725.753,3/14/16,15:15,02 - Rain,02 - Wet,01 - Traffic signal,02 - Intersection related,01 - Daylight,03 - P.D. only,03 - Rear end
2908,CARLING AVE @ WOODROFFE AVE W,361767.4641,5025725.294,3/27/16,13:29,01 - Clear,01 - Dry,01 - Traffic signal,02 - Intersection related,01 - Daylight,03 - P.D. only,04 - Sideswipe
2909,CARLING AVE @ WOODROFFE AVE W,361767.0094,5025725.064,5/17/16,15:51,01 - Clear,01 - Dry,01 - Traffic signal,02 - Intersection related,01 - Daylight,03 - P.D. only,03 - Rear end
2910,CARLING AVE @ WOODROFFE AVE W,361767.6836,5025725.099,9/26/16,19:28,01 - Clear,01 - Dry,01 - Traffic signal,03 - At intersection,05 - Dusk,03 - P.D. only,03 - Rear end
2911,CARLING AVE @ WOODROFFE AVE W,361767.025,5025725.294,10/3/16,23:44,01 - Clear,01 - Dry,01 - Traffic signal,03 - At intersection,07 - Dark,03 - P.D. only,02 - Angle
2912,CARLING AVE @ WOODROFFE AVE W,361767.8718,5025725.334,12/3/16,13:07,01 - Clear,01 - Dry,01 - Traffic signal,02 - Intersection related,01 - Daylight,03 - P.D. only,04 - Sideswipe
2913,CARLING AVE @ WOODROFFE AVE W,361767.6836,5025725.928,12/18/16,10:45,03 - Snow,03 - Loose snow,01 - Traffic signal,03 - At intersection,01 - Daylight,03 - P.D. only,05 - Turning movement
2914,CARLING AVE @ WOODROFFE AVE W,361767.4641,5025724.855,9/15/16,17:51,01 - Clear,01 - Dry,01 - Traffic signal,02 - Intersection related,01 - Daylight,03 - P.D. only,05 - Turning movement
2915,CARLING AVE @ WOODROFFE AVE W,361767.6836,5025725.099,11/23/16,6:45,01 - Clear,06 - Ice,01 - Traffic signal,02 - Intersection related,07 - Dark,03 - P.D. only,07 - SMV other
2916,CARLING AVE @ WOODROFFE AVE W,361767.4641,5025724.855,11/25/16,14:01,01 - Clear,04 - Slush,01 - Traffic signal,02 - Intersection related,01 - Daylight,03 - P.D. only,04 - Sideswipe
2917,CARLING AVE @ WYLIE AVE,359140.1948,5024076.794,11/25/16,17:30,02 - Rain,02 - Wet,02 - Stop sign,02 - Intersection related,07 - Dark,03 - P.D. only,03 - Rear end
2918,CARLING AVE btwn ARCHIBALD ST & 73 E OF ARCHIBALD ST/WESTGATE SC W,364680.0275,5027565.121,2/16/16,19:01,03 - Snow,03 - Loose snow,10 - No control,04 - At/near private drive,07 - Dark,02 - Non-fatal injury,03 - Rear end
2919,CARLING AVE btwn BEDALE DR & NAUTICA PRIV,357418.391,5023632.938,6/29/16,21:31,01 - Clear,01 - Dry,10 - No control,04 - At/near private drive,07 - Dark,03 - P.D. only,05 - Turning movement
2920,CARLING AVE btwn BURKE RD & DEFENSE  RESEARCH COMPLEX,352919.4126,5022713.258,11/3/16,23:00,01 - Clear,02 - Wet,10 - No control,01 - Non intersection,07 - Dark,03 - P.D. only,07 - SMV other
2921,CARLING AVE btwn DAVIDSON'S SIDE RD & GRANDVIEW RD,355630.7001,5024088.651,4/6/16,17:44,03 - Snow,03 - Loose snow,10 - No control,01 - Non intersection,01 - Daylight,02 - Non-fatal injury,01 - Approaching
2922,CARLING AVE btwn DAVIDSON'S SIDE RD & GRANDVIEW RD,355631.4674,5024089.614,9/27/16,18:08,01 - Clear,01 - Dry,10 - No control,01 - Non intersection,01 - Daylight,02 - Non-fatal injury,07 - SMV other
2923,CARLING AVE btwn DAVIDSON'S SIDE RD & GRANDVIEW RD,354331.3897,5023586.289,11/15/16,18:00,01 - Clear,01 - Dry,10 - No control,01 - Non intersection,07 - Dark,03 - P.D. only,07 - SMV other
2924,CARLING AVE btwn DAVIDSON'S SIDE RD & GRANDVIEW RD,355149.9482,5024076.807,2/13/16,12:07,01 - Clear,01 - Dry,10 - No control,01 - Non intersection,01 - Daylight,03 - P.D. only,07 - SMV other
2925,CARLING AVE btwn DAVIDSON'S SIDE RD & GRANDVIEW RD,355673.9196,5024071.603,4/30/16,10:00,01 - Clear,01 - Dry,10 - No control,01 - Non intersection,01 - Daylight,03 - P.D. only,07 - SMV other
2926,CARLING AVE btwn DEFENSE  RESEARCH COMPLEX & RIFLE RD,353763.9298,5023233.755,10/21/16,18:47,02 - Rain,02 - Wet,10 - No control,01 - Non intersection,07 - Dark,02 - Non-fatal injury,03 - Rear end
2927,CARLING AVE btwn DEFENSE  RESEARCH COMPLEX & RIFLE RD,353804.7304,5023261.062,5/22/16,2:06,01 - Clear,01 - Dry,10 - No control,01 - Non intersection,07 - Dark,02 - Non-fatal injury,07 - SMV other
2928,CARLING AVE btwn DEFENSE  RESEARCH COMPLEX & RIFLE RD,353468.5374,5023048.424,1/21/16,7:50,01 - Clear,01 - Dry,10 - No control,06 - Underpass or tunnel,03 - Dawn,03 - P.D. only,03 - Rear end
2929,CARLING AVE btwn DEFENSE  RESEARCH COMPLEX & RIFLE RD,353806.1659,5023261.085,11/14/16,22:00,01 - Clear,01 - Dry,10 - No control,01 - Non intersection,07 - Dark,03 - P.D. only,07 - SMV other
2930,CARLING AVE btwn MARCH RD & SCHNEIDER RD,351134.6283,5022193.002,10/19/16,12:53,01 - Clear,01 - Dry,10 - No control,04 - At/near private drive,01 - Daylight,02 - Non-fatal injury,03 - Rear end
2931,CARLING AVE btwn MARCH RD & SCHNEIDER RD,351001.4707,5022265.445,1/21/16,9:12,01 - Clear,02 - Wet,10 - No control,01 - Non intersection,01 - Daylight,03 - P.D. only,03 - Rear end
2932,CARLING AVE btwn MARCH RD & SCHNEIDER RD,351228.1114,5022182.154,10/13/16,13:07,01 - Clear,01 - Dry,10 - No control,04 - At/near private drive,01 - Daylight,03 - P.D. only,02 - Angle
2933,CARLING AVE btwn MOODIE DR & GRANDVIEW RD,355821.1939,5024012.154,9/1/16,20:16,01 - Clear,01 - Dry,10 - No control,01 - Non intersection,07 - Dark,03 - P.D. only,07 - SMV other
2934,CARLING AVE btwn MOODIE DR & GRANDVIEW RD,355859.2118,5023995.896,11/28/16,17:14,01 - Clear,01 - Dry,10 - No control,01 - Non intersection,07 - Dark,03 - P.D. only,07 - SMV other
2935,CARLING AVE btwn MOODIE DR & JAMES CUMMINGS AVE,356102.4233,5023892.066,9/26/16,8:44,01 - Clear,01 - Dry,10 - No control,01 - Non intersection,01 - Daylight,02 - Non-fatal injury,04 - Sideswipe
2936,CARLING AVE btwn MOODIE DR & JAMES CUMMINGS AVE,356109.1549,5023890.238,7/30/16,5:29,01 - Clear,01 - Dry,10 - No control,01 - Non intersection,03 - Dawn,03 - P.D. only,07 - SMV other
2937,CARLING AVE btwn MOODIE DR & TURN LANE,356045.0143,5023919.542,8/15/16,16:55,01 - Clear,01 - Dry,10 - No control,01 - Non intersection,01 - Daylight,03 - P.D. only,99 - Other
2938,CARLING AVE btwn RICHARDSON SIDE RD & HERZBERG RD,351979.8246,5022292.516,1/26/16,8:27,01 - Clear,02 - Wet,10 - No control,01 - Non intersection,01 - Daylight,02 - Non-fatal injury,03 - Rear end
2939,CARLING AVE btwn RIFLE RD & DAVIDSON'S SIDE RD,354248.7649,5023535.456,4/13/16,18:24,01 - Clear,01 - Dry,10 - No control,01 - Non intersection,01 - Daylight,02 - Non-fatal injury,03 - Rear end
2940,CARLING AVE btwn RIFLE RD & DAVIDSON'S SIDE RD,354045.8652,5023411.773,8/11/16,21:44,01 - Clear,01 - Dry,10 - No control,01 - Non intersection,07 - Dark,02 - Non-fatal injury,07 - SMV other
2941,CARLING AVE btwn RIFLE RD & DAVIDSON'S SIDE RD,354265.0472,5023546.697,8/10/16,1:12,01 - Clear,01 - Dry,10 - No control,01 - Non intersection,07 - Dark,03 - P.D. only,07 - SMV other
2942,CARLING AVE btwn RIFLE RD & DAVIDSON'S SIDE RD,353920.4516,5023335.619,11/24/16,6:40,03 - Snow,04 - Slush,10 - No control,01 - Non intersection,07 - Dark,03 - P.D. only,07 - SMV other
2943,CARLING AVE btwn TURN LANE & MOODIE DR,355984.1188,5023944.392,2/26/16,23:00,01 - Clear,01 - Dry,10 - No control,01 - Non intersection,07 - Dark,03 - P.D. only,07 - SMV other
2944,CARLING AVE btwn ULLSWATER DR & SUNNY BRAE AVE,356722.4163,5023824.721,9/12/16,7:40,01 - Clear,01 - Dry,10 - No control,01 - Non intersection,01 - Daylight,02 - Non-fatal injury,03 - Rear end
2945,CARLING AVE btwn ULLSWATER DR & SUNNY BRAE AVE,356864.0757,5023819.619,5/12/16,10:30,01 - Clear,01 - Dry,10 - No control,04 - At/near private drive,01 - Daylight,03 - P.D. only,02 - Angle
2946,CARLING AVE btwn ULLSWATER DR & SUNNY BRAE AVE,356862.8874,5023819.619,2/16/16,7:38,03 - Snow,04 - Slush,10 - No control,04 - At/near private drive,01 - Daylight,03 - P.D. only,03 - Rear end
2947,CARLING AVE EB @ SAIGON CRT,364068.9825,5027114.619,1/11/16,14:10,01 - Clear,01 - Dry,02 - Stop sign,02 - Intersection related,01 - Daylight,03 - P.D. only,04 - Sideswipe
2948,CARLING AVE EB @ SAIGON CRT,364069.4986,5027113.32,10/22/16,1:14,02 - Rain,02 - Wet,02 - Stop sign,03 - At intersection,07 - Dark,03 - P.D. only,05 - Turning movement
2949,CARLING AVE EB btwn BAYSHORE DR & CARLING AVE,359146.8046,5024064.777,7/22/16,19:07,01 - Clear,01 - Dry,10 - No control,04 - At/near private drive,01 - Daylight,03 - P.D. only,05 - Turning movement
2950,CARLING AVE EB btwn CARLING AVE & ROSEVIEW AVE,359349.6926,5024194.568,4/21/16,9:02,01 - Clear,01 - Dry,10 - No control,01 - Non intersection,01 - Daylight,03 - P.D. only,04 - Sideswipe
2951,CARLING AVE EB btwn CARLING AVE EB OFF RAMP/OTTAWA RIVER PKWY & TRANSI,360932.3968,5025198.543,4/26/16,16:46,01 - Clear,01 - Dry,10 - No control,01 - Non intersection,01 - Daylight,03 - P.D. only,03 - Rear end
2952,CARLING AVE EB btwn CARLINGWOOD SC & AARON AVE,362104.0138,5025938.538,5/17/16,15:10,01 - Clear,01 - Dry,10 - No control,01 - Non intersection,01 - Daylight,03 - P.D. only,04 - Sideswipe
2953,CARLING AVE EB btwn CONNAUGHT AVE & CARLING AVE EB ON RAMP/OTTAWA RIVE,360802.2671,5025116.606,8/5/16,7:02,01 - Clear,01 - Dry,10 - No control,01 - Non intersection,01 - Daylight,03 - P.D. only,03 - Rear end
2954,CARLING AVE EB btwn DUNDEE AVE & IVANHOE AVE,360421.2544,5024875.465,3/29/16,7:46,01 - Clear,01 - Dry,10 - No control,01 - Non intersection,01 - Daylight,02 - Non-fatal injury,03 - Rear end
2955,CARLING AVE EB btwn DUNDEE AVE & IVANHOE AVE,360415.7721,5024871.194,10/22/16,14:09,02 - Rain,02 - Wet,10 - No control,01 - Non intersection,01 - Daylight,03 - P.D. only,04 - Sideswipe
2956,CARLING AVE EB btwn EDGEWORTH AVE & FOX CRES,361400.0064,5025497.524,5/17/16,7:51,01 - Clear,01 - Dry,10 - No control,01 - Non intersection,01 - Daylight,03 - P.D. only,03 - Rear end
2957,CARLING AVE EB btwn EDGEWORTH AVE & FOX CRES,361483.3051,5025550.36,4/5/16,8:27,01 - Clear,01 - Dry,10 - No control,01 - Non intersection,01 - Daylight,03 - P.D. only,03 - Rear end
2958,CARLING AVE EB btwn EDGEWORTH AVE & FOX CRES,361407.2737,5025502.169,7/22/16,15:18,01 - Clear,01 - Dry,10 - No control,04 - At/near private drive,01 - Daylight,03 - P.D. only,02 - Angle
2959,CARLING AVE EB btwn EDGEWORTH AVE & FOX CRES,361492.8123,5025555.529,7/29/16,19:08,01 - Clear,01 - Dry,10 - No control,01 - Non intersection,01 - Daylight,03 - P.D. only,03 - Rear end
2960,CARLING AVE EB btwn FISHER AVE & ISLAND PARK DR,365337.0639,5027975.808,2/22/16,10:51,01 - Clear,01 - Dry,10 - No control,01 - Non intersection,01 - Daylight,03 - P.D. only,04 - Sideswipe
2961,CARLING AVE EB btwn FOX CRES & WOODROFFE AVE,361529.5299,5025577.505,10/12/16,9:27,01 - Clear,01 - Dry,10 - No control,01 - Non intersection,01 - Daylight,02 - Non-fatal injury,07 - SMV other
2962,CARLING AVE EB btwn FOX CRES & WOODROFFE AVE,361748.2924,5025713.789,5/30/16,7:45,01 - Clear,01 - Dry,10 - No control,01 - Non intersection,01 - Daylight,03 - P.D. only,04 - Sideswipe
2963,CARLING AVE EB btwn FOX CRES & WOODROFFE AVE,361593.5892,5025618.159,8/17/16,14:52,01 - Clear,01 - Dry,10 - No control,01 - Non intersection,01 - Daylight,03 - P.D. only,04 - Sideswipe
2964,CARLING AVE EB btwn FOX CRES & WOODROFFE AVE,361694.2745,5025679.15,7/27/16,18:20,01 - Clear,01 - Dry,10 - No control,01 - Non intersection,01 - Daylight,03 - P.D. only,04 - Sideswipe
2965,CARLING AVE EB btwn FOX CRES & WOODROFFE AVE,361720.4786,5025694.458,11/9/16,17:24,01 - Clear,01 - Dry,10 - No control,01 - Non intersection,07 - Dark,03 - P.D. only,03 - Rear end
2966,CARLING AVE EB btwn GRENON AVE & MOORE AVE,359763.0293,5024460.052,12/9/16,23:33,01 - Clear,06 - Ice,10 - No control,01 - Non intersection,07 - Dark,03 - P.D. only,07 - SMV other
2967,CARLING AVE EB btwn HIGH ST & PINECREST RD,360001.7374,5024614.122,5/6/16,8:00,01 - Clear,01 - Dry,10 - No control,01 - Non intersection,01 - Daylight,03 - P.D. only,04 - Sideswipe
2968,CARLING AVE EB btwn HWY417 IC124 RAMP57 & KIRKWOOD AVE,364291.5451,5027255.64,3/14/16,1:25,01 - Clear,01 - Dry,10 - No control,01 - Non intersection,07 - Dark,03 - P.D. only,07 - SMV other
2969,CARLING AVE EB btwn HWY417 IC124 RAMP57 & KIRKWOOD AVE,364260.5258,5027217.994,3/31/16,15:15,02 - Rain,02 - Wet,10 - No control,01 - Non intersection,01 - Daylight,03 - P.D. only,04 - Sideswipe
2970,CARLING AVE EB btwn HWY417 IC124 RAMP57 & KIRKWOOD AVE,364292.7161,5027258.643,8/23/16,13:18,01 - Clear,01 - Dry,10 - No control,01 - Non intersection,01 - Daylight,03 - P.D. only,04 - Sideswipe
2971,CARLING AVE EB btwn IVANHOE AVE & ALPINE AVE,360487.5673,5024916.432,12/14/16,15:27,01 - Clear,02 - Wet,10 - No control,04 - At/near private drive,01 - Daylight,02 - Non-fatal injury,05 - Turning movement
2972,CARLING AVE EB btwn KIRKWOOD AVE & HWY417 IC124 RAMP55,364378.9233,5027377.066,10/20/16,12:27,02 - Rain,02 - Wet,10 - No control,01 - Non intersection,01 - Daylight,02 - Non-fatal injury,07 - SMV other
2973,CARLING AVE EB btwn RIDDELL AVE N & MAITLAND AVE,362920.9635,5026458.889,1/18/16,10:00,01 - Clear,03 - Loose snow,10 - No control,01 - Non intersection,01 - Daylight,03 - P.D. only,03 - Rear end
2974,CARLING AVE EB btwn RIDDELL AVE N & MAITLAND AVE,362905.1979,5026448.527,7/28/16,15:21,01 - Clear,01 - Dry,10 - No control,01 - Non intersection,01 - Daylight,03 - P.D. only,03 - Rear end
2975,CARLING AVE EB btwn SCRIVENS ST & GRENON AVE,359570.4775,5024336.018,12/3/16,15:13,01 - Clear,01 - Dry,10 - No control,04 - At/near private drive,01 - Daylight,02 - Non-fatal injury,07 - SMV other
2976,CARLING AVE EB btwn WOODROFFE AVE & WOODROFFE AVE,361925.6402,5025825.306,1/14/16,17:08,01 - Clear,01 - Dry,10 - No control,01 - Non intersection,05 - Dusk,03 - P.D. only,03 - Rear end
2977,CARLING AVE EB btwn WOODROFFE AVE & WOODROFFE AVE,361796.3195,5025746.032,5/5/16,16:06,01 - Clear,01 - Dry,10 - No control,01 - Non intersection,01 - Daylight,03 - P.D. only,04 - Sideswipe
2978,CARLING AVE WB @ SAIGON CRT,364064.5875,5027195.379,6/30/16,14:59,01 - Clear,01 - Dry,01 - Traffic signal,03 - At intersection,01 - Daylight,02 - Non-fatal injury,05 - Turning movement