Record,Location,X,Y,Date,Time,Environment,Road_Surface,Traffic_Control,Collision_Location,Light,Collision_Classification,Impact_type
2979,CARLING AVE WB @ SAIGON CRT,364065.4894,5027194.918,1/4/16,15:23,01 - Clear,01 - Dry,01 - Traffic signal,03 - At intersection,01 - Daylight,02 - Non-fatal injury,02 - Angle
2980,CARLING AVE WB @ SAIGON CRT,364064.6374,5027195.723,9/27/16,12:13,01 - Clear,01 - Dry,01 - Traffic signal,03 - At intersection,01 - Daylight,02 - Non-fatal injury,02 - Angle
2981,CARLING AVE WB @ SAIGON CRT,364064.5875,5027195.865,7/12/16,15:11,01 - Clear,01 - Dry,01 - Traffic signal,03 - At intersection,01 - Daylight,03 - P.D. only,05 - Turning movement
2982,CARLING AVE WB @ SAIGON CRT,364064.4427,5027196.395,12/13/16,1:56,03 - Snow,04 - Slush,01 - Traffic signal,02 - Intersection related,07 - Dark,03 - P.D. only,07 - SMV other
2983,CARLING AVE WB @ SAIGON CRT,364064.0907,5027195.177,12/14/16,13:34,01 - Clear,01 - Dry,01 - Traffic signal,03 - At intersection,01 - Daylight,03 - P.D. only,05 - Turning movement
2984,CARLING AVE WB btwn ALPINE AVE & FOREST ST,360507.0025,5024949.253,4/14/16,17:50,01 - Clear,01 - Dry,10 - No control,01 - Non intersection,01 - Daylight,03 - P.D. only,04 - Sideswipe
2985,CARLING AVE WB btwn ANCASTER AVE & WOODROFFE AVE,361895.3196,5025825.181,1/11/16,17:30,01 - Clear,01 - Dry,10 - No control,01 - Non intersection,05 - Dusk,03 - P.D. only,03 - Rear end
2986,CARLING AVE WB btwn ANCASTER AVE & WOODROFFE AVE,361826.2202,5025779.172,1/5/16,10:55,01 - Clear,02 - Wet,10 - No control,01 - Non intersection,01 - Daylight,03 - P.D. only,04 - Sideswipe
2987,CARLING AVE WB btwn BAYSWATER AVE & SHERWOOD DR,366407.6327,5028669.558,9/8/16,17:15,01 - Clear,01 - Dry,10 - No control,01 - Non intersection,01 - Daylight,03 - P.D. only,04 - Sideswipe
2988,CARLING AVE WB btwn BOOTH ST & LEBRETON ST S,367117.0343,5029121.216,5/18/16,17:30,01 - Clear,01 - Dry,10 - No control,01 - Non intersection,01 - Daylight,03 - P.D. only,04 - Sideswipe
2989,CARLING AVE WB btwn BROADVIEW AVE & HIGHLAND AVE,363198.4272,5026649.675,11/11/16,16:15,01 - Clear,01 - Dry,10 - No control,01 - Non intersection,01 - Daylight,03 - P.D. only,04 - Sideswipe
2990,CARLING AVE WB btwn CAMBRIDGE ST S & BRONSON AVE,367441.7795,5029331.83,8/15/16,18:30,01 - Clear,01 - Dry,10 - No control,01 - Non intersection,01 - Daylight,03 - P.D. only,04 - Sideswipe
2991,CARLING AVE WB btwn CARLING AVE WB RAMP/OTTAWA RIVER PKWY & OTTAWA RIV,360864.3886,5025174.9,6/30/16,19:25,01 - Clear,01 - Dry,10 - No control,01 - Non intersection,01 - Daylight,03 - P.D. only,04 - Sideswipe
2992,CARLING AVE WB btwn CARLINGWOOD SC & IROQUOIS RD,362166.8775,5026000.222,3/24/16,17:05,03 - Snow,04 - Slush,10 - No control,01 - Non intersection,01 - Daylight,02 - Non-fatal injury,04 - Sideswipe
2993,CARLING AVE WB btwn CARLINGWOOD SC & IROQUOIS RD,362130.5313,5025978.743,9/15/16,17:23,01 - Clear,01 - Dry,10 - No control,04 - At/near private drive,01 - Daylight,03 - P.D. only,02 - Angle
2994,CARLING AVE WB btwn CARLINGWOOD SC/FAIRLAWN PLAZA SC & FAIRLAWN AVE/WOODROFFE AVE,362033.9342,5025915.955,11/23/16,17:43,01 - Clear,01 - Dry,10 - No control,01 - Non intersection,07 - Dark,03 - P.D. only,04 - Sideswipe
2995,CARLING AVE WB btwn CHAMPAGNE AVE S & PRESTON ST,366742.7535,5028883.379,12/18/16,14:41,01 - Clear,01 - Dry,10 - No control,01 - Non intersection,01 - Daylight,02 - Non-fatal injury,03 - Rear end
2996,CARLING AVE WB btwn COLE AVE & CHURCHILL AVE N,363534.3548,5026860.013,10/7/16,14:55,01 - Clear,01 - Dry,10 - No control,04 - At/near private drive,01 - Daylight,03 - P.D. only,03 - Rear end
2997,CARLING AVE WB btwn CONNAUGHT AVE & OTTAWA RIVER PKWY WB RAMP/CARLING ,360779.0187,5025123.662,9/21/16,10:52,01 - Clear,01 - Dry,10 - No control,01 - Non intersection,01 - Daylight,03 - P.D. only,04 - Sideswipe
2998,CARLING AVE WB btwn CONNAUGHT AVE & OTTAWA RIVER PKWY WB RAMP/CARLING ,360780.3283,5025123.575,4/20/16,17:53,01 - Clear,01 - Dry,10 - No control,01 - Non intersection,01 - Daylight,03 - P.D. only,04 - Sideswipe
2999,CARLING AVE WB btwn FOREST ST & CROYDON AVE,360565.9759,5024985.913,9/20/16,10:01,02 - Rain,02 - Wet,10 - No control,01 - Non intersection,01 - Daylight,03 - P.D. only,04 - Sideswipe
3000,CARLING AVE WB btwn HAMILTON AVE S & PARKDALE AVE,365568.2413,5028137.085,9/23/16,12:07,01 - Clear,01 - Dry,10 - No control,01 - Non intersection,01 - Daylight,03 - P.D. only,04 - Sideswipe
3001,CARLING AVE WB btwn HAMILTON AVE S & PARKDALE AVE,365568.1419,5028136.912,10/7/16,13:21,01 - Clear,01 - Dry,10 - No control,01 - Non intersection,01 - Daylight,03 - P.D. only,04 - Sideswipe
3002,CARLING AVE WB btwn HAMILTON AVE S & PARKDALE AVE,365616.3203,5028167.162,11/2/16,15:10,01 - Clear,01 - Dry,10 - No control,01 - Non intersection,01 - Daylight,03 - P.D. only,04 - Sideswipe
3003,CARLING AVE WB btwn HINTON AVE S & HAMILTON AVE S,365525.7051,5028110.568,3/25/16,9:40,01 - Clear,01 - Dry,10 - No control,04 - At/near private drive,01 - Daylight,02 - Non-fatal injury,03 - Rear end
3004,CARLING AVE WB btwn HWY417 IC124 RAMP67 & HWY417 IC124 RAMP65,364424.371,5027552.51,2/1/16,8:50,01 - Clear,02 - Wet,10 - No control,01 - Non intersection,01 - Daylight,03 - P.D. only,04 - Sideswipe
3005,CARLING AVE WB btwn HWY417 IC124 RAMP76 & KIRKWOOD AVE,364268.4597,5027490.49,3/9/16,13:44,02 - Rain,02 - Wet,10 - No control,01 - Non intersection,01 - Daylight,02 - Non-fatal injury,04 - Sideswipe
3006,CARLING AVE WB btwn KIRKWOOD AVE & HWY417 IC124 RAMP67,364323.1612,5027517.774,3/21/16,15:26,01 - Clear,01 - Dry,10 - No control,01 - Non intersection,01 - Daylight,03 - P.D. only,04 - Sideswipe
3007,CARLING AVE WB btwn KIRKWOOD AVE & HWY417 IC124 RAMP67,364322.5018,5027518.669,9/10/16,15:41,01 - Clear,01 - Dry,10 - No control,01 - Non intersection,01 - Daylight,03 - P.D. only,04 - Sideswipe
3008,CARLING AVE WB btwn KIRKWOOD AVE & HWY417 IC124 RAMP67,364287.1056,5027500.257,2/12/16,16:34,01 - Clear,01 - Dry,10 - No control,01 - Non intersection,01 - Daylight,03 - P.D. only,04 - Sideswipe
3009,CARLING AVE WB btwn MERIVALE RD & HARMER AVE S,365077.2476,5027835.342,9/16/16,18:11,01 - Clear,01 - Dry,10 - No control,01 - Non intersection,01 - Daylight,02 - Non-fatal injury,04 - Sideswipe
3010,CARLING AVE WB btwn MERIVALE RD & HARMER AVE S,365191.77,5027905.506,9/24/16,20:10,01 - Clear,01 - Dry,10 - No control,04 - At/near private drive,07 - Dark,02 - Non-fatal injury,05 - Turning movement
3011,CARLING AVE WB btwn MERIVALE RD & HARMER AVE S,364996.3949,5027783.34,6/2/16,16:30,01 - Clear,01 - Dry,10 - No control,01 - Non intersection,01 - Daylight,02 - Non-fatal injury,03 - Rear end
3012,CARLING AVE WB btwn PARKDALE AVE & CIVIC HOSPITAL,365711.5335,5028228.029,1/11/16,17:36,01 - Clear,01 - Dry,10 - No control,04 - At/near private drive,05 - Dusk,03 - P.D. only,02 - Angle
3013,CARLING AVE WB btwn POULIN AVE & ALPINE AVE,360432.4493,5024900.603,7/8/16,17:43,01 - Clear,01 - Dry,10 - No control,01 - Non intersection,01 - Daylight,03 - P.D. only,03 - Rear end
3014,CARLING AVE WB btwn RICHARDSON AVE & WOODLAND AVE,361594.7282,5025636.243,8/11/16,11:30,01 - Clear,01 - Dry,10 - No control,04 - At/near private drive,01 - Daylight,03 - P.D. only,02 - Angle
3015,CARLING AVE WB btwn RICHMOND RD & POULIN AVE,360342.8368,5024844.092,2/8/16,22:38,01 - Clear,01 - Dry,10 - No control,01 - Non intersection,07 - Dark,02 - Non-fatal injury,07 - SMV other
3016,CARLING AVE WB btwn SHERBOURNE RD & BROADVIEW AVE,363056.8196,5026560.163,1/7/16,17:35,01 - Clear,02 - Wet,10 - No control,04 - At/near private drive,05 - Dusk,03 - P.D. only,02 - Angle
3017,CARLING AVE WB btwn SHERBOURNE RD & BROADVIEW AVE,363027.2712,5026540.669,2/17/16,13:19,03 - Snow,03 - Loose snow,10 - No control,01 - Non intersection,01 - Daylight,03 - P.D. only,01 - Approaching
3018,CARLING AVE/STATION RD @ MARCH RD,350906.817,5022246.254,2/8/16,9:10,01 - Clear,01 - Dry,01 - Traffic signal,02 - Intersection related,01 - Daylight,03 - P.D. only,03 - Rear end
3019,CARLING AVE/STATION RD @ MARCH RD,350907.0651,5022247.926,10/22/16,15:21,06 - Strong wind,02 - Wet,01 - Traffic signal,02 - Intersection related,01 - Daylight,03 - P.D. only,07 - SMV other
3020,CARLING AVE/STATION RD @ MARCH RD,350905.6816,5022248.514,10/7/16,10:27,01 - Clear,01 - Dry,01 - Traffic signal,02 - Intersection related,01 - Daylight,03 - P.D. only,03 - Rear end
3021,CARLING AVE/STATION RD @ MARCH RD,350908.9832,5022246.976,1/25/16,18:00,01 - Clear,02 - Wet,01 - Traffic signal,02 - Intersection related,07 - Dark,03 - P.D. only,03 - Rear end
3022,CARLING AVE/STATION RD @ MARCH RD,350905.3925,5022247.497,1/18/16,17:28,01 - Clear,02 - Wet,01 - Traffic signal,02 - Intersection related,05 - Dusk,03 - P.D. only,03 - Rear end
3023,CARLING AVE/STATION RD @ MARCH RD,350907.8831,5022246.241,3/23/16,10:16,03 - Snow,02 - Wet,01 - Traffic signal,02 - Intersection related,01 - Daylight,03 - P.D. only,03 - Rear end
3024,CARLING AVE/STATION RD @ MARCH RD,350908.8514,5022246.369,8/11/16,17:22,01 - Clear,01 - Dry,01 - Traffic signal,02 - Intersection related,01 - Daylight,03 - P.D. only,03 - Rear end
3025,CARLING AVE/STATION RD @ MARCH RD,350906.6271,5022248.346,4/28/16,15:57,01 - Clear,01 - Dry,01 - Traffic signal,02 - Intersection related,01 - Daylight,03 - P.D. only,03 - Rear end
3026,CARLING AVE/STATION RD @ MARCH RD,350909.6913,5022248.588,6/1/16,13:23,01 - Clear,01 - Dry,01 - Traffic signal,03 - At intersection,01 - Daylight,03 - P.D. only,05 - Turning movement
3027,CARLING AVE/STATION RD @ MARCH RD,350907.4792,5022246.541,11/24/16,9:10,03 - Snow,03 - Loose snow,01 - Traffic signal,03 - At intersection,01 - Daylight,03 - P.D. only,05 - Turning movement
3028,CARLING AVE/STATION RD @ MARCH RD,350906.9576,5022243.878,10/14/16,7:35,01 - Clear,01 - Dry,01 - Traffic signal,02 - Intersection related,03 - Dawn,03 - P.D. only,03 - Rear end
3029,CARLING AVE/STATION RD @ MARCH RD,350906.2234,5022246.584,11/17/16,8:55,01 - Clear,01 - Dry,01 - Traffic signal,02 - Intersection related,01 - Daylight,03 - P.D. only,03 - Rear end
3030,CARLINGWOOD SC @ WOODROFFE AVE,361845.579,5026037.572,1/4/16,10:55,01 - Clear,02 - Wet,01 - Traffic signal,03 - At intersection,01 - Daylight,02 - Non-fatal injury,02 - Angle
3031,CARLOTTA AVE btwn NORTH RIVER RD & MARGUERITE AVE,369899.6147,5032580.634,2/18/16,22:00,03 - Snow,05 - Packed snow,10 - No control,01 - Non intersection,07 - Dark,03 - P.D. only,06 - SMV unattended vehicle
3032,CARLSBAD LANE @ RUSSELL RD,388197.4814,5025629.272,2/16/16,7:30,03 - Snow,05 - Packed snow,02 - Stop sign,02 - Intersection related,01 - Daylight,02 - Non-fatal injury,07 - SMV other
3033,CARLSEN AVE btwn GREGG ST & BROOKFIELD RD,369389.2567,5026568.012,2/23/16,17:55,01 - Clear,03 - Loose snow,10 - No control,04 - At/near private drive,05 - Dusk,03 - P.D. only,99 - Other
3034,CARP RD @ ARBOURBROOK BLVD,344908.7822,5018635.44,12/1/16,9:46,01 - Clear,02 - Wet,02 - Stop sign,03 - At intersection,01 - Daylight,03 - P.D. only,05 - Turning movement
3035,CARP RD @ DONALD B. MUNRO DR,341191.7,5022822.064,1/13/16,14:18,01 - Clear,01 - Dry,02 - Stop sign,03 - At intersection,01 - Daylight,03 - P.D. only,02 - Angle
3036,CARP RD @ DONALD B. MUNRO DR,341193.0759,5022822.326,9/3/16,13:36,01 - Clear,01 - Dry,02 - Stop sign,02 - Intersection related,01 - Daylight,03 - P.D. only,03 - Rear end
3037,CARP RD @ ECHOWOODS AVE/KITTIWAKE DR,348595.6202,5014562.423,7/11/16,12:07,01 - Clear,01 - Dry,01 - Traffic signal,02 - Intersection related,01 - Daylight,02 - Non-fatal injury,03 - Rear end
3038,CARP RD @ ECHOWOODS AVE/KITTIWAKE DR,348595.8803,5014564.577,9/1/16,16:45,01 - Clear,01 - Dry,01 - Traffic signal,02 - Intersection related,01 - Daylight,03 - P.D. only,03 - Rear end
3039,CARP RD @ ECHOWOODS AVE/KITTIWAKE DR,348595.2089,5014562.768,5/6/16,15:59,01 - Clear,01 - Dry,01 - Traffic signal,02 - Intersection related,01 - Daylight,03 - P.D. only,03 - Rear end
3040,CARP RD @ ECHOWOODS AVE/KITTIWAKE DR,348596.3471,5014561.524,12/8/16,19:56,03 - Snow,05 - Packed snow,01 - Traffic signal,02 - Intersection related,07 - Dark,03 - P.D. only,01 - Approaching
3041,CARP RD @ HAZELDEAN RD,348805.0351,5014360.207,6/7/16,11:51,01 - Clear,01 - Dry,01 - Traffic signal,03 - At intersection,01 - Daylight,02 - Non-fatal injury,05 - Turning movement
3042,CARP RD @ HAZELDEAN RD,348804.7979,5014361.102,2/29/16,9:46,01 - Clear,04 - Slush,01 - Traffic signal,03 - At intersection,01 - Daylight,02 - Non-fatal injury,07 - SMV other
3043,CARP RD @ HAZELDEAN RD,348806.2322,5014359.194,10/8/16,12:43,01 - Clear,01 - Dry,01 - Traffic signal,02 - Intersection related,01 - Daylight,02 - Non-fatal injury,03 - Rear end
3044,CARP RD @ HAZELDEAN RD,348804.3539,5014360.658,2/24/16,14:29,03 - Snow,03 - Loose snow,01 - Traffic signal,03 - At intersection,01 - Daylight,03 - P.D. only,02 - Angle
3045,CARP RD @ HAZELDEAN RD,348804.3539,5014361.546,2/28/16,9:37,01 - Clear,02 - Wet,01 - Traffic signal,03 - At intersection,01 - Daylight,03 - P.D. only,02 - Angle
3046,CARP RD @ HAZELDEAN RD,348803.4782,5014359.778,1/26/16,10:55,01 - Clear,01 - Dry,01 - Traffic signal,02 - Intersection related,01 - Daylight,03 - P.D. only,03 - Rear end
3047,CARP RD @ HAZELDEAN RD,348804.3564,5014361.095,6/29/16,12:07,01 - Clear,01 - Dry,01 - Traffic signal,03 - At intersection,01 - Daylight,03 - P.D. only,05 - Turning movement
3048,CARP RD @ HAZELDEAN RD,348804.5759,5014360.666,8/23/16,12:57,01 - Clear,01 - Dry,01 - Traffic signal,02 - Intersection related,01 - Daylight,03 - P.D. only,03 - Rear end
3049,CARP RD @ HAZELDEAN RD,348804.7954,5014360.217,7/15/16,9:30,01 - Clear,01 - Dry,01 - Traffic signal,02 - Intersection related,01 - Daylight,03 - P.D. only,03 - Rear end
3050,CARP RD @ HAZELDEAN RD,348804.7954,5014360.217,11/10/16,7:15,01 - Clear,01 - Dry,01 - Traffic signal,03 - At intersection,01 - Daylight,03 - P.D. only,02 - Angle
3051,CARP RD @ HAZELDEAN RD,348804.5759,5014360.022,9/29/16,13:36,01 - Clear,01 - Dry,01 - Traffic signal,02 - Intersection related,01 - Daylight,03 - P.D. only,03 - Rear end
3052,CARP RD @ HAZELDEAN RD,348804.3564,5014359.778,12/5/16,8:07,03 - Snow,03 - Loose snow,01 - Traffic signal,03 - At intersection,01 - Daylight,03 - P.D. only,05 - Turning movement
3053,CARP RD @ HWY 417 CARP IC144R51,347518.1261,5015686.051,1/19/16,19:28,01 - Clear,02 - Wet,02 - Stop sign,02 - Intersection related,07 - Dark,03 - P.D. only,04 - Sideswipe
3054,CARP RD @ MARCH RD,342164.0819,5021732.271,9/27/16,19:15,01 - Clear,01 - Dry,01 - Traffic signal,02 - Intersection related,07 - Dark,03 - P.D. only,03 - Rear end
3055,CARP RD @ MARCH RD,342163.4576,5021732.288,10/15/16,16:56,01 - Clear,01 - Dry,01 - Traffic signal,03 - At intersection,01 - Daylight,03 - P.D. only,02 - Angle
3056,CARP RD @ MARCH RD,342164.0961,5021731.819,7/3/16,19:30,01 - Clear,01 - Dry,01 - Traffic signal,03 - At intersection,01 - Daylight,03 - P.D. only,05 - Turning movement
3057,CARP RD @ MARCH RD,342164.7826,5021732.053,6/27/16,9:50,01 - Clear,01 - Dry,01 - Traffic signal,03 - At intersection,01 - Daylight,03 - P.D. only,02 - Angle
3058,CARP RD @ MARCH RD,342163.8967,5021731.849,7/28/16,17:30,01 - Clear,01 - Dry,01 - Traffic signal,03 - At intersection,01 - Daylight,03 - P.D. only,02 - Angle
3059,CARP RD @ MARCH RD,342165.0287,5021731.325,9/30/16,11:41,01 - Clear,01 - Dry,01 - Traffic signal,02 - Intersection related,01 - Daylight,03 - P.D. only,03 - Rear end
3060,CARP RD @ MARCH RD,342165.3835,5021731.266,12/8/16,15:25,01 - Clear,02 - Wet,01 - Traffic signal,02 - Intersection related,01 - Daylight,03 - P.D. only,03 - Rear end
3061,CARP RD @ RICHARDSON SIDE RD,346209.7752,5017160.676,9/3/16,17:03,01 - Clear,01 - Dry,01 - Traffic signal,02 - Intersection related,01 - Daylight,03 - P.D. only,07 - SMV other
3062,CARP RD @ RICHARDSON SIDE RD,346209.7812,5017160.231,6/13/16,8:08,01 - Clear,01 - Dry,01 - Traffic signal,03 - At intersection,01 - Daylight,03 - P.D. only,05 - Turning movement
3063,CARP RD @ RICHARDSON SIDE RD,346210.6534,5017159.798,6/29/16,17:15,02 - Rain,02 - Wet,01 - Traffic signal,02 - Intersection related,01 - Daylight,03 - P.D. only,03 - Rear end
3064,CARP RD @ STITTSVILLE MAIN ST,349524.1097,5014330.429,6/19/16,13:00,01 - Clear,01 - Dry,01 - Traffic signal,02 - Intersection related,01 - Daylight,02 - Non-fatal injury,03 - Rear end
3065,CARP RD @ STITTSVILLE MAIN ST,349520.6999,5014330.675,2/20/16,8:50,02 - Rain,02 - Wet,01 - Traffic signal,02 - Intersection related,01 - Daylight,03 - P.D. only,03 - Rear end
3066,CARP RD @ STITTSVILLE MAIN ST,349525.9084,5014330.428,4/12/16,13:00,01 - Clear,01 - Dry,01 - Traffic signal,02 - Intersection related,01 - Daylight,03 - P.D. only,03 - Rear end
3067,CARP RD @ STITTSVILLE MAIN ST,349523.1298,5014330.617,10/17/16,9:18,01 - Clear,01 - Dry,01 - Traffic signal,02 - Intersection related,01 - Daylight,03 - P.D. only,03 - Rear end
3068,CARP RD @ STITTSVILLE MAIN ST,349525.0056,5014329.984,11/16/16,9:23,02 - Rain,02 - Wet,01 - Traffic signal,03 - At intersection,01 - Daylight,03 - P.D. only,05 - Turning movement
3069,CARP RD @ STITTSVILLE MAIN ST,349524.7861,5014328.961,12/30/16,20:12,01 - Clear,03 - Loose snow,01 - Traffic signal,02 - Intersection related,07 - Dark,03 - P.D. only,03 - Rear end
3070,CARP RD @ THOMAS A. DOLAN PKWY,336463.18,5025995.22,6/10/16,8:12,01 - Clear,01 - Dry,02 - Stop sign,03 - At intersection,01 - Daylight,02 - Non-fatal injury,02 - Angle
3071,CARP RD @ THOMAS A. DOLAN PKWY,336460.2123,5025993.675,5/19/16,17:47,01 - Clear,01 - Dry,02 - Stop sign,03 - At intersection,01 - Daylight,02 - Non-fatal injury,02 - Angle
3072,CARP RD @ THOMAS A. DOLAN PKWY,336459.5381,5025991.085,12/11/16,13:07,01 - Clear,01 - Dry,02 - Stop sign,03 - At intersection,01 - Daylight,02 - Non-fatal injury,02 - Angle
3073,CARP RD @ WESTBROOK RD,347737.2724,5015440.517,9/7/16,8:13,01 - Clear,01 - Dry,01 - Traffic signal,02 - Intersection related,01 - Daylight,02 - Non-fatal injury,03 - Rear end
3074,CARP RD @ WESTBROOK RD,347736.6466,5015442.67,9/7/16,17:03,01 - Clear,01 - Dry,01 - Traffic signal,02 - Intersection related,01 - Daylight,03 - P.D. only,03 - Rear end
3075,CARP RD @ WESTBROOK RD,347738.3156,5015442.065,1/8/16,8:30,01 - Clear,02 - Wet,01 - Traffic signal,02 - Intersection related,01 - Daylight,03 - P.D. only,03 - Rear end
3076,CARP RD btwn BAIRD SIDE RD & THOMAS A. DOLAN PKWY,335552.4632,5026805.081,9/19/16,20:37,01 - Clear,01 - Dry,10 - No control,01 - Non intersection,07 - Dark,02 - Non-fatal injury,07 - SMV other
3077,CARP RD btwn BAIRD SIDE RD & THOMAS A. DOLAN PKWY,335933.8046,5026412.26,3/24/16,13:23,04 - Freezing Rain,06 - Ice,10 - No control,04 - At/near private drive,01 - Daylight,03 - P.D. only,07 - SMV other
3078,CARP RD btwn BAIRD SIDE RD & THOMAS A. DOLAN PKWY,336332.4651,5026007.415,12/16/16,13:17,03 - Snow,03 - Loose snow,10 - No control,01 - Non intersection,01 - Daylight,03 - P.D. only,07 - SMV other
3079,CARP RD btwn CARDEVCO RD & WESTHUNT RD,345941.0363,5017463.463,6/20/16,8:37,01 - Clear,01 - Dry,10 - No control,04 - At/near private drive,01 - Daylight,03 - P.D. only,03 - Rear end
3080,CARP RD btwn CARDEVCO RD & WESTHUNT RD,345934.4878,5017471.53,6/22/16,22:00,01 - Clear,01 - Dry,10 - No control,01 - Non intersection,07 - Dark,03 - P.D. only,07 - SMV other
3081,CARP RD btwn CRAIG'S SIDE RD & CHARLIE'S LANE,340152.964,5024004.52,12/20/16,7:19,01 - Clear,01 - Dry,10 - No control,01 - Non intersection,03 - Dawn,03 - P.D. only,07 - SMV other
3082,CARP RD btwn GALETTA SIDE RD & STYLES SIDE RD,328478.4786,5034973.109,10/2/16,13:58,01 - Clear,01 - Dry,10 - No control,01 - Non intersection,01 - Daylight,03 - P.D. only,07 - SMV other
3083,CARP RD btwn HAZELDEAN RD & NEIL AVE,348844.3946,5014328.606,5/23/16,4:59,01 - Clear,01 - Dry,10 - No control,01 - Non intersection,03 - Dawn,02 - Non-fatal injury,07 - SMV other
3084,CARP RD btwn HWY417 IC144 RAMP16 & HWY417 IC144 RAMP35,347377.9998,5015838.797,5/25/16,15:43,01 - Clear,01 - Dry,10 - No control,01 - Non intersection,01 - Daylight,03 - P.D. only,03 - Rear end
3085,CARP RD btwn HWY417 IC144 RAMP25 & WESTBROOK RD,347600.7386,5015592.782,5/12/16,17:09,01 - Clear,01 - Dry,10 - No control,04 - At/near private drive,01 - Daylight,02 - Non-fatal injury,02 - Angle
3086,CARP RD btwn HWY417 IC144 RAMP25 & WESTBROOK RD,347679.0453,5015506.158,12/15/16,17:12,01 - Clear,02 - Wet,10 - No control,01 - Non intersection,07 - Dark,02 - Non-fatal injury,03 - Rear end
3087,CARP RD btwn HWY417 IC144 RAMP25 & WESTBROOK RD,347593.1671,5015601.137,10/30/16,15:34,01 - Clear,01 - Dry,10 - No control,01 - Non intersection,01 - Daylight,03 - P.D. only,07 - SMV other
3088,CARP RD btwn HWY417 IC144 RAMP25 & WESTBROOK RD,347622.3071,5015567.797,1/18/16,20:35,01 - Clear,01 - Dry,10 - No control,01 - Non intersection,07 - Dark,03 - P.D. only,07 - SMV other
3089,CARP RD btwn HWY417 IC144 RAMP25 & WESTBROOK RD,347612.2147,5015580.433,12/2/16,13:19,01 - Clear,01 - Dry,10 - No control,01 - Non intersection,01 - Daylight,03 - P.D. only,04 - Sideswipe
3090,CARP RD btwn HWY417 IC144 RAMP25 & WESTBROOK RD,347600.6205,5015594.511,12/8/16,16:35,01 - Clear,01 - Dry,10 - No control,01 - Non intersection,05 - Dusk,03 - P.D. only,03 - Rear end
3091,CARP RD btwn JUANITA AVE & FALLDOWN LANE,340824.6728,5023235.704,7/20/16,17:15,01 - Clear,01 - Dry,10 - No control,01 - Non intersection,01 - Daylight,03 - P.D. only,06 - SMV unattended vehicle
3092,CARP RD btwn KINBURN SIDE RD & BAIRD SIDE RD,333347.1024,5029495.501,12/9/16,0:13,03 - Snow,03 - Loose snow,10 - No control,04 - At/near private drive,07 - Dark,03 - P.D. only,03 - Rear end
3093,CARP RD btwn KITTIWAKE DR & HAZELDEAN RD,348637.5068,5014521.49,10/13/16,17:11,01 - Clear,01 - Dry,10 - No control,04 - At/near private drive,01 - Daylight,03 - P.D. only,02 - Angle
3094,CARP RD btwn LLOYDALEX CRES & ROTHBOURNE RD,348054.2221,5015092.372,7/28/16,13:06,01 - Clear,01 - Dry,10 - No control,01 - Non intersection,01 - Daylight,03 - P.D. only,99 - Other
3095,CARP RD btwn MARCH RD & JOHN CAVANAUGH DR,343828.74,5019854.184,2/24/16,7:52,03 - Snow,05 - Packed snow,10 - No control,04 - At/near private drive,01 - Daylight,03 - P.D. only,05 - Turning movement
3096,CARP RD btwn MARCH RD & JOHN CAVANAUGH DR,342185.8319,5021708.992,3/24/16,9:45,03 - Snow,03 - Loose snow,10 - No control,01 - Non intersection,01 - Daylight,03 - P.D. only,07 - SMV other
3097,CARP RD btwn MARCH RD & JOHN CAVANAUGH DR,342850.8674,5020972.111,7/4/16,5:54,01 - Clear,01 - Dry,10 - No control,04 - At/near private drive,03 - Dawn,03 - P.D. only,05 - Turning movement
3098,CARP RD btwn MARCH RD & JOHN CAVANAUGH DR,343230.7214,5020541.761,4/18/16,7:39,01 - Clear,01 - Dry,10 - No control,01 - Non intersection,01 - Daylight,03 - P.D. only,03 - Rear end
3099,CARP RD btwn MARCH RD & JOHN CAVANAUGH DR,343926.0835,5019743.63,12/26/16,15:39,04 - Freezing Rain,06 - Ice,10 - No control,01 - Non intersection,01 - Daylight,03 - P.D. only,01 - Approaching
3100,CARP RD btwn MARCH RD & JOHN CAVANAUGH DR,342500.6676,5021373.237,12/22/16,1:00,01 - Clear,02 - Wet,10 - No control,01 - Non intersection,07 - Dark,03 - P.D. only,07 - SMV other
3101,CARP RD btwn MARCH RD & JOHN CAVANAUGH DR,342369.1102,5021512.632,11/20/16,14:58,03 - Snow,04 - Slush,10 - No control,01 - Non intersection,01 - Daylight,03 - P.D. only,07 - SMV other
3102,CARP RD btwn MCCOOEYE LANE & STITTSVILLE MAIN ST,349501.5216,5014327.577,1/13/16,15:25,01 - Clear,02 - Wet,10 - No control,04 - At/near private drive,01 - Daylight,03 - P.D. only,02 - Angle
3103,CARP RD btwn MCGEE SIDE RD & ARBOURBROOK BLVD,344802.7237,5018756.464,7/14/16,17:51,01 - Clear,01 - Dry,10 - No control,04 - At/near private drive,01 - Daylight,02 - Non-fatal injury,03 - Rear end
3104,CARP RD btwn MCGEE SIDE RD & ARBOURBROOK BLVD,344847.2005,5018708.676,8/14/16,6:00,01 - Clear,02 - Wet,10 - No control,01 - Non intersection,03 - Dawn,03 - P.D. only,07 - SMV other