Record,Location,X,Y,Date,Time,Environment,Road_Surface,Traffic_Control,Collision_Location,Light,Collision_Classification,Impact_type
3105,CARP RD btwn RIVINGTON ST & MARCH RD,341420.7964,5022558.792,10/14/16,17:05,01 - Clear,01 - Dry,10 - No control,01 - Non intersection,01 - Daylight,03 - P.D. only,07 - SMV other
3106,CARP RD btwn STYLES SIDE RD & KINBURN SIDE RD,330998.9943,5032121.699,6/27/16,10:08,01 - Clear,01 - Dry,10 - No control,01 - Non intersection,01 - Daylight,03 - P.D. only,07 - SMV other
3107,CARP RD btwn THOMAS A. DOLAN PKWY & NORMA LANE,338884.1719,5024408.032,6/24/16,20:02,01 - Clear,01 - Dry,10 - No control,01 - Non intersection,01 - Daylight,02 - Non-fatal injury,07 - SMV other
3108,CARP RD btwn THOMAS A. DOLAN PKWY & NORMA LANE,337207.7557,5025382.121,1/13/16,8:15,05 - Drifting Snow,03 - Loose snow,10 - No control,01 - Non intersection,01 - Daylight,03 - P.D. only,01 - Approaching
3109,CARP RD/HWY 417 CARP IC144R63 @ HWY 417 CARP I,347298.609,5015928.209,9/21/16,17:20,01 - Clear,01 - Dry,01 - Traffic signal,02 - Intersection related,01 - Daylight,02 - Non-fatal injury,03 - Rear end
3110,CARP RD/HWY 417 CARP IC144R63 @ HWY 417 CARP I,347301.218,5015926.3,12/15/16,20:28,01 - Clear,02 - Wet,01 - Traffic signal,03 - At intersection,07 - Dark,02 - Non-fatal injury,02 - Angle
3111,CARP RD/HWY 417 CARP IC144R63 @ HWY 417 CARP I,347300.712,5015926.224,8/2/16,15:39,01 - Clear,01 - Dry,01 - Traffic signal,02 - Intersection related,01 - Daylight,03 - P.D. only,03 - Rear end
3112,CARPENTER WAY btwn BANGS ST & TRURO ST,371576.886,5034465.443,12/17/16,0:00,01 - Clear,01 - Dry,10 - No control,01 - Non intersection,00 - Unknown,03 - P.D. only,06 - SMV unattended vehicle
3113,CARPENTER WAY btwn BANGS ST & TRURO ST,371576.8191,5034465.355,12/22/16,19:30,03 - Snow,04 - Slush,10 - No control,01 - Non intersection,07 - Dark,03 - P.D. only,06 - SMV unattended vehicle
3114,CARR CRES btwn CARR PL & VARLEY DR,351013.1677,5021246.236,6/19/16,18:01,01 - Clear,01 - Dry,10 - No control,01 - Non intersection,01 - Daylight,03 - P.D. only,06 - SMV unattended vehicle
3115,CARRISON DR btwn REVELL DR & SCHARFGATE DR,367580.3641,5008883.119,2/16/16,13:20,03 - Snow,03 - Loose snow,10 - No control,01 - Non intersection,01 - Daylight,03 - P.D. only,07 - SMV other
3116,CARRUTHERS AVE @ SCOTT ST,365153.3758,5029848.963,2/22/16,7:45,01 - Clear,06 - Ice,01 - Traffic signal,02 - Intersection related,01 - Daylight,03 - P.D. only,03 - Rear end
3117,CARRUTHERS AVE btwn BURNSIDE AVE & LYNDALE AVE,365026.2248,5030155.586,6/15/16,12:00,01 - Clear,01 - Dry,10 - No control,01 - Non intersection,01 - Daylight,03 - P.D. only,06 - SMV unattended vehicle
3118,CARRUTHERS AVE btwn LADOUCEUR ST & ARMSTRONG ST,365228.1155,5029669.759,3/7/16,1:30,01 - Clear,02 - Wet,10 - No control,01 - Non intersection,07 - Dark,03 - P.D. only,06 - SMV unattended vehicle
3119,CARRUTHERS AVE btwn LYNDALE AVE & STONEHURST AVE,365085.5085,5030012.433,9/8/16,0:00,01 - Clear,01 - Dry,10 - No control,01 - Non intersection,00 - Unknown,03 - P.D. only,06 - SMV unattended vehicle
3120,CARRUTHERS AVE btwn LYNDALE AVE & STONEHURST AVE,365115.9973,5029939.195,10/26/16,17:27,01 - Clear,01 - Dry,10 - No control,01 - Non intersection,01 - Daylight,03 - P.D. only,06 - SMV unattended vehicle
3121,CARRUTHERS AVE btwn LYNDALE AVE & STONEHURST AVE,365088.7025,5030011.069,9/16/16,10:00,01 - Clear,01 - Dry,10 - No control,01 - Non intersection,01 - Daylight,03 - P.D. only,06 - SMV unattended vehicle
3122,CARSON'S RD btwn MONTREAL RD & SETH PRIV,372806.7228,5034306.814,1/27/16,19:52,01 - Clear,01 - Dry,10 - No control,01 - Non intersection,07 - Dark,03 - P.D. only,03 - Rear end
3123,CARTIER ST @ MCLEOD ST N,368578.1836,5030873.754,11/26/16,16:27,01 - Clear,01 - Dry,02 - Stop sign,03 - At intersection,05 - Dusk,03 - P.D. only,02 - Angle
3124,CARTIER ST @ MCLEOD ST N,368577.4907,5030871.912,12/8/16,14:34,01 - Clear,01 - Dry,02 - Stop sign,02 - Intersection related,01 - Daylight,03 - P.D. only,05 - Turning movement
3125,CARTIER ST btwn FRANK ST & GLADSTONE AVE,368517.3497,5030973.321,8/4/16,13:00,01 - Clear,01 - Dry,10 - No control,01 - Non intersection,01 - Daylight,03 - P.D. only,06 - SMV unattended vehicle
3126,CARTWRIGHT RD @ VICTORIA ST,390240.1853,5014189.225,1/2/16,19:16,01 - Clear,02 - Wet,02 - Stop sign,02 - Intersection related,07 - Dark,02 - Non-fatal injury,01 - Approaching
3127,CARTWRIGHT RD btwn VICTORIA ST & BOUNDARY RD,390490.9313,5014348.59,10/18/16,22:35,01 - Clear,01 - Dry,10 - No control,01 - Non intersection,07 - Dark,02 - Non-fatal injury,07 - SMV other
3128,CARWOOD CIRC btwn DEN HAAG DR & Continuation of CARWOOD CIRC,372581.1503,5034022.389,6/24/16,18:38,01 - Clear,01 - Dry,10 - No control,01 - Non intersection,01 - Daylight,03 - P.D. only,04 - Sideswipe
3129,CASSANDRA ST @ TRUDEAU AVE,395284.3552,5024634.234,12/29/16,12:45,03 - Snow,03 - Loose snow,02 - Stop sign,03 - At intersection,01 - Daylight,03 - P.D. only,02 - Angle
3130,CASSIDY RD btwn BRUIN LANE & GRANGEMILL AVE,358965.7884,5021182.457,12/29/16,18:54,05 - Drifting Snow,05 - Packed snow,10 - No control,01 - Non intersection,07 - Dark,03 - P.D. only,06 - SMV unattended vehicle
3131,CASTLEBROOK LANE @ CENTREPOINTE DR,362658.464,5022631.275,11/24/16,9:46,03 - Snow,03 - Loose snow,02 - Stop sign,03 - At intersection,01 - Daylight,03 - P.D. only,02 - Angle
3132,CASTLEBROOK LANE btwn MILLRISE LANE & TO BE DETERMINED,362512.8828,5022618.729,3/23/16,16:40,04 - Freezing Rain,04 - Slush,10 - No control,01 - Non intersection,01 - Daylight,03 - P.D. only,01 - Approaching
3133,CASTLEFRANK RD @ HAZELDEAN RD,352678.3172,5017677.647,2/5/16,15:41,01 - Clear,01 - Dry,01 - Traffic signal,02 - Intersection related,01 - Daylight,02 - Non-fatal injury,01 - Approaching
3134,CASTLEFRANK RD @ HAZELDEAN RD,352678.1064,5017677.933,7/25/16,20:45,01 - Clear,01 - Dry,01 - Traffic signal,03 - At intersection,05 - Dusk,02 - Non-fatal injury,07 - SMV other
3135,CASTLEFRANK RD @ HAZELDEAN RD,352677.6586,5017675.671,9/22/16,20:14,02 - Rain,02 - Wet,01 - Traffic signal,03 - At intersection,07 - Dark,02 - Non-fatal injury,07 - SMV other
3136,CASTLEFRANK RD @ HAZELDEAN RD,352677.2195,5017676.989,11/9/16,8:20,01 - Clear,01 - Dry,01 - Traffic signal,03 - At intersection,01 - Daylight,02 - Non-fatal injury,02 - Angle
3137,CASTLEFRANK RD @ HAZELDEAN RD,352678.7063,5017676.355,12/9/16,14:55,01 - Clear,02 - Wet,01 - Traffic signal,03 - At intersection,01 - Daylight,02 - Non-fatal injury,02 - Angle
3138,CASTLEFRANK RD @ HAZELDEAN RD,352678.1054,5017676.314,8/4/16,18:21,01 - Clear,01 - Dry,01 - Traffic signal,03 - At intersection,01 - Daylight,03 - P.D. only,05 - Turning movement
3139,CASTLEFRANK RD @ HAZELDEAN RD,352677.6508,5017676.314,8/9/16,16:14,01 - Clear,01 - Dry,01 - Traffic signal,02 - Intersection related,01 - Daylight,03 - P.D. only,03 - Rear end
3140,CASTLEFRANK RD @ HAZELDEAN RD,352677.6586,5017677.428,2/1/16,19:30,01 - Clear,01 - Dry,01 - Traffic signal,02 - Intersection related,07 - Dark,03 - P.D. only,04 - Sideswipe
3141,CASTLEFRANK RD @ HAZELDEAN RD,352677.8781,5017677.895,1/12/16,15:48,03 - Snow,04 - Slush,01 - Traffic signal,02 - Intersection related,01 - Daylight,03 - P.D. only,03 - Rear end
3142,CASTLEFRANK RD @ HAZELDEAN RD,352677.7321,5017676.608,11/20/16,21:18,03 - Snow,03 - Loose snow,01 - Traffic signal,03 - At intersection,07 - Dark,03 - P.D. only,02 - Angle
3143,CASTLEFRANK RD @ KATIMAVIK RD,351949.7555,5018943.752,2/25/16,21:03,05 - Drifting Snow,05 - Packed snow,01 - Traffic signal,03 - At intersection,07 - Dark,03 - P.D. only,02 - Angle
3144,CASTLEFRANK RD @ KATIMAVIK RD,351949.7943,5018944.614,1/18/16,8:55,01 - Clear,04 - Slush,01 - Traffic signal,03 - At intersection,01 - Daylight,03 - P.D. only,02 - Angle
3145,CASTLEFRANK RD @ KATIMAVIK RD,351950.4529,5018941.446,10/20/16,13:19,02 - Rain,02 - Wet,01 - Traffic signal,03 - At intersection,01 - Daylight,03 - P.D. only,03 - Rear end
3146,CASTLEFRANK RD @ KATIMAVIK RD,351948.4998,5018942.735,7/4/16,16:00,01 - Clear,01 - Dry,01 - Traffic signal,02 - Intersection related,01 - Daylight,03 - P.D. only,04 - Sideswipe
3147,CASTLEFRANK RD @ MCCURDY DR N,352077.9684,5018773.083,6/21/16,14:28,01 - Clear,01 - Dry,02 - Stop sign,02 - Intersection related,01 - Daylight,03 - P.D. only,03 - Rear end
3148,CASTLEFRANK RD @ MCCURDY DR S/TAMBLYN CRES,352354.6497,5018043.931,10/21/16,17:00,02 - Rain,02 - Wet,01 - Traffic signal,02 - Intersection related,01 - Daylight,03 - P.D. only,03 - Rear end
3149,CASTLEFRANK RD @ PARSONS RIDGE RD,352228.286,5018247.462,5/5/16,15:53,01 - Clear,01 - Dry,02 - Stop sign,02 - Intersection related,01 - Daylight,03 - P.D. only,03 - Rear end
3150,CASTLEFRANK RD @ TERRY FOX DR,352992.9113,5016304.588,2/10/16,18:21,01 - Clear,01 - Dry,01 - Traffic signal,02 - Intersection related,07 - Dark,02 - Non-fatal injury,03 - Rear end
3151,CASTLEFRANK RD @ TERRY FOX DR,352993.9076,5016304.237,5/17/16,17:46,01 - Clear,01 - Dry,01 - Traffic signal,03 - At intersection,01 - Daylight,02 - Non-fatal injury,05 - Turning movement
3152,CASTLEFRANK RD @ TERRY FOX DR,352994.009,5016303.566,10/6/16,12:01,01 - Clear,01 - Dry,01 - Traffic signal,02 - Intersection related,01 - Daylight,02 - Non-fatal injury,03 - Rear end
3153,CASTLEFRANK RD @ TERRY FOX DR,352993.1808,5016305.222,8/13/16,12:44,02 - Rain,02 - Wet,01 - Traffic signal,02 - Intersection related,01 - Daylight,03 - P.D. only,03 - Rear end
3154,CASTLEFRANK RD @ TERRY FOX DR,352993.5097,5016305.995,8/13/16,13:44,02 - Rain,02 - Wet,01 - Traffic signal,02 - Intersection related,01 - Daylight,03 - P.D. only,03 - Rear end
3155,CASTLEFRANK RD @ TERRY FOX DR,352994.2285,5016305.027,6/18/16,12:59,01 - Clear,01 - Dry,01 - Traffic signal,02 - Intersection related,01 - Daylight,03 - P.D. only,03 - Rear end
3156,CASTLEFRANK RD @ TERRY FOX DR,352993.1808,5016305.222,11/13/16,19:18,01 - Clear,01 - Dry,01 - Traffic signal,02 - Intersection related,07 - Dark,03 - P.D. only,03 - Rear end
3157,CASTLEFRANK RD btwn GLAMORGAN DR & SHELDRAKE DR (1),353286.5138,5016423.821,2/10/16,20:23,01 - Clear,06 - Ice,10 - No control,01 - Non intersection,07 - Dark,03 - P.D. only,06 - SMV unattended vehicle
3158,CASTLEFRANK RD btwn GLAMORGAN DR & SHELDRAKE DR (2),353405.8388,5016704.751,2/12/16,15:11,01 - Clear,01 - Dry,10 - No control,04 - At/near private drive,01 - Daylight,03 - P.D. only,06 - SMV unattended vehicle
3159,CASTLEFRANK RD btwn HAZELDEAN RD & TO BE DETERMINED,352707.1464,5017641.122,1/11/16,17:16,01 - Clear,01 - Dry,10 - No control,04 - At/near private drive,05 - Dusk,03 - P.D. only,03 - Rear end
3160,CASTLEFRANK RD btwn MACNEIL CRT & HAZELDEAN RD,352610.6992,5017753.608,11/11/16,11:20,01 - Clear,01 - Dry,10 - No control,04 - At/near private drive,01 - Daylight,02 - Non-fatal injury,05 - Turning movement
3161,CASTLEFRANK RD btwn MACNEIL CRT & HAZELDEAN RD,352636.4189,5017732.314,3/18/16,13:03,01 - Clear,01 - Dry,10 - No control,04 - At/near private drive,01 - Daylight,03 - P.D. only,02 - Angle
3162,CASTLEFRANK RD btwn MCCURDY DR & KAKULU RD,352095.9131,5018740.571,11/5/16,3:30,01 - Clear,02 - Wet,10 - No control,01 - Non intersection,07 - Dark,03 - P.D. only,07 - SMV other
3163,CASTLEFRANK RD btwn PARSONS RIDGE RD & MCCURDY DR,352230.3176,5018242.501,5/17/16,16:41,01 - Clear,01 - Dry,10 - No control,01 - Non intersection,01 - Daylight,03 - P.D. only,03 - Rear end
3164,CASTLEFRANK RD btwn SHELDRAKE DR & GLAMORGAN DR,353362.6852,5016556.18,8/8/16,21:30,01 - Clear,01 - Dry,10 - No control,01 - Non intersection,07 - Dark,03 - P.D. only,06 - SMV unattended vehicle
3165,CASTLEFRANK RD btwn WINCHESTER DR & MCKITRICK DR,352910.192,5017403.698,6/16/16,6:16,01 - Clear,01 - Dry,10 - No control,01 - Non intersection,01 - Daylight,03 - P.D. only,06 - SMV unattended vehicle
3166,CASTLESTONE WAY @ WILLOW CREEK CIRC,366688.0615,5014176.112,5/28/16,14:23,01 - Clear,01 - Dry,02 - Stop sign,03 - At intersection,01 - Daylight,03 - P.D. only,02 - Angle
3167,CASTLETHORPE CRES btwn NORWICH WAY & NORWICH WAY,361598.904,5023095.101,1/16/16,20:00,01 - Clear,03 - Loose snow,10 - No control,04 - At/near private drive,07 - Dark,03 - P.D. only,06 - SMV unattended vehicle
3168,CASTOR RD @ YORKS CORNERS RD,391978.81,5005760.912,12/18/16,11:21,03 - Snow,05 - Packed snow,10 - No control,03 - At intersection,01 - Daylight,03 - P.D. only,02 - Angle
3169,CATHCART ST @ KING EDWARD AVE NB,368092.5311,5033120.592,6/16/16,7:21,01 - Clear,01 - Dry,02 - Stop sign,02 - Intersection related,01 - Daylight,03 - P.D. only,04 - Sideswipe
3170,CATHCART ST @ KING EDWARD AVE NB,368093.4835,5033121.69,8/30/16,14:30,01 - Clear,01 - Dry,02 - Stop sign,02 - Intersection related,01 - Daylight,03 - P.D. only,04 - Sideswipe
3171,CATHCART ST @ KING EDWARD AVE SB/MACDONALD-CAR,368086.8973,5033096.662,1/12/16,7:24,01 - Clear,01 - Dry,02 - Stop sign,02 - Intersection related,03 - Dawn,03 - P.D. only,04 - Sideswipe
3172,CATHCART ST @ PARENT AVE,367641.7352,5032849.798,6/30/16,12:12,01 - Clear,01 - Dry,02 - Stop sign,03 - At intersection,01 - Daylight,03 - P.D. only,02 - Angle
3173,CATHERINE ST @ ELGIN ST,368552.4901,5030577.352,1/30/16,23:21,01 - Clear,02 - Wet,01 - Traffic signal,03 - At intersection,07 - Dark,02 - Non-fatal injury,05 - Turning movement
3174,CATHERINE ST @ ELGIN ST,368552.4851,5030577.796,1/12/16,19:58,03 - Snow,02 - Wet,01 - Traffic signal,03 - At intersection,07 - Dark,02 - Non-fatal injury,05 - Turning movement
3175,CATHERINE ST @ ELGIN ST,368551.8227,5030577.128,4/5/16,9:58,01 - Clear,01 - Dry,01 - Traffic signal,02 - Intersection related,01 - Daylight,02 - Non-fatal injury,03 - Rear end
3176,CATHERINE ST @ ELGIN ST,368552.9291,5030577.352,12/16/16,18:10,01 - Clear,04 - Slush,01 - Traffic signal,03 - At intersection,07 - Dark,02 - Non-fatal injury,05 - Turning movement
3177,CATHERINE ST @ ELGIN ST,368552.9341,5030577.347,4/28/16,17:29,01 - Clear,01 - Dry,01 - Traffic signal,03 - At intersection,01 - Daylight,03 - P.D. only,02 - Angle
3178,CATHERINE ST @ ELGIN ST,368551.8814,5030577.986,12/8/16,19:42,03 - Snow,03 - Loose snow,01 - Traffic signal,02 - Intersection related,07 - Dark,03 - P.D. only,03 - Rear end
3179,CATHERINE ST @ ELGIN ST,368551.8814,5030578.814,12/23/16,6:39,01 - Clear,04 - Slush,01 - Traffic signal,03 - At intersection,07 - Dark,03 - P.D. only,02 - Angle
3180,CATHERINE ST @ HWY 417 BRONSON IC121AR61,367354.0413,5029856.672,2/29/16,16:23,01 - Clear,01 - Dry,10 - No control,02 - Intersection related,01 - Daylight,03 - P.D. only,04 - Sideswipe
3181,CATHERINE ST @ KENT ST,367907.7075,5030188.94,1/10/16,23:01,01 - Clear,02 - Wet,01 - Traffic signal,03 - At intersection,07 - Dark,02 - Non-fatal injury,02 - Angle
3182,CATHERINE ST @ KENT ST,367907.0489,5030189.662,9/10/16,16:49,01 - Clear,01 - Dry,01 - Traffic signal,03 - At intersection,01 - Daylight,02 - Non-fatal injury,05 - Turning movement
3183,CATHERINE ST @ KENT ST,367907.488,5030188.345,9/22/16,19:17,02 - Rain,02 - Wet,01 - Traffic signal,03 - At intersection,07 - Dark,02 - Non-fatal injury,07 - SMV other
3184,CATHERINE ST @ KENT ST,367908.8052,5030188.784,2/13/16,19:26,01 - Clear,01 - Dry,01 - Traffic signal,03 - At intersection,07 - Dark,03 - P.D. only,05 - Turning movement
3185,CATHERINE ST @ KENT ST,367908.8052,5030187.906,1/23/16,15:17,01 - Clear,01 - Dry,01 - Traffic signal,03 - At intersection,01 - Daylight,03 - P.D. only,02 - Angle
3186,CATHERINE ST @ KENT ST,367906.3298,5030188.335,2/17/16,8:33,01 - Clear,03 - Loose snow,01 - Traffic signal,02 - Intersection related,01 - Daylight,03 - P.D. only,04 - Sideswipe
3187,CATHERINE ST @ KENT ST,367907.482,5030188.79,5/27/16,14:07,01 - Clear,01 - Dry,01 - Traffic signal,02 - Intersection related,01 - Daylight,03 - P.D. only,04 - Sideswipe
3188,CATHERINE ST @ KENT ST,367908.1667,5030187.416,6/4/16,12:52,01 - Clear,01 - Dry,01 - Traffic signal,03 - At intersection,01 - Daylight,03 - P.D. only,04 - Sideswipe
3189,CATHERINE ST @ KENT ST,367907.488,5030187.906,11/10/16,21:40,01 - Clear,01 - Dry,01 - Traffic signal,03 - At intersection,07 - Dark,03 - P.D. only,02 - Angle
3190,CATHERINE ST @ KENT ST,367907.0489,5030189.223,12/16/16,22:08,01 - Clear,01 - Dry,01 - Traffic signal,03 - At intersection,07 - Dark,03 - P.D. only,05 - Turning movement
3191,CATHERINE ST @ KENT ST,367907.488,5030188.345,11/17/16,19:51,01 - Clear,01 - Dry,01 - Traffic signal,02 - Intersection related,07 - Dark,03 - P.D. only,04 - Sideswipe
3192,CATHERINE ST @ KENT ST,367908.3661,5030188.345,12/6/16,16:01,01 - Clear,01 - Dry,01 - Traffic signal,02 - Intersection related,05 - Dusk,03 - P.D. only,04 - Sideswipe
3193,CATHERINE ST @ KENT ST,367908.3661,5030188.784,12/10/16,15:31,01 - Clear,01 - Dry,01 - Traffic signal,03 - At intersection,01 - Daylight,03 - P.D. only,05 - Turning movement
3194,CATHERINE ST @ KENT ST,367909.3638,5030188.15,9/23/16,18:00,01 - Clear,01 - Dry,01 - Traffic signal,02 - Intersection related,01 - Daylight,03 - P.D. only,04 - Sideswipe
3195,CATHERINE ST @ LYON ST/HWY 417 LYON IC120BR36,367747.2474,5030091.876,9/5/16,12:27,01 - Clear,01 - Dry,01 - Traffic signal,03 - At intersection,01 - Daylight,03 - P.D. only,02 - Angle
3196,CATHERINE ST @ LYON ST/HWY 417 LYON IC120BR36,367747.4871,5030092.346,12/11/16,8:32,01 - Clear,01 - Dry,01 - Traffic signal,03 - At intersection,01 - Daylight,03 - P.D. only,02 - Angle
3197,CATHERINE ST @ METCALFE ST,368394.5349,5030484.493,10/6/16,9:35,01 - Clear,01 - Dry,01 - Traffic signal,02 - Intersection related,01 - Daylight,03 - P.D. only,03 - Rear end
3198,CATHERINE ST @ METCALFE ST,368394.3653,5030485.904,1/11/16,10:19,03 - Snow,06 - Ice,01 - Traffic signal,02 - Intersection related,01 - Daylight,03 - P.D. only,03 - Rear end
3199,CATHERINE ST @ METCALFE ST,368394.5349,5030486.149,12/23/16,7:57,01 - Clear,02 - Wet,01 - Traffic signal,02 - Intersection related,01 - Daylight,03 - P.D. only,04 - Sideswipe
3200,CATHERINE ST @ METCALFE ST,368392.609,5030486.783,11/27/16,19:30,01 - Clear,01 - Dry,01 - Traffic signal,03 - At intersection,07 - Dark,03 - P.D. only,05 - Turning movement
3201,CATHERINE ST @ PERCY ST,367490.5671,5029937.56,7/7/16,16:15,01 - Clear,01 - Dry,01 - Traffic signal,03 - At intersection,01 - Daylight,02 - Non-fatal injury,05 - Turning movement
3202,CATHERINE ST @ PERCY ST,367492.3621,5029938.658,1/23/16,10:24,01 - Clear,01 - Dry,01 - Traffic signal,03 - At intersection,01 - Daylight,03 - P.D. only,02 - Angle
3203,CATHERINE ST @ PERCY ST,367491.478,5029937.335,4/16/16,14:50,01 - Clear,01 - Dry,01 - Traffic signal,03 - At intersection,01 - Daylight,03 - P.D. only,04 - Sideswipe
3204,CATHERINE ST btwn BANK ST & O'CONNOR ST,368058.1145,5030278.481,5/25/16,15:49,01 - Clear,01 - Dry,10 - No control,04 - At/near private drive,01 - Daylight,03 - P.D. only,02 - Angle
3205,CATHERINE ST btwn BANK ST & O'CONNOR ST,368126.6619,5030319.332,12/15/16,11:17,01 - Clear,02 - Wet,10 - No control,01 - Non intersection,01 - Daylight,03 - P.D. only,04 - Sideswipe
3206,CATHERINE ST btwn BRONSON AVE & HWY417 IC121A RAMP61,367288.6636,5029814.095,5/8/16,23:30,01 - Clear,01 - Dry,10 - No control,01 - Non intersection,07 - Dark,03 - P.D. only,04 - Sideswipe
3207,CATHERINE ST btwn BRONSON AVE & HWY417 IC121A RAMP61,367352.9585,5029853.944,2/11/16,11:56,01 - Clear,02 - Wet,10 - No control,01 - Non intersection,01 - Daylight,03 - P.D. only,04 - Sideswipe
3208,CATHERINE ST btwn BRONSON AVE & HWY417 IC121A RAMP61,367262.8551,5029802.654,6/7/16,19:59,01 - Clear,01 - Dry,10 - No control,04 - At/near private drive,01 - Daylight,03 - P.D. only,02 - Angle
3209,CATHERINE ST btwn BRONSON AVE & HWY417 IC121A RAMP61,367294.6838,5029818.789,3/1/16,12:39,01 - Clear,01 - Dry,10 - No control,01 - Non intersection,01 - Daylight,03 - P.D. only,04 - Sideswipe
3210,CATHERINE ST btwn BRONSON AVE & HWY417 IC121A RAMP61,367285.9116,5029816.098,9/22/16,17:05,01 - Clear,01 - Dry,10 - No control,01 - Non intersection,01 - Daylight,03 - P.D. only,04 - Sideswipe
3211,CATHERINE ST btwn BRONSON AVE & HWY417 IC121A RAMP61,367339.985,5029846.768,10/7/16,16:21,01 - Clear,01 - Dry,10 - No control,01 - Non intersection,01 - Daylight,03 - P.D. only,03 - Rear end
3212,CATHERINE ST btwn HWY417 IC120B RAMP36 & KENT ST,367882.3541,5030174.979,2/9/16,14:00,01 - Clear,02 - Wet,10 - No control,01 - Non intersection,01 - Daylight,02 - Non-fatal injury,04 - Sideswipe
3213,CATHERINE ST btwn HWY417 IC120B RAMP36 & KENT ST,367775.7203,5030110.346,5/5/16,15:19,01 - Clear,01 - Dry,10 - No control,04 - At/near private drive,01 - Daylight,02 - Non-fatal injury,02 - Angle
3214,CATHERINE ST btwn HWY417 IC120B RAMP36 & KENT ST,367790.5798,5030118.379,2/19/16,17:50,03 - Snow,04 - Slush,10 - No control,01 - Non intersection,07 - Dark,03 - P.D. only,04 - Sideswipe
3215,CATHERINE ST btwn KENT ST & BANK ST,367922.0257,5030197.655,7/18/16,12:36,01 - Clear,01 - Dry,10 - No control,01 - Non intersection,01 - Daylight,03 - P.D. only,04 - Sideswipe
3216,CATHERINE ST btwn KENT ST & BANK ST,367976.1166,5030230.837,5/19/16,14:00,01 - Clear,01 - Dry,10 - No control,01 - Non intersection,01 - Daylight,03 - P.D. only,03 - Rear end
3217,CATHERINE ST btwn METCALFE ST & ELGIN ST,368401.3906,5030491.613,11/3/16,12:59,01 - Clear,02 - Wet,10 - No control,01 - Non intersection,01 - Daylight,03 - P.D. only,04 - Sideswipe
3218,CATHERINE ST btwn TO BE DETERMINED & METCALFE ST (2),368344.1757,5030454.668,1/8/16,17:34,01 - Clear,02 - Wet,10 - No control,01 - Non intersection,05 - Dusk,02 - Non-fatal injury,03 - Rear end
3219,CATHERINE ST btwn TO BE DETERMINED & METCALFE ST (2),368381.3054,5030478.671,6/16/16,15:22,01 - Clear,01 - Dry,10 - No control,01 - Non intersection,01 - Daylight,03 - P.D. only,04 - Sideswipe
3220,CATHERINE ST/HWY 417 O'CONN IC119BR76 @ O'CONN,368243.5057,5030392.61,5/14/16,13:44,01 - Clear,01 - Dry,01 - Traffic signal,03 - At intersection,01 - Daylight,03 - P.D. only,02 - Angle
3221,CATHERINE ST/HWY 417 O'CONN IC119BR76 @ O'CONN,368243.861,5030392.859,1/28/16,16:00,01 - Clear,01 - Dry,01 - Traffic signal,02 - Intersection related,01 - Daylight,03 - P.D. only,03 - Rear end
3222,CATHERINE ST/HWY 417 O'CONN IC119BR76 @ O'CONN,368243.4856,5030392.734,1/25/16,20:06,01 - Clear,02 - Wet,01 - Traffic signal,03 - At intersection,07 - Dark,03 - P.D. only,02 - Angle
3223,CATHERINE ST/HWY 417 O'CONN IC119BR76 @ O'CONN,368243.6108,5030392.484,10/24/16,10:25,01 - Clear,01 - Dry,01 - Traffic signal,02 - Intersection related,01 - Daylight,03 - P.D. only,04 - Sideswipe
3224,CATHERINE ST/HWY 417 O'CONN IC119BR76 @ O'CONN,368243.6108,5030392.484,1/19/16,14:18,01 - Clear,03 - Loose snow,01 - Traffic signal,02 - Intersection related,01 - Daylight,03 - P.D. only,04 - Sideswipe
3225,CATHERINE ST/HWY 417 O'CONN IC119BR76 @ O'CONN,368243.5886,5030391.607,8/14/16,1:38,01 - Clear,01 - Dry,01 - Traffic signal,03 - At intersection,07 - Dark,03 - P.D. only,02 - Angle
3226,CATHERINE ST/HWY 417 O'CONN IC119BR76 @ O'CONN,368243.9383,5030393.019,7/4/16,16:21,01 - Clear,01 - Dry,01 - Traffic signal,03 - At intersection,01 - Daylight,03 - P.D. only,04 - Sideswipe
3227,CATHERINE ST/HWY 417 O'CONN IC119BR76 @ O'CONN,368243.4045,5030392.913,7/11/16,19:04,01 - Clear,01 - Dry,01 - Traffic signal,02 - Intersection related,01 - Daylight,03 - P.D. only,03 - Rear end
3228,CATHERINE ST/HWY 417 O'CONN IC119BR76 @ O'CONN,368243.6444,5030392.631,2/18/16,8:23,03 - Snow,06 - Ice,01 - Traffic signal,02 - Intersection related,01 - Daylight,03 - P.D. only,07 - SMV other
3229,CATHERINE ST/HWY 417 O'CONN IC119BR76 @ O'CONN,368243.4045,5030392.394,7/31/16,9:40,01 - Clear,01 - Dry,01 - Traffic signal,02 - Intersection related,01 - Daylight,03 - P.D. only,99 - Other
3230,CATHERINE ST/HWY 417 O'CONN IC119BR76 @ O'CONN,368243.7359,5030392.609,10/13/16,9:06,02 - Rain,02 - Wet,01 - Traffic signal,02 - Intersection related,01 - Daylight,03 - P.D. only,04 - Sideswipe
3231,CATHERINE ST/HWY 417 O'CONN IC119BR76 @ O'CONN,368243.1144,5030393.069,10/2/16,8:59,02 - Rain,02 - Wet,01 - Traffic signal,02 - Intersection related,01 - Daylight,03 - P.D. only,03 - Rear end