Record,Location,X,Y,Date,Time,Environment,Road_Surface,Traffic_Control,Collision_Location,Light,Collision_Classification,Impact_type
3232,CATHERINE ST/HWY 417 O'CONN IC119BR76 @ O'CONN,368242.8405,5030393.562,5/30/16,9:35,01 - Clear,01 - Dry,01 - Traffic signal,02 - Intersection related,01 - Daylight,03 - P.D. only,04 - Sideswipe
3233,CATHERINE ST/HWY 417 O'CONN IC119BR76 @ O'CONN,368242.5125,5030392.567,12/8/16,17:16,03 - Snow,02 - Wet,01 - Traffic signal,03 - At intersection,07 - Dark,03 - P.D. only,04 - Sideswipe
3234,CAVAN ST @ LAPERRIERE AVE,364392.3634,5026880.765,9/3/16,14:45,01 - Clear,01 - Dry,02 - Stop sign,03 - At intersection,01 - Daylight,03 - P.D. only,02 - Angle
3235,CAVAN ST @ LAPERRIERE AVE,364392.3812,5026879.869,5/24/16,17:28,01 - Clear,01 - Dry,02 - Stop sign,03 - At intersection,01 - Daylight,03 - P.D. only,02 - Angle
3236,CAVAN ST @ LAROSE AVE,364480.5941,5026738.35,2/18/16,11:45,01 - Clear,02 - Wet,02 - Stop sign,03 - At intersection,01 - Daylight,03 - P.D. only,02 - Angle
3237,CAVAN ST @ LAROSE AVE,364481.3545,5026737.761,1/22/16,14:48,01 - Clear,01 - Dry,02 - Stop sign,03 - At intersection,01 - Daylight,03 - P.D. only,02 - Angle
3238,CAVANMORE RD btwn WESCAR LANE & CARP RD,345421.4996,5017276.231,2/26/16,14:34,01 - Clear,01 - Dry,10 - No control,01 - Non intersection,01 - Daylight,03 - P.D. only,06 - SMV unattended vehicle
3239,CAVENDISH RD @ RACHAEL AVE,370203.6182,5028238.459,12/5/16,15:36,01 - Clear,05 - Packed snow,10 - No control,02 - Intersection related,01 - Daylight,03 - P.D. only,02 - Angle
3240,CAYMAN RD btwn CAMPOBELLO DR & GRENADINE ST,349739.333,5016399.029,1/29/16,0:00,01 - Clear,03 - Loose snow,10 - No control,01 - Non intersection,00 - Unknown,03 - P.D. only,06 - SMV unattended vehicle
3241,CEDAR CREEK DR btwn HILLMAN MARSH WAY & HILLMAN MARSH WAY,375657.1002,5020199.796,1/30/16,20:30,01 - Clear,02 - Wet,10 - No control,01 - Non intersection,07 - Dark,03 - P.D. only,03 - Rear end
3242,CEDAROCK DR @ STONEHAVEN DR,354727.345,5016854.864,2/19/16,19:51,01 - Clear,02 - Wet,02 - Stop sign,03 - At intersection,07 - Dark,03 - P.D. only,02 - Angle
3243,CEDAROCK DR btwn HANOVER CRT & SPRINGTREE PL,354948.8622,5016875.654,8/15/16,0:00,01 - Clear,01 - Dry,10 - No control,01 - Non intersection,00 - Unknown,03 - P.D. only,06 - SMV unattended vehicle
3244,CEDARVIEW RD @ FALLOWFIELD RD,361294.8892,5015664.22,2/22/16,13:47,01 - Clear,01 - Dry,01 - Traffic signal,02 - Intersection related,01 - Daylight,02 - Non-fatal injury,04 - Sideswipe
3245,CEDARVIEW RD @ FALLOWFIELD RD,361295.4954,5015665.684,2/25/16,18:49,03 - Snow,04 - Slush,01 - Traffic signal,02 - Intersection related,07 - Dark,02 - Non-fatal injury,03 - Rear end
3246,CEDARVIEW RD @ FALLOWFIELD RD,361293.9167,5015664.067,1/6/16,7:26,01 - Clear,01 - Dry,01 - Traffic signal,03 - At intersection,03 - Dawn,03 - P.D. only,05 - Turning movement
3247,CEDARVIEW RD @ FALLOWFIELD RD,361293.9167,5015665.568,1/11/16,17:30,01 - Clear,02 - Wet,01 - Traffic signal,02 - Intersection related,05 - Dusk,03 - P.D. only,99 - Other
3248,CEDARVIEW RD @ FALLOWFIELD RD,361295.349,5015663.988,6/27/16,14:50,01 - Clear,01 - Dry,01 - Traffic signal,02 - Intersection related,01 - Daylight,03 - P.D. only,02 - Angle
3249,CEDARVIEW RD @ HWY 416 WESTHUNT IC72R24,359608.1115,5019744.001,6/15/16,17:36,01 - Clear,01 - Dry,02 - Stop sign,03 - At intersection,01 - Daylight,02 - Non-fatal injury,02 - Angle
3250,CEDARVIEW RD @ HWY 416 WESTHUNT IC72R24,359607.2849,5019744.455,4/4/16,7:47,01 - Clear,01 - Dry,02 - Stop sign,03 - At intersection,01 - Daylight,02 - Non-fatal injury,02 - Angle
3251,CEDARVIEW RD @ HWY 416 WESTHUNT IC72R42,359597.5677,5019761.559,1/29/16,12:49,03 - Snow,02 - Wet,10 - No control,02 - Intersection related,01 - Daylight,02 - Non-fatal injury,05 - Turning movement
3252,CEDARVIEW RD @ JOCKVALE RD,361474.3114,5015252.662,2/11/16,15:47,01 - Clear,01 - Dry,11 - Roundabout,02 - Intersection related,01 - Daylight,02 - Non-fatal injury,03 - Rear end
3253,CEDARVIEW RD @ JOCKVALE RD,361473.014,5015254.503,12/27/16,20:15,03 - Snow,05 - Packed snow,11 - Roundabout,03 - At intersection,07 - Dark,02 - Non-fatal injury,02 - Angle
3254,CEDARVIEW RD @ JOCKVALE RD,361474.895,5015252.432,5/13/16,17:28,01 - Clear,01 - Dry,11 - Roundabout,02 - Intersection related,01 - Daylight,03 - P.D. only,03 - Rear end
3255,CEDARVIEW RD @ JOCKVALE RD,361474.443,5015251.978,6/25/16,23:52,01 - Clear,01 - Dry,11 - Roundabout,03 - At intersection,07 - Dark,03 - P.D. only,02 - Angle
3256,CEDARVIEW RD @ JOCKVALE RD,361473.5726,5015252.652,9/23/16,6:59,02 - Rain,02 - Wet,11 - Roundabout,03 - At intersection,01 - Daylight,03 - P.D. only,02 - Angle
3257,CEDARVIEW RD @ JOCKVALE RD,361475.3269,5015253.18,10/4/16,16:30,01 - Clear,01 - Dry,11 - Roundabout,03 - At intersection,01 - Daylight,03 - P.D. only,03 - Rear end
3258,CEDARVIEW RD @ WEST HUNT CLUB RD,359719.801,5019554.478,5/9/16,12:15,01 - Clear,01 - Dry,01 - Traffic signal,02 - Intersection related,01 - Daylight,02 - Non-fatal injury,03 - Rear end
3259,CEDARVIEW RD @ WEST HUNT CLUB RD,359718.8969,5019554.258,10/10/16,19:03,01 - Clear,01 - Dry,01 - Traffic signal,03 - At intersection,07 - Dark,02 - Non-fatal injury,05 - Turning movement
3260,CEDARVIEW RD @ WEST HUNT CLUB RD,359720.3337,5019554.064,12/16/16,14:11,01 - Clear,04 - Slush,01 - Traffic signal,03 - At intersection,01 - Daylight,02 - Non-fatal injury,02 - Angle
3261,CEDARVIEW RD @ WEST HUNT CLUB RD,359720.3337,5019552.407,10/24/16,8:34,01 - Clear,01 - Dry,01 - Traffic signal,02 - Intersection related,01 - Daylight,03 - P.D. only,03 - Rear end
3262,CEDARVIEW RD @ WEST HUNT CLUB RD,359718.0188,5019554.697,9/26/16,8:45,01 - Clear,01 - Dry,01 - Traffic signal,03 - At intersection,01 - Daylight,03 - P.D. only,02 - Angle
3263,CEDARVIEW RD @ WEST HUNT CLUB RD,359717.5055,5019552.915,6/13/16,16:39,01 - Clear,01 - Dry,01 - Traffic signal,03 - At intersection,01 - Daylight,03 - P.D. only,02 - Angle
3264,CEDARVIEW RD @ WEST HUNT CLUB RD,359719.8048,5019555.154,5/18/16,19:29,01 - Clear,01 - Dry,01 - Traffic signal,02 - Intersection related,01 - Daylight,03 - P.D. only,03 - Rear end
3265,CEDARVIEW RD @ WEST HUNT CLUB RD,359718.9029,5019553.35,6/9/16,8:14,01 - Clear,01 - Dry,01 - Traffic signal,02 - Intersection related,01 - Daylight,03 - P.D. only,03 - Rear end
3266,CEDARVIEW RD @ WEST HUNT CLUB RD,359718.6774,5019555.72,11/12/16,13:42,01 - Clear,01 - Dry,01 - Traffic signal,02 - Intersection related,01 - Daylight,03 - P.D. only,03 - Rear end
3267,CEDARVIEW RD @ WEST HUNT CLUB RD,359719.5056,5019556.548,12/21/16,15:33,01 - Clear,03 - Loose snow,01 - Traffic signal,02 - Intersection related,01 - Daylight,03 - P.D. only,03 - Rear end
3268,CEDARVIEW RD @ WEST HUNT CLUB RD,359720.3337,5019554.064,12/24/16,10:59,01 - Clear,02 - Wet,01 - Traffic signal,03 - At intersection,01 - Daylight,03 - P.D. only,05 - Turning movement
3269,CEDARVIEW RD @ WEST HUNT CLUB RD,359717.0211,5019554.892,11/29/16,15:52,01 - Clear,01 - Dry,01 - Traffic signal,02 - Intersection related,05 - Dusk,03 - P.D. only,03 - Rear end
3270,CEDARVIEW RD btwn BRUIN RD & HWY416 IC72 RAMP62,359590.3499,5019774.631,2/26/16,16:08,01 - Clear,02 - Wet,10 - No control,01 - Non intersection,01 - Daylight,03 - P.D. only,05 - Turning movement
3271,CEDARVIEW RD btwn CAMBRIAN RD & BARNSDALE RD,363897.0836,5010046.665,4/4/16,19:59,01 - Clear,01 - Dry,10 - No control,01 - Non intersection,07 - Dark,03 - P.D. only,07 - SMV other
3272,CEDARVIEW RD btwn CAMBRIAN RD & STRANDHERD DR,362525.4893,5012698.523,9/28/16,13:17,01 - Clear,01 - Dry,10 - No control,01 - Non intersection,01 - Daylight,02 - Non-fatal injury,07 - SMV other
3273,CEDARVIEW RD btwn HWY416 IC72 RAMP24 & WEST HUNT CLUB RD,359712.6168,5019563.681,4/24/16,14:26,01 - Clear,01 - Dry,10 - No control,01 - Non intersection,01 - Daylight,03 - P.D. only,03 - Rear end
3274,CEDARVIEW RD btwn LYTLE AVE & CEDARHILL DR,360585.1174,5017316.05,3/6/16,9:31,01 - Clear,01 - Dry,10 - No control,04 - At/near private drive,01 - Daylight,02 - Non-fatal injury,03 - Rear end
3275,CEDARVIEW RD btwn WEST HUNT CLUB RD & LYTLE AVE,360115.686,5018652.844,11/21/16,7:52,03 - Snow,05 - Packed snow,10 - No control,01 - Non intersection,01 - Daylight,03 - P.D. only,07 - SMV other
3276,CEDARVIEW RD btwn WEST HUNT CLUB RD & LYTLE AVE,360411.3261,5017717.838,3/24/16,9:53,03 - Snow,03 - Loose snow,10 - No control,01 - Non intersection,01 - Daylight,03 - P.D. only,07 - SMV other
3277,CEDARVIEW RD btwn WEST HUNT CLUB RD & LYTLE AVE,359801.5086,5019272.139,2/3/16,8:16,04 - Freezing Rain,06 - Ice,10 - No control,01 - Non intersection,01 - Daylight,03 - P.D. only,07 - SMV other
3278,CEDARVIEW RD btwn WEST HUNT CLUB RD & LYTLE AVE,360432.7735,5017670.787,2/16/16,7:45,03 - Snow,05 - Packed snow,10 - No control,04 - At/near private drive,01 - Daylight,03 - P.D. only,07 - SMV other
3279,CEDARVIEW RD btwn WEST HUNT CLUB RD & LYTLE AVE,359794.3101,5019252.644,11/26/16,15:00,01 - Clear,01 - Dry,10 - No control,01 - Non intersection,01 - Daylight,03 - P.D. only,04 - Sideswipe
3280,CEDARWOOD DR @ WALKLEY RD,371194.9526,5026455.748,2/28/16,12:45,03 - Snow,03 - Loose snow,01 - Traffic signal,03 - At intersection,01 - Daylight,03 - P.D. only,05 - Turning movement
3281,CELEBRATION ST btwn TRUMP AVE & FESTIVE PRIV,364723.3823,5026013.347,4/16/16,12:25,01 - Clear,01 - Dry,10 - No control,01 - Non intersection,01 - Daylight,03 - P.D. only,06 - SMV unattended vehicle
3282,CENTENNIAL BLVD @ MAIN ST,369479.622,5029416.34,6/29/16,17:58,01 - Clear,01 - Dry,02 - Stop sign,02 - Intersection related,01 - Daylight,02 - Non-fatal injury,03 - Rear end
3283,CENTENNIAL BLVD btwn BULLOCK AVE & RIDEAU GARDEN DR,369691.7529,5029539.616,2/17/16,15:45,01 - Clear,01 - Dry,10 - No control,01 - Non intersection,01 - Daylight,03 - P.D. only,06 - SMV unattended vehicle
3284,CENTENNIAL BLVD btwn MAIN ST & BULLOCK AVE,369492.3139,5029422.771,11/3/16,13:36,01 - Clear,02 - Wet,10 - No control,01 - Non intersection,01 - Daylight,03 - P.D. only,07 - SMV other
3285,CENTER ST @ MONTREAL RD,371822.3815,5033951.812,4/6/16,18:18,03 - Snow,03 - Loose snow,02 - Stop sign,03 - At intersection,05 - Dusk,03 - P.D. only,05 - Turning movement
3286,CENTER ST btwn MONTREAL RD & PAUL AVE,371887.028,5033784.584,4/2/16,14:15,01 - Clear,01 - Dry,10 - No control,01 - Non intersection,01 - Daylight,03 - P.D. only,06 - SMV unattended vehicle
3287,CENTER ST btwn MONTREAL RD & PAUL AVE,371933.4534,5033666.626,11/8/16,7:50,01 - Clear,01 - Dry,10 - No control,04 - At/near private drive,01 - Daylight,03 - P.D. only,99 - Other
3288,CENTRAL PARK DR N @ MERIVALE RD,364953.5698,5025873.81,3/9/16,8:06,01 - Clear,02 - Wet,01 - Traffic signal,03 - At intersection,01 - Daylight,02 - Non-fatal injury,05 - Turning movement
3289,CENTRAL PARK DR N @ MERIVALE RD,364954.0758,5025872.807,10/6/16,8:56,01 - Clear,01 - Dry,01 - Traffic signal,03 - At intersection,01 - Daylight,02 - Non-fatal injury,02 - Angle
3290,CENTRAL PARK DR N @ MERIVALE RD,364952.0757,5025873.174,12/9/16,8:40,01 - Clear,06 - Ice,01 - Traffic signal,02 - Intersection related,01 - Daylight,03 - P.D. only,03 - Rear end
3291,CENTRAL PARK DR S @ MERIVALE RD,364986.7225,5025598.425,4/4/16,15:35,01 - Clear,01 - Dry,01 - Traffic signal,02 - Intersection related,01 - Daylight,03 - P.D. only,03 - Rear end
3292,CENTREPOINTE DR @ CHRYSALIS WAY/PLUNKETT CRT,362634.296,5022686.24,7/2/16,18:06,01 - Clear,01 - Dry,02 - Stop sign,03 - At intersection,01 - Daylight,03 - P.D. only,02 - Angle
3293,CENTREPOINTE DR @ CONSTELLATION CRES S,362376.3962,5023121.309,11/10/16,17:33,01 - Clear,01 - Dry,02 - Stop sign,02 - Intersection related,07 - Dark,03 - P.D. only,04 - Sideswipe
3294,CENTREPOINTE DR @ CONSTELLATION CRES S,362377.026,5023120.332,12/15/16,16:00,01 - Clear,01 - Dry,02 - Stop sign,02 - Intersection related,05 - Dusk,03 - P.D. only,03 - Rear end
3295,CENTREPOINTE DR @ GEMINI WAY,362111.8578,5023378.427,2/4/16,9:10,01 - Clear,02 - Wet,02 - Stop sign,03 - At intersection,01 - Daylight,03 - P.D. only,02 - Angle
3296,CENTREPOINTE DR @ HEMMINGWOOD WAY E,362327.147,5023204.33,8/16/16,17:11,02 - Rain,02 - Wet,02 - Stop sign,03 - At intersection,01 - Daylight,03 - P.D. only,02 - Angle
3297,CENTREPOINTE DR @ HEMMINGWOOD WAY E,362327.5183,5023203.488,9/29/16,10:00,01 - Clear,01 - Dry,02 - Stop sign,02 - Intersection related,01 - Daylight,03 - P.D. only,03 - Rear end
3298,CENTREPOINTE DR @ HEMMINGWOOD WAY W,361701.4349,5022998.51,3/4/16,13:33,01 - Clear,01 - Dry,02 - Stop sign,03 - At intersection,01 - Daylight,02 - Non-fatal injury,02 - Angle
3299,CENTREPOINTE DR @ HEMMINGWOOD WAY W,361701.5521,5022999.761,5/11/16,14:28,01 - Clear,01 - Dry,02 - Stop sign,02 - Intersection related,01 - Daylight,03 - P.D. only,03 - Rear end
3300,CENTREPOINTE DR @ TALLWOOD DR,362670.1763,5022577.305,11/20/16,15:21,03 - Snow,03 - Loose snow,01 - Traffic signal,02 - Intersection related,01 - Daylight,03 - P.D. only,03 - Rear end
3301,CENTREPOINTE DR @ TALLWOOD DR,362671.5212,5022575.257,12/8/16,21:15,01 - Clear,05 - Packed snow,01 - Traffic signal,02 - Intersection related,07 - Dark,03 - P.D. only,03 - Rear end
3302,CENTREPOINTE DR @ WYCLIFFE ST,362310.9032,5022245.181,5/9/16,17:05,01 - Clear,01 - Dry,02 - Stop sign,02 - Intersection related,01 - Daylight,03 - P.D. only,02 - Angle
3303,CENTREPOINTE DR btwn Continuation of CENTREPOINTE DR & HEMMINGWOOD WAY,362204.907,5023294.139,6/1/16,20:09,01 - Clear,01 - Dry,10 - No control,01 - Non intersection,01 - Daylight,02 - Non-fatal injury,07 - SMV other
3304,CENTREPOINTE DR btwn Continuation of CENTREPOINTE DR & HEMMINGWOOD WAY,362319.6776,5023216.395,11/5/16,18:56,01 - Clear,01 - Dry,10 - No control,01 - Non intersection,07 - Dark,03 - P.D. only,03 - Rear end
3305,CENTREPOINTE DR btwn PINETRAIL CRES & KENTSDALE DR,362659.4215,5022456.074,11/5/16,11:33,01 - Clear,01 - Dry,10 - No control,04 - At/near private drive,01 - Daylight,03 - P.D. only,02 - Angle
3306,CENTREPOINTE DR btwn REC PATH BEN FRANKLIN PL & PASEO PRIV,362510.6491,5022866.51,2/8/16,9:07,01 - Clear,01 - Dry,10 - No control,01 - Non intersection,01 - Daylight,03 - P.D. only,04 - Sideswipe
3307,CENTRUM BLVD @ PRESTONE DR,382259.461,5038366.35,1/13/16,14:50,03 - Snow,03 - Loose snow,02 - Stop sign,03 - At intersection,01 - Daylight,02 - Non-fatal injury,07 - SMV other
3308,CENTRUM BLVD btwn PLACE D'ORLEANS DR & PRESTONE DR,382108.8569,5038281.557,3/10/16,15:18,01 - Clear,01 - Dry,10 - No control,04 - At/near private drive,01 - Daylight,03 - P.D. only,04 - Sideswipe
3309,CENTURY RD    W btwn FOURTH LINE RD & THIRD LINE RD N,362271.1362,5004097.361,9/16/16,6:00,01 - Clear,01 - Dry,10 - No control,01 - Non intersection,07 - Dark,02 - Non-fatal injury,04 - Sideswipe
3310,CENTURY RD    W btwn GOODSTOWN RD & MALAKOFF RD,359877.2065,5002677.761,12/1/16,17:30,01 - Clear,02 - Wet,10 - No control,01 - Non intersection,07 - Dark,03 - P.D. only,07 - SMV other
3311,CENTURY RD @ MALAKOFF RD,360014.4776,5002796.867,11/29/16,22:23,"07 - Fog, mist, smoke, dust",02 - Wet,02 - Stop sign,02 - Intersection related,07 - Dark,03 - P.D. only,07 - SMV other
3312,CENTURY RD S @ MCCORDICK RD S,360469.3577,5003123.789,12/24/16,8:51,03 - Snow,04 - Slush,02 - Stop sign,03 - At intersection,01 - Daylight,02 - Non-fatal injury,02 - Angle
3313,CENTURY RD S @ MCCORDICK RD S,360473.8338,5003126.894,9/20/16,20:30,01 - Clear,01 - Dry,02 - Stop sign,03 - At intersection,07 - Dark,03 - P.D. only,02 - Angle
3314,CENTURY RD S @ MCCORDICK RD S,360470.6794,5003126.894,10/6/16,9:20,01 - Clear,01 - Dry,02 - Stop sign,03 - At intersection,01 - Daylight,03 - P.D. only,02 - Angle
3315,CHAINE CRT btwn Continuation of CHAINE CRT & SIMARD DR,381320.3338,5035003.989,4/4/16,0:04,01 - Clear,01 - Dry,10 - No control,04 - At/near private drive,07 - Dark,03 - P.D. only,02 - Angle
3316,CHAMBERLAIN AVE @ IMPERIAL AVE,367360.5515,5029673.826,12/6/16,17:12,01 - Clear,01 - Dry,02 - Stop sign,03 - At intersection,07 - Dark,03 - P.D. only,05 - Turning movement
3317,CHAMBERLAIN AVE @ KENT ST,367932.6085,5030047.77,5/20/16,15:50,01 - Clear,01 - Dry,01 - Traffic signal,02 - Intersection related,01 - Daylight,03 - P.D. only,04 - Sideswipe
3318,CHAMBERLAIN AVE @ PERCY ST,367558.9349,5029824.781,2/16/16,18:49,03 - Snow,03 - Loose snow,01 - Traffic signal,03 - At intersection,07 - Dark,03 - P.D. only,02 - Angle
3319,CHAMBERLAIN AVE btwn LYON ST S & KENT ST,367925.3622,5030043.581,8/30/16,14:54,01 - Clear,01 - Dry,10 - No control,01 - Non intersection,01 - Daylight,03 - P.D. only,03 - Rear end
3320,CHAMPAGNE AVE   S btwn BEECH ST & HICKORY ST,366527.8832,5029038.848,12/20/16,0:00,01 - Clear,05 - Packed snow,10 - No control,01 - Non intersection,00 - Unknown,03 - P.D. only,06 - SMV unattended vehicle
3321,CHAMPAGNE AVE   S btwn HICKORY ST & CARLING AVE,366605.8822,5028858.723,7/20/16,15:51,01 - Clear,01 - Dry,10 - No control,01 - Non intersection,01 - Daylight,03 - P.D. only,07 - SMV other
3322,CHAMPAGNE AVE   S btwn HICKORY ST & CARLING AVE,366565.1503,5028946.923,12/9/16,16:20,01 - Clear,01 - Dry,10 - No control,01 - Non intersection,05 - Dusk,03 - P.D. only,06 - SMV unattended vehicle
3323,CHAMPAGNE AVE   S btwn YOUNG ST & BEECH ST,366452.5119,5029210.138,9/13/16,12:11,01 - Clear,01 - Dry,10 - No control,01 - Non intersection,01 - Daylight,03 - P.D. only,99 - Other
3324,CHAMPAGNE AVE @ WELLINGTON ST,365955.2577,5030343.537,7/9/16,20:30,02 - Rain,02 - Wet,02 - Stop sign,02 - Intersection related,05 - Dusk,03 - P.D. only,04 - Sideswipe
3325,CHAMPLAIN BRIDGE/ISLAND PARK DR btwn BATE ISLAND & OTTAWA RIVER PKWY,363115.7522,5029748.667,5/30/16,16:41,01 - Clear,01 - Dry,10 - No control,07 - Overpass or bridge,01 - Daylight,02 - Non-fatal injury,01 - Approaching
3326,CHAMPLAIN BRIDGE/ISLAND PARK DR btwn BATE ISLAND & OTTAWA RIVER PKWY,362984.9816,5030035.136,5/19/16,18:21,01 - Clear,01 - Dry,10 - No control,01 - Non intersection,01 - Daylight,02 - Non-fatal injury,03 - Rear end
3327,CHAMPLAIN BRIDGE/ISLAND PARK DR btwn BATE ISLAND & OTTAWA RIVER PKWY,363106.1538,5029795.059,4/16/16,7:12,00 - Unknown,06 - Ice,10 - No control,07 - Overpass or bridge,01 - Daylight,03 - P.D. only,01 - Approaching
3328,CHAMPLAIN BRIDGE/ISLAND PARK DR btwn BATE ISLAND & OTTAWA RIVER PKWY,363134.0421,5029625.29,6/27/16,16:30,01 - Clear,01 - Dry,10 - No control,01 - Non intersection,01 - Daylight,03 - P.D. only,03 - Rear end
3329,CHAMPLAIN BRIDGE/ISLAND PARK DR btwn BATE ISLAND & OTTAWA RIVER PKWY,363116.7071,5029774.805,6/22/16,14:19,01 - Clear,01 - Dry,10 - No control,07 - Overpass or bridge,01 - Daylight,03 - P.D. only,03 - Rear end
3330,CHAMPLAIN BRIDGE/ISLAND PARK DR btwn BATE ISLAND & OTTAWA RIVER PKWY,362997.2513,5030019.789,1/4/16,15:35,01 - Clear,01 - Dry,10 - No control,01 - Non intersection,01 - Daylight,03 - P.D. only,07 - SMV other
3331,CHAMPLAIN BRIDGE/ISLAND PARK DR btwn BATE ISLAND & OTTAWA RIVER PKWY,363114.5402,5029744.468,2/4/16,7:30,01 - Clear,01 - Dry,10 - No control,01 - Non intersection,01 - Daylight,03 - P.D. only,04 - Sideswipe
3332,CHAMPLAIN BRIDGE/ISLAND PARK DR btwn BATE ISLAND & OTTAWA RIVER PKWY,363059.3064,5029930.255,11/17/16,6:45,01 - Clear,01 - Dry,10 - No control,07 - Overpass or bridge,03 - Dawn,03 - P.D. only,04 - Sideswipe
3333,CHAMPLAIN BRIDGE/ISLAND PARK DR btwn BATE ISLAND & OTTAWA RIVER PKWY,363112.0807,5029773.431,10/4/16,18:30,01 - Clear,01 - Dry,10 - No control,07 - Overpass or bridge,05 - Dusk,03 - P.D. only,03 - Rear end
3334,CHAMPLAIN BRIDGE/ISLAND PARK DR btwn BATE ISLAND & PROVINCIAL BOUNDARY,362884.8516,5030134.506,3/18/16,16:20,01 - Clear,01 - Dry,10 - No control,07 - Overpass or bridge,01 - Daylight,02 - Non-fatal injury,03 - Rear end
3335,CHAMPLAIN BRIDGE/ISLAND PARK DR btwn BATE ISLAND & PROVINCIAL BOUNDARY,362765.8785,5030240.342,8/22/16,16:58,01 - Clear,01 - Dry,10 - No control,01 - Non intersection,01 - Daylight,02 - Non-fatal injury,03 - Rear end
3336,CHAMPLAIN BRIDGE/ISLAND PARK DR btwn BATE ISLAND & PROVINCIAL BOUNDARY,362887.0016,5030136.647,4/28/16,15:33,01 - Clear,01 - Dry,10 - No control,01 - Non intersection,01 - Daylight,03 - P.D. only,03 - Rear end
3337,CHAMPLAIN ST @ JEANNE D'ARC BLVD,381380.4033,5038723.379,1/6/16,18:01,01 - Clear,01 - Dry,01 - Traffic signal,03 - At intersection,07 - Dark,02 - Non-fatal injury,05 - Turning movement
3338,CHAMPLAIN ST @ JEANNE D'ARC BLVD,381379.0571,5038723.214,11/13/16,16:01,01 - Clear,01 - Dry,01 - Traffic signal,03 - At intersection,01 - Daylight,02 - Non-fatal injury,02 - Angle
3339,CHAMPLAIN ST @ JEANNE D'ARC BLVD,381379.9667,5038724.264,2/17/16,20:25,03 - Snow,06 - Ice,01 - Traffic signal,03 - At intersection,07 - Dark,03 - P.D. only,02 - Angle
3340,CHAMPLAIN ST @ JEANNE D'ARC BLVD,381380.8546,5038724.264,2/18/16,8:00,01 - Clear,06 - Ice,01 - Traffic signal,02 - Intersection related,01 - Daylight,03 - P.D. only,03 - Rear end
3341,CHAMPLAIN ST @ JEANNE D'ARC BLVD,381379.0571,5038724.363,11/13/16,14:00,01 - Clear,01 - Dry,01 - Traffic signal,03 - At intersection,01 - Daylight,03 - P.D. only,05 - Turning movement
3342,CHAMPLAIN ST @ OR174 IC102 RAMP26,381532.1656,5038340.958,12/5/16,12:26,03 - Snow,03 - Loose snow,03 - Yield sign,02 - Intersection related,01 - Daylight,03 - P.D. only,03 - Rear end
3343,CHAMPLAIN ST @ PLACE D'ORLEANS  SC E/PLACE D'O,381519.991,5038374.573,7/29/16,6:31,01 - Clear,01 - Dry,01 - Traffic signal,03 - At intersection,01 - Daylight,03 - P.D. only,05 - Turning movement
3344,CHAMPLAIN ST @ PLACE D'ORLEANS DR,381597.6715,5038180.127,9/30/16,0:22,01 - Clear,01 - Dry,01 - Traffic signal,02 - Intersection related,07 - Dark,03 - P.D. only,04 - Sideswipe
3345,CHAMPLAIN ST @ PLACE D'ORLEANS DR,381597.2325,5038180.742,2/12/16,12:37,01 - Clear,01 - Dry,01 - Traffic signal,02 - Intersection related,01 - Daylight,03 - P.D. only,04 - Sideswipe
3346,CHAMPLAIN ST @ PLACE D'ORLEANS DR,381596.1483,5038181.035,2/10/16,15:14,01 - Clear,02 - Wet,01 - Traffic signal,03 - At intersection,01 - Daylight,03 - P.D. only,04 - Sideswipe
3347,CHAMPLAIN ST @ PLACE D'ORLEANS DR,381599.7305,5038179.574,10/31/16,17:04,01 - Clear,01 - Dry,01 - Traffic signal,03 - At intersection,01 - Daylight,03 - P.D. only,03 - Rear end
3348,CHAMPLAIN ST @ PLACE D'ORLEANS DR,381597.468,5038181.482,2/5/16,20:40,01 - Clear,01 - Dry,01 - Traffic signal,02 - Intersection related,07 - Dark,03 - P.D. only,05 - Turning movement
3349,CHAMPLAIN ST @ PLACE D'ORLEANS DR,381597.3915,5038180.556,11/11/16,13:50,01 - Clear,01 - Dry,01 - Traffic signal,02 - Intersection related,01 - Daylight,03 - P.D. only,03 - Rear end
3350,CHAMPLAIN ST btwn JEANNE D'ARC BLVD N & OR174 IC102 RAMP61,381515.3403,5038385.911,5/8/16,23:43,01 - Clear,01 - Dry,10 - No control,01 - Non intersection,07 - Dark,03 - P.D. only,04 - Sideswipe
3351,CHAMPLAIN ST btwn OR174 IC102 RAMP36 & PLACE D'ORLEANS DR,381573.0562,5038238.533,1/20/16,11:45,01 - Clear,01 - Dry,10 - No control,01 - Non intersection,01 - Daylight,03 - P.D. only,03 - Rear end
3352,CHANTENAY DR btwn BEAUCLAIRE DR & BEAUCLAIRE DR,380640.0415,5038902.764,12/25/16,0:00,01 - Clear,06 - Ice,10 - No control,01 - Non intersection,00 - Unknown,03 - P.D. only,06 - SMV unattended vehicle
3353,CHAPEL CRES btwn WIGGINS PRIV & WIGGINS PRIV,369608.6312,5031459.798,9/27/16,15:30,01 - Clear,01 - Dry,10 - No control,01 - Non intersection,01 - Daylight,03 - P.D. only,07 - SMV other
3354,CHAPEL ST @ DALY AVE,368969.2232,5032504.356,12/13/16,22:55,01 - Clear,06 - Ice,02 - Stop sign,03 - At intersection,07 - Dark,03 - P.D. only,02 - Angle
3355,CHAPEL ST @ LAURIER AVE,369118.4897,5032263.926,9/22/16,17:37,01 - Clear,02 - Wet,01 - Traffic signal,03 - At intersection,01 - Daylight,03 - P.D. only,05 - Turning movement
3356,CHAPEL ST @ LAURIER AVE,369117.7907,5032263.437,4/8/16,9:01,01 - Clear,01 - Dry,01 - Traffic signal,03 - At intersection,01 - Daylight,03 - P.D. only,03 - Rear end