Record,Location,X,Y,Date,Time,Environment,Road_Surface,Traffic_Control,Collision_Location,Light,Collision_Classification,Impact_type
3357,CHAPEL ST @ LAURIER AVE,369118.4819,5032264.13,7/23/16,0:18,01 - Clear,01 - Dry,01 - Traffic signal,03 - At intersection,07 - Dark,03 - P.D. only,02 - Angle
3358,CHAPEL ST @ LAURIER AVE,369118.0506,5032263.926,9/17/16,18:00,02 - Rain,02 - Wet,01 - Traffic signal,03 - At intersection,01 - Daylight,03 - P.D. only,02 - Angle
3359,CHAPEL ST @ RIDEAU ST,368891.7497,5032643.052,9/11/16,12:47,01 - Clear,01 - Dry,01 - Traffic signal,02 - Intersection related,01 - Daylight,02 - Non-fatal injury,07 - SMV other
3360,CHAPEL ST @ RIDEAU ST,368891.2719,5032643.271,8/1/16,11:21,01 - Clear,01 - Dry,01 - Traffic signal,02 - Intersection related,01 - Daylight,03 - P.D. only,03 - Rear end
3361,CHAPEL ST @ RIDEAU ST,368891.2809,5032643.046,5/11/16,16:09,01 - Clear,01 - Dry,01 - Traffic signal,02 - Intersection related,01 - Daylight,03 - P.D. only,03 - Rear end
3362,CHAPEL ST @ STEWART ST,369014.0987,5032437.029,1/30/16,3:10,01 - Clear,02 - Wet,02 - Stop sign,03 - At intersection,07 - Dark,03 - P.D. only,04 - Sideswipe
3363,CHAPEL ST btwn DALY AVE & STEWART ST,368980.5713,5032492.416,6/30/16,17:40,01 - Clear,01 - Dry,10 - No control,01 - Non intersection,01 - Daylight,03 - P.D. only,06 - SMV unattended vehicle
3364,CHAPEL ST btwn DALY AVE & STEWART ST,368985.5387,5032482.547,1/31/16,0:00,01 - Clear,01 - Dry,10 - No control,01 - Non intersection,00 - Unknown,03 - P.D. only,06 - SMV unattended vehicle
3365,CHAPEL ST btwn LAURIER AVE E & OSGOODE ST,369191.926,5032145.146,9/3/16,20:00,01 - Clear,01 - Dry,10 - No control,04 - At/near private drive,05 - Dusk,03 - P.D. only,06 - SMV unattended vehicle
3366,CHAPEL ST btwn OSGOODE ST & SOMERSET ST E,369269.0308,5032022.827,7/22/16,23:01,01 - Clear,01 - Dry,10 - No control,01 - Non intersection,07 - Dark,02 - Non-fatal injury,06 - SMV unattended vehicle
3367,CHAPMAN BLVD @ HAIG DR,372378.5058,5028878.767,12/8/16,6:55,01 - Clear,01 - Dry,02 - Stop sign,03 - At intersection,03 - Dawn,03 - P.D. only,02 - Angle
3368,CHAPMAN MILLS DR @ LEAMINGTON WAY/MANCINI WAY,365045.8119,5014687.236,11/28/16,14:44,01 - Clear,01 - Dry,02 - Stop sign,02 - Intersection related,01 - Daylight,03 - P.D. only,04 - Sideswipe
3369,CHAPMAN MILLS DR @ LONGFIELDS DR,364841.826,5014582.921,10/31/16,21:15,01 - Clear,01 - Dry,02 - Stop sign,02 - Intersection related,07 - Dark,03 - P.D. only,07 - SMV other
3370,CHAPMAN MILLS DR @ LONGFIELDS DR,364841.826,5014582.921,12/17/16,13:02,03 - Snow,03 - Loose snow,02 - Stop sign,02 - Intersection related,01 - Daylight,03 - P.D. only,01 - Approaching
3371,CHAPMAN MILLS DR btwn BEATRICE DR & MEADGATE GT,365569.2736,5014936.364,6/14/16,8:57,01 - Clear,01 - Dry,10 - No control,01 - Non intersection,01 - Daylight,03 - P.D. only,06 - SMV unattended vehicle
3372,CHAPMAN MILLS DR btwn BEATRICE DR & MEADGATE GT,365611.0245,5014953.349,4/17/16,21:30,01 - Clear,01 - Dry,10 - No control,01 - Non intersection,07 - Dark,03 - P.D. only,06 - SMV unattended vehicle
3373,CHAPMAN MILLS DR btwn LEAMINGTON WAY & TEMAGAMI DR,365265.7404,5014800.26,5/8/16,14:35,01 - Clear,01 - Dry,10 - No control,04 - At/near private drive,01 - Daylight,03 - P.D. only,02 - Angle
3374,CHAPMAN MILLS DR btwn TEMAGAMI DR & BEATRICE DR,365447.6131,5014889.153,5/17/16,5:58,01 - Clear,01 - Dry,10 - No control,01 - Non intersection,01 - Daylight,03 - P.D. only,07 - SMV other
3375,CHAPMAN MILLS DR/TRANSITWAY SOUTHWEST @ WOODROFFE AVE,366177.0901,5015219.37,8/16/16,17:58,02 - Rain,02 - Wet,01 - Traffic signal,02 - Intersection related,01 - Daylight,03 - P.D. only,03 - Rear end
3376,CHAPMAN MILLS DR/TRANSITWAY SOUTHWEST @ WOODROFFE AVE,366177.0901,5015219.37,7/19/16,14:53,01 - Clear,01 - Dry,01 - Traffic signal,02 - Intersection related,01 - Daylight,03 - P.D. only,05 - Turning movement
3377,CHARDON DRWY btwn EGLANTINE DRWY & SORREL DRWY,364450.764,5029788.447,5/24/16,15:21,01 - Clear,01 - Dry,10 - No control,04 - At/near private drive,01 - Daylight,03 - P.D. only,06 - SMV unattended vehicle
3378,CHARLEMAGNE BLVD @ GARDENWAY DR/BOTTRIELL WAY ,384049.6123,5037034.677,9/13/16,8:52,01 - Clear,01 - Dry,01 - Traffic signal,03 - At intersection,01 - Daylight,03 - P.D. only,02 - Angle
3379,CHARLEMAGNE BLVD @ ORCHARDVIEW AVE,384506.9812,5037242.351,4/7/16,14:36,02 - Rain,04 - Slush,02 - Stop sign,02 - Intersection related,01 - Daylight,03 - P.D. only,99 - Other
3380,CHARLEMAGNE BLVD @ PRINCESS LOUISE DR E,384092.0066,5038137.438,1/9/16,15:41,01 - Clear,02 - Wet,02 - Stop sign,02 - Intersection related,01 - Daylight,02 - Non-fatal injury,03 - Rear end
3381,CHARLEMAGNE BLVD @ PRINCESS LOUISE DR W/VALADE,383520.1492,5037974.586,5/6/16,13:13,01 - Clear,01 - Dry,01 - Traffic signal,02 - Intersection related,01 - Daylight,02 - Non-fatal injury,04 - Sideswipe
3382,CHARLEMAGNE BLVD @ PRINCESS LOUISE DR W/VALADE,383520.5307,5037972.466,1/9/16,10:30,02 - Rain,04 - Slush,01 - Traffic signal,02 - Intersection related,01 - Daylight,03 - P.D. only,04 - Sideswipe
3383,CHARLEMAGNE BLVD @ PRINCESS LOUISE DR W/VALADE,383520.8581,5037973.819,1/28/16,11:44,03 - Snow,04 - Slush,01 - Traffic signal,02 - Intersection related,01 - Daylight,03 - P.D. only,03 - Rear end
3384,CHARLEMAGNE BLVD btwn CANTEVAL TER & TENTH LINE RD,383803.6928,5036973.442,6/9/16,17:51,01 - Clear,01 - Dry,10 - No control,04 - At/near private drive,01 - Daylight,02 - Non-fatal injury,02 - Angle
3385,CHARLEMAGNE BLVD btwn MERKLEY DR & VALIN ST,384702.7744,5037724.896,1/11/16,8:11,01 - Clear,06 - Ice,10 - No control,01 - Non intersection,01 - Daylight,03 - P.D. only,04 - Sideswipe
3386,CHARLEMAGNE BLVD btwn ORCHARDVIEW AVE & VALIN ST,384701.089,5037545.903,9/13/16,14:00,01 - Clear,01 - Dry,10 - No control,01 - Non intersection,01 - Daylight,03 - P.D. only,07 - SMV other
3387,CHARLEMAGNE BLVD btwn TENTH LINE RD & VALADE CRES,383253.1252,5038007.097,8/11/16,21:19,01 - Clear,01 - Dry,10 - No control,04 - At/near private drive,07 - Dark,02 - Non-fatal injury,02 - Angle
3388,CHARLEMAGNE BLVD btwn TENTH LINE RD & VALADE CRES,383201.0769,5037986.04,4/6/16,19:30,03 - Snow,03 - Loose snow,10 - No control,01 - Non intersection,07 - Dark,03 - P.D. only,01 - Approaching
3389,CHARLEMAGNE BLVD btwn TENTH LINE RD & VALADE CRES,383382.5704,5038006.308,8/6/16,20:23,01 - Clear,01 - Dry,10 - No control,04 - At/near private drive,07 - Dark,03 - P.D. only,03 - Rear end
3390,CHARLEVOIX ST btwn BEECHWOOD AVE & BARRETTE ST,369238.1264,5033542.831,6/20/16,9:15,01 - Clear,01 - Dry,10 - No control,01 - Non intersection,01 - Daylight,03 - P.D. only,06 - SMV unattended vehicle
3391,CHARLEVOIX ST btwn BEECHWOOD AVE & BARRETTE ST,369239.8111,5033542.406,1/27/16,17:54,01 - Clear,01 - Dry,10 - No control,01 - Non intersection,07 - Dark,03 - P.D. only,06 - SMV unattended vehicle
3392,CHARLOTTE ST @ DESJARDINS AVE,369020.7539,5033202.804,7/5/16,17:48,01 - Clear,01 - Dry,02 - Stop sign,03 - At intersection,01 - Daylight,02 - Non-fatal injury,05 - Turning movement
3393,CHARLOTTE ST @ RIDEAU ST,369250.8067,5032859.812,11/6/16,0:37,01 - Clear,01 - Dry,01 - Traffic signal,02 - Intersection related,07 - Dark,02 - Non-fatal injury,04 - Sideswipe
3394,CHARLOTTE ST @ RIDEAU ST,369250.8364,5032859.367,3/7/16,11:30,01 - Clear,01 - Dry,01 - Traffic signal,02 - Intersection related,01 - Daylight,03 - P.D. only,02 - Angle
3395,CHARLOTTE ST @ RIDEAU ST,369249.2498,5032859.363,4/12/16,10:44,01 - Clear,02 - Wet,01 - Traffic signal,03 - At intersection,01 - Daylight,03 - P.D. only,04 - Sideswipe
3396,CHARLOTTE ST @ RIDEAU ST,369250.1636,5032860.501,7/11/16,14:12,01 - Clear,01 - Dry,01 - Traffic signal,02 - Intersection related,01 - Daylight,03 - P.D. only,03 - Rear end
3397,CHARLOTTE ST @ RIDEAU ST,369249.9147,5032859.588,11/11/16,9:41,01 - Clear,01 - Dry,01 - Traffic signal,02 - Intersection related,01 - Daylight,03 - P.D. only,03 - Rear end
3398,CHARLOTTE ST @ RIDEAU ST,369248.8808,5032858.35,12/17/16,10:25,03 - Snow,03 - Loose snow,01 - Traffic signal,02 - Intersection related,01 - Daylight,03 - P.D. only,03 - Rear end
3399,CHARLOTTE ST @ WILBROD ST,369416.8093,5032590.393,3/21/16,14:14,01 - Clear,01 - Dry,02 - Stop sign,02 - Intersection related,01 - Daylight,02 - Non-fatal injury,07 - SMV other
3400,CHARLOTTE ST btwn DESJARDINS AVE & CLARENCE ST E,369038.6311,5033177.667,8/14/16,17:46,01 - Clear,01 - Dry,10 - No control,01 - Non intersection,01 - Daylight,03 - P.D. only,07 - SMV other
3401,CHARLOTTE ST btwn DESJARDINS AVE & CLARENCE ST E,369032.1472,5033187.12,8/25/16,12:33,01 - Clear,01 - Dry,10 - No control,01 - Non intersection,01 - Daylight,03 - P.D. only,06 - SMV unattended vehicle
3402,CHARLOTTE ST btwn STEWART ST & WILBROD ST,369387.3009,5032638.027,9/18/16,1:30,01 - Clear,02 - Wet,10 - No control,04 - At/near private drive,07 - Dark,03 - P.D. only,06 - SMV unattended vehicle
3403,CHARLOTTE ST btwn WILBROD ST & LAURIER AVE E,369470.8843,5032498.938,12/17/16,3:28,02 - Rain,04 - Slush,10 - No control,01 - Non intersection,07 - Dark,03 - P.D. only,07 - SMV other
3404,CHARLTON DR @ MATHESON RD,373199.0632,5033127.798,2/13/16,10:15,01 - Clear,06 - Ice,02 - Stop sign,03 - At intersection,01 - Daylight,03 - P.D. only,02 - Angle
3405,CHENIER WAY btwn CARRIGAN DR & WILKIE DR,384438.1222,5037261.239,7/4/16,19:30,01 - Clear,01 - Dry,10 - No control,04 - At/near private drive,01 - Daylight,03 - P.D. only,99 - Other
3406,CHERRY DR btwn SUNNYSIDE DR & SPINDLE WAY,351149.8455,5012766.618,3/2/16,20:50,01 - Clear,04 - Slush,10 - No control,04 - At/near private drive,07 - Dark,03 - P.D. only,06 - SMV unattended vehicle
3407,CHESLEY ST @ BANK ST,368995.6601,5028204.465,7/9/16,13:18,02 - Rain,02 - Wet,02 - Stop sign,02 - Intersection related,01 - Daylight,03 - P.D. only,02 - Angle
3408,CHESLEY ST @ BANK ST,368997.5442,5028204.163,10/24/16,16:13,01 - Clear,01 - Dry,02 - Stop sign,02 - Intersection related,01 - Daylight,03 - P.D. only,03 - Rear end
3409,CHESTER CRES E @ EXETER DR,363565.5648,5014995.69,8/5/16,10:39,01 - Clear,01 - Dry,02 - Stop sign,02 - Intersection related,01 - Daylight,02 - Non-fatal injury,02 - Angle
3410,CHESTERTON DR @ MEADOWLANDS DR,365100.9972,5024009.88,1/27/16,17:48,01 - Clear,01 - Dry,01 - Traffic signal,02 - Intersection related,07 - Dark,03 - P.D. only,03 - Rear end
3411,CHESTERTON DR @ MEADOWLANDS DR,365101.7036,5024008.819,7/8/16,15:46,01 - Clear,01 - Dry,01 - Traffic signal,02 - Intersection related,01 - Daylight,03 - P.D. only,02 - Angle
3412,CHESTERTON DR @ SOUTHVIEW CRES E,365422.145,5023857.487,12/29/16,20:44,03 - Snow,04 - Slush,02 - Stop sign,03 - At intersection,07 - Dark,03 - P.D. only,05 - Turning movement
3413,CHESTERTON DR btwn MULVAGH AVE & SOUTHVIEW CRES,365319.4236,5023847.951,10/6/16,8:33,01 - Clear,01 - Dry,10 - No control,01 - Non intersection,01 - Daylight,02 - Non-fatal injury,07 - SMV other
3414,CHESTERTON DR btwn MULVAGH AVE & SOUTHVIEW CRES,365198.9841,5023956.49,5/30/16,9:21,01 - Clear,01 - Dry,10 - No control,01 - Non intersection,01 - Daylight,03 - P.D. only,04 - Sideswipe
3415,CHESTERTON DR btwn MULVAGH AVE & SOUTHVIEW CRES,365279.6487,5023857.263,9/5/16,0:00,01 - Clear,01 - Dry,10 - No control,01 - Non intersection,00 - Unknown,03 - P.D. only,06 - SMV unattended vehicle
3416,CHESTERTON DR btwn MULVAGH AVE & SOUTHVIEW CRES,365321.1626,5023847.098,12/5/16,7:45,03 - Snow,04 - Slush,10 - No control,04 - At/near private drive,03 - Dawn,03 - P.D. only,06 - SMV unattended vehicle
3417,CHESTERTON DR/COOLSPRING CRES W @ VIEWMOUNT DR,366230.1016,5023515.041,6/10/16,17:28,01 - Clear,01 - Dry,02 - Stop sign,03 - At intersection,01 - Daylight,02 - Non-fatal injury,05 - Turning movement
3418,CHESTERTON DR/COOLSPRING CRES W @ VIEWMOUNT DR,366230.292,5023515.171,3/1/16,10:16,01 - Clear,01 - Dry,02 - Stop sign,02 - Intersection related,01 - Daylight,02 - Non-fatal injury,07 - SMV other
3419,CHESTERTON DR/COOLSPRING CRES W @ VIEWMOUNT DR,366230.6115,5023515.904,10/16/16,6:55,01 - Clear,01 - Dry,02 - Stop sign,03 - At intersection,03 - Dawn,03 - P.D. only,07 - SMV other
3420,CHESTNUT ST @ LEES AVE,369378.7127,5030784.251,7/4/16,7:23,01 - Clear,01 - Dry,02 - Stop sign,03 - At intersection,01 - Daylight,02 - Non-fatal injury,05 - Turning movement
3421,CHICKASAW CRES btwn PALOMINO DR & PALOMINO DR,354318.6143,5017444.658,11/7/16,18:45,01 - Clear,01 - Dry,10 - No control,01 - Non intersection,07 - Dark,03 - P.D. only,06 - SMV unattended vehicle
3422,CHIMO DR @ MCCLURE CRES N,352207.7175,5019089.375,2/11/16,14:46,01 - Clear,01 - Dry,02 - Stop sign,02 - Intersection related,01 - Daylight,03 - P.D. only,02 - Angle
3423,CHIPPEWA AVE btwn ST. HELEN'S PL & END,364256.1454,5024627.818,3/25/16,20:31,01 - Clear,01 - Dry,10 - No control,01 - Non intersection,07 - Dark,03 - P.D. only,06 - SMV unattended vehicle
3424,CHURCHILL AVE   N btwn CARLING AVE & END,363784.7148,5026977.461,6/13/16,15:48,01 - Clear,01 - Dry,10 - No control,01 - Non intersection,01 - Daylight,03 - P.D. only,06 - SMV unattended vehicle
3425,CHURCHILL AVE   N btwn CARLING AVE & END,363806.4251,5026902.232,3/1/16,15:00,01 - Clear,02 - Wet,10 - No control,01 - Non intersection,01 - Daylight,03 - P.D. only,06 - SMV unattended vehicle
3426,CHURCHILL AVE   N btwn PRINCETON AVE & AVONDALE AVE,363497.704,5027664.004,8/22/16,17:45,01 - Clear,01 - Dry,10 - No control,04 - At/near private drive,01 - Daylight,03 - P.D. only,99 - Other
3427,CHURCHILL AVE   N btwn RAVENHILL AVE & KENWOOD AVE,363329.9859,5028053.792,2/14/16,12:50,01 - Clear,01 - Dry,10 - No control,04 - At/near private drive,01 - Daylight,03 - P.D. only,99 - Other
3428,CHURCHILL AVE   N btwn RICHMOND RD & DANFORTH AVE,363232.6628,5028284.27,12/16/16,15:45,01 - Clear,01 - Dry,10 - No control,01 - Non intersection,01 - Daylight,02 - Non-fatal injury,07 - SMV other
3429,CHURCHILL AVE   N btwn RICHMOND RD & DANFORTH AVE,363235.1811,5028273.379,2/11/16,15:37,01 - Clear,01 - Dry,10 - No control,01 - Non intersection,01 - Daylight,03 - P.D. only,03 - Rear end
3430,CHURCHILL AVE   N btwn RICHMOND RD & DANFORTH AVE,363232.731,5028281.071,1/4/16,11:23,01 - Clear,03 - Loose snow,10 - No control,01 - Non intersection,01 - Daylight,03 - P.D. only,04 - Sideswipe
3431,CHURCHILL AVE   N btwn SCOTT ST & WILMONT AVE,363121.0249,5028532.138,11/28/16,13:59,01 - Clear,01 - Dry,10 - No control,01 - Non intersection,01 - Daylight,02 - Non-fatal injury,07 - SMV other
3432,CHURCHILL AVE   N btwn WHITBY AVE & MADISON AVE,363187.7585,5028380.819,2/24/16,16:09,04 - Freezing Rain,04 - Slush,10 - No control,04 - At/near private drive,01 - Daylight,03 - P.D. only,05 - Turning movement
3433,CHURCHILL AVE @ CLARE ST/PRINCETON AVE,363460.882,5027751.371,9/29/16,11:55,01 - Clear,01 - Dry,01 - Traffic signal,02 - Intersection related,01 - Daylight,03 - P.D. only,01 - Approaching
3434,CHURCHILL AVE @ LANARK AVE,362985.5146,5028799.929,7/4/16,13:41,01 - Clear,01 - Dry,02 - Stop sign,03 - At intersection,01 - Daylight,02 - Non-fatal injury,03 - Rear end
3435,CHURCHILL AVE @ MADISON AVE,363194.2409,5028366.713,10/25/16,18:16,01 - Clear,01 - Dry,02 - Stop sign,03 - At intersection,07 - Dark,03 - P.D. only,02 - Angle
3436,CHURCHILL AVE @ RICHMOND RD,363227.0174,5028293.228,6/2/16,14:22,01 - Clear,01 - Dry,01 - Traffic signal,03 - At intersection,01 - Daylight,02 - Non-fatal injury,07 - SMV other
3437,CHURCHILL AVE @ RICHMOND RD,363228.522,5028294.622,12/31/16,12:01,03 - Snow,03 - Loose snow,01 - Traffic signal,03 - At intersection,01 - Daylight,02 - Non-fatal injury,07 - SMV other
3438,CHURCHILL AVE @ RICHMOND RD,363228.3702,5028292.777,6/17/16,5:29,01 - Clear,01 - Dry,01 - Traffic signal,03 - At intersection,03 - Dawn,03 - P.D. only,02 - Angle
3439,CHURCHILL AVE @ RICHMOND RD,363228.5807,5028291.221,1/4/16,12:08,01 - Clear,02 - Wet,01 - Traffic signal,02 - Intersection related,01 - Daylight,03 - P.D. only,03 - Rear end
3440,CHURCHILL AVE @ RICHMOND RD,363227.6651,5028292.395,8/7/16,12:12,01 - Clear,01 - Dry,01 - Traffic signal,02 - Intersection related,01 - Daylight,03 - P.D. only,03 - Rear end
3441,CHURCHILL AVE @ RICHMOND RD,363227.6938,5028292.965,8/13/16,0:00,01 - Clear,01 - Dry,01 - Traffic signal,02 - Intersection related,00 - Unknown,03 - P.D. only,06 - SMV unattended vehicle
3442,CHURCHILL AVE @ RICHMOND RD,363229.3501,5028292.965,12/9/16,8:40,01 - Clear,06 - Ice,01 - Traffic signal,02 - Intersection related,01 - Daylight,03 - P.D. only,03 - Rear end
3443,CHURCHILL AVE @ SCOTT ST,363095.7873,5028584.769,2/18/16,7:15,01 - Clear,06 - Ice,02 - Stop sign,02 - Intersection related,01 - Daylight,03 - P.D. only,07 - SMV other
3444,CHURCHILL AVE @ WHITBY AVE,363161.0089,5028441.101,6/21/16,12:10,01 - Clear,01 - Dry,02 - Stop sign,03 - At intersection,01 - Daylight,03 - P.D. only,02 - Angle
3445,CINNABAR WAY btwn GRAPHITE RD & SLATE ST,351525.4042,5014799.888,3/5/16,18:49,01 - Clear,01 - Dry,10 - No control,01 - Non intersection,05 - Dusk,03 - P.D. only,06 - SMV unattended vehicle
3446,CITIPLACE DR btwn COLONNADE RD N & Continuation of CITIPLACE DR,366881.3698,5023348.716,12/23/16,0:00,02 - Rain,02 - Wet,10 - No control,01 - Non intersection,00 - Unknown,03 - P.D. only,06 - SMV unattended vehicle
3447,CITY PARK DR btwn OGILVIE RD & WILBURY RD,373861.5311,5032729.74,12/16/16,9:32,01 - Clear,02 - Wet,10 - No control,04 - At/near private drive,01 - Daylight,03 - P.D. only,05 - Turning movement
3448,CITYVIEW CRES btwn ANTIGONISH AVE N & ANTIGONISH AVE S,384882.9883,5039073.464,12/8/16,15:07,01 - Clear,01 - Dry,10 - No control,04 - At/near private drive,01 - Daylight,03 - P.D. only,06 - SMV unattended vehicle
3449,CLARE ST btwn KIRKWOOD AVE & HILSON AVE,364074.5526,5027976.918,4/28/16,16:30,01 - Clear,01 - Dry,10 - No control,01 - Non intersection,01 - Daylight,03 - P.D. only,99 - Other
3450,CLARE ST btwn LADEROUTE AVE & WESTHAVEN CRES,364000.4437,5027948.292,11/9/16,15:43,01 - Clear,01 - Dry,10 - No control,01 - Non intersection,01 - Daylight,03 - P.D. only,07 - SMV other
3451,CLARENCE ST    E btwn COBOURG ST & CHARLOTTE ST,368982.7962,5033076.42,3/30/16,12:05,01 - Clear,01 - Dry,10 - No control,01 - Non intersection,01 - Daylight,03 - P.D. only,02 - Angle
3452,CLARENCE ST @ COBOURG ST,368947.2249,5033057.005,9/9/16,8:23,01 - Clear,01 - Dry,02 - Stop sign,02 - Intersection related,01 - Daylight,03 - P.D. only,03 - Rear end
3453,CLARENCE ST @ CUMBERLAND ST,368213.356,5032607.368,2/20/16,4:17,03 - Snow,03 - Loose snow,02 - Stop sign,03 - At intersection,07 - Dark,03 - P.D. only,02 - Angle
3454,CLARENCE ST @ CUMBERLAND ST,368212.9169,5032607.368,5/1/16,12:03,02 - Rain,02 - Wet,02 - Stop sign,03 - At intersection,01 - Daylight,03 - P.D. only,02 - Angle
3455,CLARENCE ST @ DALHOUSIE ST,368042.2,5032503.43,5/26/16,21:49,01 - Clear,01 - Dry,01 - Traffic signal,03 - At intersection,07 - Dark,02 - Non-fatal injury,07 - SMV other
3456,CLARENCE ST @ DALHOUSIE ST,368042.0409,5032502.939,1/25/16,13:22,01 - Clear,02 - Wet,01 - Traffic signal,03 - At intersection,01 - Daylight,02 - Non-fatal injury,07 - SMV other
3457,CLARENCE ST @ DALHOUSIE ST,368041.5772,5032502.925,4/16/16,2:36,01 - Clear,01 - Dry,01 - Traffic signal,02 - Intersection related,07 - Dark,03 - P.D. only,03 - Rear end
3458,CLARENCE ST @ KING EDWARD AVE,368336.0443,5032681.999,11/13/16,13:11,01 - Clear,01 - Dry,02 - Stop sign,02 - Intersection related,01 - Daylight,02 - Non-fatal injury,03 - Rear end
3459,CLARENCE ST @ KING EDWARD AVE,368337.7006,5032680.343,11/22/16,15:15,01 - Clear,01 - Dry,02 - Stop sign,03 - At intersection,01 - Daylight,03 - P.D. only,03 - Rear end
3460,CLARENCE ST @ PARENT AVE,367906.1624,5032417.36,7/24/16,0:02,01 - Clear,01 - Dry,02 - Stop sign,02 - Intersection related,07 - Dark,03 - P.D. only,05 - Turning movement
3461,CLARENCE ST btwn DALHOUSIE ST & CUMBERLAND ST,368057.6063,5032513.95,11/30/16,0:30,01 - Clear,01 - Dry,10 - No control,01 - Non intersection,07 - Dark,03 - P.D. only,06 - SMV unattended vehicle
3462,CLARENCE ST btwn DALHOUSIE ST & CUMBERLAND ST,368185.3682,5032589.783,12/6/16,0:00,03 - Snow,03 - Loose snow,10 - No control,01 - Non intersection,00 - Unknown,03 - P.D. only,06 - SMV unattended vehicle
3463,CLARENCE ST btwn SUSSEX DR & BY WARD MARKET SQ,367761.4461,5032327.948,2/27/16,2:40,01 - Clear,01 - Dry,10 - No control,01 - Non intersection,07 - Dark,03 - P.D. only,07 - SMV other
3464,CLARENCE ST btwn SUSSEX DR & BY WARD MARKET SQ,367855.1982,5032385.491,2/27/16,11:28,01 - Clear,01 - Dry,10 - No control,01 - Non intersection,01 - Daylight,03 - P.D. only,06 - SMV unattended vehicle
3465,CLARENCE ST btwn SUSSEX DR & BY WARD MARKET SQ,367816.8576,5032363.671,1/5/16,0:00,01 - Clear,01 - Dry,10 - No control,01 - Non intersection,00 - Unknown,03 - P.D. only,06 - SMV unattended vehicle
3466,CLARENCE ST btwn SUSSEX DR & BY WARD MARKET SQ,367837.4065,5032376.686,1/22/16,6:00,01 - Clear,01 - Dry,10 - No control,01 - Non intersection,07 - Dark,03 - P.D. only,07 - SMV other
3467,CLARENCE ST btwn WILLIAM ST & DALHOUSIE ST,368016.8858,5032486.763,4/29/16,2:40,01 - Clear,01 - Dry,10 - No control,01 - Non intersection,07 - Dark,02 - Non-fatal injury,07 - SMV other
3468,CLARENDON AVE @ WELLINGTON ST,364530.8671,5029023.976,9/14/16,7:44,01 - Clear,01 - Dry,01 - Traffic signal,02 - Intersection related,01 - Daylight,03 - P.D. only,03 - Rear end
3469,CLAREY AVE @ BANK ST,368452.6861,5029269.94,4/5/16,21:45,01 - Clear,01 - Dry,02 - Stop sign,03 - At intersection,07 - Dark,02 - Non-fatal injury,05 - Turning movement
3470,CLAREY AVE btwn BANK ST & END,368560.3674,5029332.91,11/25/16,3:33,03 - Snow,03 - Loose snow,10 - No control,01 - Non intersection,"08 - Dark, artificial",03 - P.D. only,06 - SMV unattended vehicle
3471,CLARIDGE DR btwn BEATRICE DR & SLEAFORD GT,365238.9438,5016533.071,1/9/16,20:00,02 - Rain,02 - Wet,10 - No control,01 - Non intersection,07 - Dark,03 - P.D. only,06 - SMV unattended vehicle
3472,CLARIDGE DR btwn BEATRICE DR & SLEAFORD GT,365223.7012,5016530.443,9/16/16,8:10,01 - Clear,01 - Dry,10 - No control,01 - Non intersection,01 - Daylight,03 - P.D. only,06 - SMV unattended vehicle
3473,CLARIDGE DR btwn PORTRUSH AVE & DEERCROFT AVE,364800.2376,5015561.808,10/31/16,14:22,01 - Clear,01 - Dry,10 - No control,04 - At/near private drive,01 - Daylight,02 - Non-fatal injury,07 - SMV other
3474,CLARIDGE DR btwn TOTTERIDGE AVE & FAIRLOP WAY,364542.2336,5016061.689,5/1/16,23:43,01 - Clear,01 - Dry,10 - No control,01 - Non intersection,07 - Dark,03 - P.D. only,06 - SMV unattended vehicle
3475,CLARKE AVE @ CUMMINGS AVE,372173.063,5033617.937,11/30/16,15:41,01 - Clear,01 - Dry,02 - Stop sign,03 - At intersection,01 - Daylight,03 - P.D. only,02 - Angle
3476,CLAYTON RD @ RUSSELL RD,397400.3366,5028535.704,4/22/16,8:16,02 - Rain,02 - Wet,02 - Stop sign,03 - At intersection,01 - Daylight,03 - P.D. only,07 - SMV other
3477,CLEARBROOK DR btwn CHAPMAN MILLS DR & ROSWELL DR,365998.2066,5014943.894,6/2/16,20:35,01 - Clear,01 - Dry,10 - No control,04 - At/near private drive,05 - Dusk,03 - P.D. only,05 - Turning movement
3478,CLEARBROOK DR btwn LONGFIELDS DR & SILVERSTONE WAY,364702.4336,5014992.871,12/29/16,11:49,03 - Snow,03 - Loose snow,10 - No control,01 - Non intersection,01 - Daylight,03 - P.D. only,03 - Rear end
3479,CLEARBROOK DR/MARKETPLACE AVE @ LONGFIELDS DR,364631.7964,5014953.014,9/16/16,8:10,01 - Clear,01 - Dry,01 - Traffic signal,03 - At intersection,01 - Daylight,02 - Non-fatal injury,02 - Angle
3480,CLEARBROOK DR/MARKETPLACE AVE @ LONGFIELDS DR,364632.7097,5014953.455,10/6/16,16:03,01 - Clear,01 - Dry,01 - Traffic signal,02 - Intersection related,01 - Daylight,02 - Non-fatal injury,02 - Angle
3481,CLEARBROOK DR/MARKETPLACE AVE @ LONGFIELDS DR,364632.5539,5014953.996,12/9/16,8:25,01 - Clear,06 - Ice,01 - Traffic signal,02 - Intersection related,01 - Daylight,02 - Non-fatal injury,03 - Rear end
3482,CLEARBROOK DR/MARKETPLACE AVE @ LONGFIELDS DR,364631.203,5014953.331,8/10/16,12:11,01 - Clear,01 - Dry,01 - Traffic signal,03 - At intersection,01 - Daylight,03 - P.D. only,05 - Turning movement