Record,Location,X,Y,Date,Time,Environment,Road_Surface,Traffic_Control,Collision_Location,Light,Collision_Classification,Impact_type
3483,CLEARBROOK DR/MARKETPLACE AVE @ LONGFIELDS DR,364632.5202,5014954.164,1/4/16,17:04,01 - Clear,01 - Dry,01 - Traffic signal,02 - Intersection related,05 - Dusk,03 - P.D. only,03 - Rear end
3484,CLEARBROOK DR/MARKETPLACE AVE @ LONGFIELDS DR,364632.0964,5014954.383,3/28/16,9:30,02 - Rain,02 - Wet,01 - Traffic signal,03 - At intersection,01 - Daylight,03 - P.D. only,05 - Turning movement
3485,CLEARCREST CRES btwn PRINCESS LOUISE DR & FOXWOOD CRT (2),384320.2445,5038463.147,2/7/16,10:29,01 - Clear,05 - Packed snow,10 - No control,01 - Non intersection,01 - Daylight,03 - P.D. only,06 - SMV unattended vehicle
3486,CLEARVIEW AVE @ ISLAND PARK DR,363546.6203,5029364.6,2/10/16,16:25,03 - Snow,02 - Wet,02 - Stop sign,02 - Intersection related,01 - Daylight,03 - P.D. only,03 - Rear end
3487,CLEARVIEW AVE @ ISLAND PARK DR,363546.6203,5029364.388,2/12/16,7:16,01 - Clear,06 - Ice,02 - Stop sign,02 - Intersection related,01 - Daylight,03 - P.D. only,03 - Rear end
3488,CLEARVIEW AVE @ ISLAND PARK DR,363545.0369,5029362.639,6/10/16,17:21,01 - Clear,01 - Dry,02 - Stop sign,03 - At intersection,01 - Daylight,03 - P.D. only,02 - Angle
3489,CLEARVIEW AVE @ ISLAND PARK DR,363547.0937,5029365.039,12/12/16,16:12,01 - Clear,02 - Wet,02 - Stop sign,02 - Intersection related,05 - Dusk,03 - P.D. only,03 - Rear end
3490,CLEGG ST @ COLONEL BY DR,368968.018,5029740.47,1/22/16,18:50,01 - Clear,01 - Dry,01 - Traffic signal,02 - Intersection related,07 - Dark,02 - Non-fatal injury,03 - Rear end
3491,CLEGG ST @ COLONEL BY DR,368966.9464,5029742.531,8/20/16,17:20,01 - Clear,01 - Dry,01 - Traffic signal,02 - Intersection related,01 - Daylight,02 - Non-fatal injury,02 - Angle
3492,CLEGG ST @ COLONEL BY DR,368968.1497,5029741.94,2/22/16,6:55,01 - Clear,02 - Wet,01 - Traffic signal,02 - Intersection related,03 - Dawn,02 - Non-fatal injury,04 - Sideswipe
3493,CLEGG ST @ COLONEL BY DR,368967.9466,5029742.06,7/31/16,9:41,01 - Clear,01 - Dry,01 - Traffic signal,02 - Intersection related,01 - Daylight,03 - P.D. only,99 - Other
3494,CLEGG ST @ COLONEL BY DR,368967.5118,5029741.652,1/23/16,14:38,01 - Clear,01 - Dry,01 - Traffic signal,02 - Intersection related,01 - Daylight,03 - P.D. only,07 - SMV other
3495,CLEGG ST @ COLONEL BY DR,368968.491,5029740.856,10/3/16,17:40,01 - Clear,01 - Dry,01 - Traffic signal,03 - At intersection,01 - Daylight,03 - P.D. only,03 - Rear end
3496,CLEGG ST @ COLONEL BY DR,368968.5683,5029743.42,11/30/16,20:10,02 - Rain,02 - Wet,01 - Traffic signal,03 - At intersection,07 - Dark,03 - P.D. only,05 - Turning movement
3497,CLEGG ST @ COLONEL BY DR,368968.9526,5029742.145,9/3/16,8:30,01 - Clear,01 - Dry,01 - Traffic signal,02 - Intersection related,01 - Daylight,03 - P.D. only,03 - Rear end
3498,CLEGG ST @ COLONEL BY DR,368968.8478,5029742.653,1/6/16,13:37,01 - Clear,02 - Wet,01 - Traffic signal,02 - Intersection related,01 - Daylight,03 - P.D. only,03 - Rear end
3499,CLEGG ST @ MAIN ST,369271.9229,5029921.488,1/17/16,6:45,03 - Snow,03 - Loose snow,01 - Traffic signal,02 - Intersection related,07 - Dark,03 - P.D. only,03 - Rear end
3500,CLEMENTINE BLVD @ HERON RD,369547.5321,5026786.797,2/8/16,10:19,01 - Clear,01 - Dry,01 - Traffic signal,02 - Intersection related,01 - Daylight,03 - P.D. only,04 - Sideswipe
3501,CLEMENTINE BLVD @ HERON RD,369546.8926,5026784.466,11/2/16,9:36,01 - Clear,01 - Dry,01 - Traffic signal,02 - Intersection related,01 - Daylight,03 - P.D. only,03 - Rear end
3502,CLEMENTINE BLVD @ HERON RD,369547.5684,5026786.662,4/22/16,14:56,01 - Clear,01 - Dry,01 - Traffic signal,02 - Intersection related,01 - Daylight,03 - P.D. only,03 - Rear end
3503,CLEMENTINE BLVD @ HERON RD,369546.0645,5026785.294,9/2/16,12:09,01 - Clear,01 - Dry,01 - Traffic signal,03 - At intersection,01 - Daylight,03 - P.D. only,07 - SMV other
3504,CLEMENTINE BLVD @ HERON RD,369548.549,5026787.778,11/25/16,7:51,03 - Snow,04 - Slush,01 - Traffic signal,03 - At intersection,01 - Daylight,03 - P.D. only,07 - SMV other
3505,CLEMENTINE BLVD @ ROCKINGHAM AVE,369482.4317,5027286.71,2/5/16,22:39,01 - Clear,01 - Dry,02 - Stop sign,02 - Intersection related,07 - Dark,03 - P.D. only,03 - Rear end
3506,CLEMENTINE BLVD @ SECORD AVE,369541.4988,5026883.869,6/4/16,17:50,01 - Clear,01 - Dry,02 - Stop sign,02 - Intersection related,01 - Daylight,03 - P.D. only,07 - SMV other
3507,CLEMENTINE BLVD btwn RICHARD AVE & SECORD AVE,369529.6497,5026923.404,1/13/16,8:43,01 - Clear,04 - Slush,10 - No control,01 - Non intersection,01 - Daylight,03 - P.D. only,03 - Rear end
3508,CLEMOW AVE @ BRONSON AVE,367422.3665,5029395.488,7/26/16,16:32,01 - Clear,01 - Dry,02 - Stop sign,02 - Intersection related,01 - Daylight,03 - P.D. only,03 - Rear end
3509,CLEOPATRA DR btwn WEST HUNT CLUB RD & CAMELOT DR,365317.4897,5021496.882,12/14/16,15:34,01 - Clear,01 - Dry,10 - No control,04 - At/near private drive,01 - Daylight,03 - P.D. only,02 - Angle
3510,CLERMONT CRES btwn AQUAVIEW DR & AQUAVIEW DR,385478.4817,5036049.58,11/25/16,0:00,03 - Snow,04 - Slush,10 - No control,01 - Non intersection,00 - Unknown,03 - P.D. only,06 - SMV unattended vehicle
3511,CLEROUX CRES E @ INNES RD E,379411.9055,5033668.047,11/6/16,14:40,01 - Clear,01 - Dry,02 - Stop sign,03 - At intersection,01 - Daylight,03 - P.D. only,04 - Sideswipe
3512,CLEROUX CRES W @ INNES RD,379018.2294,5033438.323,9/2/16,8:20,01 - Clear,01 - Dry,01 - Traffic signal,02 - Intersection related,01 - Daylight,03 - P.D. only,03 - Rear end
3513,CLIFTON RD @ RICHMOND RD,363708.9082,5028599.661,2/28/16,9:45,01 - Clear,02 - Wet,02 - Stop sign,03 - At intersection,01 - Daylight,03 - P.D. only,02 - Angle
3514,CLIFTON RD @ RICHMOND RD,363708.4667,5028598.77,10/29/16,15:50,01 - Clear,01 - Dry,02 - Stop sign,03 - At intersection,01 - Daylight,03 - P.D. only,02 - Angle
3515,CLOVER ST @ HERON RD,369292.0498,5026764.766,3/5/16,22:23,01 - Clear,01 - Dry,01 - Traffic signal,03 - At intersection,07 - Dark,03 - P.D. only,05 - Turning movement
3516,CLOVER ST @ HERON RD,369293.3921,5026763.416,6/18/16,18:06,01 - Clear,01 - Dry,01 - Traffic signal,02 - Intersection related,01 - Daylight,03 - P.D. only,04 - Sideswipe
3517,CLOVER ST @ HERON RD,369292.9377,5026764.322,2/23/16,6:30,01 - Clear,01 - Dry,01 - Traffic signal,02 - Intersection related,03 - Dawn,03 - P.D. only,03 - Rear end
3518,CLOVER ST @ HERON RD,369291.5438,5026766.888,5/12/16,23:06,01 - Clear,01 - Dry,01 - Traffic signal,02 - Intersection related,07 - Dark,03 - P.D. only,04 - Sideswipe
3519,CLOVER ST @ HERON RD,369292.0339,5026764.544,8/8/16,17:22,01 - Clear,01 - Dry,01 - Traffic signal,02 - Intersection related,01 - Daylight,03 - P.D. only,03 - Rear end
3520,CLYDE AVE @ CLYDE AVE,364378.0242,5024845.723,12/10/16,11:35,01 - Clear,01 - Dry,01 - Traffic signal,02 - Intersection related,01 - Daylight,02 - Non-fatal injury,03 - Rear end
3521,CLYDE AVE @ DOHENY ST,363590.4245,5026702.191,2/18/16,19:12,04 - Freezing Rain,06 - Ice,01 - Traffic signal,02 - Intersection related,07 - Dark,02 - Non-fatal injury,03 - Rear end
3522,CLYDE AVE @ DOHENY ST,363590.472,5026700.872,2/18/16,7:00,01 - Clear,06 - Ice,01 - Traffic signal,02 - Intersection related,03 - Dawn,03 - P.D. only,03 - Rear end
3523,CLYDE AVE @ MAITLAND AVE,364250.5217,5025142.587,12/8/16,19:18,03 - Snow,06 - Ice,03 - Yield sign,03 - At intersection,07 - Dark,03 - P.D. only,07 - SMV other
3524,CLYDE AVE @ STARWOOD RD,364459.4762,5024656.862,2/24/16,22:51,04 - Freezing Rain,02 - Wet,02 - Stop sign,03 - At intersection,07 - Dark,03 - P.D. only,02 - Angle
3525,CLYDE AVE @ STARWOOD RD,364458.598,5024657.74,10/26/16,21:26,01 - Clear,01 - Dry,02 - Stop sign,03 - At intersection,07 - Dark,03 - P.D. only,02 - Angle
3526,CLYDE AVE @ STARWOOD RD,364460.3175,5024657.353,10/24/16,15:43,01 - Clear,01 - Dry,02 - Stop sign,03 - At intersection,01 - Daylight,03 - P.D. only,02 - Angle
3527,CLYDE AVE @ WOODWARD DR,363732.3412,5026364.184,1/23/16,2:55,01 - Clear,02 - Wet,02 - Stop sign,03 - At intersection,07 - Dark,03 - P.D. only,07 - SMV other
3528,CLYDE AVE btwn BASELINE RD & CLYDE AVE,364368.5826,5024868.339,2/9/16,9:05,03 - Snow,03 - Loose snow,10 - No control,04 - At/near private drive,01 - Daylight,03 - P.D. only,03 - Rear end
3529,CLYDE AVE btwn BASELINE RD & CLYDE AVE,364365.5012,5024875.121,6/4/16,19:26,01 - Clear,01 - Dry,10 - No control,04 - At/near private drive,01 - Daylight,03 - P.D. only,02 - Angle
3530,CLYDE AVE btwn DOHENY ST & DOBBIE ST,363612.005,5026648.684,1/5/16,10:18,01 - Clear,04 - Slush,10 - No control,01 - Non intersection,01 - Daylight,03 - P.D. only,06 - SMV unattended vehicle
3531,CLYDE AVE btwn DOHENY ST & DOBBIE ST,363649.9543,5026566.413,1/16/16,6:46,01 - Clear,01 - Dry,10 - No control,04 - At/near private drive,07 - Dark,03 - P.D. only,05 - Turning movement
3532,CLYDE AVE btwn MAITLAND AVE & BASELINE RD,364331.298,5024955.724,8/12/16,16:32,02 - Rain,02 - Wet,10 - No control,01 - Non intersection,01 - Daylight,03 - P.D. only,03 - Rear end
3533,CLYDE AVE btwn MAITLAND AVE & BASELINE RD,364290.7616,5025047.154,2/17/16,18:08,03 - Snow,04 - Slush,10 - No control,01 - Non intersection,05 - Dusk,03 - P.D. only,05 - Turning movement
3534,CLYDE AVE btwn MAITLAND AVE & BASELINE RD,364337.8471,5024939.909,9/10/16,15:00,01 - Clear,02 - Wet,10 - No control,01 - Non intersection,01 - Daylight,03 - P.D. only,07 - SMV other
3535,CLYDE AVE btwn STARWOOD RD & LOTTA AVE,364510.2081,5024537.814,2/12/16,10:35,01 - Clear,01 - Dry,10 - No control,01 - Non intersection,01 - Daylight,03 - P.D. only,03 - Rear end
3536,COBB CRT btwn THARE CRES & END,363965.5108,5016925.988,2/17/16,14:45,01 - Clear,01 - Dry,10 - No control,04 - At/near private drive,01 - Daylight,03 - P.D. only,99 - Other
3537,COBBLE HILL DR @ SIMRAN PRIV,361667.3049,5014127.109,10/21/16,19:25,02 - Rain,02 - Wet,02 - Stop sign,03 - At intersection,07 - Dark,03 - P.D. only,02 - Angle
3538,COBBLE HILL DR btwn HAWKSHAW CRES N & HAWKSHAW CRES S,361164.9036,5014960.371,1/28/16,0:00,01 - Clear,01 - Dry,10 - No control,01 - Non intersection,00 - Unknown,03 - P.D. only,06 - SMV unattended vehicle
3539,COBDEN RD @ ELMIRA DR,361339.467,5023928.169,1/31/16,21:35,02 - Rain,02 - Wet,03 - Yield sign,03 - At intersection,07 - Dark,02 - Non-fatal injury,07 - SMV other
3540,COBOURG ST @ HENEY ST,368992.3684,5032991.805,2/13/16,13:45,01 - Clear,02 - Wet,02 - Stop sign,03 - At intersection,01 - Daylight,03 - P.D. only,02 - Angle
3541,COBOURG ST @ OLD ST. PATRICK ST,368820.7057,5033173.968,1/6/16,7:40,01 - Clear,03 - Loose snow,02 - Stop sign,03 - At intersection,03 - Dawn,02 - Non-fatal injury,07 - SMV other
3542,COBOURG ST @ OLD ST. PATRICK ST,368820.4862,5033173.373,10/18/16,8:10,02 - Rain,02 - Wet,02 - Stop sign,02 - Intersection related,01 - Daylight,03 - P.D. only,04 - Sideswipe
3543,COBOURG ST @ RIDEAU ST,369128.0476,5032788.234,10/5/16,16:59,01 - Clear,01 - Dry,01 - Traffic signal,03 - At intersection,01 - Daylight,02 - Non-fatal injury,02 - Angle
3544,COBOURG ST @ RIDEAU ST,369128.693,5032787.913,6/15/16,5:58,01 - Clear,01 - Dry,01 - Traffic signal,03 - At intersection,01 - Daylight,02 - Non-fatal injury,07 - SMV other
3545,COBOURG ST @ RIDEAU ST,369129.8336,5032786.899,4/21/16,18:22,01 - Clear,01 - Dry,01 - Traffic signal,02 - Intersection related,01 - Daylight,03 - P.D. only,03 - Rear end
3546,COBOURG ST @ RIDEAU ST,369127.6085,5032787.356,9/18/16,15:02,01 - Clear,01 - Dry,01 - Traffic signal,02 - Intersection related,01 - Daylight,03 - P.D. only,04 - Sideswipe
3547,COBOURG ST @ ST. PATRICK ST,368803.3659,5033233.808,9/20/16,11:45,01 - Clear,01 - Dry,01 - Traffic signal,03 - At intersection,01 - Daylight,02 - Non-fatal injury,05 - Turning movement
3548,COBOURG ST @ ST. PATRICK ST,368801.7573,5033233.788,11/2/16,8:54,01 - Clear,01 - Dry,01 - Traffic signal,02 - Intersection related,01 - Daylight,02 - Non-fatal injury,03 - Rear end
3549,COBOURG ST @ ST. PATRICK ST,368802.2399,5033235.371,1/25/16,10:57,01 - Clear,02 - Wet,01 - Traffic signal,02 - Intersection related,01 - Daylight,03 - P.D. only,03 - Rear end
3550,COBOURG ST @ ST. PATRICK ST,368802.0713,5033232.699,5/9/16,16:50,01 - Clear,01 - Dry,01 - Traffic signal,02 - Intersection related,01 - Daylight,03 - P.D. only,03 - Rear end
3551,COBOURG ST @ TORMEY ST,369081.3678,5032855.484,6/25/16,10:10,01 - Clear,01 - Dry,02 - Stop sign,03 - At intersection,01 - Daylight,03 - P.D. only,05 - Turning movement
3552,COBOURG ST btwn HENEY ST & BEAUSOLEIL DR,368999.0407,5032980.841,9/6/16,14:19,01 - Clear,01 - Dry,10 - No control,01 - Non intersection,01 - Daylight,03 - P.D. only,04 - Sideswipe
3553,COBOURG ST btwn RIDEAU ST & END,369134.7736,5032778.587,2/25/16,10:53,03 - Snow,03 - Loose snow,10 - No control,01 - Non intersection,01 - Daylight,03 - P.D. only,06 - SMV unattended vehicle
3554,COCKBURN ST btwn MARTIN ST & STRACHAN ST,357330.5538,5006049.451,3/13/16,21:44,01 - Clear,01 - Dry,10 - No control,04 - At/near private drive,07 - Dark,02 - Non-fatal injury,03 - Rear end
3555,COLDREY AVE @ KIRKWOOD AVE,364438.0369,5027135.881,2/12/16,17:54,03 - Snow,03 - Loose snow,01 - Traffic signal,02 - Intersection related,07 - Dark,03 - P.D. only,03 - Rear end
3556,COLDREY AVE @ KIRKWOOD AVE,364438.0296,5027136.318,2/13/16,10:47,01 - Clear,02 - Wet,01 - Traffic signal,03 - At intersection,01 - Daylight,03 - P.D. only,02 - Angle
3557,COLDREY AVE @ KIRKWOOD AVE,364438.471,5027135.866,4/25/16,13:47,01 - Clear,01 - Dry,01 - Traffic signal,03 - At intersection,01 - Daylight,03 - P.D. only,05 - Turning movement
3558,COLDREY AVE @ KIRKWOOD AVE,364438.921,5027135.863,6/2/16,12:47,01 - Clear,01 - Dry,01 - Traffic signal,02 - Intersection related,01 - Daylight,03 - P.D. only,03 - Rear end
3559,COLDREY AVE btwn LAPERRIERE AVE & KIRKWOOD AVE,364271.8713,5026920.138,11/24/16,11:16,01 - Clear,05 - Packed snow,10 - No control,04 - At/near private drive,01 - Daylight,03 - P.D. only,05 - Turning movement
3560,COLDWATER CRES btwn MEADOWBREEZE DR/AUTUMNFIELD ST & MEADOWBREEZE DR/RIVERTREE ST,355565.0873,5014996.42,1/1/16,13:41,01 - Clear,04 - Slush,10 - No control,01 - Non intersection,01 - Daylight,03 - P.D. only,06 - SMV unattended vehicle
3561,COLEWAY ST btwn VAAN DR & SANDY AVE,364204.2929,5020516.897,9/24/16,8:20,02 - Rain,02 - Wet,10 - No control,04 - At/near private drive,01 - Daylight,03 - P.D. only,06 - SMV unattended vehicle
3562,COLLINGTON ST btwn VILLANDRY ST & SUNVALE WAY,366991.6855,5015175.152,1/3/16,12:45,01 - Clear,03 - Loose snow,10 - No control,04 - At/near private drive,01 - Daylight,03 - P.D. only,06 - SMV unattended vehicle
3563,COLLINGTON ST/DRUMLINS AVE S @ LEN LUNNEY CRES,367145.948,5015213.791,8/5/16,19:58,01 - Clear,01 - Dry,03 - Yield sign,02 - Intersection related,01 - Daylight,03 - P.D. only,07 - SMV other
3564,COLLINS AVE @ EDGE HILL PL,370265.6169,5026724.762,2/17/16,19:28,03 - Snow,03 - Loose snow,02 - Stop sign,03 - At intersection,07 - Dark,03 - P.D. only,02 - Angle
3565,COLONEL BY DR @ COLONEL BY DR SB ON RAMP 43,367640.9274,5028439.891,6/7/16,13:00,01 - Clear,01 - Dry,02 - Stop sign,02 - Intersection related,01 - Daylight,03 - P.D. only,05 - Turning movement
3566,COLONEL BY DR @ COLONEL BY DR SB ON RAMP 43,367641.8507,5028440.766,5/30/16,20:04,01 - Clear,01 - Dry,02 - Stop sign,02 - Intersection related,01 - Daylight,03 - P.D. only,03 - Rear end
3567,COLONEL BY DR @ COLONEL BY DR SB ON RAMP 43,367640.6466,5028439.849,4/17/16,19:10,01 - Clear,01 - Dry,02 - Stop sign,02 - Intersection related,07 - Dark,03 - P.D. only,03 - Rear end
3568,COLONEL BY DR @ ECHO DR S,368543.3881,5028773.341,1/8/16,18:15,01 - Clear,02 - Wet,10 - No control,02 - Intersection related,07 - Dark,03 - P.D. only,05 - Turning movement
3569,COLONEL BY DR @ HAWTHORNE AVE/PRETORIA BRIDGE,368767.9297,5030526.226,2/15/16,14:03,01 - Clear,04 - Slush,01 - Traffic signal,03 - At intersection,01 - Daylight,03 - P.D. only,02 - Angle
3570,COLONEL BY DR @ HAWTHORNE AVE/PRETORIA BRIDGE,368767.0516,5030526.226,2/12/16,18:24,03 - Snow,03 - Loose snow,01 - Traffic signal,03 - At intersection,07 - Dark,03 - P.D. only,05 - Turning movement
3571,COLONEL BY DR @ HAWTHORNE AVE/PRETORIA BRIDGE,368767.9357,5030525.341,6/17/16,15:12,01 - Clear,01 - Dry,01 - Traffic signal,02 - Intersection related,01 - Daylight,03 - P.D. only,03 - Rear end
3572,COLONEL BY DR @ HAWTHORNE AVE/PRETORIA BRIDGE,368768.5091,5030525.833,2/14/16,17:39,01 - Clear,01 - Dry,01 - Traffic signal,02 - Intersection related,07 - Dark,03 - P.D. only,03 - Rear end
3573,COLONEL BY DR @ HAWTHORNE AVE/PRETORIA BRIDGE,368767.0368,5030525.342,2/25/16,16:45,03 - Snow,04 - Slush,01 - Traffic signal,03 - At intersection,01 - Daylight,03 - P.D. only,05 - Turning movement
3574,COLONEL BY DR @ HAWTHORNE AVE/PRETORIA BRIDGE,368767.4907,5030524.908,6/1/16,7:07,01 - Clear,01 - Dry,01 - Traffic signal,03 - At intersection,01 - Daylight,03 - P.D. only,99 - Other
3575,COLONEL BY DR @ HAWTHORNE AVE/PRETORIA BRIDGE,368767.4907,5030524.908,11/7/16,22:29,01 - Clear,01 - Dry,01 - Traffic signal,03 - At intersection,07 - Dark,03 - P.D. only,02 - Angle
3576,COLONEL BY DR @ HOG'S BACK RD,367603.5288,5025874.879,3/11/16,12:46,01 - Clear,01 - Dry,01 - Traffic signal,03 - At intersection,01 - Daylight,02 - Non-fatal injury,05 - Turning movement
3577,COLONEL BY DR @ HOG'S BACK RD,367602.3188,5025871.975,4/6/16,23:04,02 - Rain,02 - Wet,01 - Traffic signal,02 - Intersection related,07 - Dark,02 - Non-fatal injury,02 - Angle
3578,COLONEL BY DR @ HOG'S BACK RD,367601.9105,5025874.337,3/24/16,15:30,02 - Rain,04 - Slush,01 - Traffic signal,02 - Intersection related,01 - Daylight,03 - P.D. only,07 - SMV other
3579,COLONEL BY DR @ HOG'S BACK RD,367602.7094,5025873.124,10/20/16,12:30,02 - Rain,02 - Wet,01 - Traffic signal,02 - Intersection related,01 - Daylight,03 - P.D. only,03 - Rear end
3580,COLONEL BY DR @ HOG'S BACK RD,367603.5336,5025873.439,10/20/16,12:30,02 - Rain,02 - Wet,01 - Traffic signal,02 - Intersection related,01 - Daylight,03 - P.D. only,02 - Angle
3581,COLONEL BY DR @ LEONARD AVE,368227.711,5028575.108,2/19/16,19:56,03 - Snow,04 - Slush,02 - Stop sign,02 - Intersection related,07 - Dark,03 - P.D. only,03 - Rear end
3582,COLONEL BY DR @ LEONARD AVE,368227.3245,5028576.012,8/7/16,22:46,01 - Clear,01 - Dry,02 - Stop sign,02 - Intersection related,07 - Dark,03 - P.D. only,07 - SMV other
3583,COLONEL BY DR @ LEONARD AVE,368227.9711,5028575.874,10/29/16,19:00,02 - Rain,02 - Wet,02 - Stop sign,03 - At intersection,07 - Dark,03 - P.D. only,03 - Rear end
3584,COLONEL BY DR @ MAIN ST,368859.7037,5030913.332,7/25/16,19:07,01 - Clear,01 - Dry,02 - Stop sign,02 - Intersection related,01 - Daylight,03 - P.D. only,03 - Rear end
3585,COLONEL BY DR @ MAIN ST,368858.9649,5030914.922,2/10/16,13:30,01 - Clear,01 - Dry,02 - Stop sign,02 - Intersection related,01 - Daylight,03 - P.D. only,02 - Angle
3586,COLONEL BY DR @ MAIN ST,368860.4784,5030914.51,2/25/16,20:20,03 - Snow,06 - Ice,02 - Stop sign,02 - Intersection related,07 - Dark,03 - P.D. only,03 - Rear end
3587,COLONEL BY DR @ MAIN ST,368859.1998,5030915.067,5/13/16,16:14,01 - Clear,01 - Dry,02 - Stop sign,02 - Intersection related,01 - Daylight,03 - P.D. only,03 - Rear end
3588,COLONEL BY DR @ MAIN ST,368859.4797,5030914.798,1/9/16,0:30,03 - Snow,02 - Wet,02 - Stop sign,02 - Intersection related,07 - Dark,03 - P.D. only,03 - Rear end
3589,COLONEL BY DR @ MAIN ST,368860.0997,5030914.131,2/17/16,21:00,04 - Freezing Rain,06 - Ice,02 - Stop sign,02 - Intersection related,07 - Dark,03 - P.D. only,03 - Rear end
3590,COLONEL BY DR @ MAIN ST,368860.1771,5030914.811,9/16/16,13:23,01 - Clear,01 - Dry,02 - Stop sign,02 - Intersection related,01 - Daylight,03 - P.D. only,03 - Rear end
3591,COLONEL BY DR @ SENECA ST,368074.9562,5028519.705,6/11/16,8:36,01 - Clear,01 - Dry,02 - Stop sign,02 - Intersection related,01 - Daylight,03 - P.D. only,03 - Rear end
3592,COLONEL BY DR @ UNIVERSITY RD - CARLETON,367347.6942,5026848.347,10/21/16,13:50,01 - Clear,02 - Wet,01 - Traffic signal,02 - Intersection related,01 - Daylight,03 - P.D. only,07 - SMV other
3593,COLONEL BY DR @ UNIVERSITY RD - CARLETON,367368.0372,5026859.453,1/12/16,14:25,03 - Snow,04 - Slush,01 - Traffic signal,02 - Intersection related,01 - Daylight,03 - P.D. only,07 - SMV other
3594,COLONEL BY DR btwn BRONSON PL & SENECA ST,367861.3439,5028519.053,9/4/16,23:05,01 - Clear,01 - Dry,10 - No control,01 - Non intersection,07 - Dark,03 - P.D. only,03 - Rear end
3595,COLONEL BY DR btwn ECHO DR & CLEGG ST (1),368804.5748,5030438.968,2/12/16,11:20,01 - Clear,01 - Dry,10 - No control,01 - Non intersection,01 - Daylight,03 - P.D. only,03 - Rear end
3596,COLONEL BY DR btwn ECHO DR & CLEGG ST (1),368905.3206,5030181.441,9/10/16,2:55,01 - Clear,01 - Dry,10 - No control,01 - Non intersection,07 - Dark,03 - P.D. only,03 - Rear end
3597,COLONEL BY DR btwn ECHO DR & CLEGG ST (2),368572.5778,5028773.926,5/27/16,7:40,01 - Clear,01 - Dry,10 - No control,01 - Non intersection,01 - Daylight,02 - Non-fatal injury,03 - Rear end
3598,COLONEL BY DR btwn ECHO DR & CLEGG ST (2),369017.1495,5029637.526,2/13/16,14:25,01 - Clear,06 - Ice,10 - No control,01 - Non intersection,01 - Daylight,02 - Non-fatal injury,03 - Rear end
3599,COLONEL BY DR btwn ECHO DR & CLEGG ST (2),368998.4594,5028945.166,11/12/16,2:28,01 - Clear,01 - Dry,10 - No control,01 - Non intersection,07 - Dark,02 - Non-fatal injury,07 - SMV other
3600,COLONEL BY DR btwn ECHO DR & CLEGG ST (2),368670.9854,5028784.06,1/21/16,5:50,02 - Rain,04 - Slush,10 - No control,01 - Non intersection,07 - Dark,03 - P.D. only,07 - SMV other
3601,COLONEL BY DR btwn ECHO DR & CLEGG ST (2),368642.0189,5028777.676,12/18/16,2:53,03 - Snow,02 - Wet,10 - No control,01 - Non intersection,07 - Dark,03 - P.D. only,07 - SMV other
3602,COLONEL BY DR btwn HAWTHORNE AVE & MAIN ST,368851.8731,5030896.893,8/12/16,16:33,02 - Rain,02 - Wet,10 - No control,01 - Non intersection,01 - Daylight,02 - Non-fatal injury,03 - Rear end
3603,COLONEL BY DR btwn HAWTHORNE AVE & MAIN ST,368765.6093,5030533.958,7/9/16,16:36,02 - Rain,02 - Wet,10 - No control,04 - At/near private drive,01 - Daylight,03 - P.D. only,02 - Angle
3604,COLONEL BY DR btwn HAWTHORNE AVE & MAIN ST,368762.6321,5030546.661,4/10/16,17:59,01 - Clear,01 - Dry,10 - No control,04 - At/near private drive,01 - Daylight,03 - P.D. only,02 - Angle
3605,COLONEL BY DR btwn LEONARD AVE & ROSEDALE AVE,368262.2496,5028606.564,7/8/16,16:15,01 - Clear,01 - Dry,10 - No control,01 - Non intersection,01 - Daylight,02 - Non-fatal injury,03 - Rear end
3606,COLONEL BY DR btwn LEONARD AVE & ROSEDALE AVE,368266.9145,5028605.209,9/9/16,18:05,01 - Clear,01 - Dry,10 - No control,01 - Non intersection,01 - Daylight,03 - P.D. only,03 - Rear end
3607,COLONEL BY DR btwn N.D.H.Q. & OTTAWA UNIV. PED. XING,368260.355,5031745.526,2/23/16,21:20,01 - Clear,01 - Dry,10 - No control,01 - Non intersection,07 - Dark,02 - Non-fatal injury,07 - SMV other
3608,COLONEL BY DR btwn N.D.H.Q. & OTTAWA UNIV. PED. XING,368280.3934,5031737.554,8/2/16,12:41,01 - Clear,01 - Dry,10 - No control,01 - Non intersection,01 - Daylight,02 - Non-fatal injury,04 - Sideswipe
3609,COLONEL BY DR btwn RIDEAU ST & MACKENZIE AVE,367969.8656,5031965.467,2/18/16,14:26,01 - Clear,02 - Wet,10 - No control,04 - At/near private drive,01 - Daylight,02 - Non-fatal injury,99 - Other
3610,COLONEL BY DR btwn ROSEDALE AVE & ECHO DR,368307.7539,5028654.284,7/14/16,13:49,01 - Clear,02 - Wet,10 - No control,01 - Non intersection,01 - Daylight,03 - P.D. only,07 - SMV other
3611,COLONEL BY DR btwn SENECA ST & LEONARD AVE,368154.9805,5028538.22,1/25/16,9:00,01 - Clear,01 - Dry,10 - No control,01 - Non intersection,01 - Daylight,03 - P.D. only,03 - Rear end
3612,COLONEL BY DR btwn SENECA ST & LEONARD AVE,368134.6546,5028531.226,9/7/16,8:15,01 - Clear,01 - Dry,10 - No control,01 - Non intersection,01 - Daylight,03 - P.D. only,04 - Sideswipe