Record,Location,X,Y,Date,Time,Environment,Road_Surface,Traffic_Control,Collision_Location,Light,Collision_Classification,Impact_type
3613,COLONEL BY DR btwn UNIVERSITY RD & COLONEL BY DR SB ON RAMP 43,367362.1068,5027126.881,12/22/16,8:24,03 - Snow,03 - Loose snow,10 - No control,01 - Non intersection,01 - Daylight,02 - Non-fatal injury,01 - Approaching
3614,COLONEL BY DR btwn UNIVERSITY RD & COLONEL BY DR SB ON RAMP 43,367407.8048,5027240.592,5/25/16,15:53,01 - Clear,01 - Dry,10 - No control,01 - Non intersection,01 - Daylight,03 - P.D. only,03 - Rear end
3615,COLONEL BY DR btwn UNIVERSITY RD & HOG'S BACK RD,367332.8841,5026518.568,3/31/16,14:10,02 - Rain,02 - Wet,10 - No control,01 - Non intersection,01 - Daylight,03 - P.D. only,07 - SMV other
3616,COLONEL BY DR/MACKENZIE AVE @ DALY AVE,368002.4843,5031904.125,8/5/16,13:57,01 - Clear,01 - Dry,01 - Traffic signal,02 - Intersection related,01 - Daylight,03 - P.D. only,03 - Rear end
3617,COLONEL BY DR/MACKENZIE AVE @ DALY AVE,368001.5523,5031904.055,8/11/16,11:45,01 - Clear,01 - Dry,01 - Traffic signal,02 - Intersection related,01 - Daylight,03 - P.D. only,04 - Sideswipe
3618,COLONEL BY DR/SUSSEX DR @ RIDEAU ST,367920.9141,5032043.954,2/10/16,17:55,03 - Snow,02 - Wet,01 - Traffic signal,02 - Intersection related,07 - Dark,03 - P.D. only,04 - Sideswipe
3619,COLONEL BY DR/SUSSEX DR @ RIDEAU ST,367920.9419,5032044.889,1/26/16,7:31,02 - Rain,02 - Wet,01 - Traffic signal,02 - Intersection related,03 - Dawn,03 - P.D. only,03 - Rear end
3620,COLONEL BY DR/SUSSEX DR @ RIDEAU ST,367921.0834,5032044.705,1/8/16,12:56,01 - Clear,02 - Wet,01 - Traffic signal,02 - Intersection related,01 - Daylight,03 - P.D. only,04 - Sideswipe
3621,COLONEL BY DR/SUSSEX DR @ RIDEAU ST,367922.5585,5032045.074,1/2/16,16:42,01 - Clear,01 - Dry,01 - Traffic signal,03 - At intersection,05 - Dusk,03 - P.D. only,02 - Angle
3622,COLONEL BY DR/SUSSEX DR @ RIDEAU ST,367922.4956,5032044.317,4/5/16,7:20,01 - Clear,01 - Dry,01 - Traffic signal,03 - At intersection,01 - Daylight,03 - P.D. only,04 - Sideswipe
3623,COLONEL BY DR/SUSSEX DR @ RIDEAU ST,367923.2565,5032045.308,4/6/16,17:25,03 - Snow,04 - Slush,01 - Traffic signal,02 - Intersection related,01 - Daylight,03 - P.D. only,03 - Rear end
3624,COLONEL BY DR/SUSSEX DR @ RIDEAU ST,367921.6677,5032044.047,9/21/16,12:02,01 - Clear,01 - Dry,01 - Traffic signal,02 - Intersection related,01 - Daylight,03 - P.D. only,03 - Rear end
3625,COLONEL BY DR/SUSSEX DR @ RIDEAU ST,367921.6847,5032044.438,11/30/16,17:30,02 - Rain,02 - Wet,01 - Traffic signal,03 - At intersection,07 - Dark,03 - P.D. only,04 - Sideswipe
3626,COLONEL BY DR/SUSSEX DR @ RIDEAU ST,367921.4361,5032044.175,12/4/16,23:50,01 - Clear,01 - Dry,01 - Traffic signal,02 - Intersection related,07 - Dark,03 - P.D. only,03 - Rear end
3627,COLONEL MURRAY ST btwn HAMILTON ST & MARTIN ST,357116.8306,5006059.872,2/22/16,15:25,01 - Clear,01 - Dry,10 - No control,01 - Non intersection,01 - Daylight,03 - P.D. only,04 - Sideswipe
3628,COLONIAL RD @ FRANK KENNY RD,390201.4847,5032047.953,4/7/16,17:41,02 - Rain,02 - Wet,02 - Stop sign,03 - At intersection,01 - Daylight,03 - P.D. only,02 - Angle
3629,COLONIAL RD @ FRANK KENNY RD,390200.1519,5032047.284,6/28/16,16:32,01 - Clear,01 - Dry,02 - Stop sign,03 - At intersection,01 - Daylight,03 - P.D. only,02 - Angle
3630,COLONIAL RD @ HEUVELMANS RD,392776.1781,5033191.186,1/7/16,14:08,01 - Clear,01 - Dry,02 - Stop sign,02 - Intersection related,01 - Daylight,03 - P.D. only,03 - Rear end
3631,COLONIAL RD @ ROCKDALE RD,391420.6203,5032661.704,2/28/16,13:16,01 - Clear,02 - Wet,02 - Stop sign,03 - At intersection,01 - Daylight,02 - Non-fatal injury,05 - Turning movement
3632,COLONIAL RD btwn BIRCHGROVE RD & CANAAN RD,397946.1505,5035314.943,4/11/16,8:55,02 - Rain,04 - Slush,10 - No control,01 - Non intersection,01 - Daylight,03 - P.D. only,07 - SMV other
3633,COLONIAL RD btwn DESSAINT ST & SARSFIELD RD,394954.2162,5034091.275,6/25/16,21:58,01 - Clear,01 - Dry,10 - No control,04 - At/near private drive,07 - Dark,03 - P.D. only,06 - SMV unattended vehicle
3634,COLONIAL RD btwn FRANK KENNY RD & ROCKDALE RD,391096.1955,5032501.776,5/2/16,14:46,01 - Clear,01 - Dry,10 - No control,01 - Non intersection,01 - Daylight,03 - P.D. only,03 - Rear end
3635,COLONIAL RD btwn LAFLEUR RD & BIRCHGROVE RD,397574.5965,5035159.126,9/10/16,11:27,01 - Clear,01 - Dry,10 - No control,01 - Non intersection,01 - Daylight,02 - Non-fatal injury,07 - SMV other
3636,COLONNADE RD    N btwn CITIPLACE DR & COLONNADE RD S,367136.4423,5023260.103,12/7/16,16:05,01 - Clear,01 - Dry,10 - No control,04 - At/near private drive,05 - Dusk,03 - P.D. only,06 - SMV unattended vehicle
3637,COLONNADE RD @ MERIVALE RD,365365.3513,5022544.082,10/15/16,12:00,01 - Clear,01 - Dry,01 - Traffic signal,02 - Intersection related,01 - Daylight,02 - Non-fatal injury,03 - Rear end
3638,COLONNADE RD @ MERIVALE RD,365363.4755,5022545.155,7/2/16,13:31,01 - Clear,01 - Dry,01 - Traffic signal,02 - Intersection related,01 - Daylight,03 - P.D. only,03 - Rear end
3639,COLONNADE RD @ MERIVALE RD,365362.0387,5022543.254,10/13/16,7:48,02 - Rain,02 - Wet,01 - Traffic signal,02 - Intersection related,01 - Daylight,03 - P.D. only,03 - Rear end
3640,COLONNADE RD @ MERIVALE RD,365363.7011,5022544.259,11/24/16,15:56,03 - Snow,03 - Loose snow,01 - Traffic signal,03 - At intersection,05 - Dusk,03 - P.D. only,03 - Rear end
3641,COLONNADE RD @ PRINCE OF WALES DR,367394.194,5023263.05,2/25/16,20:28,04 - Freezing Rain,06 - Ice,01 - Traffic signal,03 - At intersection,07 - Dark,02 - Non-fatal injury,99 - Other
3642,COLONNADE RD @ PRINCE OF WALES DR,367395.5398,5023265.274,10/28/16,8:00,02 - Rain,02 - Wet,01 - Traffic signal,03 - At intersection,01 - Daylight,02 - Non-fatal injury,03 - Rear end
3643,COLONNADE RD @ PRINCE OF WALES DR,367394.9363,5023266.516,3/29/16,17:04,01 - Clear,01 - Dry,01 - Traffic signal,02 - Intersection related,01 - Daylight,03 - P.D. only,03 - Rear end
3644,COLONNADE RD @ PRINCE OF WALES DR,367398.6397,5023267.496,2/8/16,10:03,01 - Clear,01 - Dry,01 - Traffic signal,02 - Intersection related,01 - Daylight,03 - P.D. only,03 - Rear end
3645,COLONNADE RD @ PRINCE OF WALES DR,367394.053,5023267.614,8/28/16,12:03,01 - Clear,01 - Dry,01 - Traffic signal,03 - At intersection,01 - Daylight,03 - P.D. only,05 - Turning movement
3646,COLONNADE RD @ PRINCE OF WALES DR,367394.9371,5023267.193,6/10/16,13:07,01 - Clear,01 - Dry,01 - Traffic signal,02 - Intersection related,01 - Daylight,03 - P.D. only,03 - Rear end
3647,COLONNADE RD @ PRINCE OF WALES DR,367394.4921,5023266.736,9/29/16,16:39,01 - Clear,01 - Dry,01 - Traffic signal,03 - At intersection,01 - Daylight,03 - P.D. only,05 - Turning movement
3648,COLONNADE RD @ PRINCE OF WALES DR,367393.6139,5023266.297,1/13/16,7:07,03 - Snow,03 - Loose snow,01 - Traffic signal,03 - At intersection,03 - Dawn,03 - P.D. only,05 - Turning movement
3649,COLONNADE RD @ PRINCE OF WALES DR,367394.4861,5023266.291,5/31/16,12:00,01 - Clear,01 - Dry,01 - Traffic signal,02 - Intersection related,01 - Daylight,03 - P.D. only,03 - Rear end
3650,COLONNADE RD @ PRINCE OF WALES DR,367395.3934,5023266.062,7/22/16,12:47,01 - Clear,01 - Dry,01 - Traffic signal,02 - Intersection related,01 - Daylight,03 - P.D. only,03 - Rear end
3651,COLONNADE RD @ PRINCE OF WALES DR,367397.1961,5023264.446,10/12/16,18:40,01 - Clear,02 - Wet,01 - Traffic signal,03 - At intersection,07 - Dark,03 - P.D. only,03 - Rear end
3652,COLONNADE RD @ PRINCE OF WALES DR,367393.8834,5023268.586,12/13/16,13:18,01 - Clear,01 - Dry,01 - Traffic signal,03 - At intersection,01 - Daylight,03 - P.D. only,03 - Rear end
3653,COLONNADE RD @ PRINCE OF WALES DR,367394.7116,5023267.758,12/6/16,11:30,01 - Clear,01 - Dry,01 - Traffic signal,02 - Intersection related,01 - Daylight,03 - P.D. only,03 - Rear end
3654,COLONNADE RD btwn MERIVALE RD & COLONNADE RD N,365685.4215,5022691.569,5/26/16,17:07,01 - Clear,01 - Dry,10 - No control,04 - At/near private drive,01 - Daylight,03 - P.D. only,05 - Turning movement
3655,COMFREY CRES btwn CLUBMOSS AVE N & CLUBMOSS AVE S,386311.4319,5035857.582,6/12/16,2:00,01 - Clear,01 - Dry,10 - No control,04 - At/near private drive,07 - Dark,03 - P.D. only,06 - SMV unattended vehicle
3656,COMO CRES btwn TRENHOLM LANE & VARENNES BLVD (1),385009.401,5037960.099,5/11/16,12:00,01 - Clear,01 - Dry,10 - No control,04 - At/near private drive,01 - Daylight,03 - P.D. only,02 - Angle
3657,COMPASS ST/MARKINCH RD @ RENAUD RD,382358.0101,5033070.714,2/24/16,15:40,04 - Freezing Rain,04 - Slush,02 - Stop sign,03 - At intersection,01 - Daylight,03 - P.D. only,02 - Angle
3658,COMPATA WAY @ GLEN PARK DR,377925.063,5032585.688,4/15/16,8:15,01 - Clear,01 - Dry,10 - No control,02 - Intersection related,01 - Daylight,03 - P.D. only,04 - Sideswipe
3659,CONCORD ST @ HAVELOCK ST,369113.3448,5030946.515,12/6/16,14:50,01 - Clear,01 - Dry,02 - Stop sign,02 - Intersection related,01 - Daylight,03 - P.D. only,99 - Other
3660,CONCORD ST @ LEES AVE,369246.9458,5030701.204,5/17/16,10:48,01 - Clear,01 - Dry,02 - Stop sign,03 - At intersection,01 - Daylight,02 - Non-fatal injury,02 - Angle
3661,CONLEY RD btwn COPELAND RD & FRANKTOWN RD,352991.7861,5002845.465,9/13/16,18:00,01 - Clear,01 - Dry,10 - No control,01 - Non intersection,01 - Daylight,03 - P.D. only,99 - Other
3662,CONOVER ST @ ELVASTON AVE,361837.0202,5021330.27,10/16/16,18:49,02 - Rain,02 - Wet,02 - Stop sign,03 - At intersection,07 - Dark,03 - P.D. only,07 - SMV other
3663,CONOVER ST btwn CHARING RD & ARDELL GRV,361904.1991,5021569.567,1/18/16,18:03,03 - Snow,03 - Loose snow,10 - No control,01 - Non intersection,07 - Dark,03 - P.D. only,06 - SMV unattended vehicle
3664,CONOVER ST btwn ELVASTON AVE & CHARING RD,361834.179,5021367.306,7/16/16,13:00,01 - Clear,01 - Dry,10 - No control,01 - Non intersection,01 - Daylight,03 - P.D. only,06 - SMV unattended vehicle
3665,CONROY RD @ 212 N OF HUNTCLUB RD,373681.6324,5025601.01,1/27/16,16:48,01 - Clear,02 - Wet,01 - Traffic signal,02 - Intersection related,05 - Dusk,03 - P.D. only,03 - Rear end
3666,CONROY RD @ DAVIDSON RD N,374572.833,5023515.28,3/24/16,18:12,04 - Freezing Rain,04 - Slush,02 - Stop sign,02 - Intersection related,05 - Dusk,02 - Non-fatal injury,07 - SMV other
3667,CONROY RD @ DAVIDSON RD N,374572.6538,5023515.291,9/29/16,8:04,01 - Clear,01 - Dry,02 - Stop sign,03 - At intersection,01 - Daylight,03 - P.D. only,02 - Angle
3668,CONROY RD @ DAVIDSON RD N,374572.6806,5023515.778,8/23/16,14:15,01 - Clear,01 - Dry,02 - Stop sign,02 - Intersection related,01 - Daylight,03 - P.D. only,03 - Rear end
3669,CONROY RD @ DAVIDSON RD N,374573.0929,5023514.851,12/19/16,8:35,03 - Snow,03 - Loose snow,02 - Stop sign,02 - Intersection related,01 - Daylight,03 - P.D. only,99 - Other
3670,CONROY RD @ HUNT CLUB RD,373761.4886,5025405.649,1/14/16,20:35,01 - Clear,02 - Wet,01 - Traffic signal,03 - At intersection,07 - Dark,02 - Non-fatal injury,05 - Turning movement
3671,CONROY RD @ HUNT CLUB RD,373763.5127,5025404.523,6/17/16,5:16,01 - Clear,01 - Dry,01 - Traffic signal,03 - At intersection,03 - Dawn,02 - Non-fatal injury,02 - Angle
3672,CONROY RD @ HUNT CLUB RD,373763.9595,5025405.181,12/19/16,17:52,01 - Clear,01 - Dry,01 - Traffic signal,03 - At intersection,07 - Dark,02 - Non-fatal injury,05 - Turning movement
3673,CONROY RD @ HUNT CLUB RD,373763.6431,5025402.992,9/22/16,8:36,01 - Clear,01 - Dry,01 - Traffic signal,02 - Intersection related,01 - Daylight,03 - P.D. only,03 - Rear end
3674,CONROY RD @ HUNT CLUB RD,373763.9595,5025403.864,10/1/16,22:19,01 - Clear,01 - Dry,01 - Traffic signal,02 - Intersection related,07 - Dark,03 - P.D. only,04 - Sideswipe
3675,CONROY RD @ HUNT CLUB RD,373764.1935,5025404.033,1/26/16,11:15,01 - Clear,01 - Dry,01 - Traffic signal,02 - Intersection related,01 - Daylight,03 - P.D. only,03 - Rear end
3676,CONROY RD @ HUNT CLUB RD,373764.3986,5025404.303,1/28/16,19:09,01 - Clear,02 - Wet,01 - Traffic signal,02 - Intersection related,07 - Dark,03 - P.D. only,03 - Rear end
3677,CONROY RD @ HUNT CLUB RD,373763.9595,5025404.303,1/31/16,1:00,01 - Clear,02 - Wet,01 - Traffic signal,02 - Intersection related,07 - Dark,03 - P.D. only,04 - Sideswipe
3678,CONROY RD @ HUNT CLUB RD,373763.9655,5025403.846,3/29/16,12:46,01 - Clear,01 - Dry,01 - Traffic signal,02 - Intersection related,01 - Daylight,03 - P.D. only,03 - Rear end
3679,CONROY RD @ HUNT CLUB RD,373764.4134,5025403.849,4/5/16,15:04,01 - Clear,01 - Dry,01 - Traffic signal,02 - Intersection related,01 - Daylight,03 - P.D. only,03 - Rear end
3680,CONROY RD @ HUNT CLUB RD,373764.5457,5025404.055,4/13/16,15:24,01 - Clear,01 - Dry,01 - Traffic signal,02 - Intersection related,01 - Daylight,03 - P.D. only,03 - Rear end
3681,CONROY RD @ HUNT CLUB RD,373763.74,5025403.192,2/25/16,9:04,04 - Freezing Rain,06 - Ice,01 - Traffic signal,02 - Intersection related,01 - Daylight,03 - P.D. only,03 - Rear end
3682,CONROY RD @ HUNT CLUB RD,373763.5145,5025404.297,6/13/16,13:36,01 - Clear,01 - Dry,01 - Traffic signal,02 - Intersection related,01 - Daylight,03 - P.D. only,04 - Sideswipe
3683,CONROY RD @ HUNT CLUB RD,373763.0957,5025405.131,3/8/16,9:59,01 - Clear,01 - Dry,01 - Traffic signal,02 - Intersection related,01 - Daylight,03 - P.D. only,04 - Sideswipe
3684,CONROY RD @ HUNT CLUB RD,373764.5682,5025403.281,11/7/16,15:30,01 - Clear,01 - Dry,01 - Traffic signal,02 - Intersection related,01 - Daylight,03 - P.D. only,03 - Rear end
3685,CONROY RD @ HUNT CLUB RD,373764.5682,5025404.109,11/8/16,12:12,01 - Clear,01 - Dry,01 - Traffic signal,02 - Intersection related,01 - Daylight,03 - P.D. only,03 - Rear end
3686,CONROY RD @ HUNT CLUB RD,373762.0837,5025402.452,12/19/16,14:16,01 - Clear,02 - Wet,01 - Traffic signal,02 - Intersection related,01 - Daylight,03 - P.D. only,03 - Rear end
3687,CONROY RD @ HUNT CLUB RD,373764.5682,5025403.281,12/29/16,12:33,03 - Snow,03 - Loose snow,01 - Traffic signal,02 - Intersection related,01 - Daylight,03 - P.D. only,03 - Rear end
3688,CONROY RD @ HUNT CLUB RD,373765.3963,5025404.109,12/1/16,17:14,02 - Rain,02 - Wet,01 - Traffic signal,02 - Intersection related,07 - Dark,03 - P.D. only,03 - Rear end
3689,CONROY RD @ JOHNSTON RD,373396.9164,5026308.555,1/4/16,21:16,01 - Clear,02 - Wet,01 - Traffic signal,03 - At intersection,07 - Dark,02 - Non-fatal injury,05 - Turning movement
3690,CONROY RD @ JOHNSTON RD,373397.7539,5026308.696,11/26/16,14:22,01 - Clear,01 - Dry,01 - Traffic signal,02 - Intersection related,01 - Daylight,02 - Non-fatal injury,07 - SMV other
3691,CONROY RD @ JOHNSTON RD,373396.1307,5026308.685,5/10/16,16:12,01 - Clear,01 - Dry,01 - Traffic signal,02 - Intersection related,01 - Daylight,03 - P.D. only,03 - Rear end
3692,CONROY RD @ KINGSDALE AVE,374318.527,5024120.728,11/15/16,21:38,01 - Clear,01 - Dry,02 - Stop sign,03 - At intersection,07 - Dark,03 - P.D. only,02 - Angle
3693,CONROY RD @ LORRY GREENBERG DR,373568.6452,5025877.953,7/30/16,0:28,01 - Clear,01 - Dry,01 - Traffic signal,03 - At intersection,07 - Dark,02 - Non-fatal injury,02 - Angle
3694,CONROY RD @ LORRY GREENBERG DR,373569.3083,5025879.305,4/21/16,0:00,01 - Clear,01 - Dry,01 - Traffic signal,02 - Intersection related,00 - Unknown,03 - P.D. only,07 - SMV other
3695,CONROY RD @ QUEENSDALE AVE,374350.0835,5024041.441,12/8/16,22:16,03 - Snow,06 - Ice,02 - Stop sign,03 - At intersection,07 - Dark,03 - P.D. only,03 - Rear end
3696,CONROY RD @ ST. LAURENT BLVD,373070.6261,5027158.643,10/21/16,13:22,02 - Rain,02 - Wet,01 - Traffic signal,03 - At intersection,01 - Daylight,02 - Non-fatal injury,02 - Angle
3697,CONROY RD @ ST. LAURENT BLVD,373068.8311,5027158.847,7/18/16,18:21,01 - Clear,01 - Dry,01 - Traffic signal,02 - Intersection related,01 - Daylight,02 - Non-fatal injury,03 - Rear end
3698,CONROY RD @ ST. LAURENT BLVD,373068.8698,5027159.521,11/18/16,14:35,01 - Clear,01 - Dry,01 - Traffic signal,03 - At intersection,01 - Daylight,02 - Non-fatal injury,02 - Angle
3699,CONROY RD @ ST. LAURENT BLVD,373069.9675,5027158.06,8/12/16,21:35,02 - Rain,02 - Wet,01 - Traffic signal,02 - Intersection related,07 - Dark,03 - P.D. only,03 - Rear end
3700,CONROY RD @ ST. LAURENT BLVD,373069.742,5027159.527,6/20/16,9:52,01 - Clear,01 - Dry,01 - Traffic signal,02 - Intersection related,01 - Daylight,03 - P.D. only,03 - Rear end
3701,CONROY RD @ ST. LAURENT BLVD,373068.8698,5027159.082,11/11/16,18:04,01 - Clear,01 - Dry,01 - Traffic signal,03 - At intersection,07 - Dark,03 - P.D. only,05 - Turning movement
3702,CONROY RD @ ST. LAURENT BLVD,373069.748,5027159.082,11/11/16,18:45,01 - Clear,01 - Dry,01 - Traffic signal,03 - At intersection,07 - Dark,03 - P.D. only,02 - Angle
3703,CONROY RD @ THURSTON DR,373203.1972,5026795.417,12/6/16,9:36,01 - Clear,02 - Wet,01 - Traffic signal,03 - At intersection,01 - Daylight,02 - Non-fatal injury,02 - Angle
3704,CONROY RD @ THURSTON DR,373205.0039,5026795.653,12/21/16,10:33,01 - Clear,02 - Wet,01 - Traffic signal,02 - Intersection related,01 - Daylight,03 - P.D. only,03 - Rear end
3705,CONROY RD @ WALKLEY RD,372904.3885,5027463.753,3/10/16,15:54,01 - Clear,02 - Wet,01 - Traffic signal,02 - Intersection related,01 - Daylight,02 - Non-fatal injury,03 - Rear end
3706,CONROY RD @ WALKLEY RD,372903.9421,5027463.751,7/18/16,15:58,01 - Clear,01 - Dry,01 - Traffic signal,03 - At intersection,01 - Daylight,02 - Non-fatal injury,05 - Turning movement
3707,CONROY RD @ WALKLEY RD,372904.4548,5027462.554,11/4/16,17:07,01 - Clear,01 - Dry,01 - Traffic signal,02 - Intersection related,07 - Dark,02 - Non-fatal injury,03 - Rear end
3708,CONROY RD @ WALKLEY RD,372904.8462,5027463.531,4/19/16,16:43,01 - Clear,01 - Dry,01 - Traffic signal,02 - Intersection related,01 - Daylight,03 - P.D. only,03 - Rear end
3709,CONROY RD @ WALKLEY RD,372903.9421,5027463.312,2/19/16,8:40,01 - Clear,06 - Ice,01 - Traffic signal,02 - Intersection related,01 - Daylight,03 - P.D. only,03 - Rear end
3710,CONROY RD @ WALKLEY RD,372902.5507,5027462.75,7/22/16,8:50,01 - Clear,01 - Dry,01 - Traffic signal,03 - At intersection,01 - Daylight,03 - P.D. only,05 - Turning movement
3711,CONROY RD @ WALKLEY RD,372903.4981,5027464.205,2/16/16,13:00,03 - Snow,05 - Packed snow,01 - Traffic signal,02 - Intersection related,01 - Daylight,03 - P.D. only,03 - Rear end
3712,CONROY RD @ WALKLEY RD,372904.4731,5027464.657,1/17/16,16:20,03 - Snow,03 - Loose snow,01 - Traffic signal,02 - Intersection related,05 - Dusk,03 - P.D. only,03 - Rear end
3713,CONROY RD @ WALKLEY RD,372904.8945,5027465.094,4/2/16,13:38,01 - Clear,02 - Wet,01 - Traffic signal,02 - Intersection related,01 - Daylight,03 - P.D. only,03 - Rear end
3714,CONROY RD @ WALKLEY RD,372903.935,5027464.515,2/23/16,12:31,01 - Clear,01 - Dry,01 - Traffic signal,02 - Intersection related,01 - Daylight,03 - P.D. only,03 - Rear end
3715,CONROY RD @ WALKLEY RD,372903.4986,5027464.203,3/29/16,18:15,01 - Clear,01 - Dry,01 - Traffic signal,03 - At intersection,05 - Dusk,03 - P.D. only,04 - Sideswipe
3716,CONROY RD @ WALKLEY RD,372903.9889,5027463.798,2/9/16,10:45,03 - Snow,03 - Loose snow,01 - Traffic signal,02 - Intersection related,01 - Daylight,03 - P.D. only,03 - Rear end
3717,CONROY RD @ WALKLEY RD,372905.283,5027464.21,9/26/16,15:48,01 - Clear,01 - Dry,01 - Traffic signal,02 - Intersection related,01 - Daylight,03 - P.D. only,03 - Rear end
3718,CONROY RD @ WALKLEY RD,372904.399,5027462.855,6/2/16,18:38,01 - Clear,01 - Dry,01 - Traffic signal,03 - At intersection,01 - Daylight,03 - P.D. only,05 - Turning movement
3719,CONROY RD @ WALKLEY RD,372903.064,5027463.312,10/11/16,1:58,01 - Clear,01 - Dry,01 - Traffic signal,02 - Intersection related,07 - Dark,03 - P.D. only,04 - Sideswipe
3720,CONROY RD @ WALKLEY RD,372903.6267,5027464.21,10/27/16,17:45,03 - Snow,02 - Wet,01 - Traffic signal,02 - Intersection related,07 - Dark,03 - P.D. only,03 - Rear end
3721,CONROY RD @ WALKLEY RD,372905.0559,5027464.198,12/6/16,10:30,01 - Clear,02 - Wet,01 - Traffic signal,02 - Intersection related,01 - Daylight,03 - P.D. only,04 - Sideswipe
3722,CONROY RD @ WALKLEY RD,372903.7226,5027463.058,12/19/16,6:27,01 - Clear,05 - Packed snow,01 - Traffic signal,03 - At intersection,07 - Dark,03 - P.D. only,02 - Angle
3723,CONROY RD @ WALKLEY RD,372902.8944,5027461.461,12/7/16,7:35,03 - Snow,04 - Slush,01 - Traffic signal,02 - Intersection related,03 - Dawn,03 - P.D. only,03 - Rear end
3724,CONROY RD btwn 212 N OF HUNT CLUB RD & HUNT CLUB RD,373742.4157,5025452.783,5/1/16,23:11,02 - Rain,02 - Wet,10 - No control,01 - Non intersection,07 - Dark,02 - Non-fatal injury,07 - SMV other
3725,CONROY RD btwn 212 N OF HUNT CLUB RD & HUNT CLUB RD,373756.0101,5025420.731,5/13/16,13:51,02 - Rain,02 - Wet,10 - No control,01 - Non intersection,01 - Daylight,02 - Non-fatal injury,07 - SMV other
3726,CONROY RD btwn 212 N OF HUNT CLUB RD & HUNT CLUB RD,373756.7148,5025419.891,11/26/16,9:50,01 - Clear,02 - Wet,10 - No control,01 - Non intersection,01 - Daylight,03 - P.D. only,05 - Turning movement
3727,CONROY RD btwn BANK ST & TO BE DETERMINED,375070.2046,5022297.135,7/3/16,2:08,01 - Clear,01 - Dry,10 - No control,01 - Non intersection,07 - Dark,02 - Non-fatal injury,07 - SMV other
3728,CONROY RD btwn CONROY RD & ROSEBELLA AVE,373964.7619,5024942.33,1/12/16,22:06,03 - Snow,03 - Loose snow,10 - No control,01 - Non intersection,07 - Dark,03 - P.D. only,07 - SMV other
3729,CONROY RD btwn CONROY RD & ROSEBELLA AVE,374286.0537,5024196.341,2/24/16,16:12,04 - Freezing Rain,04 - Slush,10 - No control,01 - Non intersection,01 - Daylight,03 - P.D. only,03 - Rear end
3730,CONROY RD btwn CONROY RD & ROSEBELLA AVE,373958.0396,5024980.185,12/11/16,21:58,03 - Snow,03 - Loose snow,10 - No control,01 - Non intersection,07 - Dark,03 - P.D. only,01 - Approaching
3731,CONROY RD btwn CONROY RD & ROSEBELLA AVE,373864.0255,5025178.283,12/12/16,8:40,03 - Snow,05 - Packed snow,10 - No control,01 - Non intersection,01 - Daylight,03 - P.D. only,01 - Approaching
3732,CONROY RD btwn DAVIDSON RD & PARK LANE,374650.2947,5023330.325,4/27/16,21:46,01 - Clear,01 - Dry,10 - No control,01 - Non intersection,07 - Dark,03 - P.D. only,07 - SMV other
3733,CONROY RD btwn HUNT CLUB RD & CONROY RD,373805.0133,5025315.39,9/15/16,12:20,01 - Clear,01 - Dry,10 - No control,04 - At/near private drive,01 - Daylight,03 - P.D. only,02 - Angle
3734,CONROY RD btwn HUNT CLUB RD & CONROY RD,373769.7438,5025392.14,1/8/16,14:56,01 - Clear,01 - Dry,10 - No control,04 - At/near private drive,01 - Daylight,03 - P.D. only,02 - Angle
3735,CONROY RD btwn HUNT CLUB RD & CONROY RD,373767.9575,5025394.978,3/1/16,15:07,01 - Clear,01 - Dry,10 - No control,01 - Non intersection,01 - Daylight,03 - P.D. only,04 - Sideswipe
3736,CONROY RD btwn HUNT CLUB RD & CONROY RD,373766.755,5025395.617,4/23/16,9:13,01 - Clear,01 - Dry,10 - No control,04 - At/near private drive,01 - Daylight,03 - P.D. only,02 - Angle
3737,CONROY RD btwn WALKLEY RD & ST. LAURENT BLVD,372923.9473,5027432.071,1/16/16,12:02,03 - Snow,03 - Loose snow,10 - No control,01 - Non intersection,01 - Daylight,03 - P.D. only,04 - Sideswipe
3738,CONSTANCE BAY RD @ DUNROBIN RD,336736.4704,5037257.145,5/8/16,18:45,01 - Clear,01 - Dry,02 - Stop sign,02 - Intersection related,01 - Daylight,02 - Non-fatal injury,02 - Angle
3739,CONSTANCE BAY RD @ DUNROBIN RD,336738.8182,5037267.085,6/26/16,20:50,01 - Clear,01 - Dry,02 - Stop sign,03 - At intersection,05 - Dusk,03 - P.D. only,01 - Approaching
3740,CONSTANCE BAY RD btwn TO BE DETERMINED & WILLAND LANE,336957.3769,5037457.599,8/13/16,11:00,02 - Rain,02 - Wet,10 - No control,01 - Non intersection,01 - Daylight,03 - P.D. only,07 - SMV other
3741,CONSTANCE BAY RD btwn TO BE DETERMINED & WILLAND LANE,336962.2908,5037461.029,7/10/16,10:25,01 - Clear,01 - Dry,10 - No control,01 - Non intersection,01 - Daylight,03 - P.D. only,07 - SMV other
3742,CONSTANCE BAY RD btwn TO BE DETERMINED & WILLAND LANE,337368.783,5037837.127,6/13/16,5:15,01 - Clear,01 - Dry,10 - No control,01 - Non intersection,03 - Dawn,03 - P.D. only,07 - SMV other