Record,Location,X,Y,Date,Time,Environment,Road_Surface,Traffic_Control,Collision_Location,Light,Collision_Classification,Impact_type
3743,CONSTANCE BAY RD btwn WILLAND LANE & MONTY DR,337469.4479,5037928.424,11/27/16,11:03,01 - Clear,01 - Dry,10 - No control,01 - Non intersection,01 - Daylight,03 - P.D. only,07 - SMV other
3744,CONSTANCE LAKE RD btwn MURPHY SIDE RD & END,345529.7723,5028972.736,3/24/16,0:00,04 - Freezing Rain,06 - Ice,10 - No control,01 - Non intersection,00 - Unknown,03 - P.D. only,06 - SMV unattended vehicle
3745,CONSTELLATION CRES @ BASELINE RD,362272.5578,5023595.825,5/13/16,9:15,02 - Rain,02 - Wet,01 - Traffic signal,02 - Intersection related,01 - Daylight,02 - Non-fatal injury,03 - Rear end
3746,CONSTELLATION CRES @ BASELINE RD,362272.4369,5023595.628,4/6/16,19:00,03 - Snow,04 - Slush,01 - Traffic signal,03 - At intersection,05 - Dusk,03 - P.D. only,02 - Angle
3747,CONSTELLATION CRES @ BASELINE RD,362274.0462,5023597.191,3/29/16,13:51,01 - Clear,01 - Dry,01 - Traffic signal,03 - At intersection,01 - Daylight,03 - P.D. only,04 - Sideswipe
3748,CONSUL AVE @ MORRISON DR,359867.8863,5022974.278,1/23/16,15:57,01 - Clear,01 - Dry,02 - Stop sign,03 - At intersection,01 - Daylight,03 - P.D. only,02 - Angle
3749,CONSUL AVE btwn CONSUL AVE & MORRISON DR,359854.4233,5022983.252,5/4/16,11:55,01 - Clear,01 - Dry,10 - No control,04 - At/near private drive,01 - Daylight,02 - Non-fatal injury,02 - Angle
3750,COOKS MILL CRES btwn COOKS MILL CRES/WHITECLIFFS AVE & WATCHHORN GROVE N,370117.5687,5016487.996,9/18/16,14:09,01 - Clear,01 - Dry,10 - No control,01 - Non intersection,01 - Daylight,03 - P.D. only,99 - Other
3751,COOLSPRING CRES E @ VIEWMOUNT DR E,366554.9359,5023720.064,10/17/16,12:11,01 - Clear,01 - Dry,02 - Stop sign,02 - Intersection related,01 - Daylight,03 - P.D. only,07 - SMV other
3752,COOPER ST @ BANK ST,367648.1179,5030990.491,9/25/16,16:05,01 - Clear,01 - Dry,02 - Stop sign,02 - Intersection related,01 - Daylight,03 - P.D. only,05 - Turning movement
3753,COOPER ST @ BANK ST,367648.0517,5030991.23,7/29/16,23:42,01 - Clear,01 - Dry,02 - Stop sign,03 - At intersection,07 - Dark,03 - P.D. only,02 - Angle
3754,COOPER ST @ ELGIN ST,368119.0322,5031271.589,7/26/16,8:43,01 - Clear,01 - Dry,01 - Traffic signal,03 - At intersection,01 - Daylight,02 - Non-fatal injury,05 - Turning movement
3755,COOPER ST @ ELGIN ST,368119.2406,5031272.299,10/22/16,18:49,02 - Rain,02 - Wet,01 - Traffic signal,02 - Intersection related,05 - Dusk,03 - P.D. only,03 - Rear end
3756,COOPER ST @ ELGIN ST,368119.2406,5031272.299,11/21/16,12:05,03 - Snow,02 - Wet,01 - Traffic signal,02 - Intersection related,01 - Daylight,03 - P.D. only,06 - SMV unattended vehicle
3757,COOPER ST @ ELGIN ST,368119.4945,5031270.491,12/16/16,17:19,01 - Clear,02 - Wet,01 - Traffic signal,03 - At intersection,07 - Dark,03 - P.D. only,05 - Turning movement
3758,COOPER ST @ KENT ST,367483.5328,5030889.148,12/15/16,9:52,01 - Clear,02 - Wet,02 - Stop sign,03 - At intersection,01 - Daylight,03 - P.D. only,02 - Angle
3759,COOPER ST @ LYON ST,367321.0471,5030791.904,8/17/16,17:19,01 - Clear,01 - Dry,02 - Stop sign,02 - Intersection related,01 - Daylight,03 - P.D. only,05 - Turning movement
3760,COOPER ST @ METCALFE ST,367962.0406,5031177.903,6/18/16,10:57,01 - Clear,01 - Dry,02 - Stop sign,03 - At intersection,01 - Daylight,02 - Non-fatal injury,07 - SMV other
3761,COOPER ST @ METCALFE ST,367962.0414,5031179.68,1/10/16,0:08,02 - Rain,02 - Wet,02 - Stop sign,03 - At intersection,07 - Dark,02 - Non-fatal injury,02 - Angle
3762,COOPER ST @ METCALFE ST,367963.4219,5031178.163,2/18/16,16:46,01 - Clear,02 - Wet,02 - Stop sign,03 - At intersection,01 - Daylight,03 - P.D. only,02 - Angle
3763,COOPER ST @ METCALFE ST,367961.9568,5031178.945,1/17/16,9:39,01 - Clear,01 - Dry,02 - Stop sign,03 - At intersection,01 - Daylight,03 - P.D. only,02 - Angle
3764,COOPER ST @ O'CONNOR ST,367808.4865,5031085.571,1/22/16,19:41,02 - Rain,02 - Wet,02 - Stop sign,03 - At intersection,07 - Dark,03 - P.D. only,04 - Sideswipe
3765,COOPER ST @ PERCY ST,367069.9693,5030641.834,1/27/16,14:07,01 - Clear,01 - Dry,02 - Stop sign,03 - At intersection,01 - Daylight,03 - P.D. only,02 - Angle
3766,COOPER ST btwn ELGIN ST & CARTIER ST,368172.3507,5031304.667,2/8/16,11:00,01 - Clear,01 - Dry,10 - No control,01 - Non intersection,01 - Daylight,03 - P.D. only,06 - SMV unattended vehicle
3767,COOPER ST btwn METCALFE ST & ELGIN ST,368108.948,5031264.55,12/21/16,12:20,01 - Clear,04 - Slush,10 - No control,01 - Non intersection,01 - Daylight,03 - P.D. only,06 - SMV unattended vehicle
3768,COOPER ST btwn O'CONNOR ST & METCALFE ST,367939.5523,5031165.09,9/26/16,0:00,01 - Clear,01 - Dry,10 - No control,01 - Non intersection,00 - Unknown,03 - P.D. only,06 - SMV unattended vehicle
3769,COOPER ST btwn O'CONNOR ST & METCALFE ST,367897.016,5031139.085,6/8/16,8:07,01 - Clear,01 - Dry,10 - No control,01 - Non intersection,01 - Daylight,03 - P.D. only,06 - SMV unattended vehicle
3770,COPE @ TERRY FOX,353996.4419,5015346.55,11/12/16,15:27,01 - Clear,01 - Dry,01 - Traffic signal,03 - At intersection,01 - Daylight,02 - Non-fatal injury,03 - Rear end
3771,COPE @ TERRY FOX,353996.1724,5015345.966,10/17/16,8:04,01 - Clear,02 - Wet,01 - Traffic signal,03 - At intersection,01 - Daylight,02 - Non-fatal injury,02 - Angle
3772,COPE @ TERRY FOX,353996.1602,5015345.53,2/22/16,16:09,01 - Clear,01 - Dry,01 - Traffic signal,03 - At intersection,01 - Daylight,03 - P.D. only,05 - Turning movement
3773,COPE @ TERRY FOX,353994.7856,5015345.722,10/18/16,19:06,01 - Clear,01 - Dry,01 - Traffic signal,02 - Intersection related,07 - Dark,03 - P.D. only,03 - Rear end
3774,COPE @ TERRY FOX,353998.7016,5015345.779,1/22/16,19:12,01 - Clear,01 - Dry,01 - Traffic signal,03 - At intersection,07 - Dark,03 - P.D. only,02 - Angle
3775,COPE @ TERRY FOX,353997.9287,5015346.405,5/1/16,15:35,01 - Clear,02 - Wet,01 - Traffic signal,02 - Intersection related,01 - Daylight,03 - P.D. only,03 - Rear end
3776,COPE @ TERRY FOX,353995.6007,5015346.044,5/3/16,19:43,01 - Clear,01 - Dry,01 - Traffic signal,02 - Intersection related,05 - Dusk,03 - P.D. only,03 - Rear end
3777,COPE @ TERRY FOX,353997.4941,5015345.532,4/6/16,17:52,03 - Snow,03 - Loose snow,01 - Traffic signal,02 - Intersection related,01 - Daylight,03 - P.D. only,03 - Rear end
3778,COPE @ TERRY FOX,353999.629,5015345.308,10/4/16,3:47,01 - Clear,01 - Dry,01 - Traffic signal,02 - Intersection related,07 - Dark,03 - P.D. only,07 - SMV other
3779,COPE @ TERRY FOX,353997.2701,5015344.894,12/9/16,17:51,03 - Snow,06 - Ice,01 - Traffic signal,02 - Intersection related,07 - Dark,03 - P.D. only,03 - Rear end
3780,COPELAND RD btwn ASHTON STATION RD & DWYER HILL RD,346741.3238,4999129.61,9/2/16,9:55,01 - Clear,01 - Dry,10 - No control,01 - Non intersection,01 - Daylight,03 - P.D. only,07 - SMV other
3781,CORDOVA ST btwn GRANTON AVE & CHIPPEWA AVE,363646.5184,5024325.62,1/12/16,17:41,03 - Snow,03 - Loose snow,10 - No control,01 - Non intersection,07 - Dark,02 - Non-fatal injury,03 - Rear end
3782,CORIOLIS CRT/GALLANTRY WAY @ HUNTMAR DR,350707.8323,5016331.181,7/29/16,20:18,01 - Clear,01 - Dry,02 - Stop sign,03 - At intersection,05 - Dusk,03 - P.D. only,02 - Angle
3783,CORK ST btwn HAIG DR & CAMROSE ST,372560.099,5028679.632,5/16/16,8:45,01 - Clear,01 - Dry,10 - No control,04 - At/near private drive,01 - Daylight,03 - P.D. only,06 - SMV unattended vehicle
3784,CORKERY RD btwn CORKERY WOODS DR & MARCH RD,335904.9128,5016221.081,4/27/16,0:01,01 - Clear,01 - Dry,10 - No control,01 - Non intersection,07 - Dark,03 - P.D. only,07 - SMV other
3785,CORKERY RD btwn MARCH RD & MANION RD,335973.5768,5016142.137,11/19/16,7:46,"07 - Fog, mist, smoke, dust",01 - Dry,10 - No control,01 - Non intersection,03 - Dawn,03 - P.D. only,07 - SMV other
3786,CORKSTOWN RD @ MARCH RD,352657.3936,5020883.266,12/3/16,20:46,01 - Clear,01 - Dry,02 - Stop sign,03 - At intersection,07 - Dark,02 - Non-fatal injury,02 - Angle
3787,CORKSTOWN RD @ MARCH RD,352655.9568,5020885.556,12/1/16,18:22,02 - Rain,02 - Wet,02 - Stop sign,02 - Intersection related,07 - Dark,02 - Non-fatal injury,03 - Rear end
3788,CORKSTOWN RD @ MARCH RD,352656.9313,5020882.577,8/8/16,12:15,01 - Clear,01 - Dry,02 - Stop sign,03 - At intersection,01 - Daylight,03 - P.D. only,03 - Rear end
3789,CORKSTOWN RD @ MARCH RD,352658.0037,5020883.486,6/16/16,9:01,01 - Clear,01 - Dry,02 - Stop sign,02 - Intersection related,01 - Daylight,03 - P.D. only,03 - Rear end
3790,CORKSTOWN RD @ MARCH RD,352656.6834,5020881.946,1/20/16,16:38,01 - Clear,02 - Wet,02 - Stop sign,03 - At intersection,05 - Dusk,03 - P.D. only,04 - Sideswipe
3791,CORKSTOWN RD @ MARCH RD,352656.9545,5020883.266,12/6/16,14:17,01 - Clear,02 - Wet,02 - Stop sign,02 - Intersection related,01 - Daylight,03 - P.D. only,05 - Turning movement
3792,CORKSTOWN RD btwn MARCH RD & MOODIE DR,356303.8107,5022744.79,2/24/16,17:31,04 - Freezing Rain,04 - Slush,10 - No control,01 - Non intersection,05 - Dusk,03 - P.D. only,03 - Rear end
3793,CORKSTOWN RD btwn MARCH RD & MOODIE DR,352930.7635,5020600.632,6/30/16,6:15,01 - Clear,01 - Dry,10 - No control,01 - Non intersection,01 - Daylight,03 - P.D. only,07 - SMV other
3794,CORKSTOWN RD btwn MARCH RD & MOODIE DR,355021.1901,5021569.636,5/30/16,5:34,01 - Clear,01 - Dry,10 - No control,01 - Non intersection,03 - Dawn,03 - P.D. only,07 - SMV other
3795,CORKSTOWN RD btwn MOODIE DR & CRYSTAL BEACH DR,356865.5015,5022668.451,2/16/16,16:04,03 - Snow,03 - Loose snow,10 - No control,04 - At/near private drive,01 - Daylight,03 - P.D. only,07 - SMV other
3796,CORONATION AVE @ CHOMLEY CRES,371630.2381,5030425.799,12/9/16,8:25,03 - Snow,06 - Ice,02 - Stop sign,02 - Intersection related,01 - Daylight,03 - P.D. only,07 - SMV other
3797,CORONATION AVE @ RUSSELL RD,372437.5143,5030196.336,10/5/16,14:01,01 - Clear,01 - Dry,02 - Stop sign,03 - At intersection,01 - Daylight,02 - Non-fatal injury,02 - Angle
3798,COSTELLO AVE btwn ABINGDON DR & ABINGDON DR,360275.9263,5021862.436,12/7/16,0:00,01 - Clear,02 - Wet,10 - No control,01 - Non intersection,00 - Unknown,03 - P.D. only,06 - SMV unattended vehicle
3799,COTE DE NEIGES RD btwn PENDER ST & ST. HELEN'S PL,364280.125,5024278.125,10/2/16,15:54,01 - Clear,01 - Dry,10 - No control,04 - At/near private drive,01 - Daylight,03 - P.D. only,06 - SMV unattended vehicle
3800,"COTE ST btwn MORGAN ST & EGLISE, RUE DE L",371319.1279,5033168.934,2/12/16,12:12,03 - Snow,03 - Loose snow,10 - No control,04 - At/near private drive,01 - Daylight,03 - P.D. only,06 - SMV unattended vehicle
3801,COUNTRY GLEN WAY btwn CALVINGTON AVE & CAMPEAU DR,349219.6849,5018338.083,2/17/16,16:19,03 - Snow,03 - Loose snow,10 - No control,01 - Non intersection,01 - Daylight,03 - P.D. only,99 - Other
3802,COUNTY RD 29 @ MADAWASKA BLVD,318894.2224,5031715.467,6/30/16,14:25,01 - Clear,01 - Dry,02 - Stop sign,03 - At intersection,01 - Daylight,02 - Non-fatal injury,02 - Angle
3803,COUNTY RD 29 @ MADAWASKA BLVD,318895.7894,5031714.637,9/2/16,16:30,01 - Clear,01 - Dry,02 - Stop sign,03 - At intersection,01 - Daylight,03 - P.D. only,05 - Turning movement
3804,COUNTY RD 29 @ MADAWASKA BLVD,318895.0023,5031715.883,11/4/16,7:30,01 - Clear,01 - Dry,02 - Stop sign,03 - At intersection,03 - Dawn,03 - P.D. only,02 - Angle
3805,COURTWOOD CRES btwn WOODWARD DR & WOODWARD DR,363577.8826,5026022.417,3/15/16,11:30,02 - Rain,02 - Wet,10 - No control,04 - At/near private drive,01 - Daylight,03 - P.D. only,02 - Angle
3806,COURTYARD CRES btwn COURTYARD CRES & TO BE DETERMINED,372731.7424,5024661.96,4/10/16,15:13,01 - Clear,01 - Dry,10 - No control,04 - At/near private drive,01 - Daylight,03 - P.D. only,06 - SMV unattended vehicle
3807,COVENTRY RD @ 230 W OF ST. LAURENT BLVD/ST. LA,372081.1311,5031933.792,8/15/16,18:24,01 - Clear,01 - Dry,01 - Traffic signal,02 - Intersection related,01 - Daylight,02 - Non-fatal injury,07 - SMV other
3808,COVENTRY RD @ 230 W OF ST. LAURENT BLVD/ST. LA,372082.3074,5031933.265,6/8/16,13:37,01 - Clear,01 - Dry,01 - Traffic signal,03 - At intersection,01 - Daylight,03 - P.D. only,04 - Sideswipe
3809,COVENTRY RD @ 230 W OF ST. LAURENT BLVD/ST. LA,372081.3445,5031934.12,7/25/16,16:58,01 - Clear,01 - Dry,01 - Traffic signal,02 - Intersection related,01 - Daylight,03 - P.D. only,05 - Turning movement
3810,COVENTRY RD @ LOLA ST,371263.9449,5031614.572,7/30/16,18:11,01 - Clear,01 - Dry,01 - Traffic signal,03 - At intersection,01 - Daylight,03 - P.D. only,05 - Turning movement
3811,COVENTRY RD @ LOLA ST,371264.5165,5031614.306,3/15/16,12:20,02 - Rain,02 - Wet,01 - Traffic signal,02 - Intersection related,01 - Daylight,03 - P.D. only,04 - Sideswipe
3812,COVENTRY RD @ LOLA ST,371263.9431,5031614.797,6/16/16,10:57,01 - Clear,01 - Dry,01 - Traffic signal,03 - At intersection,01 - Daylight,03 - P.D. only,02 - Angle
3813,COVENTRY RD @ LOLA ST,371263.4981,5031614.792,10/12/16,22:41,01 - Clear,01 - Dry,01 - Traffic signal,03 - At intersection,07 - Dark,03 - P.D. only,05 - Turning movement
3814,COVENTRY RD @ ST. LAURENT SC WEST,371922.1613,5031788.081,11/30/16,16:31,02 - Rain,02 - Wet,01 - Traffic signal,03 - At intersection,05 - Dusk,02 - Non-fatal injury,07 - SMV other
3815,COVENTRY RD @ VANIER PKWY,370675.719,5031611.925,1/27/16,18:23,01 - Clear,04 - Slush,01 - Traffic signal,02 - Intersection related,07 - Dark,02 - Non-fatal injury,07 - SMV other
3816,COVENTRY RD @ VANIER PKWY,370676.6044,5031611.483,5/25/16,21:18,01 - Clear,01 - Dry,01 - Traffic signal,02 - Intersection related,07 - Dark,02 - Non-fatal injury,03 - Rear end
3817,COVENTRY RD @ VANIER PKWY,370678.068,5031612.062,11/27/16,12:26,01 - Clear,01 - Dry,01 - Traffic signal,02 - Intersection related,01 - Daylight,02 - Non-fatal injury,07 - SMV other
3818,COVENTRY RD @ VANIER PKWY,370677.2131,5031611.289,12/9/16,14:51,01 - Clear,06 - Ice,01 - Traffic signal,02 - Intersection related,01 - Daylight,02 - Non-fatal injury,03 - Rear end
3819,COVENTRY RD @ VANIER PKWY,370676.1602,5031611.254,1/18/16,13:44,01 - Clear,02 - Wet,01 - Traffic signal,02 - Intersection related,01 - Daylight,03 - P.D. only,03 - Rear end
3820,COVENTRY RD @ VANIER PKWY,370677.4826,5031611.483,2/9/16,20:47,03 - Snow,02 - Wet,01 - Traffic signal,02 - Intersection related,07 - Dark,03 - P.D. only,03 - Rear end
3821,COVENTRY RD @ VANIER PKWY,370676.6044,5031612.362,2/16/16,23:24,03 - Snow,03 - Loose snow,01 - Traffic signal,03 - At intersection,07 - Dark,03 - P.D. only,07 - SMV other
3822,COVENTRY RD @ VANIER PKWY,370676.824,5031612.142,2/13/16,16:28,01 - Clear,01 - Dry,01 - Traffic signal,02 - Intersection related,01 - Daylight,03 - P.D. only,04 - Sideswipe
3823,COVENTRY RD @ VANIER PKWY,370676.3849,5031612.117,8/24/16,16:23,01 - Clear,01 - Dry,01 - Traffic signal,02 - Intersection related,01 - Daylight,03 - P.D. only,03 - Rear end
3824,COVENTRY RD @ VANIER PKWY,370676.6044,5031611.483,1/22/16,8:30,01 - Clear,01 - Dry,01 - Traffic signal,02 - Intersection related,01 - Daylight,03 - P.D. only,03 - Rear end
3825,COVENTRY RD @ VANIER PKWY,370676.5636,5031612.016,8/7/16,12:51,01 - Clear,01 - Dry,01 - Traffic signal,02 - Intersection related,01 - Daylight,03 - P.D. only,03 - Rear end
3826,COVENTRY RD @ VANIER PKWY,370675.8034,5031612.382,1/6/16,19:21,01 - Clear,02 - Wet,01 - Traffic signal,02 - Intersection related,07 - Dark,03 - P.D. only,03 - Rear end
3827,COVENTRY RD @ VANIER PKWY,370675.9893,5031612.373,1/18/16,13:19,01 - Clear,05 - Packed snow,01 - Traffic signal,03 - At intersection,01 - Daylight,03 - P.D. only,02 - Angle
3828,COVENTRY RD @ VANIER PKWY,370675.4664,5031612.851,6/30/16,20:21,01 - Clear,01 - Dry,01 - Traffic signal,03 - At intersection,05 - Dusk,03 - P.D. only,07 - SMV other
3829,COVENTRY RD @ VANIER PKWY,370676.1576,5031611.703,7/2/16,16:16,01 - Clear,01 - Dry,01 - Traffic signal,02 - Intersection related,01 - Daylight,03 - P.D. only,03 - Rear end
3830,COVENTRY RD @ VANIER PKWY,370676.3189,5031611.783,6/15/16,9:05,01 - Clear,01 - Dry,01 - Traffic signal,02 - Intersection related,01 - Daylight,03 - P.D. only,03 - Rear end
3831,COVENTRY RD @ VANIER PKWY,370676.1654,5031612.801,7/28/16,15:45,01 - Clear,01 - Dry,01 - Traffic signal,02 - Intersection related,01 - Daylight,03 - P.D. only,03 - Rear end
3832,COVENTRY RD @ VANIER PKWY,370676.3849,5031610.461,12/29/16,18:21,03 - Snow,05 - Packed snow,01 - Traffic signal,02 - Intersection related,07 - Dark,03 - P.D. only,03 - Rear end
3833,COVENTRY RD @ VANIER PKWY,370675.5567,5031611.289,12/20/16,12:14,03 - Snow,04 - Slush,01 - Traffic signal,02 - Intersection related,01 - Daylight,03 - P.D. only,03 - Rear end
3834,COVENTRY RD @ VANIER PKWY,370676.3849,5031611.289,12/31/16,20:37,03 - Snow,03 - Loose snow,01 - Traffic signal,02 - Intersection related,07 - Dark,03 - P.D. only,03 - Rear end
3835,COVENTRY RD btwn ARCOLA PRIV & LOLA ST,371160.4336,5031603.303,9/1/16,12:38,01 - Clear,01 - Dry,10 - No control,04 - At/near private drive,01 - Daylight,02 - Non-fatal injury,02 - Angle
3836,COVENTRY RD btwn ARCOLA PRIV & LOLA ST,371036.6471,5031608.177,6/1/16,15:45,01 - Clear,01 - Dry,10 - No control,01 - Non intersection,01 - Daylight,03 - P.D. only,04 - Sideswipe
3837,COVENTRY RD btwn BELFAST RD & ST. LAURENT SC WEST,371672.6169,5031658.105,1/15/16,18:00,01 - Clear,01 - Dry,10 - No control,01 - Non intersection,07 - Dark,03 - P.D. only,03 - Rear end
3838,COVENTRY RD btwn BELFAST RD & ST. LAURENT SC WEST,371876.0772,5031681.089,5/6/16,13:27,01 - Clear,01 - Dry,10 - No control,01 - Non intersection,01 - Daylight,03 - P.D. only,04 - Sideswipe
3839,COVENTRY RD btwn JETFORM PARK  STADIUM & ARCOLA PRIV,370864.3982,5031673.19,2/20/16,11:54,02 - Rain,02 - Wet,10 - No control,04 - At/near private drive,01 - Daylight,03 - P.D. only,04 - Sideswipe
3840,COVENTRY RD btwn LOLA ST & BELFAST RD,371267.8584,5031615.814,12/28/16,16:59,01 - Clear,01 - Dry,10 - No control,01 - Non intersection,07 - Dark,03 - P.D. only,04 - Sideswipe
3841,COVENTRY RD btwn ST. LAURENT SC WEST & ST. LAURENT BLVD,372284.0606,5031947.254,6/16/16,14:50,01 - Clear,01 - Dry,10 - No control,01 - Non intersection,01 - Daylight,03 - P.D. only,04 - Sideswipe
3842,COVENTRY RD btwn ST. LAURENT SC WEST & ST. LAURENT BLVD,372137.6036,5031935.426,12/30/16,14:15,01 - Clear,01 - Dry,10 - No control,01 - Non intersection,01 - Daylight,03 - P.D. only,04 - Sideswipe
3843,COVINGTON PL btwn HEMMINGWOOD WAY & HEMMINGWOOD WAY,361768.4987,5023186.137,3/1/16,15:04,01 - Clear,05 - Packed snow,10 - No control,01 - Non intersection,01 - Daylight,03 - P.D. only,06 - SMV unattended vehicle
3844,COWELL RD @ MALAKOFF RD,365463.3087,4992390.006,10/3/16,18:54,01 - Clear,01 - Dry,10 - No control,02 - Intersection related,07 - Dark,02 - Non-fatal injury,07 - SMV other
3845,COWLEY AVE btwn SUNNYMEDE AVE & PREMIER AVE,363981.8797,5029325.35,2/7/16,17:46,01 - Clear,01 - Dry,10 - No control,04 - At/near private drive,05 - Dusk,03 - P.D. only,99 - Other
3846,CRAIG HENRY DR @ IVYLEA ST/WOODVALE GR,363035.3181,5021803.635,2/25/16,8:40,01 - Clear,02 - Wet,02 - Stop sign,03 - At intersection,01 - Daylight,03 - P.D. only,02 - Angle
3847,CRAIG HENRY DR @ KNOXDALE RD,363116.9074,5021656.588,1/27/16,9:00,01 - Clear,06 - Ice,01 - Traffic signal,02 - Intersection related,01 - Daylight,03 - P.D. only,03 - Rear end
3848,CRAIG HENRY DR btwn BERTONA ST & SOVEREIGN AVE,362771.0168,5021938.154,1/7/16,17:47,01 - Clear,01 - Dry,10 - No control,04 - At/near private drive,07 - Dark,03 - P.D. only,05 - Turning movement
3849,CRAIG HENRY DR btwn BERTONA ST & SOVEREIGN AVE,362753.6791,5021930.694,6/1/16,8:25,01 - Clear,01 - Dry,10 - No control,04 - At/near private drive,01 - Daylight,03 - P.D. only,01 - Approaching
3850,CRAIG ST btwn FINDLAY AVE & BROADWAY AVE,368119.1751,5028819.326,1/8/16,19:30,01 - Clear,01 - Dry,10 - No control,01 - Non intersection,07 - Dark,03 - P.D. only,06 - SMV unattended vehicle
3851,CRAIGHALL CIRC @ JOHNSTON RD,372889.4842,5025788.513,2/19/16,20:30,03 - Snow,05 - Packed snow,02 - Stop sign,02 - Intersection related,07 - Dark,03 - P.D. only,03 - Rear end
3852,CRAIGHURST DR btwn ROGER STEVENS DR & END,365771.6698,4999237.101,12/12/16,9:24,03 - Snow,03 - Loose snow,10 - No control,04 - At/near private drive,01 - Daylight,03 - P.D. only,02 - Angle
3853,CREEK CROSSING ST @ ORLEANS BLVD,380943.6715,5033544.825,12/9/16,8:30,01 - Clear,06 - Ice,02 - Stop sign,03 - At intersection,01 - Daylight,03 - P.D. only,02 - Angle
3854,CRERAR AVE @ FISHER AVE,365453.379,5027696.867,5/5/16,14:05,01 - Clear,01 - Dry,02 - Stop sign,03 - At intersection,01 - Daylight,02 - Non-fatal injury,05 - Turning movement
3855,CRERAR AVE @ FISHER AVE,365454.3589,5027696.302,6/17/16,0:00,01 - Clear,01 - Dry,02 - Stop sign,02 - Intersection related,00 - Unknown,03 - P.D. only,06 - SMV unattended vehicle
3856,CRERAR AVE @ FISHER AVE,365453.8745,5027698.325,6/16/16,15:40,01 - Clear,01 - Dry,02 - Stop sign,03 - At intersection,01 - Daylight,03 - P.D. only,05 - Turning movement
3857,CRERAR AVE @ FISHER AVE,365451.8744,5027697.13,12/14/16,10:30,01 - Clear,01 - Dry,02 - Stop sign,02 - Intersection related,01 - Daylight,03 - P.D. only,02 - Angle
3858,CRESTDALE ST @ RED WILLOW DR,380530.7535,5034943.816,12/5/16,15:29,03 - Snow,03 - Loose snow,10 - No control,02 - Intersection related,01 - Daylight,03 - P.D. only,01 - Approaching
3859,CRESTHAVEN DR @ STRANDHERD DR,366813.9062,5015028.485,11/21/16,11:42,03 - Snow,03 - Loose snow,01 - Traffic signal,03 - At intersection,01 - Daylight,02 - Non-fatal injury,07 - SMV other
3860,CRESTHAVEN DR @ STRANDHERD DR,366813.6867,5015027.851,2/13/16,9:09,01 - Clear,05 - Packed snow,01 - Traffic signal,03 - At intersection,01 - Daylight,03 - P.D. only,02 - Angle
3861,CRESTHAVEN DR @ STRANDHERD DR,366813.2476,5015028.729,2/13/16,16:15,01 - Clear,05 - Packed snow,01 - Traffic signal,03 - At intersection,01 - Daylight,03 - P.D. only,03 - Rear end
3862,CRESTHAVEN DR @ STRANDHERD DR,366814.7344,5015026.828,11/21/16,14:20,06 - Strong wind,04 - Slush,01 - Traffic signal,02 - Intersection related,01 - Daylight,03 - P.D. only,07 - SMV other
3863,CRESTHAVEN DR @ STRANDHERD DR,366814.5826,5015027.394,6/1/16,18:49,01 - Clear,01 - Dry,01 - Traffic signal,02 - Intersection related,01 - Daylight,03 - P.D. only,03 - Rear end
3864,CRESTHAVEN DR @ STRANDHERD DR,366813.2476,5015027.412,10/5/16,18:40,01 - Clear,01 - Dry,01 - Traffic signal,03 - At intersection,05 - Dusk,03 - P.D. only,05 - Turning movement
3865,CRESTHAVEN DR @ STRANDHERD DR,366813.078,5015026,11/4/16,10:34,01 - Clear,01 - Dry,01 - Traffic signal,02 - Intersection related,01 - Daylight,03 - P.D. only,03 - Rear end
3866,CRESTHAVEN DR @ STRANDHERD DR,366813.6867,5015027.412,9/27/16,8:48,01 - Clear,01 - Dry,01 - Traffic signal,02 - Intersection related,01 - Daylight,03 - P.D. only,04 - Sideswipe
3867,CRESTHAVEN DR @ WATERBRIDGE DR,366938.7674,5015977.623,7/16/16,11:10,01 - Clear,01 - Dry,11 - Roundabout,02 - Intersection related,01 - Daylight,03 - P.D. only,03 - Rear end
3868,CRESTHAVEN DR btwn LEIKIN DR & VERSILIA DR,366965.6213,5016465.4,4/5/16,18:13,01 - Clear,01 - Dry,10 - No control,04 - At/near private drive,01 - Daylight,03 - P.D. only,02 - Angle
3869,CRESTHAVEN DR btwn STRANDHERD DR & BARNSTONE DR,366850.2343,5015054.633,3/24/16,20:54,04 - Freezing Rain,06 - Ice,10 - No control,01 - Non intersection,07 - Dark,03 - P.D. only,06 - SMV unattended vehicle
3870,CRESTVIEW RD btwn EASTLANE RD & FAIRBANKS AVE,370794.7954,5028831.885,5/9/16,8:03,01 - Clear,01 - Dry,10 - No control,01 - Non intersection,01 - Daylight,03 - P.D. only,04 - Sideswipe
3871,CRESTWAY DR @ GROVEHURST DR,366355.7747,5015682.628,12/29/16,13:30,03 - Snow,03 - Loose snow,02 - Stop sign,02 - Intersection related,01 - Daylight,03 - P.D. only,03 - Rear end
3872,CRESTWAY DR @ HATHAWAY DR,366393.5226,5015841.93,5/20/16,17:49,01 - Clear,01 - Dry,02 - Stop sign,02 - Intersection related,01 - Daylight,02 - Non-fatal injury,03 - Rear end