Record,Location,X,Y,Date,Time,Environment,Road_Surface,Traffic_Control,Collision_Location,Light,Collision_Classification,Impact_type
3873,CRESTWAY DR @ HATHAWAY DR,366392.8108,5015843.269,2/17/16,22:05,06 - Strong wind,06 - Ice,02 - Stop sign,03 - At intersection,07 - Dark,03 - P.D. only,03 - Rear end
3874,CRESTWAY DR @ LEIKIN DR,366938.7309,5016514.34,4/27/16,8:05,01 - Clear,01 - Dry,02 - Stop sign,03 - At intersection,01 - Daylight,03 - P.D. only,02 - Angle
3875,CRESTWAY DR @ PRINCE OF WALES DR,367370.526,5016577.139,2/25/16,21:01,04 - Freezing Rain,06 - Ice,01 - Traffic signal,03 - At intersection,07 - Dark,03 - P.D. only,03 - Rear end
3876,CRESTWAY DR @ PRINCE OF WALES DR,367370.1354,5016576.909,6/2/16,8:33,02 - Rain,02 - Wet,01 - Traffic signal,02 - Intersection related,01 - Daylight,03 - P.D. only,03 - Rear end
3877,CRESTWAY DR @ PRINCE OF WALES DR,367370.2987,5016576.454,7/21/16,14:03,01 - Clear,01 - Dry,01 - Traffic signal,02 - Intersection related,01 - Daylight,03 - P.D. only,03 - Rear end
3878,CRESTWAY DR @ PRINCE OF WALES DR,367369.8496,5016577.585,6/8/16,10:45,01 - Clear,01 - Dry,01 - Traffic signal,02 - Intersection related,01 - Daylight,03 - P.D. only,03 - Rear end
3879,CRESTWAY DR @ PRINCE OF WALES DR,367371.0615,5016577.98,10/6/16,7:52,01 - Clear,01 - Dry,01 - Traffic signal,02 - Intersection related,01 - Daylight,03 - P.D. only,03 - Rear end
3880,CRESTWAY DR @ PRINCE OF WALES DR,367369.6978,5016577.323,12/21/16,16:10,01 - Clear,02 - Wet,01 - Traffic signal,02 - Intersection related,05 - Dusk,03 - P.D. only,03 - Rear end
3881,CRESTWAY DR @ STRANDHERD DR,366347.1301,5015471.588,8/11/16,21:43,01 - Clear,01 - Dry,01 - Traffic signal,03 - At intersection,07 - Dark,02 - Non-fatal injury,02 - Angle
3882,CRESTWAY DR @ STRANDHERD DR,366347.1301,5015472.043,8/20/16,20:39,01 - Clear,01 - Dry,01 - Traffic signal,03 - At intersection,07 - Dark,03 - P.D. only,05 - Turning movement
3883,CRESTWAY DR @ STRANDHERD DR,366347.2934,5015470.352,6/23/16,17:14,01 - Clear,01 - Dry,01 - Traffic signal,02 - Intersection related,01 - Daylight,03 - P.D. only,03 - Rear end
3884,CRESTWAY DR @ STRANDHERD DR,366346.6773,5015472.261,6/19/16,18:03,01 - Clear,01 - Dry,01 - Traffic signal,03 - At intersection,01 - Daylight,03 - P.D. only,03 - Rear end
3885,CRESTWAY DR @ STRANDHERD DR,366347.5687,5015472.243,2/18/16,9:18,01 - Clear,06 - Ice,01 - Traffic signal,02 - Intersection related,01 - Daylight,03 - P.D. only,03 - Rear end
3886,CRESTWAY DR @ STRANDHERD DR,366346.6833,5015470.914,12/18/16,18:55,01 - Clear,02 - Wet,01 - Traffic signal,03 - At intersection,07 - Dark,03 - P.D. only,05 - Turning movement
3887,CRESTWAY DR @ STRANDHERD DR,366346.9028,5015469.063,10/24/16,2:37,01 - Clear,01 - Dry,01 - Traffic signal,02 - Intersection related,07 - Dark,03 - P.D. only,07 - SMV other
3888,CRESTWAY DR btwn GRAND GALA DR & PRINCE OF WALES DR,367138.1524,5016584.407,1/16/16,16:09,03 - Snow,04 - Slush,10 - No control,01 - Non intersection,01 - Daylight,03 - P.D. only,07 - SMV other
3889,CRESTWAY DR btwn GRAND GALA DR & PRINCE OF WALES DR,367356.4163,5016579.373,4/6/16,17:51,03 - Snow,03 - Loose snow,10 - No control,04 - At/near private drive,01 - Daylight,03 - P.D. only,05 - Turning movement
3890,CRESTWAY DR btwn WATERBRIDGE DR & OLDFIELD ST,366632.255,5016342.346,5/22/16,7:42,01 - Clear,01 - Dry,10 - No control,01 - Non intersection,01 - Daylight,03 - P.D. only,05 - Turning movement
3891,CRICHTON ST btwn THE MEWS LANE & ELECTRIC ST,368930.3161,5033561.464,4/11/16,15:08,02 - Rain,02 - Wet,10 - No control,01 - Non intersection,01 - Daylight,03 - P.D. only,04 - Sideswipe
3892,CRICHTON ST btwn VAUGHAN ST & ST. PATRICK ST,369115.942,5033498.694,1/23/16,11:30,01 - Clear,01 - Dry,10 - No control,01 - Non intersection,01 - Daylight,02 - Non-fatal injury,03 - Rear end
3893,CRICHTON ST btwn VAUGHAN ST & ST. PATRICK ST,369111.08,5033503.568,4/3/16,12:20,01 - Clear,01 - Dry,10 - No control,01 - Non intersection,01 - Daylight,03 - P.D. only,05 - Turning movement
3894,CRICHTON ST btwn VAUGHAN ST & ST. PATRICK ST,369110.7405,5033501.656,4/12/16,8:40,01 - Clear,01 - Dry,10 - No control,01 - Non intersection,01 - Daylight,03 - P.D. only,04 - Sideswipe
3895,CROSSKEYS PL/HELENE CAMPBELL RD @ STRANDHERD DR,360982.3112,5014901.733,12/17/16,13:57,03 - Snow,03 - Loose snow,01 - Traffic signal,02 - Intersection related,01 - Daylight,03 - P.D. only,04 - Sideswipe
3896,CROYDON AVE @ RICHMOND RD,360545.4648,5025271.854,2/17/16,19:39,01 - Clear,06 - Ice,01 - Traffic signal,03 - At intersection,07 - Dark,02 - Non-fatal injury,03 - Rear end
3897,CROYDON AVE @ RICHMOND RD,360544.9918,5025274.8,5/28/16,14:02,01 - Clear,01 - Dry,01 - Traffic signal,03 - At intersection,01 - Daylight,02 - Non-fatal injury,05 - Turning movement
3898,CROYDON AVE @ RICHMOND RD,360545.1513,5025273.858,9/1/16,16:02,01 - Clear,01 - Dry,01 - Traffic signal,03 - At intersection,01 - Daylight,03 - P.D. only,03 - Rear end
3899,CROYDON AVE @ RICHMOND RD,360546.0841,5025273.669,3/17/16,18:31,01 - Clear,01 - Dry,01 - Traffic signal,03 - At intersection,05 - Dusk,03 - P.D. only,02 - Angle
3900,CROYDON AVE @ RICHMOND RD,360544.8586,5025274.59,11/24/16,19:13,01 - Clear,01 - Dry,01 - Traffic signal,02 - Intersection related,07 - Dark,03 - P.D. only,03 - Rear end
3901,CROYDON AVE @ RICHMOND RD,360544.0305,5025274.59,11/24/16,9:00,03 - Snow,04 - Slush,01 - Traffic signal,02 - Intersection related,01 - Daylight,03 - P.D. only,03 - Rear end
3902,CROYDON AVE btwn RICHMOND RD & BOND ST,360584.5128,5025197.932,1/22/16,7:19,01 - Clear,01 - Dry,10 - No control,04 - At/near private drive,03 - Dawn,03 - P.D. only,02 - Angle
3903,CUBA AVE @ RUSSELL RD,373002.7504,5029505.54,1/1/16,20:39,03 - Snow,03 - Loose snow,02 - Stop sign,02 - Intersection related,07 - Dark,03 - P.D. only,04 - Sideswipe
3904,CULLODEN CRES btwn CULLODEN CRES & CULLODEN CRES,366553.7646,5012519.063,2/19/16,9:04,03 - Snow,04 - Slush,10 - No control,01 - Non intersection,01 - Daylight,03 - P.D. only,06 - SMV unattended vehicle
3905,CUMBERLAND ST @ GEORGE ST,368328.1921,5032416.175,11/9/16,14:26,01 - Clear,01 - Dry,01 - Traffic signal,02 - Intersection related,01 - Daylight,02 - Non-fatal injury,03 - Rear end
3906,CUMBERLAND ST @ GEORGE ST,368326.5565,5032416.792,8/21/16,19:40,01 - Clear,01 - Dry,01 - Traffic signal,02 - Intersection related,01 - Daylight,03 - P.D. only,07 - SMV other
3907,CUMBERLAND ST @ GEORGE ST,368324.8794,5032417.004,12/31/16,23:54,03 - Snow,03 - Loose snow,01 - Traffic signal,03 - At intersection,07 - Dark,03 - P.D. only,05 - Turning movement
3908,CUMBERLAND ST @ GUIGUES AVE,368083.532,5032825.175,10/6/16,9:25,01 - Clear,01 - Dry,02 - Stop sign,03 - At intersection,01 - Daylight,02 - Non-fatal injury,07 - SMV other
3909,CUMBERLAND ST @ LAURIER AVE,368598.6226,5031947.436,2/16/16,14:54,03 - Snow,03 - Loose snow,01 - Traffic signal,03 - At intersection,01 - Daylight,03 - P.D. only,04 - Sideswipe
3910,CUMBERLAND ST @ LAURIER AVE,368598.3627,5031948.365,10/7/16,16:58,01 - Clear,01 - Dry,01 - Traffic signal,03 - At intersection,01 - Daylight,03 - P.D. only,02 - Angle
3911,CUMBERLAND ST @ MURRAY ST,368171.3733,5032679.359,6/22/16,9:55,01 - Clear,01 - Dry,01 - Traffic signal,03 - At intersection,01 - Daylight,03 - P.D. only,02 - Angle
3912,CUMBERLAND ST @ MURRAY ST,368171.5251,5032679.999,5/9/16,2:05,01 - Clear,01 - Dry,01 - Traffic signal,03 - At intersection,07 - Dark,03 - P.D. only,03 - Rear end
3913,CUMBERLAND ST @ MURRAY ST,368170.0728,5032680.048,10/21/16,1:07,02 - Rain,02 - Wet,01 - Traffic signal,03 - At intersection,07 - Dark,03 - P.D. only,02 - Angle
3914,CUMBERLAND ST @ RIDEAU ST,368374.0518,5032329.285,5/2/16,9:19,01 - Clear,01 - Dry,01 - Traffic signal,03 - At intersection,01 - Daylight,02 - Non-fatal injury,02 - Angle
3915,CUMBERLAND ST @ RIDEAU ST,368374.7357,5032329.974,5/17/16,17:14,01 - Clear,01 - Dry,01 - Traffic signal,03 - At intersection,01 - Daylight,02 - Non-fatal injury,07 - SMV other
3916,CUMBERLAND ST @ RIDEAU ST,368373.3746,5032330.883,5/26/16,21:00,01 - Clear,01 - Dry,01 - Traffic signal,02 - Intersection related,05 - Dusk,02 - Non-fatal injury,03 - Rear end
3917,CUMBERLAND ST @ RIDEAU ST,368373.8524,5032329.754,11/15/16,12:05,01 - Clear,01 - Dry,01 - Traffic signal,03 - At intersection,01 - Daylight,02 - Non-fatal injury,02 - Angle
3918,CUMBERLAND ST @ RIDEAU ST,368374.7365,5032330.65,6/13/16,22:03,01 - Clear,01 - Dry,01 - Traffic signal,03 - At intersection,07 - Dark,03 - P.D. only,02 - Angle
3919,CUMBERLAND ST @ RIDEAU ST,368374.7305,5032329.315,8/17/16,7:56,01 - Clear,01 - Dry,01 - Traffic signal,03 - At intersection,01 - Daylight,03 - P.D. only,04 - Sideswipe
3920,CUMBERLAND ST @ RIDEAU ST,368374.2915,5032330.194,8/25/16,6:47,02 - Rain,02 - Wet,01 - Traffic signal,03 - At intersection,01 - Daylight,03 - P.D. only,05 - Turning movement
3921,CUMBERLAND ST @ RIDEAU ST,368374.7383,5032330.429,8/5/16,16:05,01 - Clear,01 - Dry,01 - Traffic signal,02 - Intersection related,01 - Daylight,03 - P.D. only,04 - Sideswipe
3922,CUMBERLAND ST @ RIDEAU ST,368373.8524,5032330.194,10/2/16,2:16,01 - Clear,01 - Dry,01 - Traffic signal,02 - Intersection related,07 - Dark,03 - P.D. only,99 - Other
3923,CUMBERLAND ST @ RIDEAU ST,368374.2199,5032329.652,12/17/16,20:58,03 - Snow,03 - Loose snow,01 - Traffic signal,02 - Intersection related,07 - Dark,03 - P.D. only,04 - Sideswipe
3924,CUMBERLAND ST @ RIDEAU ST,368372.8547,5032332.044,9/6/16,9:30,01 - Clear,01 - Dry,01 - Traffic signal,02 - Intersection related,01 - Daylight,03 - P.D. only,99 - Other
3925,CUMBERLAND ST @ ST. PATRICK ST,368128.9267,5032749.691,3/17/16,8:48,01 - Clear,01 - Dry,01 - Traffic signal,03 - At intersection,01 - Daylight,03 - P.D. only,02 - Angle
3926,CUMBERLAND ST @ ST. PATRICK ST,368127.9542,5032748.957,1/1/16,16:00,03 - Snow,02 - Wet,01 - Traffic signal,03 - At intersection,01 - Daylight,03 - P.D. only,02 - Angle
3927,CUMBERLAND ST @ ST. PATRICK ST,368128.9242,5032748.362,1/23/16,11:04,01 - Clear,01 - Dry,01 - Traffic signal,03 - At intersection,01 - Daylight,03 - P.D. only,05 - Turning movement
3928,CUMBERLAND ST @ ST. PATRICK ST,368129.3706,5032749.247,3/2/16,14:47,01 - Clear,01 - Dry,01 - Traffic signal,03 - At intersection,01 - Daylight,03 - P.D. only,02 - Angle
3929,CUMBERLAND ST @ STEWART ST,368496.0806,5032120.95,1/26/16,14:26,04 - Freezing Rain,02 - Wet,02 - Stop sign,03 - At intersection,01 - Daylight,03 - P.D. only,02 - Angle
3930,CUMBERLAND ST @ WILBROD ST/SERAPHIN MARION PRI,368533.7932,5032050.814,2/22/16,11:45,01 - Clear,01 - Dry,02 - Stop sign,03 - At intersection,01 - Daylight,03 - P.D. only,05 - Turning movement
3931,CUMBERLAND ST @ WILBROD ST/SERAPHIN MARION PRI,368534.9271,5032051.377,7/20/16,19:49,01 - Clear,01 - Dry,02 - Stop sign,03 - At intersection,01 - Daylight,03 - P.D. only,04 - Sideswipe
3932,CUMBERLAND ST @ YORK ST,368262.2395,5032521.37,1/7/16,18:20,01 - Clear,02 - Wet,01 - Traffic signal,03 - At intersection,07 - Dark,03 - P.D. only,02 - Angle
3933,CUMBERLAND ST @ YORK ST,368262.9182,5032522.258,7/31/16,1:20,01 - Clear,01 - Dry,01 - Traffic signal,03 - At intersection,07 - Dark,03 - P.D. only,02 - Angle
3934,CUMBERLAND ST btwn BRUYERE ST & ST. ANDREW ST,368025.0943,5032921.133,4/4/16,13:00,03 - Snow,03 - Loose snow,10 - No control,01 - Non intersection,01 - Daylight,03 - P.D. only,06 - SMV unattended vehicle
3935,CUMBERLAND ST btwn CLARENCE ST & YORK ST,368224.1859,5032587.848,1/11/16,16:33,01 - Clear,01 - Dry,10 - No control,01 - Non intersection,01 - Daylight,01 - Fatal injury,04 - Sideswipe
3936,CUMBERLAND ST btwn CLARENCE ST & YORK ST,368223.1303,5032590.94,3/6/16,17:24,01 - Clear,01 - Dry,10 - No control,04 - At/near private drive,01 - Daylight,03 - P.D. only,02 - Angle
3937,CUMBERLAND ST btwn CLARENCE ST & YORK ST,368247.7531,5032547.044,7/15/16,8:00,01 - Clear,01 - Dry,10 - No control,01 - Non intersection,01 - Daylight,03 - P.D. only,06 - SMV unattended vehicle
3938,CUMBERLAND ST btwn CLARENCE ST & YORK ST,368215.606,5032602.782,7/24/16,11:00,01 - Clear,02 - Wet,10 - No control,01 - Non intersection,01 - Daylight,03 - P.D. only,06 - SMV unattended vehicle
3939,CUMBERLAND ST btwn DALY AVE & STEWART ST,368458.4435,5032183.333,5/27/16,14:00,01 - Clear,01 - Dry,10 - No control,01 - Non intersection,01 - Daylight,03 - P.D. only,06 - SMV unattended vehicle
3940,CUMBERLAND ST btwn GUIGUES AVE & ST. PATRICK ST,368119.045,5032764.827,11/18/16,18:40,01 - Clear,01 - Dry,10 - No control,01 - Non intersection,07 - Dark,03 - P.D. only,04 - Sideswipe
3941,CUMBERLAND ST btwn MURRAY ST & CLARENCE ST,368180.6348,5032661.78,5/9/16,0:04,01 - Clear,01 - Dry,10 - No control,01 - Non intersection,07 - Dark,03 - P.D. only,07 - SMV other
3942,CUMBERLAND ST btwn RIDEAU ST & BESSERER ST,368410.7141,5032269.592,7/29/16,12:10,01 - Clear,01 - Dry,10 - No control,01 - Non intersection,01 - Daylight,03 - P.D. only,06 - SMV unattended vehicle
3943,CUMBERLAND ST btwn SERAPHIN MARION PRIV & LAURIER AVE E,368575.3439,5031985.023,12/7/16,15:00,01 - Clear,03 - Loose snow,10 - No control,04 - At/near private drive,01 - Daylight,03 - P.D. only,04 - Sideswipe
3944,CUMBERLAND ST btwn ST. PATRICK ST & MURRAY ST,368161.5872,5032693.25,11/26/16,0:00,01 - Clear,02 - Wet,10 - No control,01 - Non intersection,00 - Unknown,03 - P.D. only,06 - SMV unattended vehicle
3945,CUMBERLAND ST btwn YORK ST & YORK ST,368259.4056,5032527.527,1/6/16,9:40,01 - Clear,01 - Dry,10 - No control,01 - Non intersection,01 - Daylight,03 - P.D. only,06 - SMV unattended vehicle
3946,CUMMINGS AVE @ DONALD ST,372650.9466,5032412.028,3/24/16,11:12,03 - Snow,03 - Loose snow,01 - Traffic signal,02 - Intersection related,01 - Daylight,03 - P.D. only,03 - Rear end
3947,CUMMINGS AVE @ DONALD ST,372651.8493,5032412.255,5/24/16,8:39,01 - Clear,01 - Dry,01 - Traffic signal,02 - Intersection related,01 - Daylight,03 - P.D. only,05 - Turning movement
3948,CUMMINGS AVE @ DONALD ST,372650.4946,5032411.124,7/28/16,16:20,01 - Clear,01 - Dry,01 - Traffic signal,02 - Intersection related,01 - Daylight,03 - P.D. only,03 - Rear end
3949,CUMMINGS AVE @ GARDENVALE RD,372404.3994,5033033.252,5/3/16,8:16,01 - Clear,01 - Dry,02 - Stop sign,03 - At intersection,01 - Daylight,03 - P.D. only,02 - Angle
3950,CUMMINGS AVE @ MONTREAL RD,372007.041,5034039.253,11/14/16,18:04,01 - Clear,01 - Dry,01 - Traffic signal,03 - At intersection,07 - Dark,02 - Non-fatal injury,07 - SMV other
3951,CUMMINGS AVE @ MONTREAL RD,372008.2361,5034041.839,2/14/16,19:10,03 - Snow,02 - Wet,01 - Traffic signal,02 - Intersection related,07 - Dark,03 - P.D. only,04 - Sideswipe
3952,CUMMINGS AVE @ OGILVIE RD,372747.9697,5032170.21,3/5/16,16:30,01 - Clear,01 - Dry,01 - Traffic signal,03 - At intersection,01 - Daylight,02 - Non-fatal injury,07 - SMV other
3953,CUMMINGS AVE @ OGILVIE RD,372747.9697,5032171.711,1/7/16,11:45,01 - Clear,01 - Dry,01 - Traffic signal,02 - Intersection related,01 - Daylight,02 - Non-fatal injury,99 - Other
3954,CUMMINGS AVE @ OGILVIE RD,372748.4982,5032170.808,2/17/16,22:17,01 - Clear,06 - Ice,01 - Traffic signal,02 - Intersection related,07 - Dark,02 - Non-fatal injury,03 - Rear end
3955,CUMMINGS AVE @ OGILVIE RD,372747.8017,5032171.734,7/15/16,16:14,02 - Rain,02 - Wet,01 - Traffic signal,02 - Intersection related,01 - Daylight,02 - Non-fatal injury,03 - Rear end
3956,CUMMINGS AVE @ OGILVIE RD,372748.5007,5032170.805,2/17/16,21:02,05 - Drifting Snow,06 - Ice,01 - Traffic signal,02 - Intersection related,07 - Dark,03 - P.D. only,03 - Rear end
3957,CUMMINGS AVE @ OGILVIE RD,372748.0543,5032170.808,2/18/16,7:55,03 - Snow,06 - Ice,01 - Traffic signal,02 - Intersection related,01 - Daylight,03 - P.D. only,03 - Rear end
3958,CUMMINGS AVE @ OGILVIE RD,372748.5007,5032169.927,9/19/16,17:50,01 - Clear,01 - Dry,01 - Traffic signal,03 - At intersection,01 - Daylight,03 - P.D. only,05 - Turning movement
3959,CUMMINGS AVE @ OGILVIE RD,372750.0979,5032170.356,2/17/16,20:50,01 - Clear,06 - Ice,01 - Traffic signal,03 - At intersection,07 - Dark,03 - P.D. only,05 - Turning movement
3960,CUMMINGS AVE @ OGILVIE RD,372748.5007,5032170.366,9/21/16,12:18,01 - Clear,01 - Dry,01 - Traffic signal,03 - At intersection,01 - Daylight,03 - P.D. only,05 - Turning movement
3961,CUMMINGS AVE @ OGILVIE RD,372747.6225,5032170.366,9/6/16,11:08,01 - Clear,01 - Dry,01 - Traffic signal,03 - At intersection,01 - Daylight,03 - P.D. only,05 - Turning movement
3962,CUMMINGS AVE @ SHANE ST,372439.7189,5032949.895,12/23/16,9:21,01 - Clear,02 - Wet,02 - Stop sign,02 - Intersection related,01 - Daylight,03 - P.D. only,02 - Angle
3963,CUMMINGS AVE @ STEELE PARK PRIV,372626.3671,5032473.942,8/10/16,22:16,01 - Clear,01 - Dry,10 - No control,03 - At intersection,07 - Dark,02 - Non-fatal injury,05 - Turning movement
3964,CUMMINGS AVE btwn BURN ST & GARDENVALE RD,372400.4134,5033041.275,10/22/16,1:11,02 - Rain,02 - Wet,10 - No control,01 - Non intersection,07 - Dark,03 - P.D. only,06 - SMV unattended vehicle
3965,CUMMINGS AVE btwn DONALD ST & EADY CRT,372655.3322,5032401.7,2/9/16,16:07,01 - Clear,02 - Wet,10 - No control,04 - At/near private drive,01 - Daylight,03 - P.D. only,05 - Turning movement
3966,CUMMINGS AVE btwn EADY CRT & STRATHAVEN PRIV,372678.2925,5032342.082,5/24/16,10:00,01 - Clear,01 - Dry,10 - No control,04 - At/near private drive,01 - Daylight,03 - P.D. only,03 - Rear end
3967,CUMMINGS AVE btwn OGILVIE RD & LABELLE ST,372753.9475,5032161.04,8/5/16,16:03,01 - Clear,01 - Dry,10 - No control,04 - At/near private drive,01 - Daylight,02 - Non-fatal injury,02 - Angle
3968,CUMMINGS AVE btwn OGILVIE RD & LABELLE ST,372750.4765,5032165.756,8/26/16,15:16,01 - Clear,01 - Dry,10 - No control,04 - At/near private drive,01 - Daylight,03 - P.D. only,05 - Turning movement
3969,CUMMINGS AVE btwn OGILVIE RD & LABELLE ST,372752.0872,5032164.525,2/29/16,15:49,01 - Clear,01 - Dry,10 - No control,04 - At/near private drive,01 - Daylight,03 - P.D. only,02 - Angle
3970,CUMMINGS AVE btwn WELDON DR & OGILVIE RD,372745.7112,5032176.701,9/15/16,12:37,01 - Clear,01 - Dry,10 - No control,04 - At/near private drive,01 - Daylight,02 - Non-fatal injury,02 - Angle
3971,CUMMINGS AVE btwn WELDON DR & OGILVIE RD,372707.1472,5032271.26,5/11/16,15:30,01 - Clear,01 - Dry,10 - No control,04 - At/near private drive,01 - Daylight,03 - P.D. only,05 - Turning movement
3972,CUMMINGS AVE btwn WELDON DR & OGILVIE RD,372744.4361,5032179.379,5/22/16,10:36,01 - Clear,01 - Dry,10 - No control,04 - At/near private drive,01 - Daylight,03 - P.D. only,02 - Angle
3973,CUMMINGS AVE/LABELLE ST @ CYRVILLE RD,372860.1495,5031871.736,4/21/16,15:17,01 - Clear,01 - Dry,01 - Traffic signal,03 - At intersection,01 - Daylight,03 - P.D. only,02 - Angle
3974,CUMORAH DR/RED WILLOW DR @ MAPLE RUN AVE,380652.1994,5035116.38,1/18/16,9:00,03 - Snow,03 - Loose snow,02 - Stop sign,02 - Intersection related,01 - Daylight,03 - P.D. only,07 - SMV other
3975,CURLEW PL btwn SWANS WAY & END,373709.4995,5035381.784,11/22/16,7:49,01 - Clear,01 - Dry,10 - No control,01 - Non intersection,01 - Daylight,03 - P.D. only,07 - SMV other
3976,CURRAN ST btwn KATIMAVIK RD & MCCURDY DR,351540.1899,5018407.803,11/23/16,16:45,01 - Clear,02 - Wet,10 - No control,01 - Non intersection,05 - Dusk,03 - P.D. only,06 - SMV unattended vehicle
3977,CURRIER ST @ MANOTICK MAIN ST,368987.4874,5009680.162,2/13/16,17:54,01 - Clear,01 - Dry,02 - Stop sign,03 - At intersection,05 - Dusk,03 - P.D. only,02 - Angle
3978,CURTIS PRIV btwn SAMPSON PRIV & TYLEE PRIV,369961.1923,5022220.893,2/2/16,13:00,01 - Clear,01 - Dry,10 - No control,01 - Non intersection,01 - Daylight,03 - P.D. only,06 - SMV unattended vehicle
3979,CYCLONE TAYLOR BLVD @ PALLADIUM DR,350164.1526,5017577.13,3/19/16,19:02,01 - Clear,01 - Dry,01 - Traffic signal,02 - Intersection related,07 - Dark,03 - P.D. only,03 - Rear end
3980,CYCLONE TAYLOR BLVD @ PALLADIUM DR,350164.7217,5017572.68,4/1/16,23:04,01 - Clear,01 - Dry,01 - Traffic signal,03 - At intersection,07 - Dark,03 - P.D. only,04 - Sideswipe
3981,CYMBELINE DR btwn OBERON ST & SEYTON DR,356856.0776,5020040.284,3/18/16,8:20,01 - Clear,01 - Dry,10 - No control,04 - At/near private drive,01 - Daylight,03 - P.D. only,02 - Angle
3982,CYR AVE @ GLADU ST,370349.3886,5032781.948,7/7/16,18:23,01 - Clear,01 - Dry,02 - Stop sign,03 - At intersection,01 - Daylight,02 - Non-fatal injury,02 - Angle
3983,CYR AVE @ MCARTHUR AVE,370354.9311,5032708.368,9/16/16,17:55,01 - Clear,01 - Dry,02 - Stop sign,02 - Intersection related,01 - Daylight,03 - P.D. only,02 - Angle
3984,CYR AVE @ MCARTHUR AVE,370353.9476,5032709.032,12/17/16,14:21,03 - Snow,04 - Slush,02 - Stop sign,02 - Intersection related,01 - Daylight,03 - P.D. only,04 - Sideswipe
3985,CYR AVE @ MONTREAL RD,370220.4899,5033148.371,11/14/16,17:39,01 - Clear,01 - Dry,02 - Stop sign,03 - At intersection,07 - Dark,03 - P.D. only,02 - Angle
3986,CYRVILLE RD @ INNES RD,375047.7247,5031118.761,8/13/16,11:08,02 - Rain,02 - Wet,01 - Traffic signal,02 - Intersection related,01 - Daylight,02 - Non-fatal injury,03 - Rear end
3987,CYRVILLE RD @ INNES RD,375047.9492,5031118.891,1/23/16,11:35,01 - Clear,01 - Dry,01 - Traffic signal,02 - Intersection related,01 - Daylight,02 - Non-fatal injury,03 - Rear end
3988,CYRVILLE RD @ INNES RD,375047.0588,5031119.786,3/1/16,15:25,01 - Clear,01 - Dry,01 - Traffic signal,03 - At intersection,01 - Daylight,02 - Non-fatal injury,02 - Angle
3989,CYRVILLE RD @ INNES RD,375046.9419,5031120.536,3/4/16,15:10,01 - Clear,02 - Wet,01 - Traffic signal,02 - Intersection related,01 - Daylight,02 - Non-fatal injury,03 - Rear end
3990,CYRVILLE RD @ INNES RD,375048.4011,5031119.339,5/16/16,14:01,01 - Clear,01 - Dry,01 - Traffic signal,03 - At intersection,01 - Daylight,02 - Non-fatal injury,03 - Rear end
3991,CYRVILLE RD @ INNES RD,375047.0661,5031119.345,9/22/16,13:30,01 - Clear,01 - Dry,01 - Traffic signal,03 - At intersection,01 - Daylight,02 - Non-fatal injury,02 - Angle
3992,CYRVILLE RD @ INNES RD,375046.8965,5031119.15,11/6/16,15:11,01 - Clear,01 - Dry,01 - Traffic signal,02 - Intersection related,01 - Daylight,02 - Non-fatal injury,03 - Rear end
3993,CYRVILLE RD @ INNES RD,375047.7247,5031119.564,7/5/16,6:45,01 - Clear,01 - Dry,01 - Traffic signal,02 - Intersection related,01 - Daylight,02 - Non-fatal injury,03 - Rear end
3994,CYRVILLE RD @ INNES RD,375046.8965,5031118.322,11/2/16,13:44,01 - Clear,01 - Dry,01 - Traffic signal,02 - Intersection related,01 - Daylight,02 - Non-fatal injury,03 - Rear end
3995,CYRVILLE RD @ INNES RD,375047.0429,5031119.564,6/6/16,21:39,01 - Clear,01 - Dry,01 - Traffic signal,03 - At intersection,07 - Dark,03 - P.D. only,02 - Angle
3996,CYRVILLE RD @ INNES RD,375047.9494,5031119.564,5/4/16,17:40,01 - Clear,01 - Dry,01 - Traffic signal,02 - Intersection related,01 - Daylight,03 - P.D. only,03 - Rear end
3997,CYRVILLE RD @ INNES RD,375047.493,5031119.796,1/12/16,6:42,04 - Freezing Rain,06 - Ice,01 - Traffic signal,02 - Intersection related,07 - Dark,03 - P.D. only,03 - Rear end
3998,CYRVILLE RD @ INNES RD,375048.4752,5031120.69,1/15/16,14:36,01 - Clear,01 - Dry,01 - Traffic signal,02 - Intersection related,01 - Daylight,03 - P.D. only,04 - Sideswipe
3999,CYRVILLE RD @ INNES RD,375047.6581,5031119.364,3/25/16,14:36,01 - Clear,02 - Wet,01 - Traffic signal,02 - Intersection related,01 - Daylight,03 - P.D. only,03 - Rear end
4000,CYRVILLE RD @ INNES RD,375046.9258,5031120.363,3/9/16,6:45,01 - Clear,01 - Dry,01 - Traffic signal,02 - Intersection related,01 - Daylight,03 - P.D. only,04 - Sideswipe
4001,CYRVILLE RD @ INNES RD,375047.1892,5031120.367,8/18/16,12:57,01 - Clear,01 - Dry,01 - Traffic signal,02 - Intersection related,01 - Daylight,03 - P.D. only,03 - Rear end
4002,CYRVILLE RD @ INNES RD,375046.9084,5031120.453,8/29/16,15:15,01 - Clear,01 - Dry,01 - Traffic signal,02 - Intersection related,01 - Daylight,03 - P.D. only,03 - Rear end
4003,CYRVILLE RD @ INNES RD,375047.493,5031119.332,3/26/16,10:41,01 - Clear,01 - Dry,01 - Traffic signal,02 - Intersection related,01 - Daylight,03 - P.D. only,03 - Rear end