Record,Location,X,Y,Date,Time,Environment,Road_Surface,Traffic_Control,Collision_Location,Light,Collision_Classification,Impact_type
4004,CYRVILLE RD @ INNES RD,375047.952,5031120.019,7/8/16,14:39,01 - Clear,01 - Dry,01 - Traffic signal,02 - Intersection related,01 - Daylight,03 - P.D. only,03 - Rear end
4005,CYRVILLE RD @ INNES RD,375047.5052,5031118.906,6/25/16,14:54,01 - Clear,01 - Dry,01 - Traffic signal,02 - Intersection related,01 - Daylight,03 - P.D. only,04 - Sideswipe
4006,CYRVILLE RD @ INNES RD,375047.4974,5031120.473,7/7/16,9:13,01 - Clear,01 - Dry,01 - Traffic signal,02 - Intersection related,01 - Daylight,03 - P.D. only,04 - Sideswipe
4007,CYRVILLE RD @ INNES RD,375047.0661,5031119.784,6/25/16,15:50,01 - Clear,01 - Dry,01 - Traffic signal,02 - Intersection related,01 - Daylight,03 - P.D. only,03 - Rear end
4008,CYRVILLE RD @ INNES RD,375046.6024,5031119.34,4/22/16,23:39,01 - Clear,01 - Dry,01 - Traffic signal,02 - Intersection related,07 - Dark,03 - P.D. only,03 - Rear end
4009,CYRVILLE RD @ INNES RD,375047.4974,5031119.564,8/14/16,11:01,01 - Clear,01 - Dry,01 - Traffic signal,03 - At intersection,01 - Daylight,03 - P.D. only,04 - Sideswipe
4010,CYRVILLE RD @ INNES RD,375047.0483,5031119.339,6/7/16,15:07,01 - Clear,01 - Dry,01 - Traffic signal,03 - At intersection,01 - Daylight,03 - P.D. only,03 - Rear end
4011,CYRVILLE RD @ INNES RD,375047.0429,5031119.11,3/21/16,9:26,01 - Clear,01 - Dry,01 - Traffic signal,02 - Intersection related,01 - Daylight,03 - P.D. only,03 - Rear end
4012,CYRVILLE RD @ INNES RD,375048.5647,5031119.624,10/12/16,9:19,01 - Clear,01 - Dry,01 - Traffic signal,02 - Intersection related,01 - Daylight,03 - P.D. only,03 - Rear end
4013,CYRVILLE RD @ INNES RD,375045.2402,5031119.15,12/20/16,12:27,01 - Clear,05 - Packed snow,01 - Traffic signal,02 - Intersection related,01 - Daylight,03 - P.D. only,04 - Sideswipe
4014,CYRVILLE RD @ INNES RD,375049.381,5031119.15,11/1/16,13:38,01 - Clear,01 - Dry,01 - Traffic signal,02 - Intersection related,01 - Daylight,03 - P.D. only,03 - Rear end
4015,CYRVILLE RD @ INNES RD,375049.381,5031119.978,12/22/16,7:20,03 - Snow,03 - Loose snow,01 - Traffic signal,02 - Intersection related,03 - Dawn,03 - P.D. only,04 - Sideswipe
4016,CYRVILLE RD @ INNES RD,375048.5647,5031118.382,11/30/16,16:03,01 - Clear,01 - Dry,01 - Traffic signal,02 - Intersection related,01 - Daylight,03 - P.D. only,04 - Sideswipe
4017,CYRVILLE RD @ LABRIE AVE,373402.5513,5031681.144,9/28/16,8:59,01 - Clear,01 - Dry,02 - Stop sign,02 - Intersection related,01 - Daylight,03 - P.D. only,03 - Rear end
4018,CYRVILLE RD @ MEADOWBROOK RD,374629.0565,5031241.88,6/21/16,16:50,01 - Clear,01 - Dry,01 - Traffic signal,03 - At intersection,01 - Daylight,02 - Non-fatal injury,02 - Angle
4019,CYRVILLE RD @ MEADOWBROOK RD,374629.5109,5031243.222,1/9/16,10:20,02 - Rain,02 - Wet,01 - Traffic signal,03 - At intersection,01 - Daylight,02 - Non-fatal injury,02 - Angle
4020,CYRVILLE RD @ MEADOWBROOK RD,374629.9569,5031243.228,2/18/16,8:20,01 - Clear,06 - Ice,01 - Traffic signal,02 - Intersection related,01 - Daylight,03 - P.D. only,03 - Rear end
4021,CYRVILLE RD @ MEADOWBROOK RD,374629.5134,5031242.776,10/12/16,16:10,01 - Clear,01 - Dry,01 - Traffic signal,03 - At intersection,01 - Daylight,03 - P.D. only,05 - Turning movement
4022,CYRVILLE RD @ OGILVIE RD,372453.0605,5032006.667,8/22/16,19:34,01 - Clear,01 - Dry,01 - Traffic signal,03 - At intersection,01 - Daylight,02 - Non-fatal injury,07 - SMV other
4023,CYRVILLE RD @ OGILVIE RD,372453.4996,5032006.667,10/24/16,16:10,01 - Clear,01 - Dry,01 - Traffic signal,02 - Intersection related,01 - Daylight,03 - P.D. only,04 - Sideswipe
4024,CYRVILLE RD @ OGILVIE RD,372452.5472,5032006.351,6/3/16,18:59,01 - Clear,01 - Dry,01 - Traffic signal,02 - Intersection related,01 - Daylight,03 - P.D. only,03 - Rear end
4025,CYRVILLE RD @ OGILVIE RD,372453.4971,5032006.236,2/18/16,9:07,01 - Clear,06 - Ice,01 - Traffic signal,02 - Intersection related,01 - Daylight,03 - P.D. only,03 - Rear end
4026,CYRVILLE RD @ OGILVIE RD,372452.2467,5032005.815,3/26/16,10:20,01 - Clear,02 - Wet,01 - Traffic signal,02 - Intersection related,01 - Daylight,03 - P.D. only,04 - Sideswipe
4027,CYRVILLE RD @ OGILVIE RD,372453.0373,5032006.024,7/25/16,9:28,02 - Rain,02 - Wet,01 - Traffic signal,03 - At intersection,01 - Daylight,03 - P.D. only,99 - Other
4028,CYRVILLE RD @ OGILVIE RD,372452.8909,5032006.812,12/13/16,16:40,01 - Clear,01 - Dry,01 - Traffic signal,02 - Intersection related,05 - Dusk,03 - P.D. only,04 - Sideswipe
4029,CYRVILLE RD @ ST. LAURENT BLVD,372242.4026,5032112.035,7/6/16,18:11,01 - Clear,01 - Dry,01 - Traffic signal,03 - At intersection,01 - Daylight,02 - Non-fatal injury,05 - Turning movement
4030,CYRVILLE RD @ ST. LAURENT BLVD,372242.4026,5032111.58,8/1/16,9:21,01 - Clear,01 - Dry,01 - Traffic signal,02 - Intersection related,01 - Daylight,02 - Non-fatal injury,03 - Rear end
4031,CYRVILLE RD @ ST. LAURENT BLVD,372241.9403,5032110.921,10/21/16,16:42,02 - Rain,02 - Wet,01 - Traffic signal,02 - Intersection related,01 - Daylight,02 - Non-fatal injury,04 - Sideswipe
4032,CYRVILLE RD @ ST. LAURENT BLVD,372241.9481,5032111.58,3/19/16,11:56,01 - Clear,01 - Dry,01 - Traffic signal,03 - At intersection,01 - Daylight,02 - Non-fatal injury,07 - SMV other
4033,CYRVILLE RD @ ST. LAURENT BLVD,372241.7208,5032111.166,12/22/16,19:39,01 - Clear,03 - Loose snow,01 - Traffic signal,02 - Intersection related,07 - Dark,02 - Non-fatal injury,03 - Rear end
4034,CYRVILLE RD @ ST. LAURENT BLVD,372241.4953,5032111.355,6/17/16,15:47,01 - Clear,01 - Dry,01 - Traffic signal,02 - Intersection related,01 - Daylight,03 - P.D. only,03 - Rear end
4035,CYRVILLE RD @ ST. LAURENT BLVD,372241.9403,5032111.8,1/13/16,16:41,01 - Clear,02 - Wet,01 - Traffic signal,02 - Intersection related,05 - Dusk,03 - P.D. only,03 - Rear end
4036,CYRVILLE RD @ ST. LAURENT BLVD,372241.5013,5032110.482,10/21/16,16:15,02 - Rain,02 - Wet,01 - Traffic signal,02 - Intersection related,01 - Daylight,03 - P.D. only,03 - Rear end
4037,CYRVILLE RD @ ST. LAURENT BLVD,372241.5013,5032111.8,11/23/16,9:40,01 - Clear,01 - Dry,01 - Traffic signal,02 - Intersection related,01 - Daylight,03 - P.D. only,04 - Sideswipe
4038,CYRVILLE RD @ ST. LAURENT BLVD,372241.0622,5032111.8,12/4/16,11:54,01 - Clear,01 - Dry,01 - Traffic signal,03 - At intersection,01 - Daylight,03 - P.D. only,05 - Turning movement
4039,CYRVILLE RD btwn BEAUPARC PRIV & LABRIE AVE,373361.0567,5031696.054,12/17/16,9:25,03 - Snow,03 - Loose snow,10 - No control,04 - At/near private drive,01 - Daylight,03 - P.D. only,02 - Angle
4040,CYRVILLE RD btwn CYRVILLE RD & OGILVIE RD,372407.5482,5032036.202,2/17/16,20:29,01 - Clear,06 - Ice,10 - No control,04 - At/near private drive,07 - Dark,03 - P.D. only,02 - Angle
4041,CYRVILLE RD btwn INNES RD & END,375061.7396,5031090.069,2/4/16,18:23,01 - Clear,01 - Dry,10 - No control,04 - At/near private drive,07 - Dark,02 - Non-fatal injury,02 - Angle
4042,CYRVILLE RD btwn LABRIE AVE & STAR TOP RD,373808.8722,5031528.003,12/20/16,13:15,03 - Snow,04 - Slush,10 - No control,04 - At/near private drive,01 - Daylight,02 - Non-fatal injury,02 - Angle
4043,CYRVILLE RD btwn LABRIE AVE & STAR TOP RD,373782.2284,5031536.29,8/3/16,12:23,01 - Clear,01 - Dry,10 - No control,01 - Non intersection,01 - Daylight,03 - P.D. only,03 - Rear end
4044,CYRVILLE RD btwn MAXIME ST & INNES RD,374846.8752,5031166.653,5/29/16,12:18,01 - Clear,01 - Dry,10 - No control,04 - At/near private drive,01 - Daylight,03 - P.D. only,02 - Angle
4045,CYRVILLE RD btwn MAXIME ST & INNES RD,374848.5217,5031167.236,12/9/16,14:10,01 - Clear,01 - Dry,10 - No control,04 - At/near private drive,01 - Daylight,03 - P.D. only,02 - Angle
4046,CYRVILLE RD btwn MEADOWBROOK RD & MAXIME ST,374723.8506,5031209.704,2/17/16,16:46,01 - Clear,03 - Loose snow,10 - No control,04 - At/near private drive,01 - Daylight,03 - P.D. only,02 - Angle
4047,CYRVILLE RD btwn ST. LAURENT BLVD & CYRVILLE RD,372274.4771,5032107.585,2/16/16,19:23,03 - Snow,03 - Loose snow,10 - No control,01 - Non intersection,07 - Dark,03 - P.D. only,03 - Rear end
4048,CYRVILLE RD btwn STAR TOP RD & MEADOWBROOK RD,373963.8667,5031470.045,2/25/16,8:29,04 - Freezing Rain,06 - Ice,10 - No control,01 - Non intersection,01 - Daylight,02 - Non-fatal injury,01 - Approaching
4049,CYRVILLE RD btwn STAR TOP RD & MEADOWBROOK RD,374533.4784,5031274.754,10/4/16,17:22,01 - Clear,01 - Dry,10 - No control,04 - At/near private drive,01 - Daylight,02 - Non-fatal injury,02 - Angle
4050,CYRVILLE RD btwn STAR TOP RD & MEADOWBROOK RD,374533.4533,5031273.898,5/24/16,15:44,01 - Clear,01 - Dry,10 - No control,04 - At/near private drive,01 - Daylight,02 - Non-fatal injury,02 - Angle
4051,CYRVILLE RD btwn STAR TOP RD & MEADOWBROOK RD,374433.0284,5031308.077,11/10/16,13:32,01 - Clear,01 - Dry,10 - No control,04 - At/near private drive,01 - Daylight,02 - Non-fatal injury,03 - Rear end
4052,CYRVILLE RD btwn STAR TOP RD & MEADOWBROOK RD,374606.8114,5031252.087,12/29/16,12:39,03 - Snow,03 - Loose snow,10 - No control,04 - At/near private drive,01 - Daylight,02 - Non-fatal injury,05 - Turning movement
4053,CYRVILLE RD btwn STAR TOP RD & MEADOWBROOK RD,374575.874,5031261.636,12/28/16,12:25,01 - Clear,02 - Wet,10 - No control,04 - At/near private drive,01 - Daylight,02 - Non-fatal injury,05 - Turning movement
4054,CYRVILLE RD btwn STAR TOP RD & MEADOWBROOK RD,374243.007,5031332.9,2/16/16,17:25,03 - Snow,03 - Loose snow,10 - No control,01 - Non intersection,07 - Dark,03 - P.D. only,01 - Approaching
4055,CYRVILLE RD btwn STAR TOP RD & MEADOWBROOK RD,374290.8981,5031328.791,2/20/16,14:50,02 - Rain,02 - Wet,10 - No control,04 - At/near private drive,01 - Daylight,03 - P.D. only,02 - Angle
4056,CYRVILLE RD btwn STAR TOP RD & MEADOWBROOK RD,374057.052,5031418.451,3/2/16,11:20,05 - Drifting Snow,03 - Loose snow,10 - No control,01 - Non intersection,01 - Daylight,03 - P.D. only,04 - Sideswipe
4057,CYRVILLE RD btwn STAR TOP RD & MEADOWBROOK RD,374565.688,5031264.129,5/5/16,17:08,01 - Clear,01 - Dry,10 - No control,04 - At/near private drive,01 - Daylight,03 - P.D. only,02 - Angle
4058,CYRVILLE RD btwn STAR TOP RD & MEADOWBROOK RD,374567.2469,5031264.281,2/9/16,15:52,01 - Clear,02 - Wet,10 - No control,04 - At/near private drive,01 - Daylight,03 - P.D. only,02 - Angle
4059,CYRVILLE RD btwn STAR TOP RD & MEADOWBROOK RD,374565.9223,5031263.977,5/16/16,15:30,01 - Clear,01 - Dry,10 - No control,04 - At/near private drive,01 - Daylight,03 - P.D. only,02 - Angle
4060,CYRVILLE RD btwn STAR TOP RD & MEADOWBROOK RD,374609.7549,5031249.801,10/20/16,14:10,01 - Clear,02 - Wet,10 - No control,04 - At/near private drive,01 - Daylight,03 - P.D. only,02 - Angle
4061,CYRVILLE RD btwn STAR TOP RD & MEADOWBROOK RD,374193.9377,5031343.713,11/29/16,6:25,04 - Freezing Rain,05 - Packed snow,10 - No control,07 - Overpass or bridge,03 - Dawn,03 - P.D. only,01 - Approaching
4062,DAGMAR AVE @ HANNAH ST,370133.7061,5033600.18,12/27/16,11:20,01 - Clear,06 - Ice,02 - Stop sign,03 - At intersection,01 - Daylight,03 - P.D. only,02 - Angle
4063,DAKOTA AVE @ HALIFAX DR,373561.5624,5027957.125,12/9/16,9:07,01 - Clear,06 - Ice,03 - Yield sign,03 - At intersection,01 - Daylight,03 - P.D. only,02 - Angle
4064,DALEHURST DR btwn CRESTLEA CRES & LAVONNE CRT,363610.3872,5021666.6,1/18/16,7:35,03 - Snow,03 - Loose snow,10 - No control,04 - At/near private drive,03 - Dawn,03 - P.D. only,02 - Angle
4065,DALHOUSIE ST @ GUIGUES AVE,367912.0391,5032713.808,10/27/16,20:15,03 - Snow,02 - Wet,02 - Stop sign,03 - At intersection,07 - Dark,03 - P.D. only,05 - Turning movement
4066,DALHOUSIE ST @ MURRAY ST,368000.3858,5032573.189,5/18/16,17:52,01 - Clear,01 - Dry,01 - Traffic signal,03 - At intersection,01 - Daylight,02 - Non-fatal injury,02 - Angle
4067,DALHOUSIE ST @ MURRAY ST,367999.8407,5032573.595,10/12/16,22:29,01 - Clear,01 - Dry,01 - Traffic signal,03 - At intersection,07 - Dark,02 - Non-fatal injury,02 - Angle
4068,DALHOUSIE ST @ MURRAY ST,368000.4796,5032572.936,1/22/16,20:09,01 - Clear,01 - Dry,01 - Traffic signal,02 - Intersection related,07 - Dark,03 - P.D. only,99 - Other
4069,DALHOUSIE ST @ MURRAY ST,368001.3577,5032574.253,6/1/16,9:34,01 - Clear,01 - Dry,01 - Traffic signal,02 - Intersection related,01 - Daylight,03 - P.D. only,99 - Other
4070,DALHOUSIE ST @ MURRAY ST,368000.3808,5032573.28,11/18/16,15:51,01 - Clear,01 - Dry,01 - Traffic signal,02 - Intersection related,01 - Daylight,03 - P.D. only,04 - Sideswipe
4071,DALHOUSIE ST @ MURRAY ST,368000.007,5032574.053,9/30/16,16:16,01 - Clear,01 - Dry,01 - Traffic signal,03 - At intersection,01 - Daylight,03 - P.D. only,05 - Turning movement
4072,DALHOUSIE ST @ MURRAY ST,368000.9186,5032573.814,10/2/16,7:15,02 - Rain,02 - Wet,01 - Traffic signal,03 - At intersection,03 - Dawn,03 - P.D. only,02 - Angle
4073,DALHOUSIE ST @ RIDEAU ST,368206.9286,5032228.24,9/15/16,14:19,01 - Clear,01 - Dry,01 - Traffic signal,03 - At intersection,01 - Daylight,02 - Non-fatal injury,07 - SMV other
4074,DALHOUSIE ST @ RIDEAU ST,368206.558,5032228.186,3/1/16,6:30,01 - Clear,01 - Dry,01 - Traffic signal,02 - Intersection related,03 - Dawn,03 - P.D. only,05 - Turning movement
4075,DALHOUSIE ST @ RIDEAU ST,368206.0357,5032227.357,5/7/16,11:42,01 - Clear,01 - Dry,01 - Traffic signal,02 - Intersection related,01 - Daylight,03 - P.D. only,99 - Other
4076,DALHOUSIE ST @ RIDEAU ST,368207.2446,5032227.849,4/1/16,21:34,01 - Clear,01 - Dry,01 - Traffic signal,02 - Intersection related,07 - Dark,03 - P.D. only,03 - Rear end
4077,DALHOUSIE ST @ RIDEAU ST,368207.8365,5032227.807,5/25/16,10:24,01 - Clear,01 - Dry,01 - Traffic signal,02 - Intersection related,01 - Daylight,03 - P.D. only,03 - Rear end
4078,DALHOUSIE ST @ RIDEAU ST,368206.4844,5032226.682,5/15/16,3:56,01 - Clear,01 - Dry,01 - Traffic signal,03 - At intersection,07 - Dark,03 - P.D. only,02 - Angle
4079,DALHOUSIE ST @ RIDEAU ST,368206.9286,5032227.801,5/26/16,13:14,01 - Clear,01 - Dry,01 - Traffic signal,03 - At intersection,01 - Daylight,03 - P.D. only,02 - Angle
4080,DALHOUSIE ST @ ST. ANDREW ST,367870.4836,5032783.363,2/17/16,0:35,01 - Clear,03 - Loose snow,02 - Stop sign,02 - Intersection related,07 - Dark,03 - P.D. only,01 - Approaching
4081,DALHOUSIE ST @ ST. PATRICK ST,367957.31,5032641.362,6/17/16,18:41,01 - Clear,01 - Dry,01 - Traffic signal,03 - At intersection,01 - Daylight,02 - Non-fatal injury,07 - SMV other
4082,DALHOUSIE ST @ ST. PATRICK ST,367955.2161,5032638.511,12/10/16,10:01,01 - Clear,01 - Dry,01 - Traffic signal,02 - Intersection related,01 - Daylight,02 - Non-fatal injury,03 - Rear end
4083,DALHOUSIE ST @ ST. PATRICK ST,367957.9201,5032639.922,7/29/16,15:35,01 - Clear,01 - Dry,01 - Traffic signal,02 - Intersection related,01 - Daylight,03 - P.D. only,04 - Sideswipe
4084,DALHOUSIE ST @ ST. PATRICK ST,367957.9201,5032639.922,11/15/16,19:25,01 - Clear,01 - Dry,01 - Traffic signal,03 - At intersection,07 - Dark,03 - P.D. only,04 - Sideswipe
4085,DALHOUSIE ST @ ST. PATRICK ST,367955.2161,5032640.167,12/16/16,14:04,03 - Snow,03 - Loose snow,01 - Traffic signal,02 - Intersection related,01 - Daylight,03 - P.D. only,04 - Sideswipe
4086,DALHOUSIE ST @ ST. PATRICK ST,367956.8724,5032640.995,12/24/16,10:15,03 - Snow,03 - Loose snow,01 - Traffic signal,03 - At intersection,01 - Daylight,03 - P.D. only,02 - Angle
4087,DALHOUSIE ST @ ST. PATRICK ST,367957.4811,5032640.801,11/27/16,18:40,01 - Clear,02 - Wet,01 - Traffic signal,03 - At intersection,07 - Dark,03 - P.D. only,05 - Turning movement
4088,DALHOUSIE ST @ YORK ST,368094.373,5032419.812,3/6/16,8:40,01 - Clear,02 - Wet,01 - Traffic signal,03 - At intersection,01 - Daylight,03 - P.D. only,05 - Turning movement
4089,DALHOUSIE ST @ YORK ST,368093.4876,5032419.37,1/24/16,2:10,01 - Clear,02 - Wet,01 - Traffic signal,02 - Intersection related,07 - Dark,03 - P.D. only,03 - Rear end
4090,DALHOUSIE ST @ YORK ST,368093.4831,5032419.366,1/30/16,12:12,01 - Clear,02 - Wet,01 - Traffic signal,02 - Intersection related,01 - Daylight,03 - P.D. only,04 - Sideswipe
4091,DALHOUSIE ST @ YORK ST,368093.4876,5032419.809,10/11/16,17:42,01 - Clear,01 - Dry,01 - Traffic signal,02 - Intersection related,05 - Dusk,03 - P.D. only,07 - SMV other
4092,DALHOUSIE ST btwn CLARENCE ST & YORK ST,368047.4346,5032496.608,2/18/16,15:15,01 - Clear,02 - Wet,10 - No control,01 - Non intersection,01 - Daylight,03 - P.D. only,04 - Sideswipe
4093,DALHOUSIE ST btwn CLARENCE ST & YORK ST,368065.2173,5032466.556,3/31/16,0:00,02 - Rain,02 - Wet,10 - No control,01 - Non intersection,00 - Unknown,03 - P.D. only,06 - SMV unattended vehicle
4094,DALHOUSIE ST btwn GEORGE ST & RIDEAU ST,368196.5625,5032246.747,5/28/16,14:52,01 - Clear,01 - Dry,10 - No control,01 - Non intersection,01 - Daylight,03 - P.D. only,04 - Sideswipe
4095,DALHOUSIE ST btwn GEORGE ST & RIDEAU ST,368194.3078,5032250.355,5/28/16,14:13,01 - Clear,01 - Dry,10 - No control,01 - Non intersection,01 - Daylight,03 - P.D. only,06 - SMV unattended vehicle
4096,DALHOUSIE ST btwn GEORGE ST & RIDEAU ST,368160.1821,5032308.55,12/24/16,8:59,03 - Snow,03 - Loose snow,10 - No control,01 - Non intersection,01 - Daylight,03 - P.D. only,06 - SMV unattended vehicle
4097,DALHOUSIE ST btwn MURRAY ST & CLARENCE ST,368036.3893,5032513.662,4/16/16,22:00,01 - Clear,01 - Dry,10 - No control,01 - Non intersection,07 - Dark,03 - P.D. only,06 - SMV unattended vehicle
4098,DALHOUSIE ST btwn MURRAY ST & CLARENCE ST,368034.2955,5032517.901,4/7/16,11:41,01 - Clear,02 - Wet,10 - No control,01 - Non intersection,01 - Daylight,03 - P.D. only,04 - Sideswipe
4099,DALHOUSIE ST btwn RIDEAU ST & BESSERER ST,368212.4171,5032218.8,2/15/16,13:00,01 - Clear,01 - Dry,10 - No control,01 - Non intersection,01 - Daylight,03 - P.D. only,06 - SMV unattended vehicle
4100,DALHOUSIE ST btwn ST. PATRICK ST & MURRAY ST,367982.0383,5032601.915,1/25/16,14:09,01 - Clear,01 - Dry,10 - No control,04 - At/near private drive,01 - Daylight,02 - Non-fatal injury,02 - Angle
4101,DALHOUSIE ST btwn ST. PATRICK ST & MURRAY ST,367991.9449,5032587.287,3/9/16,21:00,01 - Clear,01 - Dry,10 - No control,01 - Non intersection,07 - Dark,03 - P.D. only,06 - SMV unattended vehicle
4102,DALHOUSIE ST btwn ST. PATRICK ST & MURRAY ST,367964.2101,5032629.582,4/20/16,13:45,01 - Clear,01 - Dry,10 - No control,01 - Non intersection,01 - Daylight,03 - P.D. only,06 - SMV unattended vehicle
4103,DALHOUSIE ST btwn YORK ST & GEORGE ST,368154.4861,5032321.601,8/16/16,13:35,01 - Clear,01 - Dry,10 - No control,01 - Non intersection,01 - Daylight,03 - P.D. only,06 - SMV unattended vehicle
4104,DALHOUSIE ST btwn YORK ST & GEORGE ST,368146.8491,5032333.724,5/13/16,13:19,01 - Clear,01 - Dry,10 - No control,01 - Non intersection,01 - Daylight,03 - P.D. only,04 - Sideswipe
4105,DALHOUSIE ST btwn YORK ST & GEORGE ST,368104.0254,5032404.002,11/4/16,14:15,01 - Clear,01 - Dry,10 - No control,01 - Non intersection,01 - Daylight,03 - P.D. only,04 - Sideswipe
4106,DALLAIRE CRES btwn CHANONHOUSE DR & CHANONHOUSE DR,357700.3849,5006190.962,5/23/16,8:41,01 - Clear,01 - Dry,10 - No control,01 - Non intersection,01 - Daylight,03 - P.D. only,07 - SMV other
4107,DALMENY RD @ GORDON MURDOCK RD N,377276.7241,4998872.307,10/30/16,18:50,02 - Rain,02 - Wet,02 - Stop sign,03 - At intersection,07 - Dark,02 - Non-fatal injury,01 - Approaching
4108,DALMENY RD @ STAGECOACH RD,377831.9001,4999218.072,12/15/16,13:02,01 - Clear,01 - Dry,02 - Stop sign,03 - At intersection,01 - Daylight,03 - P.D. only,02 - Angle
4109,DALMENY RD btwn CAMPBELLCROFT RD & BANK ST,384228.9181,5003386.527,4/7/16,16:45,"07 - Fog, mist, smoke, dust",02 - Wet,10 - No control,01 - Non intersection,01 - Daylight,03 - P.D. only,07 - SMV other
4110,DALMENY RD btwn CAMPBELLCROFT RD & BANK ST,385700.8557,5004301.732,8/3/16,22:00,01 - Clear,01 - Dry,10 - No control,01 - Non intersection,07 - Dark,03 - P.D. only,07 - SMV other
4111,DALMENY RD btwn NIXON DR & 2ND LINE RD,376297.897,4998148.086,8/6/16,17:00,01 - Clear,01 - Dry,10 - No control,01 - Non intersection,01 - Daylight,02 - Non-fatal injury,07 - SMV other
4112,DALMENY RD btwn STAGECOACH RD & 4TH LINE RD,378860.0393,4999842.388,2/15/16,18:29,01 - Clear,02 - Wet,10 - No control,01 - Non intersection,07 - Dark,03 - P.D. only,07 - SMV other
4113,DALMENY RD btwn STAGECOACH RD & 4TH LINE RD,380216.1329,5000735.223,11/11/16,16:11,01 - Clear,01 - Dry,10 - No control,04 - At/near private drive,05 - Dusk,03 - P.D. only,05 - Turning movement
4114,DALY AVE @ CHARLOTTE ST,369334.7124,5032722.079,5/5/16,17:30,01 - Clear,01 - Dry,02 - Stop sign,03 - At intersection,01 - Daylight,03 - P.D. only,02 - Angle
4115,DALY AVE @ FRIEL ST,368850.4828,5032432.813,3/2/16,12:53,01 - Clear,05 - Packed snow,02 - Stop sign,03 - At intersection,01 - Daylight,03 - P.D. only,02 - Angle
4116,DALY AVE @ FRIEL ST,368850.2669,5032432.665,6/3/16,12:47,01 - Clear,01 - Dry,02 - Stop sign,03 - At intersection,01 - Daylight,03 - P.D. only,02 - Angle
4117,DALY AVE @ KING EDWARD AVE,368591.4881,5032273.366,6/30/16,19:23,01 - Clear,01 - Dry,02 - Stop sign,03 - At intersection,01 - Daylight,03 - P.D. only,02 - Angle
4118,DALY AVE @ KING EDWARD AVE,368591.0312,5032272.458,6/28/16,15:36,01 - Clear,01 - Dry,02 - Stop sign,02 - Intersection related,01 - Daylight,03 - P.D. only,02 - Angle
4119,DALY AVE @ NELSON ST,368729.4907,5032357.364,1/19/16,15:37,01 - Clear,05 - Packed snow,02 - Stop sign,03 - At intersection,01 - Daylight,03 - P.D. only,02 - Angle
4120,DALY AVE @ NICHOLAS ST,368227.701,5032047.722,2/13/16,10:12,01 - Clear,06 - Ice,01 - Traffic signal,02 - Intersection related,01 - Daylight,02 - Non-fatal injury,05 - Turning movement
4121,DALY AVE @ NICHOLAS ST,368228.3596,5032045.476,11/3/16,20:40,02 - Rain,02 - Wet,01 - Traffic signal,02 - Intersection related,07 - Dark,02 - Non-fatal injury,04 - Sideswipe
4122,DALY AVE @ NICHOLAS ST,368228.5292,5032045.331,11/8/16,13:45,01 - Clear,01 - Dry,01 - Traffic signal,02 - Intersection related,01 - Daylight,03 - P.D. only,03 - Rear end
4123,DALY AVE @ NICHOLAS ST,368226.0447,5032045.331,8/16/16,15:21,02 - Rain,02 - Wet,01 - Traffic signal,03 - At intersection,01 - Daylight,03 - P.D. only,03 - Rear end
4124,DALY AVE @ WALLER ST,368340.5214,5032120.669,1/22/16,11:51,01 - Clear,01 - Dry,01 - Traffic signal,03 - At intersection,01 - Daylight,02 - Non-fatal injury,07 - SMV other
4125,DALY AVE @ WALLER ST,368341.0809,5032120.89,2/12/16,9:00,01 - Clear,01 - Dry,01 - Traffic signal,03 - At intersection,01 - Daylight,02 - Non-fatal injury,07 - SMV other
4126,DALY AVE @ WALLER ST,368341.8618,5032121.813,8/2/16,16:49,01 - Clear,01 - Dry,01 - Traffic signal,02 - Intersection related,01 - Daylight,03 - P.D. only,04 - Sideswipe
4127,DALY AVE @ WALLER ST,368341.8459,5032120.671,3/17/16,12:26,02 - Rain,02 - Wet,01 - Traffic signal,02 - Intersection related,01 - Daylight,03 - P.D. only,03 - Rear end
4128,DALY AVE @ WALLER ST,368340.4369,5032120.361,6/8/16,10:58,01 - Clear,01 - Dry,01 - Traffic signal,02 - Intersection related,01 - Daylight,03 - P.D. only,03 - Rear end
4129,DALY AVE @ WALLER ST,368342.3484,5032121.418,11/17/16,17:39,01 - Clear,01 - Dry,01 - Traffic signal,02 - Intersection related,07 - Dark,03 - P.D. only,03 - Rear end
4130,DALY AVE btwn CHARLOTTE ST & WURTEMBURG ST,369347.1248,5032729.241,2/18/16,0:00,01 - Clear,04 - Slush,10 - No control,01 - Non intersection,00 - Unknown,03 - P.D. only,06 - SMV unattended vehicle
4131,DALY AVE btwn COURT HOUSE LANE & WALLER ST,368330.1315,5032111.655,4/20/16,0:00,01 - Clear,01 - Dry,10 - No control,01 - Non intersection,00 - Unknown,03 - P.D. only,06 - SMV unattended vehicle
4132,DALY AVE btwn COURT HOUSE LANE & WALLER ST,368316.8618,5032105.449,6/24/16,15:28,01 - Clear,01 - Dry,10 - No control,01 - Non intersection,01 - Daylight,03 - P.D. only,01 - Approaching