Record,Location,X,Y,Date,Time,Environment,Road_Surface,Traffic_Control,Collision_Location,Light,Collision_Classification,Impact_type
4133,DALY AVE btwn COURT HOUSE LANE & WALLER ST,368333.7266,5032114.238,11/25/16,20:00,01 - Clear,01 - Dry,10 - No control,01 - Non intersection,07 - Dark,03 - P.D. only,06 - SMV unattended vehicle
4134,DALY AVE btwn COURT HOUSE LANE & WALLER ST,368332.8984,5032114.238,12/6/16,22:21,03 - Snow,03 - Loose snow,10 - No control,01 - Non intersection,07 - Dark,03 - P.D. only,99 - Other
4135,DALY AVE btwn CUMBERLAND ST & END,368405.2928,5032157.662,7/9/16,0:00,01 - Clear,01 - Dry,10 - No control,01 - Non intersection,00 - Unknown,03 - P.D. only,06 - SMV unattended vehicle
4136,DALY AVE btwn CUMBERLAND ST & KING EDWARD AVE,368481.9327,5032205.218,5/30/16,16:30,01 - Clear,01 - Dry,10 - No control,04 - At/near private drive,01 - Daylight,03 - P.D. only,06 - SMV unattended vehicle
4137,DALY AVE btwn FRIEL ST & CHAPEL ST,368940.7519,5032487.158,6/27/16,13:15,01 - Clear,01 - Dry,10 - No control,01 - Non intersection,01 - Daylight,03 - P.D. only,06 - SMV unattended vehicle
4138,DALY AVE btwn MACKENZIE AVE & NICHOLAS ST,368023.1461,5031920.28,12/8/16,19:15,01 - Clear,01 - Dry,10 - No control,04 - At/near private drive,07 - Dark,02 - Non-fatal injury,07 - SMV other
4139,DALY AVE btwn MACKENZIE AVE & NICHOLAS ST,368141.4222,5031997.177,1/30/16,16:42,01 - Clear,02 - Wet,10 - No control,01 - Non intersection,05 - Dusk,03 - P.D. only,03 - Rear end
4140,DALY AVE btwn MACKENZIE AVE & NICHOLAS ST,368060.6105,5031954.042,7/7/16,9:00,01 - Clear,01 - Dry,10 - No control,04 - At/near private drive,01 - Daylight,03 - P.D. only,05 - Turning movement
4141,DANAHER DR btwn HOULAHAN ST & TARTAN DR,362347.8406,5013901.503,12/23/16,0:00,03 - Snow,05 - Packed snow,10 - No control,01 - Non intersection,00 - Unknown,03 - P.D. only,06 - SMV unattended vehicle
4142,DANFORTH AVE btwn ROOSEVELT AVE & CHURCHILL AVE N,363054.4301,5028094.18,5/12/16,15:51,01 - Clear,01 - Dry,10 - No control,04 - At/near private drive,01 - Daylight,03 - P.D. only,02 - Angle
4143,D'AOUST AVE btwn TIMBERMILL ST & ST. BERNARD ST,372626.1698,5023604.811,2/2/16,8:03,01 - Clear,01 - Dry,10 - No control,04 - At/near private drive,01 - Daylight,03 - P.D. only,05 - Turning movement
4144,DATA CENTRE RD @ HERON RD,368941.9505,5026732.766,6/1/16,15:39,01 - Clear,01 - Dry,02 - Stop sign,03 - At intersection,01 - Daylight,02 - Non-fatal injury,02 - Angle
4145,DATA CENTRE RD @ HERON RD,368942.3836,5026732.321,2/12/16,15:15,01 - Clear,01 - Dry,02 - Stop sign,02 - Intersection related,01 - Daylight,03 - P.D. only,03 - Rear end
4146,DATA CENTRE RD @ HERON RD,368941.9445,5026732.76,1/21/16,16:00,01 - Clear,01 - Dry,02 - Stop sign,02 - Intersection related,05 - Dusk,03 - P.D. only,03 - Rear end
4147,DATA CENTRE RD @ HERON RD,368941.725,5026732.808,8/20/16,14:25,01 - Clear,01 - Dry,02 - Stop sign,02 - Intersection related,01 - Daylight,03 - P.D. only,03 - Rear end
4148,DATA CENTRE RD @ HERON RD,368941.4995,5026732.766,5/16/16,10:54,01 - Clear,01 - Dry,02 - Stop sign,02 - Intersection related,01 - Daylight,03 - P.D. only,05 - Turning movement
4149,DATA CENTRE RD @ RIVERSIDE DR,368895.7927,5027672.321,11/16/16,18:30,01 - Clear,01 - Dry,01 - Traffic signal,02 - Intersection related,07 - Dark,02 - Non-fatal injury,03 - Rear end
4150,DATA CENTRE RD @ RIVERSIDE DR,368897.2243,5027671.458,3/19/16,18:11,01 - Clear,01 - Dry,01 - Traffic signal,02 - Intersection related,05 - Dusk,03 - P.D. only,03 - Rear end
4151,DATA CENTRE RD @ RIVERSIDE DR,368897.3057,5027672.403,5/21/16,14:58,01 - Clear,01 - Dry,01 - Traffic signal,02 - Intersection related,01 - Daylight,03 - P.D. only,02 - Angle
4152,DATA CENTRE RD @ RIVERSIDE DR,368897.363,5027671.985,2/1/16,11:32,01 - Clear,01 - Dry,01 - Traffic signal,02 - Intersection related,01 - Daylight,03 - P.D. only,03 - Rear end
4153,DATA CENTRE RD @ RIVERSIDE DR,368897.6685,5027671.688,4/6/16,18:20,03 - Snow,04 - Slush,01 - Traffic signal,02 - Intersection related,01 - Daylight,03 - P.D. only,04 - Sideswipe
4154,DATA CENTRE RD @ RIVERSIDE DR,368895.7927,5027672.321,11/30/16,18:24,02 - Rain,02 - Wet,01 - Traffic signal,02 - Intersection related,07 - Dark,03 - P.D. only,07 - SMV other
4155,DATA CENTRE RD btwn TURN LANE & TURN LANE,368949.2598,5027564.41,4/20/16,21:35,01 - Clear,01 - Dry,10 - No control,01 - Non intersection,07 - Dark,03 - P.D. only,01 - Approaching
4156,DAUPHIN RD @ HAMLET RD,372256.853,5029178.037,10/19/16,8:28,01 - Clear,01 - Dry,02 - Stop sign,03 - At intersection,01 - Daylight,02 - Non-fatal injury,02 - Angle
4157,DAVID DR @ WOODROFFE AVE,362979.8614,5022907.915,10/24/16,13:07,01 - Clear,01 - Dry,02 - Stop sign,02 - Intersection related,01 - Daylight,02 - Non-fatal injury,03 - Rear end
4158,DAVID DR btwn HOWDEN AVE & SULLIVAN AVE,363267.0099,5023065.42,2/13/16,14:03,01 - Clear,01 - Dry,10 - No control,04 - At/near private drive,01 - Daylight,03 - P.D. only,05 - Turning movement
4159,DAVID DR btwn ROWLEY AVE & JOAN ST,364458.2577,5023700.068,1/18/16,14:20,01 - Clear,05 - Packed snow,10 - No control,04 - At/near private drive,01 - Daylight,03 - P.D. only,02 - Angle
4160,DAVID MANCHESTER RD @ RICHARDSON SIDE RD,344201.7682,5015306.233,4/25/16,9:57,01 - Clear,01 - Dry,02 - Stop sign,02 - Intersection related,01 - Daylight,03 - P.D. only,05 - Turning movement
4161,DAVID MANCHESTER RD btwn Continuation of DAVID MANCHESTER RD & HAZELDE,345889.7834,5012529.182,5/26/16,20:51,02 - Rain,02 - Wet,10 - No control,01 - Non intersection,07 - Dark,03 - P.D. only,07 - SMV other
4162,DAVID MANCHESTER RD btwn PENNYCROSS LANE & Continuation of DAVID MANCH,345800.0772,5013518.809,5/13/16,20:24,01 - Clear,08 - Loose sand or gravel,10 - No control,01 - Non intersection,05 - Dusk,03 - P.D. only,07 - SMV other
4163,DAVIDSON RD @ HAWTHORNE RD,376282.0951,5024509.297,11/18/16,17:30,01 - Clear,01 - Dry,02 - Stop sign,03 - At intersection,07 - Dark,03 - P.D. only,02 - Angle
4164,DAVIDSON RD btwn BANK ST & CONROY RD,373894.7477,5023057.526,3/20/16,17:53,01 - Clear,01 - Dry,10 - No control,04 - At/near private drive,01 - Daylight,02 - Non-fatal injury,07 - SMV other
4165,DAVIDSON RD btwn BANK ST & CONROY RD,374019.736,5023129.31,10/27/16,19:23,03 - Snow,04 - Slush,10 - No control,01 - Non intersection,07 - Dark,02 - Non-fatal injury,07 - SMV other
4166,DAVIDSON RD btwn BANK ST & CONROY RD,374014.1127,5023126.536,7/5/16,16:56,01 - Clear,01 - Dry,10 - No control,01 - Non intersection,01 - Daylight,03 - P.D. only,07 - SMV other
4167,DAVIDSON RD btwn BANK ST & CONROY RD,374516.6086,5023423.999,11/21/16,21:00,03 - Snow,03 - Loose snow,10 - No control,01 - Non intersection,07 - Dark,03 - P.D. only,07 - SMV other
4168,DAWSON AVE @ WESLEY AVE,363856.9196,5028330.33,6/5/16,10:04,02 - Rain,02 - Wet,02 - Stop sign,03 - At intersection,01 - Daylight,03 - P.D. only,02 - Angle
4169,DAZE ST @ 200 W OF BANK ST/SOUTHKEYS SC,371194.7939,5024143.688,3/3/16,9:57,01 - Clear,01 - Dry,01 - Traffic signal,03 - At intersection,01 - Daylight,03 - P.D. only,05 - Turning movement
4170,DAZE ST btwn 200 W OF BANK ST & BANK ST,371291.5431,5024304.765,5/16/16,15:30,01 - Clear,01 - Dry,10 - No control,04 - At/near private drive,01 - Daylight,03 - P.D. only,02 - Angle
4171,DAZE ST btwn HUNT CLUB RD & 200 W OF BANK ST,371199.5247,5024045.679,2/14/16,0:29,01 - Clear,01 - Dry,10 - No control,04 - At/near private drive,07 - Dark,03 - P.D. only,05 - Turning movement
4172,DAZE ST btwn HUNT CLUB RD & 200 W OF BANK ST,371225.9733,5023980.361,6/28/16,12:15,01 - Clear,01 - Dry,10 - No control,04 - At/near private drive,01 - Daylight,03 - P.D. only,07 - SMV other
4173,DAZE ST btwn HUNT CLUB RD & 200 W OF BANK ST,371206.0257,5024030.818,12/30/16,10:49,01 - Clear,02 - Wet,10 - No control,04 - At/near private drive,01 - Daylight,03 - P.D. only,02 - Angle
4174,DEAKIN ST @ PRINCE OF WALES DR,367390.0525,5021522.829,10/28/16,18:55,01 - Clear,02 - Wet,01 - Traffic signal,03 - At intersection,07 - Dark,02 - Non-fatal injury,02 - Angle
4175,DEAKIN ST @ PRINCE OF WALES DR,367390.0525,5021524.146,10/27/16,16:40,03 - Snow,02 - Wet,01 - Traffic signal,02 - Intersection related,05 - Dusk,02 - Non-fatal injury,04 - Sideswipe
4176,DEAKIN ST @ PRINCE OF WALES DR,367390.0525,5021524.146,8/30/16,13:20,01 - Clear,01 - Dry,01 - Traffic signal,03 - At intersection,01 - Daylight,03 - P.D. only,02 - Angle
4177,DEAKIN ST @ PRINCE OF WALES DR,367392.3674,5021523.074,10/28/16,16:20,02 - Rain,02 - Wet,01 - Traffic signal,02 - Intersection related,01 - Daylight,03 - P.D. only,03 - Rear end
4178,DEAKIN ST @ PRINCE OF WALES DR,367389.6134,5021522.829,1/7/16,7:45,01 - Clear,02 - Wet,01 - Traffic signal,02 - Intersection related,03 - Dawn,03 - P.D. only,03 - Rear end
4179,DEAKIN ST @ PRINCE OF WALES DR,367390.7111,5021523.074,10/20/16,14:18,02 - Rain,02 - Wet,01 - Traffic signal,02 - Intersection related,01 - Daylight,03 - P.D. only,03 - Rear end
4180,DEAKIN ST @ PRINCE OF WALES DR,367391.5393,5021521.417,11/25/16,16:42,"07 - Fog, mist, smoke, dust",02 - Wet,01 - Traffic signal,02 - Intersection related,05 - Dusk,03 - P.D. only,03 - Rear end
4181,DEBRA AVE @ MEADOWLANDS DR,367214.0516,5025589.308,9/14/16,13:06,01 - Clear,01 - Dry,01 - Traffic signal,03 - At intersection,01 - Daylight,03 - P.D. only,05 - Turning movement
4182,DEBRA AVE @ MEADOWLANDS DR,367214.0284,5025590.892,6/27/16,16:36,01 - Clear,01 - Dry,01 - Traffic signal,02 - Intersection related,01 - Daylight,03 - P.D. only,03 - Rear end
4183,DEBRA AVE @ MEADOWLANDS DR,367213.0539,5025591.598,11/18/16,10:16,01 - Clear,01 - Dry,01 - Traffic signal,02 - Intersection related,01 - Daylight,03 - P.D. only,03 - Rear end
4184,DEBRA AVE @ MEADOWLANDS DR,367214.7102,5025588.286,12/16/16,15:56,01 - Clear,01 - Dry,01 - Traffic signal,02 - Intersection related,01 - Daylight,03 - P.D. only,04 - Sideswipe
4185,DEBRA AVE btwn BELLAMY ST & END,366928.5068,5025477.74,11/24/16,22:00,03 - Snow,04 - Slush,10 - No control,01 - Non intersection,07 - Dark,03 - P.D. only,06 - SMV unattended vehicle
4186,DECARIE DR @ JEANNE D'ARC BLVD,380868.5467,5038509.736,3/4/16,8:00,01 - Clear,01 - Dry,01 - Traffic signal,03 - At intersection,01 - Daylight,03 - P.D. only,02 - Angle
4187,"DECOEUR, PROMENADE/SOUTHFIELD WAY @ TENTH LINE RD",384551.517,5034726.576,6/4/16,16:08,01 - Clear,01 - Dry,02 - Stop sign,03 - At intersection,01 - Daylight,03 - P.D. only,02 - Angle
4188,DEER PARK RD @ MEADOWLANDS DR,365979.1575,5024860.567,2/26/16,15:09,01 - Clear,01 - Dry,01 - Traffic signal,02 - Intersection related,01 - Daylight,03 - P.D. only,01 - Approaching
4189,DEER PARK RD btwn GREENWICH AVE & HIGWOOD DR,365921.0507,5024968.362,2/11/16,8:26,01 - Clear,05 - Packed snow,10 - No control,01 - Non intersection,01 - Daylight,03 - P.D. only,04 - Sideswipe
4190,DEERCROFT AVE @ LONGFIELDS DR,364481.0318,5015295.133,2/19/16,20:57,03 - Snow,03 - Loose snow,02 - Stop sign,03 - At intersection,07 - Dark,03 - P.D. only,05 - Turning movement
4191,DEERCROFT AVE @ LONGFIELDS DR,364479.4523,5015294.216,8/1/16,14:52,01 - Clear,01 - Dry,02 - Stop sign,03 - At intersection,01 - Daylight,03 - P.D. only,03 - Rear end
4192,DEERCROFT AVE btwn LONGFIELDS DR & HAYLOCK WAY,364584.9039,5015354.629,1/7/16,0:00,01 - Clear,01 - Dry,10 - No control,01 - Non intersection,00 - Unknown,03 - P.D. only,06 - SMV unattended vehicle
4193,DEERFIELD DR btwn NAVAHO DR & DEERFIELD DR,363395.4844,5023996.034,1/25/16,14:20,01 - Clear,01 - Dry,10 - No control,04 - At/near private drive,01 - Daylight,03 - P.D. only,99 - Other
4194,DEERFIELD DR btwn NAVAHO DR & DEERFIELD DR,363284.0812,5023933.464,3/8/16,8:30,01 - Clear,01 - Dry,10 - No control,04 - At/near private drive,01 - Daylight,03 - P.D. only,99 - Other
4195,DEERFOX DR btwn BEATRICE DR & SETTLER'S RIDGE WAY,365499.97,5015718.659,8/30/16,8:21,01 - Clear,01 - Dry,10 - No control,04 - At/near private drive,01 - Daylight,02 - Non-fatal injury,07 - SMV other
4196,DEERFOX DR btwn BEATRICE DR & SETTLER'S RIDGE WAY,365488.5861,5015712.741,5/14/16,22:19,01 - Clear,01 - Dry,10 - No control,01 - Non intersection,07 - Dark,03 - P.D. only,06 - SMV unattended vehicle
4197,DEERFOX DR btwn BEATRICE DR & SETTLER'S RIDGE WAY,365479.4258,5015706.305,3/3/16,11:14,03 - Snow,05 - Packed snow,10 - No control,04 - At/near private drive,01 - Daylight,03 - P.D. only,06 - SMV unattended vehicle
4198,DEERFOX DR btwn Continuation of DEERFOX DR & AMBERGLEN CRT,365048.5576,5015458.413,5/13/16,13:30,01 - Clear,01 - Dry,10 - No control,01 - Non intersection,01 - Daylight,03 - P.D. only,06 - SMV unattended vehicle
4199,DELAWARE AVE @ QUEEN ELIZABETH DRWY,368805.4552,5031046.848,6/12/16,21:15,01 - Clear,01 - Dry,02 - Stop sign,03 - At intersection,05 - Dusk,02 - Non-fatal injury,05 - Turning movement
4200,DEMETER ST btwn GOSNELL TER & LUDLOWE ST,385837.1134,5037682.458,6/28/16,3:00,01 - Clear,01 - Dry,10 - No control,01 - Non intersection,07 - Dark,03 - P.D. only,06 - SMV unattended vehicle
4201,DEN HAAG DR @ MERGANSER ST,372661.4274,5033670.053,9/22/16,7:45,01 - Clear,01 - Dry,02 - Stop sign,03 - At intersection,01 - Daylight,03 - P.D. only,02 - Angle
4202,DEN HAAG DR btwn CARSON'S RD & BATHGATE DR,373398.6099,5033921.848,10/17/16,0:00,01 - Clear,01 - Dry,10 - No control,01 - Non intersection,00 - Unknown,03 - P.D. only,06 - SMV unattended vehicle
4203,DENALI WAY btwn END & TONY GEORGE PL,349381.2567,5015760.775,2/6/16,17:44,01 - Clear,01 - Dry,10 - No control,04 - At/near private drive,05 - Dusk,03 - P.D. only,06 - SMV unattended vehicle
4204,DENHAM WAY btwn VICTOR ST & IVA ST,350435.4861,5015213.934,2/16/16,15:55,03 - Snow,05 - Packed snow,10 - No control,01 - Non intersection,01 - Daylight,03 - P.D. only,06 - SMV unattended vehicle
4205,DERBY ST @ VICTORIA ST,385255.1448,5011048.831,10/11/16,14:23,01 - Clear,01 - Dry,02 - Stop sign,03 - At intersection,01 - Daylight,03 - P.D. only,07 - SMV other
4206,DERBY ST btwn BYRON ST & END,385359.1727,5010876.176,2/17/16,9:26,01 - Clear,03 - Loose snow,10 - No control,04 - At/near private drive,01 - Daylight,03 - P.D. only,02 - Angle
4207,DES BROUSSAILLES TER N @ MEADOWGLEN DR N,379632.5644,5034912.328,11/3/16,1:07,01 - Clear,01 - Dry,02 - Stop sign,02 - Intersection related,07 - Dark,02 - Non-fatal injury,07 - SMV other
4208,DES EPINETTES AVE @ JEANNE D'ARC BLVD,382225.8296,5035957.883,2/27/16,9:16,01 - Clear,01 - Dry,01 - Traffic signal,03 - At intersection,01 - Daylight,02 - Non-fatal injury,02 - Angle
4209,DES EPINETTES AVE @ JEANNE D'ARC BLVD,382226.0747,5035959.245,5/4/16,7:39,01 - Clear,01 - Dry,01 - Traffic signal,02 - Intersection related,01 - Daylight,03 - P.D. only,03 - Rear end
4210,DES EPINETTES AVE @ JEANNE D'ARC BLVD,382226.9676,5035958.352,11/19/16,13:38,01 - Clear,01 - Dry,01 - Traffic signal,02 - Intersection related,01 - Daylight,03 - P.D. only,04 - Sideswipe
4211,DES EPINETTES AVE @ JEANNE D'ARC BLVD,382226.7481,5035957.883,4/7/16,11:51,01 - Clear,02 - Wet,01 - Traffic signal,03 - At intersection,01 - Daylight,03 - P.D. only,05 - Turning movement
4212,DES EPINETTES AVE @ JEANNE D'ARC BLVD,382226.7481,5035959.72,9/8/16,14:53,01 - Clear,01 - Dry,01 - Traffic signal,02 - Intersection related,01 - Daylight,03 - P.D. only,03 - Rear end
4213,DES EPINETTES AVE @ PRESTWICK DR,383333.9331,5036663.327,12/18/16,15:17,01 - Clear,04 - Slush,02 - Stop sign,03 - At intersection,01 - Daylight,03 - P.D. only,02 - Angle
4214,DES EPINETTES AVE @ SILVER BARK AVE,382359.0795,5036181.839,3/11/16,18:24,01 - Clear,01 - Dry,02 - Stop sign,03 - At intersection,07 - Dark,03 - P.D. only,02 - Angle
4215,DES EPINETTES AVE @ ST. GEORGES ST,382904.7517,5036403.241,6/6/16,18:53,01 - Clear,01 - Dry,02 - Stop sign,02 - Intersection related,01 - Daylight,02 - Non-fatal injury,07 - SMV other
4216,DES EPINETTES AVE @ ST. GEORGES ST,382903.9235,5036403.332,12/17/16,14:02,03 - Snow,04 - Slush,02 - Stop sign,02 - Intersection related,01 - Daylight,03 - P.D. only,07 - SMV other
4217,DES FORETS AVE btwn BILBERRY DR & DU BOIS AVE,380992.701,5038216.218,1/5/16,8:35,01 - Clear,01 - Dry,10 - No control,04 - At/near private drive,01 - Daylight,03 - P.D. only,02 - Angle
4218,DES PERDRIX CRES N @ SUNVIEW DR N,381963.8381,5036266.825,8/17/16,18:03,01 - Clear,01 - Dry,02 - Stop sign,02 - Intersection related,01 - Daylight,02 - Non-fatal injury,03 - Rear end
4219,DES RAVINS PL btwn FOREST VALLEY DR & FOREST VALLEY DR,379986.2693,5035307.182,1/23/16,14:30,01 - Clear,05 - Packed snow,10 - No control,04 - At/near private drive,01 - Daylight,03 - P.D. only,99 - Other
4220,DES SOLDATS-RIENDEAU ST btwn ANDRE AUDET AVE & RIVER MIST RD,364947.678,5011788.769,3/10/16,8:39,01 - Clear,01 - Dry,10 - No control,01 - Non intersection,01 - Daylight,03 - P.D. only,06 - SMV unattended vehicle
4221,DESCHAMPS AVE @ HANNAH ST,370163.4833,5033319.365,3/12/16,11:37,01 - Clear,01 - Dry,02 - Stop sign,02 - Intersection related,01 - Daylight,02 - Non-fatal injury,06 - SMV unattended vehicle
4222,DESCHAMPS AVE @ VANIER PKWY,369850.5852,5033266.915,5/28/16,5:45,01 - Clear,01 - Dry,01 - Traffic signal,02 - Intersection related,03 - Dawn,03 - P.D. only,07 - SMV other
4223,DEVINE RD @ DUNNING RD,397385.5561,5025072.116,3/16/16,7:30,01 - Clear,02 - Wet,02 - Stop sign,03 - At intersection,01 - Daylight,02 - Non-fatal injury,02 - Angle
4224,DEVINE RD @ FRANK KENNY RD,393674.3873,5023505.181,8/18/16,7:47,01 - Clear,01 - Dry,02 - Stop sign,03 - At intersection,01 - Daylight,03 - P.D. only,05 - Turning movement
4225,DEVINE RD @ FRANK KENNY RD,393676.8667,5023503.045,12/16/16,6:30,01 - Clear,01 - Dry,02 - Stop sign,02 - Intersection related,07 - Dark,03 - P.D. only,03 - Rear end
4226,DEVINE RD @ FRONTIER RD,389636.7403,5021965.251,12/5/16,6:27,03 - Snow,05 - Packed snow,02 - Stop sign,03 - At intersection,07 - Dark,03 - P.D. only,02 - Angle
4227,DEVINE RD @ ROCKDALE RD,394887.6571,5024097.115,8/21/16,16:10,01 - Clear,01 - Dry,02 - Stop sign,03 - At intersection,01 - Daylight,02 - Non-fatal injury,02 - Angle
4228,DEVINE RD btwn FRONTIER RD & MCVAGH RD,391842.1672,5022818.919,7/9/16,6:53,01 - Clear,01 - Dry,10 - No control,01 - Non intersection,01 - Daylight,02 - Non-fatal injury,01 - Approaching
4229,DEVINE RD btwn SAND RD & FRANK KENNY RD,393483.0031,5023428.004,8/12/16,19:36,02 - Rain,02 - Wet,10 - No control,01 - Non intersection,05 - Dusk,03 - P.D. only,07 - SMV other
4230,DEVONWOOD CIRC btwn TUNDRA SWAN BAY & BUCKNELL DR,375532.9575,5020645.736,7/9/16,9:52,01 - Clear,01 - Dry,10 - No control,01 - Non intersection,01 - Daylight,03 - P.D. only,06 - SMV unattended vehicle
4231,DIAMONDVIEW RD @ DONALD B. MUNRO DR,338123.9733,5022170.822,1/22/16,14:04,01 - Clear,01 - Dry,02 - Stop sign,03 - At intersection,01 - Daylight,03 - P.D. only,02 - Angle
4232,DIAMONDVIEW RD @ DONALD B. MUNRO DR,338123.7386,5022170.837,4/2/16,17:47,01 - Clear,01 - Dry,02 - Stop sign,03 - At intersection,01 - Daylight,03 - P.D. only,02 - Angle
4233,DIAMONDVIEW RD @ DONALD B. MUNRO DR,338123.7336,5022171.73,6/18/16,15:00,01 - Clear,01 - Dry,02 - Stop sign,03 - At intersection,01 - Daylight,03 - P.D. only,02 - Angle
4234,DIAMONDVIEW RD @ OLD COACH RD,336618.8488,5024005.879,8/30/16,7:59,01 - Clear,01 - Dry,02 - Stop sign,03 - At intersection,01 - Daylight,02 - Non-fatal injury,02 - Angle
4235,DIAMONDVIEW RD btwn DONALD B. MUNRO DR & WILLIAM HODGINS LANE,339241.3118,5020889.274,2/20/16,7:30,02 - Rain,04 - Slush,10 - No control,01 - Non intersection,01 - Daylight,03 - P.D. only,07 - SMV other
4236,DIAMONDVIEW RD btwn THOMAS A. DOLAN PKWY & OLD COACH RD,335667.2703,5025124.155,3/17/16,6:35,"07 - Fog, mist, smoke, dust",06 - Ice,10 - No control,01 - Non intersection,03 - Dawn,03 - P.D. only,07 - SMV other
4237,DIAMONDVIEW RD btwn THOMAS A. DOLAN PKWY & OLD COACH RD,335572.2734,5025173.17,1/12/16,14:22,01 - Clear,03 - Loose snow,10 - No control,01 - Non intersection,01 - Daylight,03 - P.D. only,07 - SMV other
4238,DIANE CRES btwn YORK MILLS DR & YORK MILLS DR,383329.9737,5038384.123,1/23/16,23:42,01 - Clear,01 - Dry,10 - No control,01 - Non intersection,07 - Dark,03 - P.D. only,07 - SMV other
4239,DIEPPE ST btwn MCARTHUR AVE & END,371325.2205,5032796.143,6/1/16,20:17,01 - Clear,01 - Dry,10 - No control,01 - Non intersection,01 - Daylight,03 - P.D. only,04 - Sideswipe
4240,DILWORTH RD btwn FOURTH LINE RD & HWY416 IC42 RAMP34,370773.8387,4994741.268,10/17/16,9:10,01 - Clear,01 - Dry,10 - No control,01 - Non intersection,01 - Daylight,03 - P.D. only,07 - SMV other
4241,DOANE ST btwn LATS PRIV & CARLING AVE,359472.2831,5024353.072,2/2/16,10:30,01 - Clear,01 - Dry,10 - No control,01 - Non intersection,01 - Daylight,03 - P.D. only,06 - SMV unattended vehicle
4242,DOHENY ST btwn CAMPBELL AVE & CLYDE AVE,363549.847,5026685.677,11/22/16,12:10,01 - Clear,01 - Dry,10 - No control,04 - At/near private drive,01 - Daylight,03 - P.D. only,02 - Angle
4243,DOMALATCHY PL @ WOODROFFE AVE,362403.9144,5024138.413,9/19/16,11:01,01 - Clear,01 - Dry,02 - Stop sign,02 - Intersection related,01 - Daylight,03 - P.D. only,02 - Angle
4244,DOMINION SPRINGS RD btwn HANSON SIDE RD & KINBURN SIDE RD,323848.2306,5023610.686,11/4/16,12:06,01 - Clear,01 - Dry,10 - No control,01 - Non intersection,01 - Daylight,03 - P.D. only,07 - SMV other
4245,DON REID DR @ ST. LAURENT BLVD,372713.4201,5027039.5,2/28/16,9:00,03 - Snow,03 - Loose snow,02 - Stop sign,03 - At intersection,01 - Daylight,03 - P.D. only,02 - Angle
4246,DON ST btwn POULIN AVE & REGINA ST,360333.9602,5025269.116,11/14/16,0:00,01 - Clear,01 - Dry,10 - No control,01 - Non intersection,00 - Unknown,03 - P.D. only,06 - SMV unattended vehicle
4247,DON ST btwn POULIN AVE & REGINA ST,360312.1704,5025320.82,12/23/16,0:00,01 - Clear,02 - Wet,10 - No control,01 - Non intersection,00 - Unknown,03 - P.D. only,06 - SMV unattended vehicle
4248,DONALD B. MUNRO DR @ MEADOWRIDGE CIR,342360.1529,5022829.133,6/29/16,17:50,01 - Clear,01 - Dry,02 - Stop sign,02 - Intersection related,01 - Daylight,03 - P.D. only,07 - SMV other
4249,DONALD B. MUNRO DR btwn DIAMONDVIEW RD & OLD COACH RD,338198.2828,5022242.329,12/31/16,13:26,03 - Snow,03 - Loose snow,10 - No control,01 - Non intersection,01 - Daylight,02 - Non-fatal injury,07 - SMV other
4250,DONALD B. MUNRO DR btwn DIAMONDVIEW RD & OLD COACH RD,338654.8297,5022672.554,11/21/16,20:00,03 - Snow,03 - Loose snow,10 - No control,04 - At/near private drive,07 - Dark,03 - P.D. only,07 - SMV other
4251,DONALD B. MUNRO DR btwn JOHN SHAW RD & WILLIAM HODGINS LANE,335851.1351,5022654.887,8/12/16,6:43,02 - Rain,02 - Wet,10 - No control,01 - Non intersection,03 - Dawn,03 - P.D. only,07 - SMV other
4252,DONALD B. MUNRO DR btwn ROBERTLEE DR & TO BE DETERMINED,342141.0862,5022880.966,2/5/16,8:05,01 - Clear,01 - Dry,10 - No control,01 - Non intersection,01 - Daylight,03 - P.D. only,03 - Rear end
4253,DONALD B. MUNRO DR btwn THOMAS A. DOLAN PKWY & JOHN SHAW RD,334335.4809,5024042.763,2/11/16,10:55,05 - Drifting Snow,05 - Packed snow,10 - No control,01 - Non intersection,01 - Daylight,03 - P.D. only,07 - SMV other
4254,DONALD B. MUNRO DR/OLD CARP RD W @ MARCH RD,343091.9871,5022593.049,9/23/16,18:20,01 - Clear,01 - Dry,02 - Stop sign,03 - At intersection,01 - Daylight,02 - Non-fatal injury,02 - Angle
4255,DONALD ST @ 110 E OF ST. LAURENT BLVD ,372203.0265,5032482.494,1/15/16,15:41,01 - Clear,01 - Dry,01 - Traffic signal,03 - At intersection,01 - Daylight,03 - P.D. only,02 - Angle
4256,DONALD ST @ 48 E  PAUL EMILE LAMARCHE,371409.0226,5032394.567,1/28/16,14:58,01 - Clear,02 - Wet,01 - Traffic signal,02 - Intersection related,01 - Daylight,02 - Non-fatal injury,03 - Rear end
4257,DONALD ST @ ELAINE DR,372334.3729,5032481.244,10/6/16,22:18,01 - Clear,01 - Dry,01 - Traffic signal,03 - At intersection,07 - Dark,02 - Non-fatal injury,02 - Angle
4258,DONALD ST @ ELAINE DR,372332.6434,5032479.782,8/25/16,9:00,01 - Clear,02 - Wet,01 - Traffic signal,02 - Intersection related,01 - Daylight,03 - P.D. only,03 - Rear end
4259,DONALD ST @ ELAINE DR,372333.7143,5032478.515,10/7/16,16:00,01 - Clear,01 - Dry,01 - Traffic signal,02 - Intersection related,01 - Daylight,03 - P.D. only,03 - Rear end