Record,Location,X,Y,Date,Time,Environment,Road_Surface,Traffic_Control,Collision_Location,Light,Collision_Classification,Impact_type
4260,DONALD ST @ OKEE ST,371885.4988,5032446.909,4/29/16,9:21,01 - Clear,01 - Dry,02 - Stop sign,03 - At intersection,01 - Daylight,03 - P.D. only,03 - Rear end
4261,DONALD ST @ QUILL ST,370699.0472,5032312.921,12/1/16,18:08,02 - Rain,02 - Wet,01 - Traffic signal,03 - At intersection,07 - Dark,02 - Non-fatal injury,05 - Turning movement
4262,DONALD ST @ ST. LAURENT BLVD,372094.6314,5032471.896,5/10/16,19:32,01 - Clear,01 - Dry,01 - Traffic signal,03 - At intersection,01 - Daylight,02 - Non-fatal injury,05 - Turning movement
4263,DONALD ST @ ST. LAURENT BLVD,372096.1974,5032471.343,9/16/16,8:50,01 - Clear,01 - Dry,01 - Traffic signal,03 - At intersection,01 - Daylight,02 - Non-fatal injury,03 - Rear end
4264,DONALD ST @ ST. LAURENT BLVD,372094.3893,5032471.908,6/3/16,18:09,01 - Clear,01 - Dry,01 - Traffic signal,02 - Intersection related,01 - Daylight,02 - Non-fatal injury,03 - Rear end
4265,DONALD ST @ ST. LAURENT BLVD,372094.3893,5032473.261,6/4/16,23:32,01 - Clear,01 - Dry,01 - Traffic signal,03 - At intersection,07 - Dark,02 - Non-fatal injury,05 - Turning movement
4266,DONALD ST @ ST. LAURENT BLVD,372093.7129,5032472.999,10/27/16,19:06,03 - Snow,02 - Wet,01 - Traffic signal,03 - At intersection,07 - Dark,02 - Non-fatal injury,07 - SMV other
4267,DONALD ST @ ST. LAURENT BLVD,372093.4934,5032472.365,7/26/16,22:10,01 - Clear,01 - Dry,01 - Traffic signal,03 - At intersection,07 - Dark,02 - Non-fatal injury,05 - Turning movement
4268,DONALD ST @ ST. LAURENT BLVD,372093.3785,5032472.585,7/12/16,9:48,01 - Clear,01 - Dry,01 - Traffic signal,02 - Intersection related,01 - Daylight,02 - Non-fatal injury,03 - Rear end
4269,DONALD ST @ ST. LAURENT BLVD,372093.7129,5032472.171,12/14/16,18:20,01 - Clear,03 - Loose snow,01 - Traffic signal,02 - Intersection related,07 - Dark,02 - Non-fatal injury,03 - Rear end
4270,DONALD ST @ ST. LAURENT BLVD,372093.6879,5032472.617,4/1/16,16:37,01 - Clear,01 - Dry,01 - Traffic signal,02 - Intersection related,01 - Daylight,03 - P.D. only,03 - Rear end
4271,DONALD ST @ ST. LAURENT BLVD,372093.0311,5032472.585,8/2/16,18:42,01 - Clear,01 - Dry,01 - Traffic signal,02 - Intersection related,01 - Daylight,03 - P.D. only,04 - Sideswipe
4272,DONALD ST @ ST. LAURENT BLVD,372094.3788,5032472.807,3/8/16,12:23,01 - Clear,02 - Wet,01 - Traffic signal,02 - Intersection related,01 - Daylight,03 - P.D. only,03 - Rear end
4273,DONALD ST @ ST. LAURENT BLVD,372093.0543,5032473.683,3/3/16,17:21,01 - Clear,01 - Dry,01 - Traffic signal,03 - At intersection,05 - Dusk,03 - P.D. only,05 - Turning movement
4274,DONALD ST @ ST. LAURENT BLVD,372092.642,5032472.317,10/6/16,14:25,01 - Clear,01 - Dry,01 - Traffic signal,03 - At intersection,01 - Daylight,03 - P.D. only,03 - Rear end
4275,DONALD ST @ ST. LAURENT BLVD,372093.4934,5032471.926,1/19/16,15:18,01 - Clear,01 - Dry,01 - Traffic signal,02 - Intersection related,01 - Daylight,03 - P.D. only,03 - Rear end
4276,DONALD ST @ ST. LAURENT BLVD,372093.4934,5032471.926,9/2/16,20:52,01 - Clear,01 - Dry,01 - Traffic signal,02 - Intersection related,07 - Dark,03 - P.D. only,99 - Other
4277,DONALD ST @ ST. LAURENT BLVD,372093.4934,5032471.487,1/12/16,16:52,03 - Snow,04 - Slush,01 - Traffic signal,02 - Intersection related,05 - Dusk,03 - P.D. only,03 - Rear end
4278,DONALD ST @ ST. LAURENT BLVD,372093.9374,5032473.258,3/18/16,15:30,01 - Clear,01 - Dry,01 - Traffic signal,02 - Intersection related,01 - Daylight,03 - P.D. only,03 - Rear end
4279,DONALD ST @ ST. LAURENT BLVD,372093.1774,5032472.853,8/21/16,12:47,02 - Rain,02 - Wet,01 - Traffic signal,02 - Intersection related,01 - Daylight,03 - P.D. only,03 - Rear end
4280,DONALD ST @ ST. LAURENT BLVD,372093.0365,5032471.908,6/17/16,6:20,01 - Clear,01 - Dry,01 - Traffic signal,02 - Intersection related,01 - Daylight,03 - P.D. only,05 - Turning movement
4281,DONALD ST @ ST. LAURENT BLVD,372092.5855,5032472.81,6/24/16,12:21,01 - Clear,01 - Dry,01 - Traffic signal,02 - Intersection related,01 - Daylight,03 - P.D. only,03 - Rear end
4282,DONALD ST @ ST. LAURENT BLVD,372093.7129,5032472.171,9/27/16,1:32,02 - Rain,02 - Wet,01 - Traffic signal,02 - Intersection related,07 - Dark,03 - P.D. only,03 - Rear end
4283,DONALD ST @ ST. LAURENT BLVD,372093.4934,5032472.804,11/10/16,17:39,01 - Clear,01 - Dry,01 - Traffic signal,03 - At intersection,07 - Dark,03 - P.D. only,05 - Turning movement
4284,DONALD ST @ ST. LAURENT BLVD,372092.8847,5032471.343,9/28/16,15:30,01 - Clear,01 - Dry,01 - Traffic signal,02 - Intersection related,01 - Daylight,03 - P.D. only,03 - Rear end
4285,DONALD ST @ ST. LAURENT BLVD,372093.7129,5032470.515,2/18/16,8:59,04 - Freezing Rain,06 - Ice,01 - Traffic signal,02 - Intersection related,01 - Daylight,03 - P.D. only,03 - Rear end
4286,DONALD ST @ ST. LAURENT BLVD,372094.5411,5032473.827,11/24/16,6:04,03 - Snow,03 - Loose snow,01 - Traffic signal,02 - Intersection related,07 - Dark,03 - P.D. only,07 - SMV other
4287,DONALD ST @ ST. LAURENT BLVD,372093.7129,5032471.343,12/13/16,16:07,01 - Clear,02 - Wet,01 - Traffic signal,02 - Intersection related,05 - Dusk,03 - P.D. only,04 - Sideswipe
4288,DONALD ST @ ST. LAURENT BLVD,372095.3692,5032472.171,12/30/16,7:23,01 - Clear,04 - Slush,01 - Traffic signal,02 - Intersection related,03 - Dawn,03 - P.D. only,03 - Rear end
4289,DONALD ST @ TELFORD AVE,371696.0545,5032427.351,1/21/16,8:17,03 - Snow,03 - Loose snow,01 - Traffic signal,02 - Intersection related,01 - Daylight,02 - Non-fatal injury,03 - Rear end
4290,DONALD ST @ TELFORD AVE,371695.0568,5032426.328,10/21/16,15:07,02 - Rain,02 - Wet,01 - Traffic signal,02 - Intersection related,01 - Daylight,02 - Non-fatal injury,07 - SMV other
4291,DONALD ST @ VANIER PKWY,370310.6154,5032271.683,8/29/16,6:26,01 - Clear,01 - Dry,01 - Traffic signal,03 - At intersection,01 - Daylight,02 - Non-fatal injury,02 - Angle
4292,DONALD ST @ VANIER PKWY,370311.0545,5032270.366,8/15/16,21:48,01 - Clear,01 - Dry,01 - Traffic signal,03 - At intersection,07 - Dark,02 - Non-fatal injury,05 - Turning movement
4293,DONALD ST @ VANIER PKWY,370311.4936,5032270.805,8/29/16,20:24,01 - Clear,01 - Dry,01 - Traffic signal,03 - At intersection,07 - Dark,02 - Non-fatal injury,05 - Turning movement
4294,DONALD ST @ VANIER PKWY,370312.3717,5032271.683,1/25/16,14:45,01 - Clear,01 - Dry,01 - Traffic signal,02 - Intersection related,01 - Daylight,03 - P.D. only,03 - Rear end
4295,DONALD ST @ VANIER PKWY,370311.0367,5032270.36,5/28/16,14:40,01 - Clear,01 - Dry,01 - Traffic signal,03 - At intersection,01 - Daylight,03 - P.D. only,05 - Turning movement
4296,DONALD ST @ VANIER PKWY,370311.9404,5032271.494,8/8/16,21:47,01 - Clear,01 - Dry,01 - Traffic signal,02 - Intersection related,07 - Dark,03 - P.D. only,03 - Rear end
4297,DONALD ST @ VANIER PKWY,370311.9404,5032271.04,7/15/16,18:47,01 - Clear,02 - Wet,01 - Traffic signal,02 - Intersection related,01 - Daylight,03 - P.D. only,03 - Rear end
4298,DONALD ST @ VANIER PKWY,370312.8329,5032271.705,3/28/16,21:12,02 - Rain,02 - Wet,01 - Traffic signal,03 - At intersection,07 - Dark,03 - P.D. only,05 - Turning movement
4299,DONALD ST @ VANIER PKWY,370311.4936,5032270.366,9/20/16,11:20,01 - Clear,01 - Dry,01 - Traffic signal,03 - At intersection,01 - Daylight,03 - P.D. only,05 - Turning movement
4300,DONALD ST @ VANIER PKWY,370311.9326,5032269.488,11/29/16,10:26,02 - Rain,02 - Wet,01 - Traffic signal,03 - At intersection,01 - Daylight,03 - P.D. only,05 - Turning movement
4301,DONALD ST btwn 110 E OF ST. LAURENT BLVD & ELAINE DR,372232.9459,5032486.513,8/16/16,17:53,02 - Rain,02 - Wet,10 - No control,01 - Non intersection,01 - Daylight,02 - Non-fatal injury,07 - SMV other
4302,DONALD ST btwn 110 E OF ST. LAURENT BLVD & ELAINE DR,372293.2185,5032487.778,1/2/16,9:57,01 - Clear,02 - Wet,10 - No control,04 - At/near private drive,01 - Daylight,03 - P.D. only,02 - Angle
4303,DONALD ST btwn 48 E  PAUL EMILE LAMARCHE & FRANCES ST,371478.0604,5032402.68,2/18/16,9:30,01 - Clear,06 - Ice,10 - No control,01 - Non intersection,01 - Daylight,03 - P.D. only,01 - Approaching
4304,DONALD ST btwn BARNABY PRIV & TELFORD AVE,371687.2729,5032426.912,9/22/16,15:13,01 - Clear,01 - Dry,10 - No control,04 - At/near private drive,01 - Daylight,03 - P.D. only,02 - Angle
4305,DONALD ST btwn BARNABY PRIV & TELFORD AVE,371647.1821,5032420.066,1/5/16,17:00,01 - Clear,01 - Dry,10 - No control,01 - Non intersection,05 - Dusk,03 - P.D. only,03 - Rear end
4306,DONALD ST btwn BELGATE WAY & CUMMINGS AVE,372629.8657,5032408.286,9/26/16,0:00,01 - Clear,01 - Dry,10 - No control,01 - Non intersection,00 - Unknown,03 - P.D. only,06 - SMV unattended vehicle
4307,DONALD ST btwn BRANT ST & AVE. PAUL EMILE LAMARCHE AVE,371352.3025,5032386.727,11/6/16,11:31,01 - Clear,01 - Dry,10 - No control,04 - At/near private drive,01 - Daylight,02 - Non-fatal injury,07 - SMV other
4308,DONALD ST btwn EVE ST & LOLA ST,370927.8648,5032339.48,4/23/16,11:34,01 - Clear,01 - Dry,10 - No control,01 - Non intersection,01 - Daylight,02 - Non-fatal injury,03 - Rear end
4309,DONALD ST btwn FINDON GT & BELGATE WAY,372577.8166,5032403.814,6/18/16,10:57,01 - Clear,01 - Dry,10 - No control,01 - Non intersection,01 - Daylight,03 - P.D. only,03 - Rear end
4310,DONALD ST btwn FINDON GT & BELGATE WAY,372445.3991,5032439.338,1/5/16,11:00,01 - Clear,01 - Dry,10 - No control,04 - At/near private drive,01 - Daylight,03 - P.D. only,02 - Angle
4311,DONALD ST btwn MARGUERITE AVE & VANIER PKWY,370189.6526,5032256.028,4/8/16,16:39,01 - Clear,02 - Wet,10 - No control,01 - Non intersection,01 - Daylight,03 - P.D. only,06 - SMV unattended vehicle
4312,DONALD ST btwn MARGUERITE AVE & VANIER PKWY,370254.0634,5032261.273,3/14/16,14:06,02 - Rain,02 - Wet,10 - No control,04 - At/near private drive,01 - Daylight,03 - P.D. only,02 - Angle
4313,DONALD ST btwn ST. LAURENT BLVD & GL/OT BOUNDARY,372134.3276,5032477.195,1/16/16,10:43,01 - Clear,01 - Dry,10 - No control,04 - At/near private drive,01 - Daylight,03 - P.D. only,02 - Angle
4314,DONALD ST btwn TELFORD AVE & OKEE ST,371703.252,5032429.149,6/3/16,23:41,01 - Clear,01 - Dry,10 - No control,01 - Non intersection,07 - Dark,03 - P.D. only,01 - Approaching
4315,DONLAND AVE btwn PARKER AVE & VIEWMOUNT DR,363805.3577,5022621.863,2/23/16,0:00,01 - Clear,06 - Ice,10 - No control,01 - Non intersection,00 - Unknown,03 - P.D. only,06 - SMV unattended vehicle
4316,DONLAND AVE btwn PARKER AVE & VIEWMOUNT DR,363821.5834,5022635.364,12/12/16,15:55,03 - Snow,03 - Loose snow,10 - No control,01 - Non intersection,01 - Daylight,03 - P.D. only,01 - Approaching
4317,DONNELLY DR @ MALAKOFF RD,367936.3676,4989688.204,7/24/16,19:20,01 - Clear,01 - Dry,02 - Stop sign,03 - At intersection,01 - Daylight,02 - Non-fatal injury,02 - Angle
4318,DONNELLY DR @ MCCORDICK RD,370435.4689,4991830.221,5/6/16,17:49,01 - Clear,01 - Dry,02 - Stop sign,02 - Intersection related,01 - Daylight,03 - P.D. only,03 - Rear end
4319,DONNELLY DR @ MCCORDICK RD,370436.5218,4991829.807,10/23/16,22:56,01 - Clear,01 - Dry,02 - Stop sign,02 - Intersection related,07 - Dark,03 - P.D. only,07 - SMV other
4320,DONNELLY DR btwn FAIRMILE RD & FOURTH LINE RD,371893.9181,4992738.046,11/14/16,20:56,01 - Clear,01 - Dry,10 - No control,01 - Non intersection,07 - Dark,03 - P.D. only,07 - SMV other
4321,DONNELLY DR btwn HARNETT RD & MALAKOFF RD,366164.6078,4988140.432,5/4/16,16:36,01 - Clear,01 - Dry,10 - No control,01 - Non intersection,01 - Daylight,02 - Non-fatal injury,07 - SMV other
4322,DONNELLY DR btwn HARNETT RD & MALAKOFF RD,366856.5772,4988747.458,9/18/16,19:15,01 - Clear,01 - Dry,10 - No control,01 - Non intersection,05 - Dusk,03 - P.D. only,07 - SMV other
4323,DONNELLY DR btwn JOE DREW LANE & WEEDMARK RD,362420.391,4984192.815,1/19/16,5:55,01 - Clear,05 - Packed snow,10 - No control,01 - Non intersection,07 - Dark,03 - P.D. only,07 - SMV other
4324,DONNELLY DR btwn MILL POND LANE & DWYER HILL RD,360055.0375,4982829.18,7/9/16,6:31,01 - Clear,01 - Dry,10 - No control,01 - Non intersection,01 - Daylight,03 - P.D. only,07 - SMV other
4325,DONWEL DR @ STEPHANIE ANNE DR/ASHLEY CARDILL L,378838.2146,5013126.095,11/24/16,16:30,02 - Rain,03 - Loose snow,02 - Stop sign,02 - Intersection related,05 - Dusk,03 - P.D. only,03 - Rear end
4326,DORCHESTER AVE @ HOLLINGTON ST,365326.5771,5026844.376,2/3/16,19:50,01 - Clear,04 - Slush,02 - Stop sign,03 - At intersection,07 - Dark,02 - Non-fatal injury,07 - SMV other
4327,DORCHESTER AVE btwn HOLLINGTON ST & CHEVRIER ST,365428.6588,5026908.427,1/8/16,18:45,01 - Clear,03 - Loose snow,10 - No control,01 - Non intersection,07 - Dark,03 - P.D. only,06 - SMV unattended vehicle
4328,DORCHESTER AVE btwn PRINCE ST & SILVER ST,365042.1431,5026661.254,2/10/16,18:00,03 - Snow,05 - Packed snow,10 - No control,01 - Non intersection,07 - Dark,03 - P.D. only,06 - SMV unattended vehicle
4329,DORIMA ST btwn INNES RD & RENAISSANCE DR,384315.7165,5036315.743,8/28/16,0:00,01 - Clear,01 - Dry,10 - No control,01 - Non intersection,00 - Unknown,03 - P.D. only,06 - SMV unattended vehicle
4330,DORIMA ST btwn RENAISSANCE DR & END,384375.137,5036186.046,2/21/16,7:00,01 - Clear,05 - Packed snow,10 - No control,01 - Non intersection,03 - Dawn,03 - P.D. only,06 - SMV unattended vehicle
4331,DORION AVE btwn ALTA VISTA DR & BLAIR ST,370701.5809,5030124.559,6/25/16,9:47,01 - Clear,01 - Dry,10 - No control,01 - Non intersection,01 - Daylight,02 - Non-fatal injury,06 - SMV unattended vehicle
4332,DORION AVE btwn ALTA VISTA DR & BLAIR ST,370792.1125,5030102.793,4/6/16,18:19,03 - Snow,05 - Packed snow,10 - No control,01 - Non intersection,05 - Dusk,03 - P.D. only,01 - Approaching
4333,DOUGLAS AVE btwn PUTMAN AVE & BEECHWOOD AVE,369290.099,5033774.254,1/21/16,14:30,01 - Clear,01 - Dry,10 - No control,01 - Non intersection,01 - Daylight,03 - P.D. only,06 - SMV unattended vehicle
4334,DOUGLAS AVE btwn PUTMAN AVE & BEECHWOOD AVE,369295.5528,5033750.019,12/13/16,8:03,03 - Snow,03 - Loose snow,10 - No control,04 - At/near private drive,01 - Daylight,03 - P.D. only,06 - SMV unattended vehicle
4335,DOVERCOURT AVE @ FRASER AVE,362758.2069,5027027.799,7/18/16,13:07,01 - Clear,01 - Dry,02 - Stop sign,03 - At intersection,01 - Daylight,02 - Non-fatal injury,02 - Angle
4336,DOVERCOURT AVE @ FRASER AVE,362757.6881,5027027.28,7/15/16,11:07,01 - Clear,01 - Dry,02 - Stop sign,03 - At intersection,01 - Daylight,03 - P.D. only,02 - Angle
4337,DOVERCOURT AVE @ FRASER AVE,362758.8644,5027027.179,1/4/16,13:02,01 - Clear,04 - Slush,02 - Stop sign,03 - At intersection,01 - Daylight,03 - P.D. only,02 - Angle
4338,DOVERCOURT AVE @ KIRKWOOD AVE,364206.1479,5027653.238,7/13/16,15:07,02 - Rain,02 - Wet,02 - Stop sign,02 - Intersection related,01 - Daylight,03 - P.D. only,03 - Rear end
4339,DOVERCOURT AVE @ ROWANWOOD AVE,362239.4741,5026816.88,11/27/16,12:58,01 - Clear,01 - Dry,02 - Stop sign,03 - At intersection,01 - Daylight,03 - P.D. only,02 - Angle
4340,DOVERCOURT AVE @ SHERBOURNE RD,362151.5927,5026790.195,1/20/16,9:22,01 - Clear,01 - Dry,02 - Stop sign,03 - At intersection,01 - Daylight,03 - P.D. only,02 - Angle
4341,DOVERCOURT AVE @ WINDERMERE AVE,362535.9183,5026935.864,6/17/16,17:59,01 - Clear,01 - Dry,02 - Stop sign,03 - At intersection,01 - Daylight,02 - Non-fatal injury,02 - Angle
4342,DOVERCOURT AVE @ WINDERMERE AVE,362535.0342,5026936.76,9/24/16,11:34,01 - Clear,01 - Dry,02 - Stop sign,03 - At intersection,01 - Daylight,03 - P.D. only,02 - Angle
4343,DOWNPATRICK RD @ SHANEGAL CRES N,370426.1517,5023022.803,9/17/16,7:25,01 - Clear,01 - Dry,02 - Stop sign,03 - At intersection,01 - Daylight,02 - Non-fatal injury,02 - Angle
4344,DOWNPATRICK RD @ UPLANDS DR,370293.3996,5022804.733,2/1/16,19:10,01 - Clear,01 - Dry,02 - Stop sign,02 - Intersection related,07 - Dark,03 - P.D. only,04 - Sideswipe
4345,DOWNSVIEW CRES W @ WOODFIELD DR W,364576.8762,5021876.916,9/1/16,12:20,01 - Clear,01 - Dry,02 - Stop sign,02 - Intersection related,01 - Daylight,02 - Non-fatal injury,03 - Rear end
4346,DOWSER ST @ GLEN ST,384963.4219,5011125.004,1/29/16,19:12,03 - Snow,05 - Packed snow,02 - Stop sign,03 - At intersection,07 - Dark,03 - P.D. only,02 - Angle
4347,DOYLE RD @ SNAKE ISLAND RD,375042.6183,5004189.145,10/10/16,11:34,01 - Clear,01 - Dry,02 - Stop sign,03 - At intersection,01 - Daylight,03 - P.D. only,02 - Angle
4348,DOYLE RD btwn RIVER RD & TO BE DETERMINED,374848.6658,5004540.894,3/29/16,17:50,01 - Clear,01 - Dry,10 - No control,01 - Non intersection,01 - Daylight,03 - P.D. only,07 - SMV other
4349,DRAPER AVE btwn CORNELL ST & LISA AVE,360442.9284,5022793.818,1/5/16,7:58,01 - Clear,05 - Packed snow,10 - No control,01 - Non intersection,01 - Daylight,02 - Non-fatal injury,07 - SMV other
4350,DRAPER AVE btwn CORNELL ST & LISA AVE,360436.6074,5022671.61,4/29/16,14:30,01 - Clear,01 - Dry,10 - No control,04 - At/near private drive,01 - Daylight,03 - P.D. only,02 - Angle
4351,DRAPER AVE btwn CORNELL ST & LISA AVE,360444.3004,5022759.69,11/5/16,2:30,01 - Clear,01 - Dry,10 - No control,01 - Non intersection,07 - Dark,03 - P.D. only,06 - SMV unattended vehicle
4352,DRAPER AVE btwn PATHWAY PRIV & LISA AVE,360435.4368,5022894.219,10/21/16,12:47,02 - Rain,02 - Wet,10 - No control,01 - Non intersection,01 - Daylight,03 - P.D. only,04 - Sideswipe
4353,DRIVEWAY (THE) @ PRINCE OF WALES DR,366876.5528,5028145.025,6/4/16,10:59,01 - Clear,01 - Dry,11 - Roundabout,03 - At intersection,01 - Daylight,03 - P.D. only,03 - Rear end
4354,DRIVEWAY (THE) @ PRINCE OF WALES DR,366883.978,5028137.28,6/24/16,15:38,01 - Clear,01 - Dry,11 - Roundabout,03 - At intersection,01 - Daylight,03 - P.D. only,03 - Rear end
4355,DRIVEWAY (THE) @ PRINCE OF WALES DR,366883.6895,5028137.587,5/6/16,17:45,01 - Clear,01 - Dry,11 - Roundabout,03 - At intersection,01 - Daylight,03 - P.D. only,04 - Sideswipe
4356,DRIVEWAY (THE) @ PRINCE OF WALES DR,366884.0808,5028137.548,11/15/16,15:26,01 - Clear,01 - Dry,11 - Roundabout,03 - At intersection,01 - Daylight,03 - P.D. only,03 - Rear end
4357,DRIVEWAY (THE) btwn CENTRAL AVE & GILMOUR ST,368678.1884,5031387.067,6/17/16,19:00,01 - Clear,01 - Dry,10 - No control,01 - Non intersection,01 - Daylight,03 - P.D. only,06 - SMV unattended vehicle
4358,DRUMMOND ST btwn HAZEL ST & HERRIDGE ST,369069.5005,5029996.792,1/18/16,15:52,01 - Clear,05 - Packed snow,10 - No control,04 - At/near private drive,01 - Daylight,03 - P.D. only,05 - Turning movement
4359,DRUMSO ST @ MARGRAVE AVE E,372611.8659,5025513.337,7/27/16,11:35,01 - Clear,01 - Dry,02 - Stop sign,03 - At intersection,01 - Daylight,03 - P.D. only,02 - Angle
4360,DU CLAIRVAUX RD btwn FERNGROVE GT & LA CHAPELLE ST,380136.4064,5034208.537,11/26/16,17:00,01 - Clear,02 - Wet,10 - No control,01 - Non intersection,07 - Dark,03 - P.D. only,06 - SMV unattended vehicle
4361,DU GRAND BOIS AVE @ INNES RD,383108.0991,5035762.148,12/29/16,17:13,03 - Snow,03 - Loose snow,02 - Stop sign,02 - Intersection related,07 - Dark,03 - P.D. only,03 - Rear end
4362,DUBLIN AVE btwn LAZARD ST & FIELD ST,362470.8962,5024802.48,4/10/16,13:18,01 - Clear,01 - Dry,10 - No control,04 - At/near private drive,01 - Daylight,03 - P.D. only,06 - SMV unattended vehicle
4363,DUCHARME BLVD btwn DONAT ST & IBERVILLE ST,371074.1607,5033437.193,1/15/16,0:00,01 - Clear,02 - Wet,10 - No control,01 - Non intersection,00 - Unknown,03 - P.D. only,06 - SMV unattended vehicle
4364,DUMAURIER AVE @ BARWELL AVE/GRENON AVE,359729.5676,5023650.252,4/19/16,17:47,01 - Clear,01 - Dry,02 - Stop sign,03 - At intersection,01 - Daylight,03 - P.D. only,02 - Angle
4365,DUMAURIER AVE @ PINECREST RD,360321.4595,5023834.73,11/21/16,20:37,03 - Snow,03 - Loose snow,01 - Traffic signal,03 - At intersection,07 - Dark,02 - Non-fatal injury,05 - Turning movement
4366,DUMAURIER AVE @ PINECREST RD,360322.3376,5023833.413,2/25/16,20:33,01 - Clear,06 - Ice,01 - Traffic signal,02 - Intersection related,07 - Dark,03 - P.D. only,03 - Rear end
4367,DUMAURIER AVE @ PINECREST RD,360321.457,5023835.177,3/2/16,9:51,03 - Snow,03 - Loose snow,01 - Traffic signal,03 - At intersection,01 - Daylight,03 - P.D. only,07 - SMV other
4368,DUMAURIER AVE @ PINECREST RD,360321.4334,5023834.372,2/25/16,18:01,04 - Freezing Rain,06 - Ice,01 - Traffic signal,03 - At intersection,07 - Dark,03 - P.D. only,03 - Rear end
4369,DUMAURIER AVE @ PINECREST RD,360321.679,5023835.637,1/12/16,13:00,03 - Snow,06 - Ice,01 - Traffic signal,02 - Intersection related,01 - Daylight,03 - P.D. only,03 - Rear end
4370,DUMAURIER AVE @ PINECREST RD,360322.3376,5023833.413,8/6/16,14:35,01 - Clear,01 - Dry,01 - Traffic signal,02 - Intersection related,01 - Daylight,03 - P.D. only,01 - Approaching
4371,DUMAURIER AVE @ PINECREST RD,360321.9063,5023834.056,7/5/16,14:31,01 - Clear,01 - Dry,01 - Traffic signal,02 - Intersection related,01 - Daylight,03 - P.D. only,03 - Rear end
4372,DUMAURIER AVE @ PINECREST RD,360321.679,5023834.925,11/21/16,21:15,02 - Rain,02 - Wet,01 - Traffic signal,03 - At intersection,07 - Dark,03 - P.D. only,06 - SMV unattended vehicle
4373,DUMAURIER AVE @ PINECREST RD,360324.1635,5023835.753,12/1/16,9:29,01 - Clear,02 - Wet,01 - Traffic signal,02 - Intersection related,01 - Daylight,03 - P.D. only,03 - Rear end
4374,DUMAURIER AVE @ RICHMOND RD,359628.4936,5023735.097,10/14/16,8:45,01 - Clear,01 - Dry,01 - Traffic signal,02 - Intersection related,01 - Daylight,03 - P.D. only,03 - Rear end
4375,DUMAURIER AVE @ RICHMOND RD,359628.4936,5023733.441,12/13/16,6:44,01 - Clear,04 - Slush,01 - Traffic signal,02 - Intersection related,07 - Dark,03 - P.D. only,04 - Sideswipe
4376,DUMAURIER AVE btwn SPLINTER CRES & ALENMEDE CRES,359898.1822,5023299.304,8/17/16,13:34,01 - Clear,01 - Dry,10 - No control,01 - Non intersection,01 - Daylight,02 - Non-fatal injury,07 - SMV other
4377,DUNBRACK ST btwn TELFORD AVE & ALESTHER ST,371931.2988,5032537.069,9/28/16,23:39,01 - Clear,01 - Dry,10 - No control,01 - Non intersection,07 - Dark,03 - P.D. only,07 - SMV other
4378,DUNDAS ST @ MCARTHUR AVE,369973.6406,5032663.78,9/30/16,12:59,01 - Clear,01 - Dry,02 - Stop sign,02 - Intersection related,01 - Daylight,03 - P.D. only,03 - Rear end
4379,DUNDAS ST @ MCARTHUR AVE,369974.0529,5032664.364,12/5/16,14:27,03 - Snow,02 - Wet,02 - Stop sign,03 - At intersection,01 - Daylight,03 - P.D. only,02 - Angle
4380,DUNDEGAN DR btwn GLAMORGAN DR & GLAMORGAN DR,353507.6951,5016605.728,1/20/16,17:06,01 - Clear,05 - Packed snow,10 - No control,04 - At/near private drive,05 - Dusk,03 - P.D. only,06 - SMV unattended vehicle
4381,DUNDONALD DR @ GREENBANK RD,365090.6441,5012122.311,2/20/16,14:55,02 - Rain,02 - Wet,02 - Stop sign,03 - At intersection,01 - Daylight,03 - P.D. only,02 - Angle
4382,DUNDONALD DR @ RIVER MIST RD,364756.3412,5011926.383,4/22/16,8:50,01 - Clear,01 - Dry,11 - Roundabout,03 - At intersection,01 - Daylight,03 - P.D. only,02 - Angle
4383,DUNHAM ST @ OGILVIE RD,374721.956,5033324.63,5/31/16,6:38,01 - Clear,01 - Dry,02 - Stop sign,03 - At intersection,01 - Daylight,02 - Non-fatal injury,02 - Angle
4384,DUNHAM ST @ OGILVIE RD,374721.9509,5033324.802,5/3/16,16:02,01 - Clear,01 - Dry,02 - Stop sign,02 - Intersection related,01 - Daylight,03 - P.D. only,03 - Rear end
4385,DUNHAM ST @ OGILVIE RD,374722.8538,5033325.254,6/9/16,14:57,01 - Clear,01 - Dry,02 - Stop sign,03 - At intersection,01 - Daylight,03 - P.D. only,05 - Turning movement
4386,DUNHAM ST btwn CLAVER ST & CROWNHILL ST,374671.4112,5033445.613,3/14/16,16:54,01 - Clear,01 - Dry,10 - No control,04 - At/near private drive,01 - Daylight,03 - P.D. only,06 - SMV unattended vehicle
4387,DUNHAM ST btwn CORLISS ST & CLAVER ST,374512.0553,5033622.99,8/22/16,6:30,01 - Clear,01 - Dry,10 - No control,01 - Non intersection,01 - Daylight,03 - P.D. only,06 - SMV unattended vehicle
4388,DUNNET CRT @ HALKIRK AVE,352461.9458,5016833.647,12/21/16,13:49,01 - Clear,01 - Dry,03 - Yield sign,03 - At intersection,01 - Daylight,03 - P.D. only,05 - Turning movement