Record,Location,X,Y,Date,Time,Environment,Road_Surface,Traffic_Control,Collision_Location,Light,Collision_Classification,Impact_type
4389,DUNNING RD @ OLD MONTREAL RD,390267.8632,5042527.71,1/23/16,12:15,01 - Clear,01 - Dry,02 - Stop sign,02 - Intersection related,01 - Daylight,03 - P.D. only,07 - SMV other
4390,DUNNING RD @ OLD MONTREAL RD,390266.1224,5042528.828,12/5/16,9:45,03 - Snow,03 - Loose snow,02 - Stop sign,02 - Intersection related,01 - Daylight,03 - P.D. only,03 - Rear end
4391,DUNNING RD btwn FRENCH HILL RD & INNES RD,392038.3658,5038424.941,4/6/16,15:21,03 - Snow,03 - Loose snow,10 - No control,01 - Non intersection,01 - Daylight,02 - Non-fatal injury,07 - SMV other
4392,DUNNING RD btwn FRENCH HILL RD & INNES RD,391963.6634,5038599.799,4/21/16,0:04,01 - Clear,01 - Dry,10 - No control,01 - Non intersection,07 - Dark,02 - Non-fatal injury,07 - SMV other
4393,DUNNING RD btwn FRENCH HILL RD & INNES RD,391835.1383,5038920.946,8/28/16,0:39,01 - Clear,01 - Dry,10 - No control,01 - Non intersection,07 - Dark,03 - P.D. only,07 - SMV other
4394,DUNNING RD btwn FRENCH HILL RD & INNES RD,392172.2828,5038108.429,10/18/16,14:48,01 - Clear,01 - Dry,10 - No control,04 - At/near private drive,01 - Daylight,03 - P.D. only,05 - Turning movement
4395,DUNNING RD btwn LOOKOUT DR & BRICKLAND DR,390610.341,5041812.105,2/29/16,16:13,01 - Clear,02 - Wet,10 - No control,01 - Non intersection,01 - Daylight,02 - Non-fatal injury,07 - SMV other
4396,DUNNING RD btwn MARKET ST & LOOKOUT DR,390451.156,5042136.475,9/10/16,0:00,01 - Clear,01 - Dry,10 - No control,01 - Non intersection,00 - Unknown,03 - P.D. only,06 - SMV unattended vehicle
4397,DUNNING RD btwn RUSSELL RD & DEVINE RD,396328.4715,5027664.157,1/9/16,20:30,04 - Freezing Rain,06 - Ice,10 - No control,01 - Non intersection,07 - Dark,03 - P.D. only,07 - SMV other
4398,DUNNING RD btwn WILHAVEN DR & INNES RD,391470.2907,5039777.713,8/2/16,22:33,01 - Clear,01 - Dry,10 - No control,01 - Non intersection,07 - Dark,02 - Non-fatal injury,01 - Approaching
4399,DUNNING RD btwn WILHAVEN DR & INNES RD,391527.501,5039634.003,12/22/16,9:10,03 - Snow,04 - Slush,10 - No control,01 - Non intersection,01 - Daylight,02 - Non-fatal injury,07 - SMV other
4400,DUNROBIN RD @ KERWIN RD,346291.726,5027173.421,4/11/16,6:49,02 - Rain,04 - Slush,02 - Stop sign,03 - At intersection,03 - Dawn,03 - P.D. only,99 - Other
4401,DUNROBIN RD @ KINBURN SIDE RD,338028.7706,5035928.386,11/21/16,9:01,03 - Snow,03 - Loose snow,02 - Stop sign,02 - Intersection related,01 - Daylight,03 - P.D. only,07 - SMV other
4402,DUNROBIN RD @ MARCH RD,347175.0698,5026065.47,5/5/16,19:29,01 - Clear,01 - Dry,01 - Traffic signal,03 - At intersection,01 - Daylight,03 - P.D. only,05 - Turning movement
4403,DUNROBIN RD @ MARCH RD,347174.8248,5026065.76,3/29/16,17:17,01 - Clear,01 - Dry,01 - Traffic signal,02 - Intersection related,01 - Daylight,03 - P.D. only,03 - Rear end
4404,DUNROBIN RD @ MARCH RD,347173.919,5026065.082,7/2/16,0:45,02 - Rain,02 - Wet,01 - Traffic signal,02 - Intersection related,07 - Dark,03 - P.D. only,04 - Sideswipe
4405,DUNROBIN RD @ PORCUPINE TR,341947.2736,5031874.811,4/6/16,17:45,03 - Snow,03 - Loose snow,02 - Stop sign,02 - Intersection related,01 - Daylight,03 - P.D. only,03 - Rear end
4406,DUNROBIN RD @ THOMAS A. DOLAN PKWY,342338.2786,5031478.488,8/12/16,13:30,02 - Rain,02 - Wet,01 - Traffic signal,02 - Intersection related,01 - Daylight,02 - Non-fatal injury,03 - Rear end
4407,DUNROBIN RD @ THOMAS A. DOLAN PKWY,342337.8241,5031478.033,8/3/16,18:30,01 - Clear,01 - Dry,01 - Traffic signal,02 - Intersection related,01 - Daylight,03 - P.D. only,03 - Rear end
4408,DUNROBIN RD @ THOMAS A. DOLAN PKWY,342338.425,5031477.165,12/9/16,7:51,01 - Clear,06 - Ice,01 - Traffic signal,02 - Intersection related,03 - Dawn,03 - P.D. only,03 - Rear end
4409,DUNROBIN RD btwn BAIRD'S GRANT LANE & BUCKHAMS BAY RD,334904.5473,5039139.791,7/6/16,18:08,01 - Clear,01 - Dry,10 - No control,01 - Non intersection,01 - Daylight,03 - P.D. only,07 - SMV other
4410,DUNROBIN RD btwn CONSTANCE BAY RD & CONSTANCE BAY RD,336745.0004,5037250.186,4/28/16,6:08,01 - Clear,01 - Dry,10 - No control,01 - Non intersection,01 - Daylight,03 - P.D. only,07 - SMV other
4411,DUNROBIN RD btwn CONSTANCE BAY RD & KINBURN SIDE RD,337919.4539,5036050.954,10/23/16,2:52,01 - Clear,01 - Dry,10 - No control,04 - At/near private drive,07 - Dark,02 - Non-fatal injury,07 - SMV other
4412,DUNROBIN RD btwn CONSTANCE BAY RD & KINBURN SIDE RD,337087.4411,5036915.221,1/7/16,8:54,01 - Clear,01 - Dry,10 - No control,01 - Non intersection,01 - Daylight,03 - P.D. only,07 - SMV other
4413,DUNROBIN RD btwn CONSTANCE BAY RD & KINBURN SIDE RD,336824.1677,5037162.13,4/6/16,18:30,03 - Snow,03 - Loose snow,10 - No control,01 - Non intersection,05 - Dusk,03 - P.D. only,07 - SMV other
4414,DUNROBIN RD btwn CONSTANCE BAY RD & KINBURN SIDE RD,336814.1924,5037183.599,10/3/16,19:46,01 - Clear,01 - Dry,10 - No control,01 - Non intersection,07 - Dark,03 - P.D. only,07 - SMV other
4415,DUNROBIN RD btwn DUNROBIN RD & MURPHY SIDE RD,342983.688,5030711.887,1/16/16,5:59,03 - Snow,03 - Loose snow,10 - No control,01 - Non intersection,07 - Dark,03 - P.D. only,07 - SMV other
4416,DUNROBIN RD btwn DUNROBIN RD & MURPHY SIDE RD,343635.0342,5029952.868,2/17/16,9:10,05 - Drifting Snow,03 - Loose snow,10 - No control,01 - Non intersection,01 - Daylight,03 - P.D. only,03 - Rear end
4417,DUNROBIN RD btwn DUNROBIN RD & MURPHY SIDE RD,342358.6164,5031462.185,6/21/16,14:12,01 - Clear,01 - Dry,10 - No control,01 - Non intersection,01 - Daylight,03 - P.D. only,04 - Sideswipe
4418,DUNROBIN RD btwn DUNROBIN RD & MURPHY SIDE RD,343245.5116,5030401.332,10/11/16,6:45,01 - Clear,01 - Dry,10 - No control,01 - Non intersection,03 - Dawn,03 - P.D. only,07 - SMV other
4419,DUNROBIN RD btwn DUNROBIN RD & MURPHY SIDE RD,344232.0562,5029293.516,12/18/16,13:45,03 - Snow,03 - Loose snow,10 - No control,01 - Non intersection,01 - Daylight,03 - P.D. only,07 - SMV other
4420,DUNROBIN RD btwn GALETTA SIDE RD & BAIRD'S GRANT LANE,333790.445,5040230.134,9/12/16,7:59,01 - Clear,01 - Dry,10 - No control,01 - Non intersection,01 - Daylight,03 - P.D. only,07 - SMV other
4421,DUNROBIN RD btwn GALETTA SIDE RD & BAIRD'S GRANT LANE,333825.3279,5040196.681,12/11/16,2:58,01 - Clear,01 - Dry,10 - No control,01 - Non intersection,07 - Dark,03 - P.D. only,07 - SMV other
4422,DUNROBIN RD btwn HARWOOD LANE & KERWIN RD,346215.831,5027246.816,8/3/16,6:36,01 - Clear,01 - Dry,10 - No control,01 - Non intersection,01 - Daylight,02 - Non-fatal injury,07 - SMV other
4423,DUNROBIN RD btwn HARWOOD LANE & KERWIN RD,346016.7381,5027443.638,4/29/16,19:45,01 - Clear,01 - Dry,10 - No control,01 - Non intersection,05 - Dusk,03 - P.D. only,07 - SMV other
4424,DUNROBIN RD btwn KERWIN RD & ROCHON WAY,346524.5358,5026959.896,1/19/16,14:25,01 - Clear,02 - Wet,10 - No control,01 - Non intersection,01 - Daylight,03 - P.D. only,03 - Rear end
4425,DUNROBIN RD btwn KILMAURS SIDE RD & CONSTANCE BAY RD,336036.5741,5037979.792,6/20/16,19:30,01 - Clear,01 - Dry,10 - No control,01 - Non intersection,01 - Daylight,03 - P.D. only,07 - SMV other
4426,DUNROBIN RD btwn KINBURN SIDE RD & VANCES SIDE RD,339007.6424,5034836.327,1/28/16,11:00,03 - Snow,03 - Loose snow,10 - No control,01 - Non intersection,01 - Daylight,02 - Non-fatal injury,04 - Sideswipe
4427,DUNROBIN RD btwn KINBURN SIDE RD & VANCES SIDE RD,338760.7732,5035104.158,2/26/16,22:19,01 - Clear,01 - Dry,10 - No control,01 - Non intersection,07 - Dark,03 - P.D. only,99 - Other
4428,DUNROBIN RD btwn KINBURN SIDE RD & VANCES SIDE RD,338294.7183,5035631.457,1/12/16,12:14,03 - Snow,03 - Loose snow,10 - No control,01 - Non intersection,01 - Daylight,03 - P.D. only,03 - Rear end
4429,DUNROBIN RD btwn KINBURN SIDE RD & VANCES SIDE RD,339439.6417,5034422.623,1/29/16,10:17,05 - Drifting Snow,05 - Packed snow,10 - No control,01 - Non intersection,01 - Daylight,03 - P.D. only,07 - SMV other
4430,DUNROBIN RD btwn KINBURN SIDE RD & VANCES SIDE RD,340149.8188,5033686.085,11/24/16,8:00,03 - Snow,03 - Loose snow,10 - No control,01 - Non intersection,01 - Daylight,03 - P.D. only,01 - Approaching
4431,DUNROBIN RD btwn KINBURN SIDE RD & VANCES SIDE RD,338169.5574,5035774.349,8/14/16,20:36,01 - Clear,01 - Dry,10 - No control,01 - Non intersection,07 - Dark,03 - P.D. only,07 - SMV other
4432,DUNROBIN RD btwn LILLIAN WAY & HARWOOD LANE,345636.8115,5027814.995,3/17/16,8:12,01 - Clear,01 - Dry,10 - No control,01 - Non intersection,01 - Daylight,03 - P.D. only,07 - SMV other
4433,DUNROBIN RD btwn LILLIAN WAY & HARWOOD LANE,345958.8645,5027500.145,5/30/16,21:47,01 - Clear,01 - Dry,10 - No control,01 - Non intersection,07 - Dark,03 - P.D. only,07 - SMV other
4434,DUNROBIN RD btwn MURPHY SIDE RD & LILLIAN WAY,345370.2291,5028077.859,11/13/16,18:33,01 - Clear,01 - Dry,10 - No control,01 - Non intersection,07 - Dark,02 - Non-fatal injury,07 - SMV other
4435,DUNROBIN RD btwn PORCUPINE TR & THOMAS A. DOLAN PKWY,342262.389,5031544.086,10/27/16,10:32,03 - Snow,04 - Slush,10 - No control,01 - Non intersection,01 - Daylight,03 - P.D. only,07 - SMV other
4436,DUNROBIN RD btwn VANCES SIDE RD & PORCUPINE TR,340597.2518,5033240.657,9/22/16,14:36,01 - Clear,01 - Dry,10 - No control,01 - Non intersection,01 - Daylight,03 - P.D. only,07 - SMV other
4437,DUNROBIN RD btwn VANCES SIDE RD & PORCUPINE TR,340164.4048,5033673.245,11/6/16,15:30,01 - Clear,01 - Dry,10 - No control,01 - Non intersection,01 - Daylight,03 - P.D. only,04 - Sideswipe
4438,DUNROBIN RD btwn VANCES SIDE RD & PORCUPINE TR,341805.6659,5032023.336,12/24/16,7:21,03 - Snow,03 - Loose snow,10 - No control,01 - Non intersection,03 - Dawn,03 - P.D. only,03 - Rear end
4439,DUNROBIN RD btwn WAYBURN AVE & RIDDELL DR,347114.2807,5026384.905,2/2/16,15:10,01 - Clear,01 - Dry,10 - No control,01 - Non intersection,01 - Daylight,03 - P.D. only,07 - SMV other
4440,DUNTROON CIRC btwn SHELLBROOK WAY & SHELLBROOK WAY,372858.5926,5025833.238,3/27/16,21:00,02 - Rain,02 - Wet,10 - No control,01 - Non intersection,07 - Dark,03 - P.D. only,06 - SMV unattended vehicle
4441,DUNTROON CIRC btwn SHELLBROOK WAY & SHELLBROOK WAY,372840.4766,5025917.692,4/16/16,20:26,01 - Clear,01 - Dry,10 - No control,01 - Non intersection,07 - Dark,03 - P.D. only,06 - SMV unattended vehicle
4442,DWYER HILL RD @ FERNBANK RD,342917.8426,5005064.75,6/29/16,13:12,01 - Clear,01 - Dry,02 - Stop sign,03 - At intersection,01 - Daylight,02 - Non-fatal injury,02 - Angle
4443,DWYER HILL RD @ ROGER STEVENS DR,354337.2184,4989350.595,5/28/16,18:13,01 - Clear,01 - Dry,02 - Stop sign,03 - At intersection,01 - Daylight,02 - Non-fatal injury,02 - Angle
4444,DWYER HILL RD @ ROGER STEVENS DR,354336.3173,4989351.272,5/8/16,17:15,01 - Clear,01 - Dry,02 - Stop sign,03 - At intersection,01 - Daylight,02 - Non-fatal injury,02 - Angle
4445,DWYER HILL RD @ ROGER STEVENS DR,354337.2184,4989351.497,6/21/16,6:50,01 - Clear,01 - Dry,02 - Stop sign,03 - At intersection,01 - Daylight,03 - P.D. only,05 - Turning movement
4446,DWYER HILL RD @ ROGER STEVENS DR,354336.542,4989351.686,11/3/16,6:43,02 - Rain,02 - Wet,02 - Stop sign,02 - Intersection related,07 - Dark,03 - P.D. only,07 - SMV other
4447,DWYER HILL RD btwn COPELAND RD & FRANKTOWN RD,348351.2639,4998806.918,3/17/16,1:27,"07 - Fog, mist, smoke, dust",02 - Wet,10 - No control,01 - Non intersection,07 - Dark,03 - P.D. only,07 - SMV other
4448,DWYER HILL RD btwn COPELAND RD & FRANKTOWN RD,347696.387,4999563.049,10/28/16,8:01,02 - Rain,02 - Wet,10 - No control,04 - At/near private drive,01 - Daylight,03 - P.D. only,03 - Rear end
4449,DWYER HILL RD btwn FERNBANK RD & FLEWELLYN RD,343771.671,5004083.27,1/18/16,14:20,01 - Clear,05 - Packed snow,10 - No control,01 - Non intersection,01 - Daylight,03 - P.D. only,07 - SMV other
4450,DWYER HILL RD btwn MCCAFFREY TR & BLEEKS RD,346230.7166,5001258.125,10/28/16,21:26,01 - Clear,01 - Dry,10 - No control,01 - Non intersection,07 - Dark,03 - P.D. only,03 - Rear end
4451,DWYER HILL RD btwn O'NEIL RD & ROGER STEVENS DR,352380.6425,4992443.305,11/20/16,15:56,05 - Drifting Snow,06 - Ice,10 - No control,04 - At/near private drive,05 - Dusk,02 - Non-fatal injury,07 - SMV other
4452,DWYER HILL RD btwn O'NEIL RD & ROGER STEVENS DR,353996.4521,4989720.771,1/20/16,18:38,01 - Clear,01 - Dry,10 - No control,01 - Non intersection,07 - Dark,03 - P.D. only,07 - SMV other
4453,DWYER HILL RD btwn PADEN RD & DONNELLY DR,360047.4203,4982854.714,3/17/16,7:45,01 - Clear,06 - Ice,10 - No control,01 - Non intersection,01 - Daylight,03 - P.D. only,07 - SMV other
4454,DWYER HILL RD btwn PADEN RD & DONNELLY DR,360012.7578,4982893.189,7/23/16,0:14,01 - Clear,01 - Dry,10 - No control,01 - Non intersection,07 - Dark,03 - P.D. only,07 - SMV other
4455,DWYER HILL RD btwn PURDY RD & DWYER HILL RD,350907.5947,4995752.891,8/1/16,13:10,01 - Clear,01 - Dry,10 - No control,01 - Non intersection,01 - Daylight,02 - Non-fatal injury,07 - SMV other
4456,DWYER HILL RD btwn RAMP & GOLF CLUB WAY,341358.5065,5006854,11/23/16,17:03,01 - Clear,02 - Wet,10 - No control,01 - Non intersection,07 - Dark,03 - P.D. only,07 - SMV other
4457,DWYER HILL RD btwn ROGER STEVENS DR & FLOOD RD,355184.8953,4988395.752,2/5/16,15:41,01 - Clear,01 - Dry,10 - No control,01 - Non intersection,01 - Daylight,02 - Non-fatal injury,07 - SMV other
4458,DWYER HILL RD btwn ROGER STEVENS DR & FLOOD RD,355238.4069,4988188.189,1/23/16,18:57,01 - Clear,01 - Dry,10 - No control,01 - Non intersection,07 - Dark,03 - P.D. only,07 - SMV other
4459,DWYER HILL RD btwn ROGER STEVENS DR & FLOOD RD,354379.6062,4989305.309,12/18/16,12:46,03 - Snow,03 - Loose snow,10 - No control,01 - Non intersection,01 - Daylight,03 - P.D. only,07 - SMV other
4460,DWYER HILL RD btwn UPPER DWYER HILL RD & RAMP,341095.5196,5007122.52,1/29/16,6:27,01 - Clear,01 - Dry,10 - No control,01 - Non intersection,07 - Dark,03 - P.D. only,07 - SMV other
4461,DYLAN WAY @ STONEWAY DR,366388.9716,5016615.178,3/4/16,8:16,01 - Clear,03 - Loose snow,02 - Stop sign,02 - Intersection related,01 - Daylight,03 - P.D. only,99 - Other
4462,DYNES RD @ PRINCE OF WALES DR,367114.0555,5025923.313,10/14/16,12:52,01 - Clear,01 - Dry,01 - Traffic signal,02 - Intersection related,01 - Daylight,02 - Non-fatal injury,02 - Angle
4463,DYNES RD @ PRINCE OF WALES DR,367114.0555,5025923.313,10/12/16,19:12,01 - Clear,01 - Dry,01 - Traffic signal,03 - At intersection,07 - Dark,02 - Non-fatal injury,07 - SMV other
4464,DYNES RD @ PRINCE OF WALES DR,367115.513,5025922.734,4/3/16,10:15,01 - Clear,01 - Dry,01 - Traffic signal,03 - At intersection,01 - Daylight,03 - P.D. only,02 - Angle
4465,DYNES RD btwn CLAYMOR AVE & MORLEY BLVD,366965.2759,5025811.173,4/25/16,7:40,01 - Clear,01 - Dry,10 - No control,01 - Non intersection,01 - Daylight,02 - Non-fatal injury,07 - SMV other
4466,DYNES RD btwn CLAYMOR AVE & MORLEY BLVD,367032.0067,5025853.911,3/24/16,9:50,03 - Snow,03 - Loose snow,10 - No control,04 - At/near private drive,01 - Daylight,03 - P.D. only,02 - Angle
4467,DYNES RD btwn MORLEY BLVD & PRINCE OF WALES DR,367106.8223,5025910.68,6/8/16,16:53,01 - Clear,01 - Dry,10 - No control,04 - At/near private drive,01 - Daylight,03 - P.D. only,02 - Angle
4468,EAGLE LANE @ MEADOWLANDS DR,365278.8967,5024421.087,2/16/16,18:30,05 - Drifting Snow,03 - Loose snow,02 - Stop sign,03 - At intersection,07 - Dark,03 - P.D. only,02 - Angle
4469,EAGLESON RD @ 146 N OF ABBEYHILL DR/HAZELDEAN ,353773.7435,5018174.888,1/27/16,9:06,03 - Snow,06 - Ice,01 - Traffic signal,02 - Intersection related,01 - Daylight,03 - P.D. only,03 - Rear end
4470,EAGLESON RD @ 300 N OF MICHAEL COWPLAND/EAGLES,354273.1223,5016903.791,7/18/16,17:16,01 - Clear,01 - Dry,01 - Traffic signal,02 - Intersection related,01 - Daylight,02 - Non-fatal injury,03 - Rear end
4471,EAGLESON RD @ 300 N OF MICHAEL COWPLAND/EAGLES,354273.0559,5016902.607,1/29/16,17:25,01 - Clear,01 - Dry,01 - Traffic signal,03 - At intersection,05 - Dusk,03 - P.D. only,03 - Rear end
4472,EAGLESON RD @ 300 N OF MICHAEL COWPLAND/EAGLES,354270.736,5016902.25,11/15/16,16:20,01 - Clear,01 - Dry,01 - Traffic signal,02 - Intersection related,01 - Daylight,03 - P.D. only,03 - Rear end
4473,EAGLESON RD @ COPE DR/CADENCE GT,354620.8443,5016028.093,3/12/16,19:11,01 - Clear,01 - Dry,01 - Traffic signal,03 - At intersection,07 - Dark,02 - Non-fatal injury,05 - Turning movement
4474,EAGLESON RD @ COPE DR/CADENCE GT,354620.9981,5016027.331,6/29/16,8:32,01 - Clear,01 - Dry,01 - Traffic signal,03 - At intersection,01 - Daylight,02 - Non-fatal injury,02 - Angle
4475,EAGLESON RD @ EMERALD MEADOWS DR,354998.4516,5015092.465,10/14/16,8:04,01 - Clear,01 - Dry,02 - Stop sign,02 - Intersection related,01 - Daylight,03 - P.D. only,02 - Angle
4476,EAGLESON RD @ FALLOWFIELD RD,355961.8536,5012595.064,2/13/16,10:08,01 - Clear,06 - Ice,01 - Traffic signal,03 - At intersection,01 - Daylight,03 - P.D. only,05 - Turning movement
4477,EAGLESON RD @ FALLOWFIELD RD,355961.3678,5012595.205,3/31/16,10:50,02 - Rain,02 - Wet,01 - Traffic signal,02 - Intersection related,01 - Daylight,03 - P.D. only,02 - Angle
4478,EAGLESON RD @ FALLOWFIELD RD,355960.5364,5012594.186,9/11/16,22:30,01 - Clear,01 - Dry,01 - Traffic signal,03 - At intersection,07 - Dark,03 - P.D. only,02 - Angle
4479,EAGLESON RD @ FALLOWFIELD RD,355960.9622,5012595.526,3/15/16,9:30,02 - Rain,02 - Wet,01 - Traffic signal,03 - At intersection,01 - Daylight,03 - P.D. only,03 - Rear end
4480,EAGLESON RD @ FALLOWFIELD RD,355961.4099,5012594.406,4/6/16,19:01,03 - Snow,03 - Loose snow,01 - Traffic signal,02 - Intersection related,05 - Dusk,03 - P.D. only,03 - Rear end
4481,EAGLESON RD @ FALLOWFIELD RD,355960.5364,5012594.186,9/23/16,9:51,01 - Clear,02 - Wet,01 - Traffic signal,02 - Intersection related,01 - Daylight,03 - P.D. only,07 - SMV other
4482,EAGLESON RD @ FALLOWFIELD RD,355961.8536,5012593.747,11/21/16,9:54,03 - Snow,04 - Slush,01 - Traffic signal,02 - Intersection related,01 - Daylight,03 - P.D. only,02 - Angle
4483,EAGLESON RD @ FALLOWFIELD RD,355962.4623,5012593.163,11/20/16,18:11,03 - Snow,03 - Loose snow,01 - Traffic signal,02 - Intersection related,07 - Dark,03 - P.D. only,03 - Rear end
4484,EAGLESON RD @ FERNBANK RD,354797.9707,5015586.766,10/30/16,17:35,01 - Clear,01 - Dry,01 - Traffic signal,03 - At intersection,01 - Daylight,01 - Fatal injury,05 - Turning movement
4485,EAGLESON RD @ FERNBANK RD,354798.8513,5015587.647,2/19/16,10:21,03 - Snow,03 - Loose snow,01 - Traffic signal,03 - At intersection,01 - Daylight,03 - P.D. only,02 - Angle
4486,EAGLESON RD @ FERNBANK RD,354798.8488,5015586.327,7/30/16,14:41,01 - Clear,01 - Dry,01 - Traffic signal,02 - Intersection related,01 - Daylight,03 - P.D. only,03 - Rear end
4487,EAGLESON RD @ FLEWELLYN RD,355333.404,5014247.206,11/22/16,8:19,01 - Clear,05 - Packed snow,02 - Stop sign,03 - At intersection,01 - Daylight,02 - Non-fatal injury,02 - Angle
4488,EAGLESON RD @ FLEWELLYN RD,355348.0019,5014259.702,1/7/16,6:40,"07 - Fog, mist, smoke, dust",02 - Wet,02 - Stop sign,02 - Intersection related,07 - Dark,03 - P.D. only,07 - SMV other
4489,EAGLESON RD @ FLEWELLYN RD,355332.7446,5014248.792,4/12/16,8:08,01 - Clear,02 - Wet,02 - Stop sign,02 - Intersection related,01 - Daylight,03 - P.D. only,03 - Rear end
4490,EAGLESON RD @ HAZELDEAN RD/ROBERTSON RD,353672.5272,5018424.68,1/27/16,8:10,04 - Freezing Rain,06 - Ice,01 - Traffic signal,02 - Intersection related,01 - Daylight,02 - Non-fatal injury,03 - Rear end
4491,EAGLESON RD @ HAZELDEAN RD/ROBERTSON RD,353673.8496,5018424.46,4/3/16,12:27,01 - Clear,01 - Dry,01 - Traffic signal,02 - Intersection related,01 - Daylight,03 - P.D. only,99 - Other
4492,EAGLESON RD @ HAZELDEAN RD/ROBERTSON RD,353673.6249,5018426.53,8/31/16,8:45,01 - Clear,01 - Dry,01 - Traffic signal,02 - Intersection related,01 - Daylight,03 - P.D. only,03 - Rear end
4493,EAGLESON RD @ HAZELDEAN RD/ROBERTSON RD,353674.2835,5018424.68,2/12/16,13:04,01 - Clear,01 - Dry,01 - Traffic signal,02 - Intersection related,01 - Daylight,03 - P.D. only,03 - Rear end
4494,EAGLESON RD @ HAZELDEAN RD/ROBERTSON RD,353673.4054,5018423.801,10/26/16,8:45,01 - Clear,01 - Dry,01 - Traffic signal,02 - Intersection related,01 - Daylight,03 - P.D. only,04 - Sideswipe
4495,EAGLESON RD @ HAZELDEAN RD/ROBERTSON RD,353673.4054,5018424.24,1/20/16,15:00,01 - Clear,01 - Dry,01 - Traffic signal,02 - Intersection related,01 - Daylight,03 - P.D. only,99 - Other
4496,EAGLESON RD @ HAZELDEAN RD/ROBERTSON RD,353673.8912,5018423.661,3/29/16,10:31,01 - Clear,01 - Dry,01 - Traffic signal,02 - Intersection related,01 - Daylight,03 - P.D. only,03 - Rear end
4497,EAGLESON RD @ HAZELDEAN RD/ROBERTSON RD,353669.6097,5018427.342,7/11/16,13:15,01 - Clear,01 - Dry,01 - Traffic signal,02 - Intersection related,01 - Daylight,03 - P.D. only,03 - Rear end
4498,EAGLESON RD @ HAZELDEAN RD/ROBERTSON RD,353672.738,5018424.903,4/13/16,22:23,01 - Clear,01 - Dry,01 - Traffic signal,03 - At intersection,07 - Dark,03 - P.D. only,03 - Rear end
4499,EAGLESON RD @ HAZELDEAN RD/ROBERTSON RD,353674.7485,5018425.359,5/18/16,10:32,01 - Clear,01 - Dry,01 - Traffic signal,02 - Intersection related,01 - Daylight,03 - P.D. only,99 - Other
4500,EAGLESON RD @ HAZELDEAN RD/ROBERTSON RD,353672.7967,5018425.702,11/18/16,9:21,01 - Clear,01 - Dry,01 - Traffic signal,02 - Intersection related,01 - Daylight,03 - P.D. only,03 - Rear end
4501,EAGLESON RD @ HAZELDEAN RD/ROBERTSON RD,353673.6249,5018424.046,11/3/16,14:15,01 - Clear,01 - Dry,01 - Traffic signal,02 - Intersection related,01 - Daylight,03 - P.D. only,03 - Rear end
4502,EAGLESON RD @ HAZELDEAN RD/ROBERTSON RD,353674.4531,5018422.39,11/28/16,13:58,01 - Clear,01 - Dry,01 - Traffic signal,02 - Intersection related,01 - Daylight,03 - P.D. only,03 - Rear end
4503,EAGLESON RD @ HAZELDEAN RD/ROBERTSON RD,353671.9686,5018423.218,11/24/16,20:58,03 - Snow,04 - Slush,01 - Traffic signal,02 - Intersection related,07 - Dark,03 - P.D. only,03 - Rear end
4504,EAGLESON RD @ HAZELDEAN RD/ROBERTSON RD,353673.0845,5018424.229,12/5/16,9:54,03 - Snow,03 - Loose snow,01 - Traffic signal,02 - Intersection related,01 - Daylight,03 - P.D. only,04 - Sideswipe
4505,EAGLESON RD @ HOPE SIDE RD/TERRY FOX DR,355188.5473,5014616.645,10/31/16,15:57,01 - Clear,01 - Dry,01 - Traffic signal,03 - At intersection,01 - Daylight,02 - Non-fatal injury,05 - Turning movement
4506,EAGLESON RD @ HOPE SIDE RD/TERRY FOX DR,355187.6421,5014616.005,4/25/16,6:33,01 - Clear,01 - Dry,01 - Traffic signal,03 - At intersection,01 - Daylight,02 - Non-fatal injury,05 - Turning movement
4507,EAGLESON RD @ HOPE SIDE RD/TERRY FOX DR,355187.3452,5014616.535,7/15/16,9:17,01 - Clear,01 - Dry,01 - Traffic signal,03 - At intersection,01 - Daylight,02 - Non-fatal injury,02 - Angle
4508,EAGLESON RD @ HOPE SIDE RD/TERRY FOX DR,355187.7795,5014616.261,10/27/16,18:20,03 - Snow,04 - Slush,01 - Traffic signal,03 - At intersection,05 - Dusk,03 - P.D. only,02 - Angle
4509,EAGLESON RD @ HOPE SIDE RD/TERRY FOX DR,355187.043,5014616.671,2/15/16,10:33,01 - Clear,01 - Dry,01 - Traffic signal,03 - At intersection,01 - Daylight,03 - P.D. only,05 - Turning movement
4510,EAGLESON RD @ HOPE SIDE RD/TERRY FOX DR,355188.1529,5014616.038,12/17/16,10:30,03 - Snow,06 - Ice,01 - Traffic signal,02 - Intersection related,01 - Daylight,03 - P.D. only,03 - Rear end
4511,EAGLESON RD @ HOPE SIDE RD/TERRY FOX DR,355188.9428,5014616.005,12/10/16,14:52,01 - Clear,01 - Dry,01 - Traffic signal,02 - Intersection related,01 - Daylight,03 - P.D. only,03 - Rear end
4512,EAGLESON RD @ HWY 417 EAGLESO IC138R51/PARK AN,353037.2392,5020012.819,9/21/16,14:59,01 - Clear,01 - Dry,01 - Traffic signal,03 - At intersection,01 - Daylight,03 - P.D. only,02 - Angle
4513,EAGLESON RD @ HWY 417 EAGLESO IC138R51/PARK AN,353037.847,5020013.122,1/22/16,23:53,01 - Clear,01 - Dry,01 - Traffic signal,03 - At intersection,07 - Dark,03 - P.D. only,05 - Turning movement