Record,Location,X,Y,Date,Time,Environment,Road_Surface,Traffic_Control,Collision_Location,Light,Collision_Classification,Impact_type
4514,EAGLESON RD @ HWY 417 EAGLESO IC138R51/PARK AN,353037.5975,5020012.278,1/11/16,18:45,01 - Clear,02 - Wet,01 - Traffic signal,03 - At intersection,07 - Dark,03 - P.D. only,05 - Turning movement
4515,EAGLESON RD @ HWY 417 EAGLESO IC138R51/PARK AN,353038.0273,5020014.264,6/26/16,20:09,01 - Clear,01 - Dry,01 - Traffic signal,03 - At intersection,01 - Daylight,03 - P.D. only,02 - Angle
4516,EAGLESON RD @ HWY 417 EAGLESO IC138R51/PARK AN,353036.2092,5020014.264,7/9/16,15:18,02 - Rain,02 - Wet,01 - Traffic signal,02 - Intersection related,01 - Daylight,03 - P.D. only,03 - Rear end
4517,EAGLESON RD @ KAKULU RD,353382.7153,5019150.371,2/24/16,18:22,04 - Freezing Rain,04 - Slush,01 - Traffic signal,03 - At intersection,07 - Dark,03 - P.D. only,07 - SMV other
4518,EAGLESON RD @ KAKULU RD,353380.8187,5019150.67,4/3/16,11:28,01 - Clear,01 - Dry,01 - Traffic signal,02 - Intersection related,01 - Daylight,03 - P.D. only,04 - Sideswipe
4519,EAGLESON RD @ KAKULU RD,353381.4962,5019152.746,12/9/16,6:36,01 - Clear,06 - Ice,01 - Traffic signal,02 - Intersection related,07 - Dark,03 - P.D. only,07 - SMV other
4520,EAGLESON RD @ KATIMAVIK RD/TIMM DR,353215.0833,5019566.159,8/3/16,14:23,01 - Clear,01 - Dry,01 - Traffic signal,03 - At intersection,01 - Daylight,03 - P.D. only,07 - SMV other
4521,EAGLESON RD @ KATIMAVIK RD/TIMM DR,353215.6414,5019565.015,10/23/16,10:59,01 - Clear,01 - Dry,01 - Traffic signal,03 - At intersection,01 - Daylight,03 - P.D. only,02 - Angle
4522,EAGLESON RD @ MICHAEL COWPLAND DR/STONEHAVEN D,354382.2354,5016624.225,5/26/16,9:32,01 - Clear,01 - Dry,01 - Traffic signal,02 - Intersection related,01 - Daylight,02 - Non-fatal injury,03 - Rear end
4523,EAGLESON RD @ MICHAEL COWPLAND DR/STONEHAVEN D,354381.5283,5016623.664,10/21/16,21:00,02 - Rain,02 - Wet,01 - Traffic signal,03 - At intersection,07 - Dark,02 - Non-fatal injury,05 - Turning movement
4524,EAGLESON RD @ MICHAEL COWPLAND DR/STONEHAVEN D,354382.1698,5016624.258,4/23/16,9:30,01 - Clear,01 - Dry,01 - Traffic signal,03 - At intersection,01 - Daylight,02 - Non-fatal injury,05 - Turning movement
4525,EAGLESON RD @ MICHAEL COWPLAND DR/STONEHAVEN D,354382.3314,5016623.36,12/22/16,19:15,01 - Clear,02 - Wet,01 - Traffic signal,03 - At intersection,07 - Dark,02 - Non-fatal injury,05 - Turning movement
4526,EAGLESON RD @ MICHAEL COWPLAND DR/STONEHAVEN D,354383.354,5016623.444,10/11/16,19:16,01 - Clear,01 - Dry,01 - Traffic signal,02 - Intersection related,07 - Dark,03 - P.D. only,03 - Rear end
4527,EAGLESON RD @ MICHAEL COWPLAND DR/STONEHAVEN D,354383.3024,5016622.768,5/21/16,15:38,01 - Clear,01 - Dry,01 - Traffic signal,02 - Intersection related,01 - Daylight,03 - P.D. only,03 - Rear end
4528,EAGLESON RD @ MICHAEL COWPLAND DR/STONEHAVEN D,354382.8515,5016622.768,5/19/16,10:00,01 - Clear,01 - Dry,01 - Traffic signal,02 - Intersection related,01 - Daylight,03 - P.D. only,04 - Sideswipe
4529,EAGLESON RD @ MICHAEL COWPLAND DR/STONEHAVEN D,354381.9674,5016624.103,7/13/16,10:40,01 - Clear,01 - Dry,01 - Traffic signal,03 - At intersection,01 - Daylight,03 - P.D. only,05 - Turning movement
4530,EAGLESON RD @ MICHAEL COWPLAND DR/STONEHAVEN D,354381.4248,5016624.388,9/23/16,20:25,01 - Clear,01 - Dry,01 - Traffic signal,03 - At intersection,07 - Dark,03 - P.D. only,04 - Sideswipe
4531,EAGLESON RD @ MICHAEL COWPLAND DR/STONEHAVEN D,354384.1048,5016621.192,11/16/16,10:07,02 - Rain,02 - Wet,01 - Traffic signal,03 - At intersection,01 - Daylight,03 - P.D. only,03 - Rear end
4532,EAGLESON RD @ MICHAEL COWPLAND DR/STONEHAVEN D,354381.3477,5016623.049,12/17/16,14:17,01 - Clear,04 - Slush,01 - Traffic signal,03 - At intersection,01 - Daylight,03 - P.D. only,05 - Turning movement
4533,EAGLESON RD @ MICHAEL COWPLAND DR/STONEHAVEN D,354382.6033,5016623.444,12/17/16,9:15,03 - Snow,03 - Loose snow,01 - Traffic signal,02 - Intersection related,01 - Daylight,03 - P.D. only,03 - Rear end
4534,EAGLESON RD @ MICHAEL COWPLAND DR/STONEHAVEN D,354384.9019,5016625.419,12/22/16,7:09,03 - Snow,04 - Slush,01 - Traffic signal,03 - At intersection,03 - Dawn,03 - P.D. only,05 - Turning movement
4535,EAGLESON RD @ PALOMINO DR S/ROTHESAY DR,354124.0206,5017288.909,10/16/16,7:55,02 - Rain,02 - Wet,01 - Traffic signal,03 - At intersection,01 - Daylight,02 - Non-fatal injury,05 - Turning movement
4536,EAGLESON RD @ PALOMINO DR S/ROTHESAY DR,354124.8564,5017289.115,2/16/16,17:46,03 - Snow,03 - Loose snow,01 - Traffic signal,03 - At intersection,05 - Dusk,03 - P.D. only,02 - Angle
4537,EAGLESON RD @ PALOMINO DR S/ROTHESAY DR,354123.7515,5017290.671,9/28/16,20:22,01 - Clear,01 - Dry,01 - Traffic signal,02 - Intersection related,07 - Dark,03 - P.D. only,05 - Turning movement
4538,EAGLESON RD @ PALOMINO DR S/ROTHESAY DR,354123.5367,5017288.229,12/21/16,14:45,01 - Clear,02 - Wet,01 - Traffic signal,03 - At intersection,01 - Daylight,03 - P.D. only,05 - Turning movement
4539,EAGLESON RD @ PERTH ST/RICHMOND RD,358010.054,5007412.163,2/6/16,1:59,01 - Clear,01 - Dry,01 - Traffic signal,02 - Intersection related,07 - Dark,03 - P.D. only,07 - SMV other
4540,EAGLESON RD @ PERTH ST/RICHMOND RD,358015.6305,5007410.759,12/7/16,6:48,03 - Snow,02 - Wet,01 - Traffic signal,02 - Intersection related,07 - Dark,03 - P.D. only,03 - Rear end
4541,EAGLESON RD btwn 240 N OF CADENCE GT/COPE DR/LOBLAWS SC & CADENCE GT/C,354614.8252,5016041.092,12/15/16,15:30,03 - Snow,03 - Loose snow,10 - No control,01 - Non intersection,01 - Daylight,03 - P.D. only,03 - Rear end
4542,EAGLESON RD btwn ABBEYHILL DR & PALOMINO DR,353900.8277,5017850.73,12/9/16,9:20,05 - Drifting Snow,06 - Ice,10 - No control,01 - Non intersection,01 - Daylight,02 - Non-fatal injury,03 - Rear end
4543,EAGLESON RD btwn ABBEYHILL DR & PALOMINO DR,354007.1864,5017583.884,2/17/16,8:03,01 - Clear,03 - Loose snow,10 - No control,01 - Non intersection,01 - Daylight,03 - P.D. only,03 - Rear end
4544,EAGLESON RD btwn ABBEYHILL DR & PALOMINO DR,353936.5139,5017764.462,4/22/16,16:43,01 - Clear,01 - Dry,10 - No control,01 - Non intersection,01 - Daylight,03 - P.D. only,03 - Rear end
4545,EAGLESON RD btwn AKINS RD & RUSHMORE RD,356722.3081,5010592.209,4/10/16,9:47,01 - Clear,01 - Dry,10 - No control,01 - Non intersection,01 - Daylight,02 - Non-fatal injury,07 - SMV other
4546,EAGLESON RD btwn AKINS RD & RUSHMORE RD,356431.2835,5011361.348,12/5/16,7:32,03 - Snow,05 - Packed snow,10 - No control,01 - Non intersection,03 - Dawn,03 - P.D. only,07 - SMV other
4547,EAGLESON RD btwn CAMBRIAN RD & PERTH ST,358008.2687,5007431.291,3/1/16,16:06,06 - Strong wind,06 - Ice,10 - No control,01 - Non intersection,01 - Daylight,03 - P.D. only,07 - SMV other
4548,EAGLESON RD btwn COPE DR & Continuation of EAGLESON RD,354658.0071,5015934.557,1/12/16,17:32,03 - Snow,03 - Loose snow,10 - No control,01 - Non intersection,05 - Dusk,02 - Non-fatal injury,03 - Rear end
4549,EAGLESON RD btwn COPE DR & Continuation of EAGLESON RD,354696.4648,5015841.21,2/18/16,17:17,01 - Clear,06 - Ice,10 - No control,01 - Non intersection,05 - Dusk,03 - P.D. only,03 - Rear end
4550,EAGLESON RD btwn EAGLESON BUSINESS CENTRE & MICHAEL COWPLAND DR/STONEH,354361.6459,5016674.667,4/6/16,20:42,03 - Snow,03 - Loose snow,10 - No control,04 - At/near private drive,07 - Dark,03 - P.D. only,02 - Angle
4551,EAGLESON RD btwn EAGLESON BUSINESS CENTRE & MICHAEL COWPLAND DR/STONEH,354379.6332,5016628.889,5/17/16,19:00,01 - Clear,01 - Dry,10 - No control,01 - Non intersection,01 - Daylight,03 - P.D. only,03 - Rear end
4552,EAGLESON RD btwn EAGLESON BUSINESS CENTRE & MICHAEL COWPLAND DR/STONEH,354368.9896,5016657.08,7/4/16,15:08,01 - Clear,01 - Dry,10 - No control,01 - Non intersection,01 - Daylight,03 - P.D. only,04 - Sideswipe
4553,EAGLESON RD btwn EAGLESON BUSINESS CENTRE & MICHAEL COWPLAND DR/STONEH,354364.7612,5016663.331,10/7/16,15:11,01 - Clear,01 - Dry,10 - No control,01 - Non intersection,01 - Daylight,03 - P.D. only,04 - Sideswipe
4554,EAGLESON RD btwn EAGLESON BUSINESS CENTRE & MICHAEL COWPLAND DR/STONEH,354345.0727,5016717.241,12/20/16,2:57,01 - Clear,03 - Loose snow,10 - No control,01 - Non intersection,07 - Dark,03 - P.D. only,04 - Sideswipe
4555,EAGLESON RD btwn FAULKNER TR & FALLOWFIELD RD,355924.43,5012687.529,1/21/16,7:01,01 - Clear,01 - Dry,10 - No control,01 - Non intersection,03 - Dawn,02 - Non-fatal injury,03 - Rear end
4556,EAGLESON RD btwn FAULKNER TR & FALLOWFIELD RD,355924.8611,5012685.588,1/3/16,15:34,06 - Strong wind,06 - Ice,10 - No control,01 - Non intersection,01 - Daylight,03 - P.D. only,07 - SMV other
4557,EAGLESON RD btwn FAULKNER TR & FALLOWFIELD RD,355683.1235,5013310.887,8/11/16,0:45,01 - Clear,01 - Dry,10 - No control,01 - Non intersection,07 - Dark,03 - P.D. only,07 - SMV other
4558,EAGLESON RD btwn FERNBANK RD & BRIDGESTONE DR,354816.8931,5015543.456,5/25/16,16:03,01 - Clear,01 - Dry,10 - No control,01 - Non intersection,01 - Daylight,02 - Non-fatal injury,03 - Rear end
4559,EAGLESON RD btwn HAZELDEAN RD & 146 N OF ABBEYHILL DR/HAZELDEAN MALL S,353677.7657,5018413.28,12/2/16,16:38,01 - Clear,01 - Dry,10 - No control,01 - Non intersection,05 - Dusk,03 - P.D. only,03 - Rear end
4560,EAGLESON RD btwn HWY417 IC138 RAMP51 & KATIMAVIK RD,353158.9869,5019701.245,11/10/16,15:05,01 - Clear,01 - Dry,10 - No control,01 - Non intersection,01 - Daylight,02 - Non-fatal injury,03 - Rear end
4561,EAGLESON RD btwn HWY417 IC138 RAMP51 & KATIMAVIK RD,353043.1668,5019997.232,9/2/16,13:30,01 - Clear,01 - Dry,10 - No control,01 - Non intersection,01 - Daylight,03 - P.D. only,04 - Sideswipe
4562,EAGLESON RD btwn KATIMAVIK RD & KAKULU RD,353256.3377,5019463.328,6/11/16,19:10,01 - Clear,01 - Dry,10 - No control,04 - At/near private drive,01 - Daylight,03 - P.D. only,04 - Sideswipe
4563,EAGLESON RD btwn KATIMAVIK RD & KAKULU RD,353264.172,5019451.341,11/14/16,17:13,01 - Clear,01 - Dry,10 - No control,01 - Non intersection,07 - Dark,03 - P.D. only,03 - Rear end
4564,EAGLESON RD btwn KATIMAVIK RD & KAKULU RD,353242.6583,5019494.804,12/9/16,12:44,01 - Clear,02 - Wet,10 - No control,01 - Non intersection,01 - Daylight,03 - P.D. only,04 - Sideswipe
4565,EAGLESON RD btwn MARCH RD & HWY417 IC138 RAMP35,352956.4467,5020200.069,1/4/16,17:12,01 - Clear,01 - Dry,10 - No control,01 - Non intersection,05 - Dusk,02 - Non-fatal injury,03 - Rear end
4566,EAGLESON RD btwn MARCH RD & HWY417 IC138 RAMP35,352955.38,5020203.657,1/14/16,17:50,01 - Clear,01 - Dry,10 - No control,01 - Non intersection,07 - Dark,03 - P.D. only,04 - Sideswipe
4567,EAGLESON RD btwn MICHAEL COWPLAND DR/STONEHAVEN DR & 240 N OF CADENCE ,354419.7589,5016532.42,6/13/16,23:19,01 - Clear,01 - Dry,10 - No control,01 - Non intersection,07 - Dark,02 - Non-fatal injury,07 - SMV other
4568,EAGLESON RD btwn MICHAEL COWPLAND DR/STONEHAVEN DR & 240 N OF CADENCE ,354418.4779,5016534.718,8/6/16,9:50,01 - Clear,01 - Dry,10 - No control,01 - Non intersection,01 - Daylight,03 - P.D. only,07 - SMV other
4569,EAGLESON RD btwn OTTAWA ST & BROPHY DR,359058.0046,5004793.654,3/26/16,22:18,01 - Clear,01 - Dry,10 - No control,04 - At/near private drive,07 - Dark,03 - P.D. only,03 - Rear end
4570,EAGLESON RD btwn OTTAWA ST & BROPHY DR,358572.9443,5006036.22,10/7/16,6:44,01 - Clear,01 - Dry,10 - No control,01 - Non intersection,03 - Dawn,03 - P.D. only,07 - SMV other
4571,EAGLESON RD btwn PALOMINO DR & ROTHESAY DR,354114.6455,5017312.644,2/18/16,8:34,01 - Clear,06 - Ice,10 - No control,01 - Non intersection,01 - Daylight,03 - P.D. only,03 - Rear end
4572,EAGLESON RD btwn PERTH ST & BARNSDALE RD,358032.9283,5007370.154,12/15/16,10:00,03 - Snow,04 - Slush,10 - No control,01 - Non intersection,01 - Daylight,03 - P.D. only,07 - SMV other
4573,EAGLESON RD btwn SHATNER GT & HAZELDEAN RD,353668.5755,5018437.413,8/15/16,9:43,01 - Clear,01 - Dry,10 - No control,01 - Non intersection,01 - Daylight,03 - P.D. only,04 - Sideswipe
4574,EAGLESON RD btwn SHATNER GT & HAZELDEAN RD,353668.8522,5018435.824,8/9/16,17:45,01 - Clear,01 - Dry,10 - No control,04 - At/near private drive,01 - Daylight,03 - P.D. only,02 - Angle
4575,EAGLESON RD btwn SHATNER GT & HAZELDEAN RD,353599.029,5018604.361,11/20/16,17:31,03 - Snow,04 - Slush,10 - No control,01 - Non intersection,07 - Dark,03 - P.D. only,07 - SMV other
4576,EAGLESON RD btwn TERRY FOX DR & EAGLESON RD,355210.1483,5014560.405,11/21/16,9:28,03 - Snow,03 - Loose snow,10 - No control,01 - Non intersection,01 - Daylight,03 - P.D. only,03 - Rear end
4577,EAGLEVIEW ST btwn MILNER DOWNS CRES & MEADOWBREEZE DR,355524.0318,5015591.12,6/21/16,22:56,01 - Clear,01 - Dry,10 - No control,01 - Non intersection,07 - Dark,03 - P.D. only,06 - SMV unattended vehicle
4578,EARL ARMSTRONG RD @ BOWESVILLE RD,372560.6453,5017440.544,10/15/16,21:34,01 - Clear,01 - Dry,02 - Stop sign,03 - At intersection,07 - Dark,03 - P.D. only,07 - SMV other
4579,EARL ARMSTRONG RD @ HIGH RD,373764.4004,5018173.806,2/13/16,15:55,01 - Clear,05 - Packed snow,10 - No control,02 - Intersection related,01 - Daylight,03 - P.D. only,07 - SMV other
4580,EARL ARMSTRONG RD @ LIMEBANK RD,370155.0623,5015960.231,9/20/16,13:32,01 - Clear,01 - Dry,01 - Traffic signal,02 - Intersection related,01 - Daylight,02 - Non-fatal injury,04 - Sideswipe
4581,EARL ARMSTRONG RD @ LIMEBANK RD,370155.7209,5015960.865,11/20/16,16:30,05 - Drifting Snow,03 - Loose snow,01 - Traffic signal,02 - Intersection related,05 - Dusk,02 - Non-fatal injury,07 - SMV other
4582,EARL ARMSTRONG RD @ LIMEBANK RD,370155.0623,5015959.353,2/25/16,21:56,03 - Snow,06 - Ice,01 - Traffic signal,02 - Intersection related,07 - Dark,03 - P.D. only,04 - Sideswipe
4583,EARL ARMSTRONG RD @ LIMEBANK RD,370154.6232,5015960.67,6/23/16,17:35,01 - Clear,01 - Dry,01 - Traffic signal,02 - Intersection related,01 - Daylight,03 - P.D. only,03 - Rear end
4584,EARL ARMSTRONG RD @ LIMEBANK RD,370155.4964,5015960.675,4/18/16,19:00,01 - Clear,01 - Dry,01 - Traffic signal,02 - Intersection related,01 - Daylight,03 - P.D. only,03 - Rear end
4585,EARL ARMSTRONG RD @ LIMEBANK RD,370155.4936,5015961.36,7/21/16,13:39,01 - Clear,01 - Dry,01 - Traffic signal,02 - Intersection related,01 - Daylight,03 - P.D. only,03 - Rear end
4586,EARL ARMSTRONG RD @ LIMEBANK RD,370157.3772,5015959.208,10/7/16,17:28,01 - Clear,01 - Dry,01 - Traffic signal,02 - Intersection related,01 - Daylight,03 - P.D. only,03 - Rear end
4587,EARL ARMSTRONG RD @ RIVER RD,367572.2593,5014685.086,6/10/16,16:02,01 - Clear,01 - Dry,01 - Traffic signal,02 - Intersection related,01 - Daylight,02 - Non-fatal injury,03 - Rear end
4588,EARL ARMSTRONG RD @ RIVER RD,367572.3079,5014684.629,9/15/16,19:37,01 - Clear,01 - Dry,01 - Traffic signal,02 - Intersection related,07 - Dark,02 - Non-fatal injury,02 - Angle
4589,EARL ARMSTRONG RD @ RIVER RD,367573.5467,5014684.812,11/16/16,17:39,01 - Clear,01 - Dry,01 - Traffic signal,02 - Intersection related,07 - Dark,02 - Non-fatal injury,03 - Rear end
4590,EARL ARMSTRONG RD @ RIVER RD,367572.499,5014683.739,11/18/16,22:31,"07 - Fog, mist, smoke, dust",02 - Wet,01 - Traffic signal,03 - At intersection,07 - Dark,02 - Non-fatal injury,02 - Angle
4591,EARL ARMSTRONG RD @ RIVER RD,367573.1777,5014683.709,6/1/16,8:14,01 - Clear,01 - Dry,01 - Traffic signal,02 - Intersection related,01 - Daylight,03 - P.D. only,03 - Rear end
4592,EARL ARMSTRONG RD @ RIVER RD,367576.3681,5014684.398,1/14/16,17:11,01 - Clear,04 - Slush,01 - Traffic signal,02 - Intersection related,05 - Dusk,03 - P.D. only,03 - Rear end
4593,EARL ARMSTRONG RD @ RIVER RD,367572.4522,5014684.131,3/27/16,13:20,01 - Clear,01 - Dry,01 - Traffic signal,02 - Intersection related,01 - Daylight,03 - P.D. only,03 - Rear end
4594,EARL ARMSTRONG RD @ RIVER RD,367572.944,5014684.172,4/9/16,16:30,01 - Clear,01 - Dry,01 - Traffic signal,02 - Intersection related,01 - Daylight,03 - P.D. only,03 - Rear end
4595,EARL ARMSTRONG RD @ RIVER RD,367572.0599,5014683.739,7/29/16,7:37,01 - Clear,01 - Dry,01 - Traffic signal,03 - At intersection,01 - Daylight,03 - P.D. only,05 - Turning movement
4596,EARL ARMSTRONG RD @ RIVER RD,367571.9772,5014684.232,9/22/16,15:14,01 - Clear,01 - Dry,01 - Traffic signal,02 - Intersection related,01 - Daylight,03 - P.D. only,03 - Rear end
4597,EARL ARMSTRONG RD @ RIVER RD,367573.5467,5014682.327,11/4/16,11:12,01 - Clear,01 - Dry,01 - Traffic signal,02 - Intersection related,01 - Daylight,03 - P.D. only,03 - Rear end
4598,EARL ARMSTRONG RD @ RIVER RD,367564.8484,5014689.934,11/24/16,11:30,01 - Clear,02 - Wet,01 - Traffic signal,02 - Intersection related,01 - Daylight,03 - P.D. only,04 - Sideswipe
4599,EARL ARMSTRONG RD @ SHORELINE DR,368838.9421,5015287.557,8/31/16,15:49,01 - Clear,01 - Dry,01 - Traffic signal,02 - Intersection related,01 - Daylight,02 - Non-fatal injury,07 - SMV other
4600,EARL ARMSTRONG RD @ SHORELINE DR,368839.3634,5015287.539,6/9/16,10:20,01 - Clear,01 - Dry,01 - Traffic signal,03 - At intersection,01 - Daylight,02 - Non-fatal injury,07 - SMV other
4601,EARL ARMSTRONG RD @ SPRATT RD,368396.9311,5015011.651,2/18/16,13:46,01 - Clear,01 - Dry,01 - Traffic signal,03 - At intersection,01 - Daylight,02 - Non-fatal injury,05 - Turning movement
4602,EARL ARMSTRONG RD @ SPRATT RD,368396.0349,5015010.98,5/10/16,7:30,01 - Clear,01 - Dry,01 - Traffic signal,03 - At intersection,01 - Daylight,02 - Non-fatal injury,05 - Turning movement
4603,EARL ARMSTRONG RD @ SPRATT RD,368396.0505,5015010.77,10/26/16,20:00,01 - Clear,01 - Dry,01 - Traffic signal,03 - At intersection,07 - Dark,03 - P.D. only,05 - Turning movement
4604,EARL ARMSTRONG RD @ SPRATT RD,368395.6114,5015011.21,11/9/16,8:03,01 - Clear,01 - Dry,01 - Traffic signal,03 - At intersection,01 - Daylight,03 - P.D. only,05 - Turning movement
4605,EARL ARMSTRONG RD @ SPRATT RD,368396.0505,5015012.088,12/21/16,17:45,01 - Clear,02 - Wet,01 - Traffic signal,03 - At intersection,07 - Dark,03 - P.D. only,05 - Turning movement
4606,EARL ARMSTRONG RD btwn BOWESVILLE RD & HIGH RD,372594.0373,5017482.639,1/9/16,17:00,02 - Rain,06 - Ice,10 - No control,01 - Non intersection,05 - Dusk,03 - P.D. only,07 - SMV other
4607,EARL ARMSTRONG RD btwn CANYON WALK DR & LIMEBANK RD,370041.9162,5015908.599,4/17/16,22:30,01 - Clear,01 - Dry,10 - No control,01 - Non intersection,07 - Dark,03 - P.D. only,07 - SMV other
4608,EARL ARMSTRONG RD btwn LIMEBANK RD & BOWESVILLE RD,372426.0864,5017366.868,8/28/16,20:01,01 - Clear,01 - Dry,10 - No control,01 - Non intersection,05 - Dusk,03 - P.D. only,07 - SMV other
4609,EARL ARMSTRONG RD btwn LIMEBANK RD & BOWESVILLE RD,372385.6818,5017344.91,10/27/16,22:17,04 - Freezing Rain,04 - Slush,10 - No control,01 - Non intersection,07 - Dark,03 - P.D. only,07 - SMV other
4610,EARL ARMSTRONG RD btwn LIMEBANK RD & BOWESVILLE RD,370754.1849,5016312.48,4/6/16,21:58,03 - Snow,03 - Loose snow,10 - No control,01 - Non intersection,07 - Dark,03 - P.D. only,07 - SMV other
4611,EARL ARMSTRONG RD btwn LIMEBANK RD & BOWESVILLE RD,371021.8928,5016472.52,11/22/16,20:00,01 - Clear,06 - Ice,10 - No control,01 - Non intersection,07 - Dark,03 - P.D. only,07 - SMV other
4612,EARL ARMSTRONG RD btwn RIVER RD & SPRATT RD,367905.7152,5014709.644,2/6/16,18:29,01 - Clear,01 - Dry,10 - No control,01 - Non intersection,07 - Dark,02 - Non-fatal injury,03 - Rear end
4613,EARL GREY DR btwn ROLAND MICHENER DR & END,350769.9562,5018935.932,3/5/16,18:47,01 - Clear,01 - Dry,10 - No control,04 - At/near private drive,07 - Dark,03 - P.D. only,03 - Rear end
4614,EARL MULLIGAN DR @ MOUNTSHANNON DR,364813.0229,5017243.789,2/17/16,20:29,03 - Snow,06 - Ice,02 - Stop sign,02 - Intersection related,07 - Dark,03 - P.D. only,03 - Rear end
4615,EARL MULLIGAN DR @ WOODPARK WAY,365105.9703,5017423.196,4/2/16,13:40,01 - Clear,01 - Dry,02 - Stop sign,02 - Intersection related,01 - Daylight,03 - P.D. only,03 - Rear end
4616,EARL MULLIGAN DR @ WOODROFFE AVE,365250.4817,5017505.362,2/4/16,17:21,01 - Clear,01 - Dry,01 - Traffic signal,03 - At intersection,07 - Dark,02 - Non-fatal injury,05 - Turning movement
4617,EARL MULLIGAN DR @ WOODROFFE AVE,365249.5789,5017506.236,4/19/16,19:25,01 - Clear,01 - Dry,01 - Traffic signal,03 - At intersection,01 - Daylight,02 - Non-fatal injury,02 - Angle
4618,EARL MULLIGAN DR @ WOODROFFE AVE,365250.7012,5017507.79,3/30/16,11:16,01 - Clear,01 - Dry,01 - Traffic signal,02 - Intersection related,01 - Daylight,02 - Non-fatal injury,04 - Sideswipe
4619,EARL MULLIGAN DR @ WOODROFFE AVE,365250.7012,5017504.39,9/13/16,7:15,01 - Clear,01 - Dry,01 - Traffic signal,02 - Intersection related,01 - Daylight,03 - P.D. only,03 - Rear end
4620,EARL MULLIGAN DR @ WOODROFFE AVE,365250.0426,5017505.801,2/17/16,23:43,01 - Clear,06 - Ice,01 - Traffic signal,02 - Intersection related,07 - Dark,03 - P.D. only,03 - Rear end
4621,EARL MULLIGAN DR @ WOODROFFE AVE,365250.4792,5017505.794,2/17/16,20:34,03 - Snow,06 - Ice,01 - Traffic signal,02 - Intersection related,07 - Dark,03 - P.D. only,99 - Other
4622,EARL MULLIGAN DR @ WOODROFFE AVE,365250.0426,5017506.24,5/24/16,7:21,01 - Clear,01 - Dry,01 - Traffic signal,02 - Intersection related,01 - Daylight,03 - P.D. only,03 - Rear end
4623,EARL MULLIGAN DR @ WOODROFFE AVE,365250.027,5017506.011,3/8/16,15:45,01 - Clear,01 - Dry,01 - Traffic signal,02 - Intersection related,01 - Daylight,03 - P.D. only,05 - Turning movement
4624,EARL MULLIGAN DR @ WOODROFFE AVE,365250.7012,5017506.874,11/22/16,22:37,03 - Snow,06 - Ice,01 - Traffic signal,03 - At intersection,07 - Dark,03 - P.D. only,07 - SMV other
4625,EARL MULLIGAN DR @ WOODROFFE AVE,365250.7012,5017506.046,12/16/16,15:30,03 - Snow,03 - Loose snow,01 - Traffic signal,02 - Intersection related,01 - Daylight,03 - P.D. only,03 - Rear end
4626,EARNSCLIFFE GROVE btwn ARDMORE ST & BORBRIDGE AVE,367952.55,5014114.867,7/17/16,0:00,01 - Clear,01 - Dry,10 - No control,04 - At/near private drive,00 - Unknown,03 - P.D. only,06 - SMV unattended vehicle
4627,EASTPARK DR btwn WEDGEWOOD CRES & INNES RD,378556.5399,5033186.903,8/17/16,12:20,01 - Clear,01 - Dry,10 - No control,04 - At/near private drive,01 - Daylight,03 - P.D. only,02 - Angle
4628,EASTVALE DR btwn OGILVIE RD & LOYOLA AVE,375663.5972,5035104.281,1/7/16,0:00,01 - Clear,01 - Dry,10 - No control,01 - Non intersection,00 - Unknown,03 - P.D. only,06 - SMV unattended vehicle
4629,EASTVALE DR btwn OGILVIE RD & LOYOLA AVE,375663.2904,5035104.013,1/28/16,14:39,03 - Snow,03 - Loose snow,10 - No control,04 - At/near private drive,01 - Daylight,03 - P.D. only,02 - Angle
4630,EASTVALE DR N @ OGILVIE RD,374982.6481,5036044.469,6/25/16,8:49,01 - Clear,01 - Dry,02 - Stop sign,03 - At intersection,01 - Daylight,02 - Non-fatal injury,05 - Turning movement
4631,EASTVALE DR S @ OGILVIE RD,375467.4193,5035026.105,4/6/16,21:20,03 - Snow,03 - Loose snow,01 - Traffic signal,02 - Intersection related,07 - Dark,03 - P.D. only,02 - Angle
4632,EASTWOOD PL @ MCARTHUR AVE,371052.4926,5032783.024,5/8/16,9:16,01 - Clear,01 - Dry,02 - Stop sign,03 - At intersection,01 - Daylight,03 - P.D. only,99 - Other
4633,EASTWOOD PL @ MCARTHUR AVE,371052.4978,5032782.355,11/25/16,15:45,01 - Clear,02 - Wet,02 - Stop sign,03 - At intersection,01 - Daylight,03 - P.D. only,02 - Angle
4634,ECCLES ST @ PRESTON ST,366329.6969,5030076.296,8/17/16,17:23,01 - Clear,01 - Dry,02 - Stop sign,02 - Intersection related,01 - Daylight,03 - P.D. only,03 - Rear end
4635,ECCLES ST btwn BOOTH ST & LEBRETON ST N,366671.3205,5030189.512,1/27/16,11:30,01 - Clear,06 - Ice,10 - No control,01 - Non intersection,01 - Daylight,03 - P.D. only,06 - SMV unattended vehicle
4636,ECCLES ST btwn LEBRETON ST N & BELL ST N,366790.203,5030240.931,8/26/16,0:00,01 - Clear,01 - Dry,10 - No control,01 - Non intersection,00 - Unknown,03 - P.D. only,06 - SMV unattended vehicle
4637,ECCLES ST btwn LEBRETON ST N & BELL ST N,366733.3848,5030217.294,6/28/16,14:27,01 - Clear,01 - Dry,10 - No control,01 - Non intersection,01 - Daylight,03 - P.D. only,06 - SMV unattended vehicle