Record,Location,X,Y,Date,Time,Environment,Road_Surface,Traffic_Control,Collision_Location,Light,Collision_Classification,Impact_type
4638,ECCLES ST btwn ROCHESTER ST & BOOTH ST,366609.2043,5030180.751,7/15/16,18:05,01 - Clear,01 - Dry,10 - No control,01 - Non intersection,01 - Daylight,03 - P.D. only,06 - SMV unattended vehicle
4639,ECCLES ST btwn ROCHESTER ST & BOOTH ST,366541.7043,5030151.569,12/31/16,0:00,01 - Clear,03 - Loose snow,10 - No control,01 - Non intersection,00 - Unknown,03 - P.D. only,06 - SMV unattended vehicle
4640,ECHO DR @ HARVEY ST,368800.7118,5030716.131,2/16/16,22:21,03 - Snow,03 - Loose snow,10 - No control,02 - Intersection related,07 - Dark,03 - P.D. only,06 - SMV unattended vehicle
4641,EDEN AVE @ RICHMOND RD,363331.2306,5028361.24,2/18/16,12:00,01 - Clear,01 - Dry,02 - Stop sign,02 - Intersection related,01 - Daylight,03 - P.D. only,04 - Sideswipe
4642,EDGECLIFFE AVE @ CALDWELL AVE,364346.1169,5026250.269,10/22/16,8:27,02 - Rain,02 - Wet,10 - No control,03 - At intersection,01 - Daylight,03 - P.D. only,02 - Angle
4643,EDGEWATER ST btwn TERRY FOX DR & HAZELDEAN RD,352263.1502,5017401.549,11/21/16,17:02,03 - Snow,05 - Packed snow,10 - No control,04 - At/near private drive,07 - Dark,03 - P.D. only,03 - Rear end
4644,EDGEWATER ST btwn TERRY FOX DR & HAZELDEAN RD,351835.1768,5017652.666,6/9/16,18:00,01 - Clear,01 - Dry,10 - No control,04 - At/near private drive,01 - Daylight,03 - P.D. only,05 - Turning movement
4645,EDGEWOOD AVE btwn RICHMOND RD & LINCOLN AVE,363406.0056,5028377.744,8/15/16,12:00,01 - Clear,01 - Dry,10 - No control,01 - Non intersection,01 - Daylight,03 - P.D. only,06 - SMV unattended vehicle
4646,EDGEWOOD AVE btwn RICHMOND RD & LINCOLN AVE,363399.3515,5028393.862,8/16/16,13:15,01 - Clear,01 - Dry,10 - No control,04 - At/near private drive,01 - Daylight,03 - P.D. only,06 - SMV unattended vehicle
4647,EDINBURGH PL @ BANTREE ST,374175.5364,5029841.801,4/6/16,21:03,03 - Snow,03 - Loose snow,02 - Stop sign,03 - At intersection,07 - Dark,03 - P.D. only,07 - SMV other
4648,EDITH AVE @ GLYNN AVE,370916.9385,5032165.366,10/4/16,14:36,01 - Clear,01 - Dry,02 - Stop sign,03 - At intersection,01 - Daylight,02 - Non-fatal injury,02 - Angle
4649,EGAN RD btwn GARNER AVE & HOBSON RD,368409.3881,5026018.448,7/2/16,13:00,01 - Clear,01 - Dry,10 - No control,01 - Non intersection,01 - Daylight,03 - P.D. only,06 - SMV unattended vehicle
4650,"EGLISE, RUE DE L @ MONTREAL RD",371156.2093,5033634.713,3/17/16,15:44,02 - Rain,02 - Wet,01 - Traffic signal,02 - Intersection related,01 - Daylight,02 - Non-fatal injury,07 - SMV other
4651,"EGLISE, RUE DE L @ MONTREAL RD",371156.5738,5033634.496,6/23/16,14:50,01 - Clear,01 - Dry,01 - Traffic signal,02 - Intersection related,01 - Daylight,03 - P.D. only,03 - Rear end
4652,"EGLISE, RUE DE L @ MONTREAL RD",371158.6743,5033634.305,9/16/16,6:12,01 - Clear,01 - Dry,01 - Traffic signal,03 - At intersection,03 - Dawn,03 - P.D. only,02 - Angle
4653,"EGLISE, RUE DE L @ MONTREAL RD",371158.1008,5033633.587,2/26/16,17:05,01 - Clear,01 - Dry,01 - Traffic signal,02 - Intersection related,05 - Dusk,03 - P.D. only,04 - Sideswipe
4654,"EGLISE, RUE DE L @ MONTREAL RD",371157.4907,5033632.928,10/14/16,23:48,01 - Clear,01 - Dry,01 - Traffic signal,03 - At intersection,07 - Dark,03 - P.D. only,02 - Angle
4655,"EGLISE, RUE DE L @ MONTREAL RD",371158.5384,5033632.345,12/23/16,11:55,01 - Clear,02 - Wet,01 - Traffic signal,02 - Intersection related,01 - Daylight,03 - P.D. only,04 - Sideswipe
4656,"EGLISE, RUE DE L @ MONTREAL RD",371159.606,5033633.592,12/2/16,18:01,01 - Clear,02 - Wet,01 - Traffic signal,02 - Intersection related,07 - Dark,03 - P.D. only,03 - Rear end
4657,"EGLISE, RUE DE L btwn MONTREAL RD & COLLEGE CIRC",371169.8144,5033608.32,2/19/16,0:00,03 - Snow,05 - Packed snow,10 - No control,01 - Non intersection,00 - Unknown,03 - P.D. only,06 - SMV unattended vehicle
4658,"EGLISE, RUE DE L btwn MONTREAL RD & COLLEGE CIRC",371246.943,5033448.034,5/10/16,14:16,01 - Clear,01 - Dry,10 - No control,01 - Non intersection,01 - Daylight,03 - P.D. only,06 - SMV unattended vehicle
4659,"EGLISE, RUE DE L btwn MONTREAL RD & COLLEGE CIRC",371223.8299,5033498.38,9/27/16,0:00,01 - Clear,01 - Dry,10 - No control,01 - Non intersection,00 - Unknown,03 - P.D. only,06 - SMV unattended vehicle
4660,ELEANOR DR btwn GREENCREST PL & NORTHVIEW RD,365347.8987,5025153.685,3/4/16,21:00,01 - Clear,01 - Dry,10 - No control,01 - Non intersection,07 - Dark,03 - P.D. only,07 - SMV other
4661,ELGIN ST @ FRANK ST,368357.0525,5030888.791,10/23/16,9:56,01 - Clear,01 - Dry,02 - Stop sign,03 - At intersection,01 - Daylight,03 - P.D. only,02 - Angle
4662,ELGIN ST @ FRANK ST,368356.8829,5030888.158,12/13/16,14:48,01 - Clear,01 - Dry,02 - Stop sign,02 - Intersection related,01 - Daylight,03 - P.D. only,03 - Rear end
4663,ELGIN ST @ GILMOUR ST,368251.5381,5031055.359,8/4/16,9:11,01 - Clear,01 - Dry,01 - Traffic signal,02 - Intersection related,01 - Daylight,02 - Non-fatal injury,02 - Angle
4664,ELGIN ST @ GILMOUR ST,368252.9404,5031054.373,9/29/16,11:32,01 - Clear,01 - Dry,01 - Traffic signal,02 - Intersection related,01 - Daylight,02 - Non-fatal injury,99 - Other
4665,ELGIN ST @ GLADSTONE AVE,368384.5878,5030844.226,3/27/16,2:28,01 - Clear,01 - Dry,01 - Traffic signal,03 - At intersection,07 - Dark,02 - Non-fatal injury,07 - SMV other
4666,ELGIN ST @ GLADSTONE AVE,368384.9407,5030845.017,5/1/16,21:19,02 - Rain,02 - Wet,01 - Traffic signal,03 - At intersection,07 - Dark,02 - Non-fatal injury,07 - SMV other
4667,ELGIN ST @ GLADSTONE AVE,368384.0324,5030845.349,4/7/16,7:27,03 - Snow,04 - Slush,01 - Traffic signal,02 - Intersection related,01 - Daylight,03 - P.D. only,04 - Sideswipe
4668,ELGIN ST @ GLOUCESTER ST,367986.4904,5031477.798,9/22/16,22:19,02 - Rain,02 - Wet,10 - No control,03 - At intersection,07 - Dark,02 - Non-fatal injury,02 - Angle
4669,ELGIN ST @ ISABELLA ST,368614.9377,5030488.446,6/13/16,10:48,01 - Clear,01 - Dry,02 - Stop sign,02 - Intersection related,01 - Daylight,03 - P.D. only,99 - Other
4670,ELGIN ST @ ISABELLA ST,368615.1243,5030490.08,4/19/16,9:24,01 - Clear,01 - Dry,02 - Stop sign,02 - Intersection related,01 - Daylight,03 - P.D. only,04 - Sideswipe
4671,ELGIN ST @ ISABELLA ST,368614.4927,5030489.354,10/11/16,19:32,01 - Clear,01 - Dry,02 - Stop sign,02 - Intersection related,07 - Dark,03 - P.D. only,02 - Angle
4672,ELGIN ST @ LAURIER AVE,367949.4604,5031550.702,5/20/16,2:47,01 - Clear,01 - Dry,01 - Traffic signal,03 - At intersection,07 - Dark,02 - Non-fatal injury,02 - Angle
4673,ELGIN ST @ LAURIER AVE,367948.4904,5031550.234,9/10/16,21:15,01 - Clear,01 - Dry,01 - Traffic signal,03 - At intersection,07 - Dark,02 - Non-fatal injury,07 - SMV other
4674,ELGIN ST @ LAURIER AVE,367948.4904,5031550.673,7/11/16,15:33,01 - Clear,01 - Dry,01 - Traffic signal,03 - At intersection,01 - Daylight,02 - Non-fatal injury,05 - Turning movement
4675,ELGIN ST @ LAURIER AVE,367949.3917,5031549.121,6/22/16,14:30,01 - Clear,01 - Dry,01 - Traffic signal,02 - Intersection related,01 - Daylight,02 - Non-fatal injury,04 - Sideswipe
4676,ELGIN ST @ LAURIER AVE,367948.0281,5031549.576,7/4/16,18:11,01 - Clear,01 - Dry,01 - Traffic signal,03 - At intersection,01 - Daylight,02 - Non-fatal injury,05 - Turning movement
4677,ELGIN ST @ LAURIER AVE,367947.8817,5031549.99,9/8/16,20:35,01 - Clear,01 - Dry,01 - Traffic signal,03 - At intersection,07 - Dark,02 - Non-fatal injury,05 - Turning movement
4678,ELGIN ST @ LAURIER AVE,367947.6122,5031550.234,2/12/16,15:24,03 - Snow,03 - Loose snow,01 - Traffic signal,02 - Intersection related,01 - Daylight,03 - P.D. only,04 - Sideswipe
4679,ELGIN ST @ LAURIER AVE,367948.4826,5031549.576,7/26/16,7:54,01 - Clear,01 - Dry,01 - Traffic signal,03 - At intersection,01 - Daylight,03 - P.D. only,03 - Rear end
4680,ELGIN ST @ LAURIER AVE,367948.0513,5031549.356,6/25/16,18:32,01 - Clear,01 - Dry,01 - Traffic signal,03 - At intersection,01 - Daylight,03 - P.D. only,04 - Sideswipe
4681,ELGIN ST @ LAURIER AVE,367948.0513,5031549.356,9/26/16,3:24,01 - Clear,01 - Dry,01 - Traffic signal,03 - At intersection,07 - Dark,03 - P.D. only,07 - SMV other
4682,ELGIN ST @ LAURIER AVE,367948.9294,5031549.795,11/1/16,16:51,01 - Clear,01 - Dry,01 - Traffic signal,02 - Intersection related,05 - Dusk,03 - P.D. only,04 - Sideswipe
4683,ELGIN ST @ LAURIER AVE,367948.7099,5031549.162,5/5/16,15:30,01 - Clear,01 - Dry,01 - Traffic signal,03 - At intersection,01 - Daylight,03 - P.D. only,04 - Sideswipe
4684,ELGIN ST @ LAURIER AVE,367949.5381,5031548.334,12/20/16,21:45,01 - Clear,04 - Slush,01 - Traffic signal,02 - Intersection related,07 - Dark,03 - P.D. only,99 - Other
4685,ELGIN ST @ LAURIER AVE,367947.0536,5031547.505,12/21/16,20:09,01 - Clear,02 - Wet,01 - Traffic signal,02 - Intersection related,07 - Dark,03 - P.D. only,04 - Sideswipe
4686,ELGIN ST @ LAURIER AVE,367949.5381,5031549.162,12/1/16,17:28,02 - Rain,02 - Wet,01 - Traffic signal,02 - Intersection related,07 - Dark,03 - P.D. only,04 - Sideswipe
4687,ELGIN ST @ MCLEOD ST,368425.1855,5030779.335,11/10/16,9:17,01 - Clear,01 - Dry,02 - Stop sign,02 - Intersection related,01 - Daylight,03 - P.D. only,02 - Angle
4688,ELGIN ST @ NEPEAN ST,368028.8802,5031412.815,10/20/16,14:59,02 - Rain,02 - Wet,01 - Traffic signal,02 - Intersection related,01 - Daylight,03 - P.D. only,06 - SMV unattended vehicle
4689,ELGIN ST @ PARK AVE,368467.5813,5030712.8,6/22/16,13:29,01 - Clear,01 - Dry,02 - Stop sign,03 - At intersection,01 - Daylight,03 - P.D. only,02 - Angle
4690,ELGIN ST @ QUEEN ST,367803.5751,5031779.803,5/5/16,10:08,01 - Clear,01 - Dry,01 - Traffic signal,02 - Intersection related,01 - Daylight,02 - Non-fatal injury,03 - Rear end
4691,ELGIN ST @ QUEEN ST,367804.9272,5031780.926,5/7/16,14:11,01 - Clear,01 - Dry,01 - Traffic signal,02 - Intersection related,01 - Daylight,02 - Non-fatal injury,03 - Rear end
4692,ELGIN ST @ QUEEN ST,367804.483,5031779.358,2/13/16,19:00,01 - Clear,06 - Ice,01 - Traffic signal,02 - Intersection related,07 - Dark,03 - P.D. only,03 - Rear end
4693,ELGIN ST @ QUEEN ST,367804.3684,5031779.32,4/8/16,16:30,01 - Clear,02 - Wet,01 - Traffic signal,03 - At intersection,01 - Daylight,03 - P.D. only,05 - Turning movement
4694,ELGIN ST @ QUEEN ST,367804.483,5031778.919,8/23/16,11:37,01 - Clear,01 - Dry,01 - Traffic signal,03 - At intersection,01 - Daylight,03 - P.D. only,04 - Sideswipe
4695,ELGIN ST @ QUEEN ST,367805.8002,5031780.676,9/8/16,20:00,01 - Clear,01 - Dry,01 - Traffic signal,03 - At intersection,07 - Dark,03 - P.D. only,07 - SMV other
4696,ELGIN ST @ QUEEN ST,367804.4902,5031780.088,11/20/16,2:05,01 - Clear,01 - Dry,01 - Traffic signal,02 - Intersection related,07 - Dark,03 - P.D. only,03 - Rear end
4697,ELGIN ST @ SLATER ST,367890.4804,5031646.121,7/11/16,7:41,01 - Clear,01 - Dry,01 - Traffic signal,03 - At intersection,01 - Daylight,02 - Non-fatal injury,04 - Sideswipe
4698,ELGIN ST @ SLATER ST,367890.4837,5031646.799,3/14/16,14:28,01 - Clear,01 - Dry,01 - Traffic signal,03 - At intersection,01 - Daylight,02 - Non-fatal injury,02 - Angle
4699,ELGIN ST @ SLATER ST,367890.4857,5031646.353,3/17/16,23:27,01 - Clear,01 - Dry,01 - Traffic signal,03 - At intersection,07 - Dark,03 - P.D. only,04 - Sideswipe
4700,ELGIN ST @ SLATER ST,367890.0491,5031645.916,8/27/16,11:55,01 - Clear,01 - Dry,01 - Traffic signal,03 - At intersection,01 - Daylight,03 - P.D. only,02 - Angle
4701,ELGIN ST @ SLATER ST,367890.4882,5031646.356,9/4/16,15:30,01 - Clear,01 - Dry,01 - Traffic signal,02 - Intersection related,01 - Daylight,03 - P.D. only,04 - Sideswipe
4702,ELGIN ST @ SLATER ST,367889.5803,5031645.899,6/19/16,14:06,01 - Clear,01 - Dry,01 - Traffic signal,02 - Intersection related,01 - Daylight,03 - P.D. only,03 - Rear end
4703,ELGIN ST @ SLATER ST,367890.3171,5031645.794,6/16/16,13:43,01 - Clear,01 - Dry,01 - Traffic signal,02 - Intersection related,01 - Daylight,03 - P.D. only,04 - Sideswipe
4704,ELGIN ST @ SLATER ST,367891.8275,5031647.247,4/6/16,19:00,03 - Snow,03 - Loose snow,01 - Traffic signal,02 - Intersection related,05 - Dusk,03 - P.D. only,04 - Sideswipe
4705,ELGIN ST @ SLATER ST,367891.3811,5031645.453,4/14/16,6:47,01 - Clear,01 - Dry,01 - Traffic signal,03 - At intersection,01 - Daylight,03 - P.D. only,07 - SMV other
4706,ELGIN ST @ SLATER ST,367891.5946,5031646.132,3/2/16,8:37,03 - Snow,04 - Slush,01 - Traffic signal,02 - Intersection related,01 - Daylight,03 - P.D. only,03 - Rear end
4707,ELGIN ST @ SLATER ST,367889.8795,5031646.989,10/20/16,23:31,02 - Rain,02 - Wet,01 - Traffic signal,03 - At intersection,07 - Dark,03 - P.D. only,07 - SMV other
4708,ELGIN ST @ SLATER ST,367890.935,5031645.666,6/22/16,17:49,01 - Clear,01 - Dry,01 - Traffic signal,02 - Intersection related,01 - Daylight,03 - P.D. only,04 - Sideswipe
4709,ELGIN ST @ SLATER ST,367889.8795,5031645.333,12/16/16,17:19,01 - Clear,04 - Slush,01 - Traffic signal,02 - Intersection related,07 - Dark,03 - P.D. only,03 - Rear end
4710,ELGIN ST @ SLATER ST,367889.0514,5031644.505,12/8/16,17:25,03 - Snow,02 - Wet,01 - Traffic signal,03 - At intersection,07 - Dark,03 - P.D. only,07 - SMV other
4711,ELGIN ST @ SLATER ST,367889.0514,5031646.161,12/7/16,15:25,01 - Clear,01 - Dry,01 - Traffic signal,02 - Intersection related,01 - Daylight,03 - P.D. only,04 - Sideswipe
4712,ELGIN ST @ SOMERSET ST,368164.9331,5031198.796,4/10/16,0:33,01 - Clear,01 - Dry,01 - Traffic signal,03 - At intersection,07 - Dark,02 - Non-fatal injury,07 - SMV other
4713,ELGIN ST @ SOMERSET ST,368164.9331,5031198.796,3/8/16,18:22,01 - Clear,01 - Dry,01 - Traffic signal,02 - Intersection related,07 - Dark,03 - P.D. only,05 - Turning movement
4714,ELGIN ST @ SOMERSET ST,368164.4831,5031198.346,6/4/16,23:24,01 - Clear,01 - Dry,01 - Traffic signal,02 - Intersection related,07 - Dark,03 - P.D. only,99 - Other
4715,ELGIN ST @ WAVERLEY ST,368317.7067,5030952.154,7/22/16,21:36,01 - Clear,01 - Dry,01 - Traffic signal,02 - Intersection related,07 - Dark,03 - P.D. only,06 - SMV unattended vehicle
4716,ELGIN ST @ WELLINGTON ST W,367664.3132,5031879.14,3/5/16,10:19,01 - Clear,01 - Dry,01 - Traffic signal,02 - Intersection related,01 - Daylight,02 - Non-fatal injury,03 - Rear end
4717,ELGIN ST @ WELLINGTON ST W,367664.9233,5031877.358,1/29/16,11:04,03 - Snow,02 - Wet,01 - Traffic signal,03 - At intersection,01 - Daylight,03 - P.D. only,04 - Sideswipe
4718,ELGIN ST @ WELLINGTON ST W,367664.4843,5031877.753,10/25/16,21:50,01 - Clear,01 - Dry,01 - Traffic signal,03 - At intersection,07 - Dark,03 - P.D. only,05 - Turning movement
4719,ELGIN ST @ WELLINGTON ST W,367663.0475,5031877.991,12/28/16,13:22,01 - Clear,02 - Wet,01 - Traffic signal,03 - At intersection,01 - Daylight,03 - P.D. only,04 - Sideswipe
4720,ELGIN ST btwn ARGYLE AVE & ARGYLE AVE,368500.4369,5030662.117,8/5/16,16:17,01 - Clear,01 - Dry,10 - No control,01 - Non intersection,01 - Daylight,03 - P.D. only,99 - Other
4721,ELGIN ST btwn COOPER ST & SOMERSET ST W,368157.0767,5031209.795,4/11/16,14:28,01 - Clear,02 - Wet,10 - No control,01 - Non intersection,01 - Daylight,03 - P.D. only,06 - SMV unattended vehicle
4722,ELGIN ST btwn COOPER ST & SOMERSET ST W,368129.0322,5031257.043,6/1/16,10:11,01 - Clear,01 - Dry,10 - No control,01 - Non intersection,01 - Daylight,03 - P.D. only,04 - Sideswipe
4723,ELGIN ST btwn COOPER ST & SOMERSET ST W,368123.8548,5031265.378,11/7/16,9:14,01 - Clear,01 - Dry,10 - No control,01 - Non intersection,01 - Daylight,03 - P.D. only,07 - SMV other
4724,ELGIN ST btwn GLADSTONE AVE & MCLEOD ST,368389.4511,5030838.931,6/18/16,11:34,01 - Clear,01 - Dry,10 - No control,01 - Non intersection,01 - Daylight,03 - P.D. only,06 - SMV unattended vehicle
4725,ELGIN ST btwn GLOUCESTER ST & NEPEAN ST (1),368016.3165,5031431.55,2/4/16,10:05,01 - Clear,02 - Wet,10 - No control,01 - Non intersection,01 - Daylight,03 - P.D. only,04 - Sideswipe
4726,ELGIN ST btwn GLOUCESTER ST & NEPEAN ST (1),367992.3982,5031468.566,2/1/16,8:30,01 - Clear,02 - Wet,10 - No control,01 - Non intersection,01 - Daylight,03 - P.D. only,06 - SMV unattended vehicle
4727,ELGIN ST btwn ISABELLA ST & PRETORIA AVE,368619.8847,5030463.232,6/23/16,12:35,01 - Clear,01 - Dry,10 - No control,01 - Non intersection,01 - Daylight,03 - P.D. only,04 - Sideswipe
4728,ELGIN ST btwn LAURIER AVE W & GLOUCESTER ST (1),367971.7615,5031545.405,10/21/16,15:11,01 - Clear,01 - Dry,10 - No control,04 - At/near private drive,01 - Daylight,03 - P.D. only,99 - Other
4729,ELGIN ST btwn LEWIS ST & WAVERLEY ST,368279.3143,5031013.333,5/3/16,16:18,01 - Clear,01 - Dry,10 - No control,01 - Non intersection,01 - Daylight,02 - Non-fatal injury,04 - Sideswipe
4730,ELGIN ST btwn LEWIS ST & WAVERLEY ST,368301.2413,5030977.815,2/10/16,11:32,03 - Snow,02 - Wet,10 - No control,01 - Non intersection,01 - Daylight,03 - P.D. only,04 - Sideswipe
4731,ELGIN ST btwn LISGAR ST & COOPER ST,368115.5732,5031278.628,10/29/16,11:03,01 - Clear,01 - Dry,10 - No control,01 - Non intersection,01 - Daylight,03 - P.D. only,06 - SMV unattended vehicle
4732,ELGIN ST btwn MACLAREN ST & GILMOUR ST,368239.0175,5031076.425,1/1/16,9:34,01 - Clear,04 - Slush,10 - No control,01 - Non intersection,01 - Daylight,03 - P.D. only,06 - SMV unattended vehicle
4733,ELGIN ST btwn QUEEN ST & ALBERT ST (1),367842.3025,5031724.309,7/27/16,12:04,01 - Clear,01 - Dry,10 - No control,01 - Non intersection,01 - Daylight,03 - P.D. only,04 - Sideswipe
4734,ELGIN ST btwn SLATER ST & LAURIER AVE W (2),367899.1168,5031632.03,7/25/16,17:15,01 - Clear,01 - Dry,10 - No control,01 - Non intersection,01 - Daylight,03 - P.D. only,04 - Sideswipe
4735,ELGIN ST btwn SOMERSET ST W & MACLAREN ST,368174.8552,5031183.465,6/28/16,14:55,01 - Clear,01 - Dry,10 - No control,01 - Non intersection,01 - Daylight,03 - P.D. only,06 - SMV unattended vehicle
4736,ELGIN ST btwn SOMERSET ST W & MACLAREN ST,368197.956,5031144.358,9/26/16,22:00,01 - Clear,01 - Dry,10 - No control,01 - Non intersection,07 - Dark,03 - P.D. only,06 - SMV unattended vehicle
4737,ELGIN ST btwn WAVERLEY ST & FRANK ST,368329.2371,5030935.398,1/15/16,20:29,01 - Clear,02 - Wet,10 - No control,01 - Non intersection,07 - Dark,03 - P.D. only,05 - Turning movement
4738,ELGIN ST btwn WELLINGTON ST & LAWRENCE FREIMAN LANE (1),367812.804,5031810.922,1/20/16,2:25,01 - Clear,04 - Slush,10 - No control,01 - Non intersection,07 - Dark,03 - P.D. only,07 - SMV other
4739,ELGIN ST NB @ WELLINGTON ST/RIDEAU ST,367804.1569,5031965.859,9/3/16,15:37,01 - Clear,01 - Dry,01 - Traffic signal,03 - At intersection,01 - Daylight,02 - Non-fatal injury,05 - Turning movement
4740,ELGIN ST NB @ WELLINGTON ST/RIDEAU ST,367802.5944,5031964.296,9/20/16,13:07,01 - Clear,01 - Dry,01 - Traffic signal,02 - Intersection related,01 - Daylight,03 - P.D. only,04 - Sideswipe
4741,ELGIN ST NB @ WELLINGTON ST/RIDEAU ST,367802.9195,5031965.727,2/17/16,16:10,03 - Snow,03 - Loose snow,01 - Traffic signal,02 - Intersection related,01 - Daylight,03 - P.D. only,03 - Rear end
4742,ELGIN ST NB @ WELLINGTON ST/RIDEAU ST,367802.8309,5031964.629,11/25/16,17:40,01 - Clear,02 - Wet,01 - Traffic signal,02 - Intersection related,07 - Dark,03 - P.D. only,03 - Rear end
4743,ELIZA CRES @ WEST RIDGE DR N,349705.2729,5012715.096,10/2/16,14:46,01 - Clear,01 - Dry,02 - Stop sign,03 - At intersection,01 - Daylight,03 - P.D. only,05 - Turning movement
4744,ELIZABETH ST btwn JILL ST & ANNETTE ST,375220.0292,5000797.623,3/7/16,13:39,01 - Clear,01 - Dry,10 - No control,04 - At/near private drive,01 - Daylight,03 - P.D. only,06 - SMV unattended vehicle
4745,ELKWOOD DR @ MANOTICK STATION RD,374493.3943,5011116.548,10/14/16,17:28,01 - Clear,01 - Dry,02 - Stop sign,02 - Intersection related,01 - Daylight,02 - Non-fatal injury,07 - SMV other
4746,ELLENDALE CRES @ LANARK AVE,363463.6947,5029087.328,1/7/16,7:26,01 - Clear,06 - Ice,02 - Stop sign,02 - Intersection related,03 - Dawn,03 - P.D. only,07 - SMV other
4747,ELLIOT AVE @ MAIN ST,369449.0245,5029492.766,6/23/16,21:35,01 - Clear,01 - Dry,02 - Stop sign,02 - Intersection related,07 - Dark,03 - P.D. only,02 - Angle
4748,ELLIOT AVE btwn MARLOWE CRES & BULLOCK AVE,369568.0651,5029559.711,1/29/16,16:45,03 - Snow,03 - Loose snow,10 - No control,01 - Non intersection,05 - Dusk,03 - P.D. only,06 - SMV unattended vehicle
4749,ELM ST btwn PRESTON ST & ROCHESTER ST,366267.895,5030283.857,4/23/16,17:59,01 - Clear,01 - Dry,10 - No control,01 - Non intersection,01 - Daylight,03 - P.D. only,06 - SMV unattended vehicle
4750,ELMHURST ST @ TAVISTOCK RD,360818.901,5024771.302,1/8/16,10:20,03 - Snow,02 - Wet,02 - Stop sign,03 - At intersection,01 - Daylight,03 - P.D. only,02 - Angle
4751,ELMIRA DR btwn COBDEN RD & LAMBETH WALK,361356.0399,5023940.142,7/23/16,19:00,01 - Clear,01 - Dry,10 - No control,01 - Non intersection,01 - Daylight,03 - P.D. only,06 - SMV unattended vehicle
4752,ELMRIDGE DR btwn ELMSMERE RD & ELMSMERE RD,375096.278,5034111.033,8/14/16,0:10,01 - Clear,02 - Wet,10 - No control,01 - Non intersection,07 - Dark,03 - P.D. only,06 - SMV unattended vehicle
4753,ELMSMERE RD @ MONTREAL RD,374929.3844,5034314.159,11/30/16,18:11,02 - Rain,02 - Wet,01 - Traffic signal,03 - At intersection,07 - Dark,02 - Non-fatal injury,03 - Rear end
4754,ELMSMERE RD @ MONTREAL RD,374927.5036,5034314.348,5/2/16,11:36,01 - Clear,01 - Dry,01 - Traffic signal,02 - Intersection related,01 - Daylight,03 - P.D. only,03 - Rear end
4755,ELMSMERE RD @ MONTREAL RD,374927.0463,5034315.027,7/15/16,23:28,01 - Clear,01 - Dry,01 - Traffic signal,03 - At intersection,07 - Dark,03 - P.D. only,02 - Angle
4756,ELVASTON AVE btwn CRAIG HENRY DR & BAINBRIDGE AVE,361223.6661,5021362.312,12/2/16,11:32,01 - Clear,01 - Dry,10 - No control,04 - At/near private drive,01 - Daylight,03 - P.D. only,06 - SMV unattended vehicle
4757,EMOND ST @ MONTREAL RD,370195.6292,5033133.9,6/10/16,23:53,01 - Clear,01 - Dry,02 - Stop sign,02 - Intersection related,07 - Dark,02 - Non-fatal injury,02 - Angle
4758,EMOND ST @ MONTREAL RD,370195.3693,5033135.247,6/1/16,10:30,01 - Clear,01 - Dry,02 - Stop sign,02 - Intersection related,01 - Daylight,02 - Non-fatal injury,07 - SMV other
4759,EMOND ST @ MONTREAL RD,370194.938,5033135.498,7/8/16,15:37,01 - Clear,01 - Dry,02 - Stop sign,03 - At intersection,01 - Daylight,03 - P.D. only,05 - Turning movement
4760,EMOND ST @ MONTREAL RD,370194.6775,5033134.547,6/4/16,0:07,01 - Clear,01 - Dry,02 - Stop sign,02 - Intersection related,07 - Dark,03 - P.D. only,03 - Rear end
4761,EMOND ST @ MONTREAL RD,370193.613,5033134.369,10/7/16,17:32,01 - Clear,01 - Dry,02 - Stop sign,02 - Intersection related,01 - Daylight,03 - P.D. only,02 - Angle
4762,EMOND ST @ MONTREAL RD,370194.4912,5033134.369,11/28/16,10:08,01 - Clear,01 - Dry,02 - Stop sign,03 - At intersection,01 - Daylight,03 - P.D. only,02 - Angle
4763,EMOND ST btwn DESCHAMPS AVE & MONTREAL RD,370172.1793,5033173.961,2/18/16,14:54,01 - Clear,05 - Packed snow,10 - No control,01 - Non intersection,01 - Daylight,03 - P.D. only,01 - Approaching
4764,EMOND ST btwn DESCHAMPS AVE & MONTREAL RD,370191.3981,5033140.8,12/13/16,16:50,03 - Snow,03 - Loose snow,10 - No control,01 - Non intersection,07 - Dark,03 - P.D. only,99 - Other
4765,EMPEROR AVE @ FISHER AVE,365682.3352,5027166.052,5/19/16,16:40,01 - Clear,01 - Dry,02 - Stop sign,03 - At intersection,01 - Daylight,02 - Non-fatal injury,07 - SMV other
4766,EMPEROR AVE @ FISHER AVE,365682.8768,5027162.128,12/8/16,22:59,03 - Snow,06 - Ice,02 - Stop sign,03 - At intersection,07 - Dark,02 - Non-fatal injury,03 - Rear end
4767,ENFIELD AVE @ MCARTHUR AVE,370338.2297,5032703.517,12/5/16,18:40,01 - Clear,01 - Dry,02 - Stop sign,02 - Intersection related,07 - Dark,03 - P.D. only,04 - Sideswipe
4768,ENTERPRISE AVE @ MERIVALE RD,365829.9197,5021417.829,10/18/16,22:03,01 - Clear,01 - Dry,01 - Traffic signal,03 - At intersection,07 - Dark,03 - P.D. only,05 - Turning movement
4769,ENTERPRISE AVE btwn TRADE ST & MERIVALE RD,365684.4729,5021336.67,8/3/16,17:46,01 - Clear,01 - Dry,10 - No control,01 - Non intersection,01 - Daylight,03 - P.D. only,04 - Sideswipe