Record,Location,X,Y,Date,Time,Environment,Road_Surface,Traffic_Control,Collision_Location,Light,Collision_Classification,Impact_type
4770,EQUESTRIAN DR btwn RIDING WAY & FOXLEIGH CRES,354800.7403,5015970.417,11/30/16,0:00,02 - Rain,02 - Wet,10 - No control,01 - Non intersection,00 - Unknown,03 - P.D. only,06 - SMV unattended vehicle
4771,EQUINE WAY btwn CAVESSON ST & TAPADERO AVE,352990.7178,5015104.461,9/9/16,0:00,01 - Clear,01 - Dry,10 - No control,01 - Non intersection,00 - Unknown,03 - P.D. only,06 - SMV unattended vehicle
4772,EQUUS WAY btwn TO BE DETERMINED & BRIDLE PATH DR,371616.9579,5023541.524,2/9/16,9:11,03 - Snow,05 - Packed snow,10 - No control,01 - Non intersection,01 - Daylight,03 - P.D. only,01 - Approaching
4773,ERIC CZAPNIK WAY btwn Continuation of ERIC CZAPNIK WAY & Dead End,382897.376,5038883.799,3/1/16,22:30,03 - Snow,05 - Packed snow,10 - No control,01 - Non intersection,07 - Dark,03 - P.D. only,01 - Approaching
4774,ERIN CRES btwn LILLICO DR & LILLICO DR,369882.5034,5023031.725,2/18/16,12:00,03 - Snow,05 - Packed snow,10 - No control,01 - Non intersection,01 - Daylight,03 - P.D. only,06 - SMV unattended vehicle
4775,ERINBROOK CRES @ SOUTHVALE CRES E,374114.4087,5029183.213,2/16/16,18:29,03 - Snow,03 - Loose snow,10 - No control,02 - Intersection related,07 - Dark,03 - P.D. only,03 - Rear end
4776,ERINDALE DR @ BASELINE RD,363857.402,5024575.572,10/28/16,17:42,01 - Clear,01 - Dry,02 - Stop sign,03 - At intersection,07 - Dark,02 - Non-fatal injury,02 - Angle
4777,ERINDALE DR @ BASELINE RD,363857.6921,5024576.765,12/14/16,23:29,03 - Snow,03 - Loose snow,02 - Stop sign,02 - Intersection related,07 - Dark,03 - P.D. only,07 - SMV other
4778,ERINDALE DR @ FORLAN DR,363702.4652,5024908.29,4/24/16,9:32,01 - Clear,01 - Dry,02 - Stop sign,02 - Intersection related,01 - Daylight,02 - Non-fatal injury,03 - Rear end
4779,ERINDALE DR @ NAVAHO DR,363663.6917,5025067.934,10/15/16,15:21,01 - Clear,01 - Dry,02 - Stop sign,02 - Intersection related,01 - Daylight,02 - Non-fatal injury,03 - Rear end
4780,ERINDALE DR @ NAVAHO DR,363662.4882,5025067.343,6/14/16,9:00,01 - Clear,01 - Dry,02 - Stop sign,03 - At intersection,01 - Daylight,03 - P.D. only,02 - Angle
4781,ERINDALE DR btwn AINSLEY DR & BASELINE RD,363855.1827,5024578.97,7/13/16,16:42,01 - Clear,01 - Dry,10 - No control,01 - Non intersection,01 - Daylight,03 - P.D. only,03 - Rear end
4782,ERINDALE DR btwn NAVAHO DR & MAITLAND AVE,363661.6624,5025074.51,5/11/16,21:02,01 - Clear,01 - Dry,10 - No control,01 - Non intersection,07 - Dark,03 - P.D. only,01 - Approaching
4783,ESCALLONIA CRT btwn ESCALLONIA CRT & ESCALLONIA CRT,349759.8461,5015954.265,7/2/16,0:00,01 - Clear,01 - Dry,10 - No control,01 - Non intersection,00 - Unknown,03 - P.D. only,06 - SMV unattended vehicle
4784,ESPRIT DR btwn AQUAVIEW DR & GALLERIA CIRC,385048.8256,5035565.096,10/23/16,6:53,01 - Clear,01 - Dry,10 - No control,01 - Non intersection,07 - Dark,03 - P.D. only,06 - SMV unattended vehicle
4785,ESSON ST @ HUNT CLUB RD,374638.6404,5025907.301,2/19/16,15:58,03 - Snow,03 - Loose snow,02 - Stop sign,03 - At intersection,01 - Daylight,03 - P.D. only,02 - Angle
4786,ESSON ST @ HUNT CLUB RD,374640.537,5025907.255,3/30/16,19:10,01 - Clear,01 - Dry,02 - Stop sign,02 - Intersection related,07 - Dark,03 - P.D. only,07 - SMV other
4787,ESSON ST @ HUNT CLUB RD,374639.5136,5025906.848,2/24/16,12:26,03 - Snow,04 - Slush,02 - Stop sign,02 - Intersection related,01 - Daylight,03 - P.D. only,03 - Rear end
4788,ESSON ST @ HUNT CLUB RD,374640.4123,5025907.97,5/13/16,13:02,01 - Clear,01 - Dry,02 - Stop sign,03 - At intersection,01 - Daylight,03 - P.D. only,02 - Angle
4789,ESSON ST btwn CHRIS LUND PRIV & HUNT CLUB RD,374627.4049,5025927.515,4/12/16,17:30,01 - Clear,01 - Dry,10 - No control,01 - Non intersection,01 - Daylight,03 - P.D. only,06 - SMV unattended vehicle
4790,ESSON ST btwn CHRIS LUND PRIV & HUNT CLUB RD,374610.5081,5025957.56,12/17/16,0:00,03 - Snow,05 - Packed snow,10 - No control,01 - Non intersection,00 - Unknown,03 - P.D. only,06 - SMV unattended vehicle
4791,ESTERBROOK DR btwn ROLLING MEADOW CRES & DOVEHAVEN ST,381759.421,5032376.268,11/11/16,0:00,01 - Clear,01 - Dry,10 - No control,01 - Non intersection,00 - Unknown,03 - P.D. only,06 - SMV unattended vehicle
4792,EUCALYPTUS CIR/SANTOLINA ST @ ROSEHILL AVE,349971.5233,5015962.416,9/4/16,17:56,01 - Clear,01 - Dry,02 - Stop sign,03 - At intersection,01 - Daylight,03 - P.D. only,02 - Angle
4793,EVANS AVE btwn BANK ST & END,369797.9958,5027045.325,12/7/16,12:34,01 - Clear,04 - Slush,10 - No control,01 - Non intersection,01 - Daylight,03 - P.D. only,06 - SMV unattended vehicle
4794,EVANS BLVD @ HERON RD,370262.9458,5026884.765,10/24/16,16:02,01 - Clear,01 - Dry,02 - Stop sign,02 - Intersection related,01 - Daylight,03 - P.D. only,04 - Sideswipe
4795,EVANSHEN CRES @ ROBSON CRT E,350501.382,5019648.686,9/27/16,8:32,01 - Clear,01 - Dry,02 - Stop sign,02 - Intersection related,01 - Daylight,02 - Non-fatal injury,07 - SMV other
4796,EVELYN AVE btwn MAIN ST & ROSEMERE AVE,369107.4459,5030513.738,12/15/16,7:45,01 - Clear,05 - Packed snow,10 - No control,04 - At/near private drive,03 - Dawn,02 - Non-fatal injury,07 - SMV other
4797,EVELYN DR/MUSKET WAY @ TODD DR,357424.1483,5006725.445,12/25/16,15:00,01 - Clear,01 - Dry,03 - Yield sign,02 - Intersection related,01 - Daylight,03 - P.D. only,01 - Approaching
4798,EVEREST PRIV @ RUSSELL RD,372691.4938,5029716.211,12/23/16,15:36,01 - Clear,02 - Wet,02 - Stop sign,03 - At intersection,01 - Daylight,03 - P.D. only,02 - Angle
4799,EWING ST @ JOHNSTON RD,373637.737,5026421.529,11/23/16,18:28,01 - Clear,02 - Wet,02 - Stop sign,03 - At intersection,07 - Dark,03 - P.D. only,02 - Angle
4800,EXPLORER LANE N @ VOYAGEUR DR N,378434.5621,5037818.661,12/17/16,14:15,03 - Snow,03 - Loose snow,10 - No control,02 - Intersection related,01 - Daylight,03 - P.D. only,02 - Angle
4801,EYE BRIGHT CRES btwn ROYAL FERN WAY & ROYAL FERN WAY,369747.9638,5015906.188,2/18/16,10:08,01 - Clear,05 - Packed snow,10 - No control,04 - At/near private drive,01 - Daylight,03 - P.D. only,06 - SMV unattended vehicle
4802,FABLE ST btwn SHERWAY DR & BERKSHIRE WAY,362586.5729,5015313.968,2/26/16,20:15,01 - Clear,01 - Dry,10 - No control,04 - At/near private drive,07 - Dark,03 - P.D. only,06 - SMV unattended vehicle
4803,FAIRBAIRN ST btwn SUNNYSIDE AVE & BELMONT AVE,368875.6453,5028650.334,3/21/16,7:30,01 - Clear,01 - Dry,10 - No control,01 - Non intersection,01 - Daylight,03 - P.D. only,04 - Sideswipe
4804,FAIRBANKS AVE @ PLEASANT PARK RD,370857.9746,5028520.178,1/12/16,8:15,01 - Clear,02 - Wet,02 - Stop sign,03 - At intersection,01 - Daylight,03 - P.D. only,02 - Angle
4805,FAIRBANKS AVE @ SMYTH RD,370628.9402,5029081.777,10/20/16,8:47,01 - Clear,01 - Dry,02 - Stop sign,03 - At intersection,01 - Daylight,03 - P.D. only,05 - Turning movement
4806,FAIRBANKS AVE @ SMYTH RD,370628.7207,5029081.972,12/20/16,9:40,01 - Clear,02 - Wet,02 - Stop sign,02 - Intersection related,01 - Daylight,03 - P.D. only,02 - Angle
4807,FAIRGREEN AVE btwn TRIM RD & COLONIAL RD,388890.7747,5031690.77,8/14/16,1:18,02 - Rain,02 - Wet,10 - No control,01 - Non intersection,07 - Dark,02 - Non-fatal injury,07 - SMV other
4808,FAIRHAVEN WAY btwn GREENHILL WAY & BLACKTHORNE AVE (1),372542.7661,5034574.782,5/8/16,0:00,01 - Clear,01 - Dry,10 - No control,04 - At/near private drive,00 - Unknown,03 - P.D. only,06 - SMV unattended vehicle
4809,FAIRLAWN AVE btwn WOODROFFE AVE & FOX CRES,361947.9295,5025791.61,12/29/16,15:18,03 - Snow,03 - Loose snow,10 - No control,04 - At/near private drive,01 - Daylight,02 - Non-fatal injury,02 - Angle
4810,FAIRLAWN AVE btwn WOODROFFE AVE & FOX CRES,361941.2769,5025819.024,1/13/16,17:13,03 - Snow,05 - Packed snow,10 - No control,01 - Non intersection,05 - Dusk,03 - P.D. only,03 - Rear end
4811,FAIRLEA CRES btwn HEATHERINGTON RD & GORE PRIV,372062.9864,5026703.646,3/12/16,12:16,01 - Clear,01 - Dry,10 - No control,01 - Non intersection,01 - Daylight,03 - P.D. only,06 - SMV unattended vehicle
4812,FAIRLEA CRES btwn HEATHERINGTON RD & GORE PRIV,372077.4019,5026587.236,12/25/16,0:54,01 - Clear,02 - Wet,10 - No control,01 - Non intersection,07 - Dark,03 - P.D. only,06 - SMV unattended vehicle
4813,FAIRMONT AVE @ WELLINGTON ST,365556.1674,5029697.664,6/29/16,9:59,01 - Clear,01 - Dry,01 - Traffic signal,02 - Intersection related,01 - Daylight,03 - P.D. only,02 - Angle
4814,FAIRMONT AVE btwn DUHAMEL ST & GLADSTONE AVE,365729.1115,5029359.108,8/10/16,9:00,01 - Clear,01 - Dry,10 - No control,01 - Non intersection,01 - Daylight,03 - P.D. only,06 - SMV unattended vehicle
4815,FAIRMONT AVE btwn WELLINGTON ST W & DUHAMEL ST,365567.0852,5029680.913,12/11/16,0:00,01 - Clear,01 - Dry,10 - No control,01 - Non intersection,00 - Unknown,03 - P.D. only,06 - SMV unattended vehicle
4816,FAIRWINDS TER btwn Continuation of FAIRWINDS TER & TO BE DETERMINED,378396.5297,5037960.203,12/5/16,12:26,03 - Snow,03 - Loose snow,10 - No control,04 - At/near private drive,01 - Daylight,03 - P.D. only,02 - Angle
4817,FALAISE RD @ FISHER AVE,366775.4862,5024561.299,2/12/16,8:52,01 - Clear,02 - Wet,02 - Stop sign,03 - At intersection,01 - Daylight,03 - P.D. only,05 - Turning movement
4818,FALAISE RD @ NORMANDY CRES,366603.5389,5024488.102,12/17/16,11:10,03 - Snow,03 - Loose snow,02 - Stop sign,03 - At intersection,01 - Daylight,03 - P.D. only,02 - Angle
4819,FALAISE RD btwn FISHER AVE & ORTONA AVE,366886.4185,5024607.744,5/28/16,22:26,01 - Clear,01 - Dry,10 - No control,01 - Non intersection,07 - Dark,03 - P.D. only,06 - SMV unattended vehicle
4820,FALCON AVE btwn GREGG ST & BROOKFIELD RD,369636.7313,5026515.465,11/25/16,0:00,01 - Clear,02 - Wet,10 - No control,01 - Non intersection,00 - Unknown,03 - P.D. only,06 - SMV unattended vehicle
4821,FALCONCREST CRT btwn ROSSIGNOL CRES & END,383122.6986,5039442.748,9/22/16,0:00,02 - Rain,02 - Wet,10 - No control,01 - Non intersection,00 - Unknown,03 - P.D. only,06 - SMV unattended vehicle
4822,FALLINGWATER CIRC btwn Continuation of FALLINGWATER CIRC & Continuatio,364301.6299,5012850.226,10/31/16,10:02,01 - Clear,01 - Dry,10 - No control,04 - At/near private drive,01 - Daylight,03 - P.D. only,06 - SMV unattended vehicle
4823,FALLMOUTH CRT @ CLEARBROOK DR,366013.8793,5014913.736,8/4/16,13:21,01 - Clear,01 - Dry,02 - Stop sign,03 - At intersection,01 - Daylight,02 - Non-fatal injury,02 - Angle
4824,FALLOWFIELD RD @ 482 E OF HOLITMAN DR/BARRHAVE,364164.2645,5017376.488,12/15/16,15:40,05 - Drifting Snow,03 - Loose snow,01 - Traffic signal,03 - At intersection,01 - Daylight,02 - Non-fatal injury,04 - Sideswipe
4825,FALLOWFIELD RD @ 482 E OF HOLITMAN DR/BARRHAVE,364167.174,5017377.592,1/6/16,8:02,01 - Clear,06 - Ice,01 - Traffic signal,03 - At intersection,01 - Daylight,03 - P.D. only,07 - SMV other
4826,FALLOWFIELD RD @ GREENBANK RD,363080.903,5016733.364,8/11/16,14:45,01 - Clear,01 - Dry,01 - Traffic signal,03 - At intersection,01 - Daylight,02 - Non-fatal injury,05 - Turning movement
4827,FALLOWFIELD RD @ GREENBANK RD,363079.578,5016733.114,1/19/16,16:59,01 - Clear,01 - Dry,01 - Traffic signal,03 - At intersection,05 - Dusk,02 - Non-fatal injury,05 - Turning movement
4828,FALLOWFIELD RD @ GREENBANK RD,363079.7587,5016733.475,6/22/16,11:05,01 - Clear,01 - Dry,01 - Traffic signal,03 - At intersection,01 - Daylight,02 - Non-fatal injury,05 - Turning movement
4829,FALLOWFIELD RD @ GREENBANK RD,363079.8475,5016731.213,11/23/16,11:01,01 - Clear,01 - Dry,01 - Traffic signal,02 - Intersection related,01 - Daylight,02 - Non-fatal injury,03 - Rear end
4830,FALLOWFIELD RD @ GREENBANK RD,363079.8173,5016731.597,12/14/16,13:06,01 - Clear,01 - Dry,01 - Traffic signal,02 - Intersection related,01 - Daylight,02 - Non-fatal injury,03 - Rear end
4831,FALLOWFIELD RD @ GREENBANK RD,363080.444,5016732.687,12/30/16,12:40,01 - Clear,03 - Loose snow,01 - Traffic signal,03 - At intersection,01 - Daylight,02 - Non-fatal injury,05 - Turning movement
4832,FALLOWFIELD RD @ GREENBANK RD,363080.9075,5016732.687,12/30/16,8:53,01 - Clear,02 - Wet,01 - Traffic signal,03 - At intersection,01 - Daylight,02 - Non-fatal injury,03 - Rear end
4833,FALLOWFIELD RD @ GREENBANK RD,363081.5039,5016733.283,12/20/16,9:45,01 - Clear,02 - Wet,01 - Traffic signal,03 - At intersection,01 - Daylight,02 - Non-fatal injury,02 - Angle
4834,FALLOWFIELD RD @ GREENBANK RD,363080.0171,5016732.236,7/12/16,13:58,01 - Clear,01 - Dry,01 - Traffic signal,03 - At intersection,01 - Daylight,02 - Non-fatal injury,05 - Turning movement
4835,FALLOWFIELD RD @ GREENBANK RD,363080.4562,5016731.358,11/20/16,6:11,02 - Rain,02 - Wet,01 - Traffic signal,03 - At intersection,07 - Dark,02 - Non-fatal injury,02 - Angle
4836,FALLOWFIELD RD @ GREENBANK RD,363080.4537,5016732.233,2/26/16,12:56,01 - Clear,06 - Ice,01 - Traffic signal,03 - At intersection,01 - Daylight,03 - P.D. only,02 - Angle
4837,FALLOWFIELD RD @ GREENBANK RD,363081.0663,5016731.674,8/19/16,8:04,01 - Clear,01 - Dry,01 - Traffic signal,03 - At intersection,01 - Daylight,03 - P.D. only,05 - Turning movement
4838,FALLOWFIELD RD @ GREENBANK RD,363083.1602,5016732.041,8/29/16,17:40,01 - Clear,01 - Dry,01 - Traffic signal,02 - Intersection related,01 - Daylight,03 - P.D. only,03 - Rear end
4839,FALLOWFIELD RD @ GREENBANK RD,363081.3575,5016732.91,7/26/16,15:40,01 - Clear,01 - Dry,01 - Traffic signal,02 - Intersection related,01 - Daylight,03 - P.D. only,03 - Rear end
4840,FALLOWFIELD RD @ GREENBANK RD,363080.4562,5016732.675,2/8/16,7:30,01 - Clear,01 - Dry,01 - Traffic signal,02 - Intersection related,01 - Daylight,03 - P.D. only,03 - Rear end
4841,FALLOWFIELD RD @ GREENBANK RD,363080.8977,5016733.565,2/15/16,9:43,01 - Clear,01 - Dry,01 - Traffic signal,02 - Intersection related,01 - Daylight,03 - P.D. only,03 - Rear end
4842,FALLOWFIELD RD @ GREENBANK RD,363080.471,5016732.195,2/17/16,19:54,01 - Clear,06 - Ice,01 - Traffic signal,02 - Intersection related,07 - Dark,03 - P.D. only,03 - Rear end
4843,FALLOWFIELD RD @ GREENBANK RD,363081.3521,5016731.328,5/23/16,20:47,01 - Clear,01 - Dry,01 - Traffic signal,03 - At intersection,07 - Dark,03 - P.D. only,05 - Turning movement
4844,FALLOWFIELD RD @ GREENBANK RD,363079.0194,5016732.041,11/21/16,20:13,03 - Snow,02 - Wet,01 - Traffic signal,03 - At intersection,07 - Dark,03 - P.D. only,03 - Rear end
4845,FALLOWFIELD RD @ GREENBANK RD,363080.4512,5016733.129,4/4/16,17:43,01 - Clear,01 - Dry,01 - Traffic signal,02 - Intersection related,01 - Daylight,03 - P.D. only,03 - Rear end
4846,FALLOWFIELD RD @ GREENBANK RD,363080.0171,5016732.236,11/10/16,12:32,01 - Clear,01 - Dry,01 - Traffic signal,02 - Intersection related,01 - Daylight,03 - P.D. only,04 - Sideswipe
4847,FALLOWFIELD RD @ GREENBANK RD,363079.5559,5016732.679,3/2/16,15:15,03 - Snow,03 - Loose snow,01 - Traffic signal,02 - Intersection related,01 - Daylight,03 - P.D. only,03 - Rear end
4848,FALLOWFIELD RD @ GREENBANK RD,363080.444,5016731.76,7/9/16,18:03,01 - Clear,01 - Dry,01 - Traffic signal,03 - At intersection,01 - Daylight,03 - P.D. only,04 - Sideswipe
4849,FALLOWFIELD RD @ GREENBANK RD,363081.8031,5016732.681,6/13/16,12:35,01 - Clear,01 - Dry,01 - Traffic signal,03 - At intersection,01 - Daylight,03 - P.D. only,05 - Turning movement
4850,FALLOWFIELD RD @ GREENBANK RD,363079.5483,5016732.681,5/7/16,22:13,01 - Clear,01 - Dry,01 - Traffic signal,03 - At intersection,07 - Dark,03 - P.D. only,05 - Turning movement
4851,FALLOWFIELD RD @ GREENBANK RD,363080.903,5016732.001,7/25/16,16:32,01 - Clear,01 - Dry,01 - Traffic signal,02 - Intersection related,01 - Daylight,03 - P.D. only,03 - Rear end
4852,FALLOWFIELD RD @ GREENBANK RD,363080.0171,5016732.236,9/20/16,18:52,01 - Clear,01 - Dry,01 - Traffic signal,03 - At intersection,05 - Dusk,03 - P.D. only,05 - Turning movement
4853,FALLOWFIELD RD @ GREENBANK RD,363079.8475,5016732.041,10/4/16,8:26,01 - Clear,01 - Dry,01 - Traffic signal,02 - Intersection related,01 - Daylight,03 - P.D. only,03 - Rear end
4854,FALLOWFIELD RD @ GREENBANK RD,363080.0171,5016732.236,12/11/16,20:49,03 - Snow,03 - Loose snow,01 - Traffic signal,03 - At intersection,07 - Dark,03 - P.D. only,05 - Turning movement
4855,FALLOWFIELD RD @ HWY 416 FALLOWFI IC66R24,360278.5586,5014852.254,9/6/16,13:56,01 - Clear,01 - Dry,02 - Stop sign,03 - At intersection,01 - Daylight,02 - Non-fatal injury,02 - Angle
4856,FALLOWFIELD RD @ HWY 416 FALLOWFI IC66R24,360278.967,5014849.501,11/3/16,15:30,01 - Clear,01 - Dry,02 - Stop sign,02 - Intersection related,01 - Daylight,03 - P.D. only,03 - Rear end
4857,FALLOWFIELD RD @ HWY 416 FALLOWFI IC66R34,359824.0067,5014725.562,10/24/16,15:31,01 - Clear,01 - Dry,01 - Traffic signal,02 - Intersection related,01 - Daylight,03 - P.D. only,03 - Rear end
4858,FALLOWFIELD RD @ HWY 416 FALLOWFI IC66R34,359825.1368,5014727.762,11/21/16,16:51,03 - Snow,03 - Loose snow,01 - Traffic signal,02 - Intersection related,05 - Dusk,03 - P.D. only,02 - Angle
4859,FALLOWFIELD RD @ KIMINI DR,352560.7724,5009745.784,1/5/16,16:34,01 - Clear,06 - Ice,02 - Stop sign,03 - At intersection,01 - Daylight,03 - P.D. only,05 - Turning movement
4860,FALLOWFIELD RD @ LARKIN DR,361721.6662,5015913.666,6/21/16,18:30,01 - Clear,01 - Dry,01 - Traffic signal,02 - Intersection related,01 - Daylight,02 - Non-fatal injury,03 - Rear end
4861,FALLOWFIELD RD @ LARKIN DR,361721.4422,5015913.66,4/6/16,17:19,03 - Snow,03 - Loose snow,01 - Traffic signal,02 - Intersection related,01 - Daylight,03 - P.D. only,03 - Rear end
4862,FALLOWFIELD RD @ LARKIN DR,361720.5685,5015913.217,6/24/16,14:20,01 - Clear,01 - Dry,01 - Traffic signal,02 - Intersection related,01 - Daylight,03 - P.D. only,03 - Rear end
4863,FALLOWFIELD RD @ LARKIN DR,361720.0099,5015911.366,12/5/16,6:50,03 - Snow,04 - Slush,01 - Traffic signal,02 - Intersection related,07 - Dark,03 - P.D. only,03 - Rear end
4864,FALLOWFIELD RD @ MCCAFFREY TR,343382.9755,5001733.161,12/13/16,20:04,03 - Snow,06 - Ice,02 - Stop sign,02 - Intersection related,07 - Dark,03 - P.D. only,07 - SMV other
4865,FALLOWFIELD RD @ MERIVALE RD,366890.0563,5018846.54,9/24/16,18:24,01 - Clear,01 - Dry,01 - Traffic signal,03 - At intersection,01 - Daylight,02 - Non-fatal injury,03 - Rear end
4866,FALLOWFIELD RD @ MERIVALE RD,366891.7126,5018844.706,11/22/16,15:49,01 - Clear,02 - Wet,01 - Traffic signal,03 - At intersection,01 - Daylight,02 - Non-fatal injury,05 - Turning movement
4867,FALLOWFIELD RD @ MERIVALE RD,366892.5408,5018844.055,12/19/16,2:47,04 - Freezing Rain,06 - Ice,01 - Traffic signal,02 - Intersection related,07 - Dark,02 - Non-fatal injury,07 - SMV other
4868,FALLOWFIELD RD @ MERIVALE RD,366891.7126,5018844.233,10/11/16,11:50,01 - Clear,01 - Dry,01 - Traffic signal,02 - Intersection related,01 - Daylight,03 - P.D. only,03 - Rear end
4869,FALLOWFIELD RD @ MERIVALE RD,366891.054,5018845.128,2/10/16,10:31,01 - Clear,02 - Wet,01 - Traffic signal,03 - At intersection,01 - Daylight,03 - P.D. only,05 - Turning movement
4870,FALLOWFIELD RD @ MERIVALE RD,366890.0563,5018846.54,8/12/16,7:44,01 - Clear,02 - Wet,01 - Traffic signal,02 - Intersection related,01 - Daylight,03 - P.D. only,03 - Rear end
4871,FALLOWFIELD RD @ MERIVALE RD,366891.4931,5018844.25,1/18/16,9:40,03 - Snow,03 - Loose snow,01 - Traffic signal,02 - Intersection related,01 - Daylight,03 - P.D. only,03 - Rear end
4872,FALLOWFIELD RD @ MERIVALE RD,366891.4881,5018844.694,5/1/16,15:48,02 - Rain,02 - Wet,01 - Traffic signal,02 - Intersection related,01 - Daylight,03 - P.D. only,03 - Rear end
4873,FALLOWFIELD RD @ MERIVALE RD,366890.381,5018845.268,3/21/16,15:28,01 - Clear,01 - Dry,01 - Traffic signal,02 - Intersection related,01 - Daylight,03 - P.D. only,03 - Rear end
4874,FALLOWFIELD RD @ MERIVALE RD,366891.04,5018844.918,4/6/16,17:02,03 - Snow,04 - Slush,01 - Traffic signal,02 - Intersection related,01 - Daylight,03 - P.D. only,03 - Rear end
4875,FALLOWFIELD RD @ MERIVALE RD,366891.0392,5018844.694,5/2/16,7:44,01 - Clear,01 - Dry,01 - Traffic signal,03 - At intersection,01 - Daylight,03 - P.D. only,07 - SMV other
4876,FALLOWFIELD RD @ MERIVALE RD,366890.5762,5018844.015,7/12/16,18:31,01 - Clear,01 - Dry,01 - Traffic signal,02 - Intersection related,01 - Daylight,03 - P.D. only,03 - Rear end
4877,FALLOWFIELD RD @ MOODIE DR,359501.3896,5014635.614,4/2/16,13:37,01 - Clear,01 - Dry,01 - Traffic signal,03 - At intersection,01 - Daylight,02 - Non-fatal injury,03 - Rear end
4878,FALLOWFIELD RD @ MOODIE DR,359502.4548,5014635.081,3/21/16,15:37,01 - Clear,01 - Dry,01 - Traffic signal,02 - Intersection related,01 - Daylight,02 - Non-fatal injury,03 - Rear end
4879,FALLOWFIELD RD @ MOODIE DR,359501.6559,5014636.413,10/25/16,13:50,01 - Clear,01 - Dry,01 - Traffic signal,02 - Intersection related,01 - Daylight,03 - P.D. only,03 - Rear end
4880,FALLOWFIELD RD @ MOODIE DR,359501.2653,5014635.632,5/13/16,0:05,01 - Clear,01 - Dry,01 - Traffic signal,03 - At intersection,07 - Dark,03 - P.D. only,05 - Turning movement
4881,FALLOWFIELD RD @ MOODIE DR,359502.3377,5014636.867,7/5/16,15:47,01 - Clear,01 - Dry,01 - Traffic signal,02 - Intersection related,01 - Daylight,03 - P.D. only,03 - Rear end
4882,FALLOWFIELD RD @ MOODIE DR,359503.2623,5014636.145,9/23/16,7:45,01 - Clear,01 - Dry,01 - Traffic signal,02 - Intersection related,01 - Daylight,03 - P.D. only,03 - Rear end
4883,FALLOWFIELD RD @ MOODIE DR,359500.9795,5014637.54,5/26/16,8:10,01 - Clear,01 - Dry,01 - Traffic signal,02 - Intersection related,01 - Daylight,03 - P.D. only,03 - Rear end
4884,FALLOWFIELD RD @ MOODIE DR,359501.4304,5014636.187,5/10/16,19:41,01 - Clear,01 - Dry,01 - Traffic signal,02 - Intersection related,01 - Daylight,03 - P.D. only,03 - Rear end
4885,FALLOWFIELD RD @ MOODIE DR,359503.3122,5014636.827,12/16/16,9:43,01 - Clear,06 - Ice,01 - Traffic signal,02 - Intersection related,01 - Daylight,03 - P.D. only,03 - Rear end
4886,FALLOWFIELD RD @ RICHMOND RD,357720.5379,5013528.757,1/21/16,16:43,01 - Clear,01 - Dry,01 - Traffic signal,02 - Intersection related,05 - Dusk,02 - Non-fatal injury,03 - Rear end
4887,FALLOWFIELD RD @ RICHMOND RD,357720.5379,5013530.075,9/27/16,13:35,01 - Clear,01 - Dry,01 - Traffic signal,03 - At intersection,01 - Daylight,02 - Non-fatal injury,02 - Angle
4888,FALLOWFIELD RD @ RICHMOND RD,357720.8367,5013528.617,3/21/16,17:35,01 - Clear,01 - Dry,01 - Traffic signal,02 - Intersection related,01 - Daylight,03 - P.D. only,03 - Rear end
4889,FALLOWFIELD RD @ STRANDHERD DR,360752.8834,5014961.935,1/19/16,6:27,01 - Clear,06 - Ice,01 - Traffic signal,02 - Intersection related,07 - Dark,03 - P.D. only,03 - Rear end
4890,FALLOWFIELD RD @ STRANDHERD DR,360753.3225,5014961.935,1/13/16,15:11,01 - Clear,02 - Wet,01 - Traffic signal,02 - Intersection related,01 - Daylight,03 - P.D. only,04 - Sideswipe
4891,FALLOWFIELD RD @ STRANDHERD DR,360752.4468,5014963.264,2/20/16,3:57,02 - Rain,04 - Slush,01 - Traffic signal,02 - Intersection related,07 - Dark,03 - P.D. only,03 - Rear end
4892,FALLOWFIELD RD @ STRANDHERD DR,360751.5662,5014961.935,6/18/16,13:50,01 - Clear,01 - Dry,01 - Traffic signal,02 - Intersection related,01 - Daylight,03 - P.D. only,03 - Rear end
4893,FALLOWFIELD RD @ TRANSITWAY/VIARAIL,364466.9984,5017548.986,2/11/16,17:54,01 - Clear,01 - Dry,01 - Traffic signal,03 - At intersection,07 - Dark,02 - Non-fatal injury,05 - Turning movement
4894,FALLOWFIELD RD @ VIA PARK PL/275 W OF WOODROFFE AVE,364847.9032,5017764.911,3/7/16,21:15,01 - Clear,01 - Dry,01 - Traffic signal,03 - At intersection,07 - Dark,02 - Non-fatal injury,07 - SMV other
4895,FALLOWFIELD RD @ VIA PARK PL/275 W OF WOODROFFE AVE,364847.4568,5017766.24,1/22/16,18:07,01 - Clear,01 - Dry,01 - Traffic signal,02 - Intersection related,07 - Dark,02 - Non-fatal injury,03 - Rear end
4896,FALLOWFIELD RD @ VIA PARK PL/275 W OF WOODROFFE AVE,364846.1175,5017767.141,3/4/16,16:52,01 - Clear,01 - Dry,01 - Traffic signal,03 - At intersection,01 - Daylight,02 - Non-fatal injury,05 - Turning movement