Record,Location,X,Y,Date,Time,Environment,Road_Surface,Traffic_Control,Collision_Location,Light,Collision_Classification,Impact_type
4897,FALLOWFIELD RD @ VIA PARK PL/275 W OF WOODROFFE AVE,364848.0655,5017764.779,10/25/16,7:20,01 - Clear,01 - Dry,01 - Traffic signal,02 - Intersection related,01 - Daylight,03 - P.D. only,03 - Rear end
4898,FALLOWFIELD RD @ VIA PARK PL/275 W OF WOODROFFE AVE,364847.0601,5017766.568,8/17/16,17:00,01 - Clear,01 - Dry,01 - Traffic signal,02 - Intersection related,01 - Daylight,03 - P.D. only,03 - Rear end
4899,FALLOWFIELD RD @ VIA PARK PL/275 W OF WOODROFFE AVE,364846.4384,5017765.755,4/5/16,11:05,01 - Clear,01 - Dry,01 - Traffic signal,02 - Intersection related,01 - Daylight,03 - P.D. only,03 - Rear end
4900,FALLOWFIELD RD @ WOODROFFE AVE,365084.0523,5017903.849,1/26/16,16:32,01 - Clear,02 - Wet,01 - Traffic signal,02 - Intersection related,05 - Dusk,02 - Non-fatal injury,03 - Rear end
4901,FALLOWFIELD RD @ WOODROFFE AVE,365084.4841,5017904.3,2/19/16,10:22,01 - Clear,01 - Dry,01 - Traffic signal,02 - Intersection related,01 - Daylight,02 - Non-fatal injury,03 - Rear end
4902,FALLOWFIELD RD @ WOODROFFE AVE,365085.3747,5017902.291,5/19/16,18:53,01 - Clear,01 - Dry,01 - Traffic signal,02 - Intersection related,01 - Daylight,02 - Non-fatal injury,03 - Rear end
4903,FALLOWFIELD RD @ WOODROFFE AVE,365084.928,5017904.3,3/8/16,7:15,01 - Clear,01 - Dry,01 - Traffic signal,02 - Intersection related,01 - Daylight,03 - P.D. only,03 - Rear end
4904,FALLOWFIELD RD @ WOODROFFE AVE,365085.3695,5017903.41,8/16/16,12:00,01 - Clear,01 - Dry,01 - Traffic signal,03 - At intersection,01 - Daylight,03 - P.D. only,02 - Angle
4905,FALLOWFIELD RD @ WOODROFFE AVE,365084.6145,5017904.529,9/8/16,7:34,02 - Rain,02 - Wet,01 - Traffic signal,02 - Intersection related,01 - Daylight,03 - P.D. only,03 - Rear end
4906,FALLOWFIELD RD @ WOODROFFE AVE,365085.8673,5017904.159,1/16/16,15:55,01 - Clear,02 - Wet,01 - Traffic signal,02 - Intersection related,01 - Daylight,03 - P.D. only,03 - Rear end
4907,FALLOWFIELD RD @ WOODROFFE AVE,365084.7594,5017903.971,3/9/16,8:08,01 - Clear,02 - Wet,01 - Traffic signal,02 - Intersection related,01 - Daylight,03 - P.D. only,03 - Rear end
4908,FALLOWFIELD RD @ WOODROFFE AVE,365084.4758,5017903.19,5/6/16,16:46,01 - Clear,01 - Dry,01 - Traffic signal,02 - Intersection related,01 - Daylight,03 - P.D. only,03 - Rear end
4909,FALLOWFIELD RD @ WOODROFFE AVE,365084.926,5017903.414,3/24/16,17:52,04 - Freezing Rain,03 - Loose snow,01 - Traffic signal,02 - Intersection related,01 - Daylight,03 - P.D. only,07 - SMV other
4910,FALLOWFIELD RD @ WOODROFFE AVE,365085.9782,5017901.12,11/21/16,16:50,03 - Snow,03 - Loose snow,01 - Traffic signal,02 - Intersection related,05 - Dusk,03 - P.D. only,03 - Rear end
4911,FALLOWFIELD RD @ WOODROFFE AVE,365085.3695,5017902.97,6/24/16,23:03,01 - Clear,01 - Dry,01 - Traffic signal,02 - Intersection related,07 - Dark,03 - P.D. only,03 - Rear end
4912,FALLOWFIELD RD @ WOODROFFE AVE,365085.1232,5017904.313,11/11/16,17:59,01 - Clear,01 - Dry,01 - Traffic signal,02 - Intersection related,07 - Dark,03 - P.D. only,03 - Rear end
4913,FALLOWFIELD RD @ WOODROFFE AVE,365085.15,5017902.48,11/22/16,0:25,03 - Snow,03 - Loose snow,01 - Traffic signal,03 - At intersection,07 - Dark,03 - P.D. only,02 - Angle
4914,FALLOWFIELD RD @ WOODROFFE AVE,365085.15,5017904.432,11/8/16,9:00,01 - Clear,01 - Dry,01 - Traffic signal,03 - At intersection,01 - Daylight,03 - P.D. only,03 - Rear end
4915,FALLOWFIELD RD @ WOODROFFE AVE,365085.15,5017901.948,12/22/16,8:27,01 - Clear,03 - Loose snow,01 - Traffic signal,03 - At intersection,01 - Daylight,03 - P.D. only,03 - Rear end
4916,FALLOWFIELD RD @ WOODROFFE AVE,365084.4914,5017903.41,11/12/16,15:48,01 - Clear,01 - Dry,01 - Traffic signal,03 - At intersection,01 - Daylight,03 - P.D. only,02 - Angle
4917,FALLOWFIELD RD @ WOODROFFE AVE,365085.15,5017902.48,2/16/16,20:50,03 - Snow,03 - Loose snow,01 - Traffic signal,02 - Intersection related,07 - Dark,03 - P.D. only,04 - Sideswipe
4918,FALLOWFIELD RD btwn ASHDALE AVE & PRINCE OF WALES DR,367313.5816,5019112.226,9/7/16,14:46,01 - Clear,01 - Dry,10 - No control,01 - Non intersection,01 - Daylight,02 - Non-fatal injury,03 - Rear end
4919,FALLOWFIELD RD btwn ASHDALE AVE & PRINCE OF WALES DR,367361.4447,5019144.159,10/5/16,9:33,01 - Clear,01 - Dry,10 - No control,01 - Non intersection,01 - Daylight,02 - Non-fatal injury,03 - Rear end
4920,FALLOWFIELD RD btwn ASHDALE AVE & PRINCE OF WALES DR,367364.8033,5019146.053,2/13/16,14:30,01 - Clear,03 - Loose snow,10 - No control,01 - Non intersection,01 - Daylight,03 - P.D. only,01 - Approaching
4921,FALLOWFIELD RD btwn ASHDALE AVE & PRINCE OF WALES DR,367312.1123,5019113.15,6/17/16,18:10,01 - Clear,01 - Dry,10 - No control,01 - Non intersection,01 - Daylight,03 - P.D. only,03 - Rear end
4922,FALLOWFIELD RD btwn ASHDALE AVE & PRINCE OF WALES DR,367229.5673,5019059.994,1/18/16,16:54,01 - Clear,01 - Dry,10 - No control,01 - Non intersection,05 - Dusk,03 - P.D. only,03 - Rear end
4923,FALLOWFIELD RD btwn CONLEY RD & HUNTLEY RD,351754.0887,5009040.549,1/20/16,7:37,01 - Clear,06 - Ice,10 - No control,01 - Non intersection,03 - Dawn,03 - P.D. only,07 - SMV other
4924,FALLOWFIELD RD btwn EAGLESON RD & RICHMOND RD,356896.2518,5013047.624,8/20/16,2:25,01 - Clear,01 - Dry,10 - No control,01 - Non intersection,07 - Dark,02 - Non-fatal injury,07 - SMV other
4925,FALLOWFIELD RD btwn EAGLESON RD & RICHMOND RD,356852.2172,5013027.028,1/3/16,5:40,05 - Drifting Snow,03 - Loose snow,10 - No control,01 - Non intersection,07 - Dark,03 - P.D. only,07 - SMV other
4926,FALLOWFIELD RD btwn EAGLESON RD & RICHMOND RD,356112.7995,5012611.942,2/26/16,7:26,04 - Freezing Rain,06 - Ice,10 - No control,01 - Non intersection,01 - Daylight,03 - P.D. only,99 - Other
4927,FALLOWFIELD RD btwn EAGLESON RD & RICHMOND RD,356549.1949,5012853.163,11/20/16,17:20,03 - Snow,06 - Ice,10 - No control,01 - Non intersection,07 - Dark,03 - P.D. only,03 - Rear end
4928,FALLOWFIELD RD btwn EAGLESON RD & RICHMOND RD,356640.365,5012901.983,11/20/16,18:15,03 - Snow,06 - Ice,10 - No control,01 - Non intersection,07 - Dark,03 - P.D. only,07 - SMV other
4929,FALLOWFIELD RD btwn HOLITMAN DR & 482 E OF HOLITMAN DR/BARRHAVEN CROSS,363939.3645,5017252.373,3/18/16,8:00,01 - Clear,01 - Dry,10 - No control,01 - Non intersection,01 - Daylight,03 - P.D. only,03 - Rear end
4930,FALLOWFIELD RD btwn HWY416 IC66 RAMP62 & STRANDHERD DR,360713.3664,5014959.739,6/25/16,11:56,01 - Clear,01 - Dry,10 - No control,01 - Non intersection,01 - Daylight,02 - Non-fatal injury,07 - SMV other
4931,FALLOWFIELD RD btwn HWY416 IC66 RAMP63 & HWY416 IC66 RAMP52,360071.607,5014794.782,7/8/16,16:45,01 - Clear,01 - Dry,10 - No control,01 - Non intersection,01 - Daylight,03 - P.D. only,03 - Rear end
4932,FALLOWFIELD RD btwn KIMINI DR & SHEA RD,353151.946,5010279.106,8/21/16,7:10,02 - Rain,02 - Wet,10 - No control,01 - Non intersection,01 - Daylight,03 - P.D. only,07 - SMV other
4933,FALLOWFIELD RD btwn KOLO DR & BILTMORE CRES,346341.3762,5004329.389,4/19/16,22:00,01 - Clear,01 - Dry,10 - No control,01 - Non intersection,07 - Dark,03 - P.D. only,07 - SMV other
4934,FALLOWFIELD RD btwn LARKIN DR & BARRAN ST,361893.9229,5016015.3,12/22/16,8:29,03 - Snow,04 - Slush,10 - No control,01 - Non intersection,01 - Daylight,03 - P.D. only,01 - Approaching
4935,FALLOWFIELD RD btwn MERIVALE RD & ASHDALE AVE,366968.7312,5018892.916,10/28/16,7:14,02 - Rain,02 - Wet,10 - No control,01 - Non intersection,01 - Daylight,03 - P.D. only,03 - Rear end
4936,FALLOWFIELD RD btwn MERIVALE RD & WOODROFFE AVE,366699.1769,5018808.245,1/26/16,0:30,01 - Clear,02 - Wet,10 - No control,01 - Non intersection,07 - Dark,03 - P.D. only,07 - SMV other
4937,FALLOWFIELD RD btwn MERIVALE RD & WOODROFFE AVE,366798.6544,5018808.822,1/2/16,15:09,05 - Drifting Snow,03 - Loose snow,10 - No control,01 - Non intersection,01 - Daylight,03 - P.D. only,01 - Approaching
4938,FALLOWFIELD RD btwn MERIVALE RD & WOODROFFE AVE,365176.4949,5017954.056,2/10/16,16:47,03 - Snow,02 - Wet,10 - No control,01 - Non intersection,01 - Daylight,03 - P.D. only,07 - SMV other
4939,FALLOWFIELD RD btwn MERIVALE RD & WOODROFFE AVE,365338.4535,5018077.658,3/22/16,16:53,01 - Clear,01 - Dry,10 - No control,01 - Non intersection,01 - Daylight,03 - P.D. only,05 - Turning movement
4940,FALLOWFIELD RD btwn MERIVALE RD & WOODROFFE AVE,366799.2126,5018806.287,7/10/16,14:44,01 - Clear,01 - Dry,10 - No control,01 - Non intersection,01 - Daylight,03 - P.D. only,07 - SMV other
4941,FALLOWFIELD RD btwn MERIVALE RD & WOODROFFE AVE,366798.1308,5018804.304,12/14/16,16:13,06 - Strong wind,06 - Ice,10 - No control,01 - Non intersection,05 - Dusk,03 - P.D. only,07 - SMV other
4942,FALLOWFIELD RD btwn MERIVALE RD & WOODROFFE AVE,366818.6696,5018827.369,12/22/16,9:25,03 - Snow,04 - Slush,10 - No control,01 - Non intersection,01 - Daylight,03 - P.D. only,07 - SMV other
4943,FALLOWFIELD RD btwn MOODIE DR & HWY416 IC66 RAMP53,359513.7014,5014640.958,7/11/16,6:23,01 - Clear,01 - Dry,10 - No control,04 - At/near private drive,01 - Daylight,02 - Non-fatal injury,05 - Turning movement
4944,FALLOWFIELD RD btwn MOODIE DR & HWY416 IC66 RAMP53,359598.5769,5014663.187,8/19/16,16:30,01 - Clear,01 - Dry,10 - No control,01 - Non intersection,01 - Daylight,03 - P.D. only,03 - Rear end
4945,FALLOWFIELD RD btwn MOODIE DR & HWY416 IC66 RAMP53,359513.711,5014639.852,11/8/16,15:52,01 - Clear,01 - Dry,10 - No control,04 - At/near private drive,01 - Daylight,03 - P.D. only,05 - Turning movement
4946,FALLOWFIELD RD btwn MUNSTER RD & CONLEY RD,347174.7253,5005045.391,12/31/16,19:50,03 - Snow,03 - Loose snow,10 - No control,01 - Non intersection,07 - Dark,03 - P.D. only,07 - SMV other
4947,FALLOWFIELD RD btwn O'KEEFE CRT & CEDARVIEW RD,361204.6672,5015610.351,9/1/16,11:31,01 - Clear,01 - Dry,10 - No control,01 - Non intersection,01 - Daylight,03 - P.D. only,04 - Sideswipe
4948,FALLOWFIELD RD btwn O'KEEFE CRT & CEDARVIEW RD,360975.349,5015469.897,7/24/16,0:39,01 - Clear,01 - Dry,10 - No control,01 - Non intersection,07 - Dark,03 - P.D. only,01 - Approaching
4949,FALLOWFIELD RD btwn RICHMOND RD & STEEPLE HILL CRES,358373.3161,5013979.421,9/28/16,7:48,01 - Clear,01 - Dry,10 - No control,01 - Non intersection,01 - Daylight,03 - P.D. only,07 - SMV other
4950,FALLOWFIELD RD btwn SHEA RD & EAGLESON RD,355430.4204,5012256.25,7/24/16,16:26,01 - Clear,01 - Dry,10 - No control,01 - Non intersection,01 - Daylight,03 - P.D. only,04 - Sideswipe
4951,FALLOWFIELD RD btwn STEEPLE HILL CRES & MOODIE DR,358802.0962,5014256.47,3/31/16,23:07,02 - Rain,02 - Wet,10 - No control,01 - Non intersection,07 - Dark,03 - P.D. only,07 - SMV other
4952,FALLOWFIELD RD btwn STEEPLE HILL CRES & MOODIE DR,359224.2232,5014514.26,12/1/16,22:08,01 - Clear,01 - Dry,10 - No control,01 - Non intersection,07 - Dark,03 - P.D. only,07 - SMV other
4953,FALLOWFIELD RD btwn STRANDHERD DR & O'KEEFE CRT,360753.3612,5015022.609,4/22/16,15:13,02 - Rain,02 - Wet,10 - No control,01 - Non intersection,01 - Daylight,03 - P.D. only,03 - Rear end
4954,FALLOWFIELD RD btwn TRANSIT & 482 E OF HOLITMAN DR/BARRHAVEN CROSSING ,364223.5968,5017411.162,12/18/16,18:25,02 - Rain,02 - Wet,10 - No control,01 - Non intersection,07 - Dark,03 - P.D. only,04 - Sideswipe
4955,FALLOWFIELD RD btwn TRANSIT & 482 E OF HOLITMAN DR/BARRHAVEN CROSSING ,364185.4685,5017388.936,11/23/16,18:34,01 - Clear,01 - Dry,10 - No control,01 - Non intersection,07 - Dark,03 - P.D. only,03 - Rear end
4956,FALLOWFIELD RD btwn VIA PARK PL/275 W OF WOODROFFE AVE & TRANSIT,364544.4931,5017591.927,1/27/16,16:45,01 - Clear,01 - Dry,10 - No control,01 - Non intersection,05 - Dusk,03 - P.D. only,03 - Rear end
4957,FALLOWFIELD RD btwn WOLFGANG DR & HOLITMAN DR,363505.0275,5017000.009,6/16/16,19:56,01 - Clear,01 - Dry,10 - No control,01 - Non intersection,01 - Daylight,03 - P.D. only,03 - Rear end
4958,FALLOWFIELD RD btwn WOODROFFE AVE & VIA PARK PL/275 W OF WOODROFFE AVE,364911.656,5017802.788,9/9/16,16:15,01 - Clear,01 - Dry,10 - No control,01 - Non intersection,01 - Daylight,03 - P.D. only,03 - Rear end
4959,FARLANE BLVD btwn SUNNYCREST DR & ENCORE PRIV,365410.5027,5025432.416,8/16/16,17:46,02 - Rain,02 - Wet,10 - No control,04 - At/near private drive,01 - Daylight,02 - Non-fatal injury,07 - SMV other
4960,FARMERS WAY btwn LEITRIM RD & EIGHTH LINE RD,381442.2825,5025475.893,2/13/16,15:00,01 - Clear,01 - Dry,10 - No control,01 - Non intersection,01 - Daylight,02 - Non-fatal injury,07 - SMV other
4961,FARMERS WAY btwn LEITRIM RD & EIGHTH LINE RD,382445.7018,5025374.704,11/24/16,8:35,03 - Snow,05 - Packed snow,10 - No control,01 - Non intersection,01 - Daylight,03 - P.D. only,07 - SMV other
4962,FARRIERS LANE @ HUNTER'S POINT CRES,371618.6338,5023375.858,1/18/16,16:30,01 - Clear,01 - Dry,10 - No control,03 - At intersection,01 - Daylight,03 - P.D. only,02 - Angle
4963,FARRIERS LANE @ SOUTHDOWN CRT,371645.6306,5023351.734,9/25/16,10:03,01 - Clear,01 - Dry,02 - Stop sign,03 - At intersection,01 - Daylight,03 - P.D. only,02 - Angle
4964,FEATHERSTON DR btwn JEFFERSON ST & VIRGINIA DR,371822.8609,5027374.283,1/11/16,8:55,01 - Clear,02 - Wet,10 - No control,01 - Non intersection,01 - Daylight,03 - P.D. only,03 - Rear end
4965,FEATHERSTON DR E @ KILBORN AVE E,372290.4853,5027963.91,2/18/16,15:36,01 - Clear,01 - Dry,02 - Stop sign,03 - At intersection,01 - Daylight,03 - P.D. only,02 - Angle
4966,FEATHERSTON DR E @ KILBORN AVE E,372291.1915,5027962.851,3/28/16,14:43,04 - Freezing Rain,05 - Packed snow,02 - Stop sign,03 - At intersection,01 - Daylight,03 - P.D. only,02 - Angle
4967,FEATHERSTON DR E @ KILBORN AVE E,372290.6148,5027963.467,3/24/16,12:14,03 - Snow,05 - Packed snow,02 - Stop sign,03 - At intersection,01 - Daylight,03 - P.D. only,02 - Angle
4968,FELICITY CRES btwn FOUNTAINHEAD DR & SADDLERIDGE DR,381514.9831,5032134.102,2/18/16,0:00,01 - Clear,03 - Loose snow,10 - No control,01 - Non intersection,00 - Unknown,03 - P.D. only,06 - SMV unattended vehicle
4969,FELICITY CRES btwn SADDLERIDGE DR & FOUNTAINHEAD DR,381856.5668,5032107.591,11/25/16,18:15,"07 - Fog, mist, smoke, dust",02 - Wet,10 - No control,01 - Non intersection,07 - Dark,03 - P.D. only,07 - SMV other
4970,FENTON RD @ LEITRIM RD,373912.5222,5020704.263,6/22/16,7:53,01 - Clear,01 - Dry,02 - Stop sign,02 - Intersection related,01 - Daylight,02 - Non-fatal injury,03 - Rear end
4971,FERIAND ST btwn JOLLIET AVE & END,369843.4427,5034070.929,1/2/16,17:30,01 - Clear,03 - Loose snow,10 - No control,01 - Non intersection,05 - Dusk,03 - P.D. only,06 - SMV unattended vehicle
4972,FERN CASEY ST @ RENAUD RD,382624.9507,5033235.527,12/20/16,8:03,01 - Clear,03 - Loose snow,02 - Stop sign,02 - Intersection related,01 - Daylight,03 - P.D. only,02 - Angle
4973,FERNBANK RD @ FERNBANK RD,353438.3059,5014345.661,9/18/16,17:04,01 - Clear,01 - Dry,01 - Traffic signal,03 - At intersection,01 - Daylight,02 - Non-fatal injury,02 - Angle
4974,FERNBANK RD @ ROBERT GRANT AVE,353047.2325,5014005.364,6/23/16,20:08,01 - Clear,01 - Dry,01 - Traffic signal,02 - Intersection related,01 - Daylight,03 - P.D. only,04 - Sideswipe
4975,FERNBANK RD @ ROMINA ST,354466.9803,5015278.788,2/16/16,13:00,03 - Snow,05 - Packed snow,02 - Stop sign,03 - At intersection,01 - Daylight,03 - P.D. only,02 - Angle
4976,FERNBANK RD @ SHEA RD,352054.5462,5013122.838,1/23/16,8:54,01 - Clear,01 - Dry,11 - Roundabout,03 - At intersection,01 - Daylight,03 - P.D. only,02 - Angle
4977,FERNBANK RD @ SHEA RD,352054.1249,5013123.271,5/31/16,9:21,01 - Clear,01 - Dry,11 - Roundabout,02 - Intersection related,01 - Daylight,03 - P.D. only,02 - Angle
4978,FERNBANK RD @ SHEA RD,352053.0579,5013122.716,11/4/16,12:21,01 - Clear,01 - Dry,11 - Roundabout,03 - At intersection,01 - Daylight,03 - P.D. only,02 - Angle
4979,FERNBANK RD @ SMART CENTRE SC / 235 W OF TERRY FOX DR,354121.9537,5014963.635,7/13/16,16:22,01 - Clear,01 - Dry,01 - Traffic signal,03 - At intersection,01 - Daylight,03 - P.D. only,02 - Angle
4980,FERNBANK RD btwn DWYER HILL RD & MUNSTER RD,345142.3379,5006999.725,11/1/16,19:05,01 - Clear,01 - Dry,10 - No control,01 - Non intersection,07 - Dark,03 - P.D. only,07 - SMV other
4981,FERNBANK RD btwn DWYER HILL RD & MUNSTER RD,344395.6862,5006352.408,5/27/16,19:46,01 - Clear,01 - Dry,10 - No control,04 - At/near private drive,01 - Daylight,03 - P.D. only,02 - Angle
4982,FERNBANK RD btwn DWYER HILL RD & MUNSTER RD,343309.7298,5005417.945,3/21/16,16:59,01 - Clear,01 - Dry,10 - No control,01 - Non intersection,01 - Daylight,03 - P.D. only,07 - SMV other
4983,FERNBANK RD btwn JINKINSON RD & BLACK'S SIDE RD,346047.2271,5007793.342,2/9/16,22:36,03 - Snow,02 - Wet,10 - No control,01 - Non intersection,07 - Dark,03 - P.D. only,07 - SMV other
4984,FERNBANK RD btwn JINKINSON RD & BLACK'S SIDE RD,346120.9388,5007867.061,12/27/16,19:30,03 - Snow,03 - Loose snow,10 - No control,01 - Non intersection,07 - Dark,03 - P.D. only,07 - SMV other
4985,FERNBANK RD btwn LIARD ST & SHEA RD,351974.7736,5013055.174,11/5/16,19:04,01 - Clear,01 - Dry,10 - No control,01 - Non intersection,07 - Dark,03 - P.D. only,07 - SMV other
4986,FERNBANK RD btwn MUNSTER RD & LUCAS LANE,345323.7887,5007158.316,1/31/16,17:21,01 - Clear,02 - Wet,10 - No control,01 - Non intersection,05 - Dusk,02 - Non-fatal injury,07 - SMV other
4987,FERNBANK RD btwn MUNSTER RD & LUCAS LANE,345324.1673,5007159.387,12/11/16,21:30,03 - Snow,04 - Slush,10 - No control,01 - Non intersection,07 - Dark,03 - P.D. only,07 - SMV other
4988,FERNBANK RD btwn SHEA RD & FERNBANK RD,352833.9396,5013827.416,2/20/16,12:40,02 - Rain,02 - Wet,10 - No control,04 - At/near private drive,01 - Daylight,03 - P.D. only,99 - Other
4989,FERNBANK RD btwn TERRY FOX DR & Continuation of FERNBANK RD,354324.7314,5015149.151,8/9/16,11:50,01 - Clear,01 - Dry,10 - No control,01 - Non intersection,01 - Daylight,03 - P.D. only,07 - SMV other
4990,FERNBANK RD btwn TERRY FOX DR & Continuation of FERNBANK RD,354340.6279,5015163.106,4/22/16,20:11,01 - Clear,01 - Dry,10 - No control,01 - Non intersection,07 - Dark,03 - P.D. only,07 - SMV other
4991,FERNSIDE ST @ LOOSESTRIFE WAY,376052.614,5021266.989,12/12/16,14:57,03 - Snow,03 - Loose snow,02 - Stop sign,02 - Intersection related,01 - Daylight,03 - P.D. only,06 - SMV unattended vehicle
4992,FIELD ST @ WOODROFFE AVE,362418.5205,5024106.507,9/9/16,15:34,01 - Clear,01 - Dry,02 - Stop sign,02 - Intersection related,01 - Daylight,03 - P.D. only,03 - Rear end
4993,FIELDGATE DR btwn BIRDHILL AVE & GROUSE AVE,363428.0317,5016591.087,2/8/16,12:40,01 - Clear,01 - Dry,10 - No control,01 - Non intersection,01 - Daylight,03 - P.D. only,03 - Rear end
4994,FIELDING DR @ MCCARTHY RD,369366.7197,5025039.931,12/25/16,6:17,01 - Clear,02 - Wet,01 - Traffic signal,02 - Intersection related,07 - Dark,02 - Non-fatal injury,07 - SMV other
4995,FIELDING DR @ MCCARTHY RD,369366.0611,5025039.737,6/23/16,8:37,01 - Clear,01 - Dry,01 - Traffic signal,02 - Intersection related,01 - Daylight,03 - P.D. only,02 - Angle
4996,FIELDING DR btwn HARTMAN CRES & RANKIN ST,369096.1717,5024890.583,11/11/16,14:00,02 - Rain,02 - Wet,10 - No control,01 - Non intersection,01 - Daylight,03 - P.D. only,06 - SMV unattended vehicle
4997,FIELDROW ST btwn VIEWMOUNT DR & MALCOLM PL,364220.9271,5022912.505,11/3/16,10:21,02 - Rain,02 - Wet,10 - No control,04 - At/near private drive,01 - Daylight,03 - P.D. only,06 - SMV unattended vehicle
4998,FIFTH AVE @ QUEEN ELIZABETH DRWY,368836.6526,5029657.444,10/16/16,10:35,02 - Rain,02 - Wet,01 - Traffic signal,03 - At intersection,01 - Daylight,02 - Non-fatal injury,05 - Turning movement
4999,FIFTH AVE @ QUEEN ELIZABETH DRWY,368836.0262,5029657.739,12/29/16,16:50,03 - Snow,04 - Slush,01 - Traffic signal,02 - Intersection related,07 - Dark,02 - Non-fatal injury,03 - Rear end
5000,FIFTH AVE @ QUEEN ELIZABETH DRWY,368836.6526,5029657.444,1/12/16,15:10,03 - Snow,01 - Dry,01 - Traffic signal,02 - Intersection related,01 - Daylight,03 - P.D. only,03 - Rear end
5001,FIFTH AVE @ QUEEN ELIZABETH DRWY,368836.0203,5029657.519,1/13/16,8:30,01 - Clear,03 - Loose snow,01 - Traffic signal,03 - At intersection,01 - Daylight,03 - P.D. only,04 - Sideswipe
5002,FIFTH AVE @ QUEEN ELIZABETH DRWY,368837.0712,5029657.965,4/23/16,19:45,01 - Clear,01 - Dry,01 - Traffic signal,02 - Intersection related,05 - Dusk,03 - P.D. only,03 - Rear end
5003,FIFTH AVE @ QUEEN ELIZABETH DRWY,368836.5237,5029657.388,4/15/16,18:32,01 - Clear,01 - Dry,01 - Traffic signal,03 - At intersection,01 - Daylight,03 - P.D. only,05 - Turning movement
5004,FIFTH AVE @ QUEEN ELIZABETH DRWY,368835.2674,5029657.653,8/20/16,17:15,01 - Clear,01 - Dry,01 - Traffic signal,03 - At intersection,01 - Daylight,03 - P.D. only,07 - SMV other
5005,FIFTH AVE btwn BANK ST & HOWICK PL,368490.6389,5029454.803,12/10/16,15:30,01 - Clear,01 - Dry,10 - No control,01 - Non intersection,01 - Daylight,03 - P.D. only,04 - Sideswipe
5006,FIFTH AVE btwn BRONSON AVE & MURIEL ST,367623.4555,5028941.629,9/19/16,9:21,01 - Clear,01 - Dry,10 - No control,01 - Non intersection,01 - Daylight,03 - P.D. only,04 - Sideswipe
5007,FIFTH AVE btwn CHRYSLER ST & PERCY ST,367833.2793,5029062.263,1/26/16,19:57,02 - Rain,02 - Wet,10 - No control,01 - Non intersection,07 - Dark,03 - P.D. only,99 - Other
5008,FIFTH AVE btwn CRAIG ST & MORRIS ST,368053.2265,5029195.254,3/5/16,0:00,01 - Clear,05 - Packed snow,10 - No control,01 - Non intersection,00 - Unknown,03 - P.D. only,06 - SMV unattended vehicle
5009,FIFTH AVE btwn MONK ST & BANK ST,368381.3515,5029389.51,5/31/16,17:45,01 - Clear,01 - Dry,10 - No control,01 - Non intersection,01 - Daylight,03 - P.D. only,04 - Sideswipe
5010,FIFTH AVE btwn RUPERT ST & ADELAIDE ST,368612.0636,5029526.396,12/3/16,12:01,01 - Clear,01 - Dry,10 - No control,01 - Non intersection,01 - Daylight,02 - Non-fatal injury,03 - Rear end
5011,FIFTH LINE RD @ KERWIN RD,347368.3152,5030142.42,12/11/16,18:32,03 - Snow,03 - Loose snow,10 - No control,02 - Intersection related,07 - Dark,03 - P.D. only,07 - SMV other
5012,FIFTH LINE RD btwn GREENLAND RD & BERRY SIDE RD,346655.2184,5030880.898,7/26/16,13:04,01 - Clear,01 - Dry,10 - No control,01 - Non intersection,01 - Daylight,02 - Non-fatal injury,07 - SMV other
5013,FIFTH LINE RD btwn GREENLAND RD & BERRY SIDE RD,344655.8569,5033029.606,9/30/16,7:10,01 - Clear,01 - Dry,10 - No control,01 - Non intersection,01 - Daylight,03 - P.D. only,07 - SMV other
5014,FINDLAY AVE @ TORRINGTON PL,367933.0298,5028789.775,6/8/16,16:20,01 - Clear,01 - Dry,02 - Stop sign,03 - At intersection,01 - Daylight,03 - P.D. only,05 - Turning movement
5015,FINDLAY CREEK DR @ GRACEWOOD CRES,374399.4939,5019429.132,10/4/16,7:40,01 - Clear,01 - Dry,02 - Stop sign,03 - At intersection,01 - Daylight,03 - P.D. only,05 - Turning movement
5016,FINDLAY CREEK DR @ KELLY FARM DR,375339.7172,5020048.314,3/3/16,16:59,01 - Clear,01 - Dry,02 - Stop sign,03 - At intersection,01 - Daylight,03 - P.D. only,02 - Angle
5017,FINDLAY CREEK DR btwn DEVONWOOD CIRC & BANK ST,375761.1946,5020409.252,9/6/16,18:33,01 - Clear,01 - Dry,10 - No control,04 - At/near private drive,01 - Daylight,02 - Non-fatal injury,07 - SMV other
5018,FINDLAY CREEK DR btwn DEVONWOOD CIRC & BANK ST,375742.7533,5020398.275,1/30/16,21:20,01 - Clear,02 - Wet,10 - No control,04 - At/near private drive,07 - Dark,03 - P.D. only,02 - Angle
5019,FINDLAY CREEK DR btwn DEVONWOOD CIRC & BANK ST,375744.0706,5020398.275,1/26/16,17:12,01 - Clear,02 - Wet,10 - No control,04 - At/near private drive,05 - Dusk,03 - P.D. only,02 - Angle
5020,FINDLAY CREEK DR btwn NETLEY CIRC & NETLEY CIRC,375293.1348,5019961.886,1/14/16,8:00,03 - Snow,06 - Ice,10 - No control,01 - Non intersection,01 - Daylight,03 - P.D. only,07 - SMV other
5021,FINLAND PRIV btwn LORRY GREENBERG DR & LORRY GREENBERG DR,373293.9488,5025449.247,1/24/16,1:27,01 - Clear,01 - Dry,10 - No control,01 - Non intersection,07 - Dark,03 - P.D. only,06 - SMV unattended vehicle