Record,Location,X,Y,Date,Time,Environment,Road_Surface,Traffic_Control,Collision_Location,Light,Collision_Classification,Impact_type
5022,FIRST AVE @ LYON ST,368056.8345,5029571.888,5/23/16,20:01,01 - Clear,01 - Dry,02 - Stop sign,03 - At intersection,05 - Dusk,02 - Non-fatal injury,02 - Angle
5023,FIRST AVE @ LYON ST,368055.9266,5029572.345,1/13/16,18:26,01 - Clear,03 - Loose snow,02 - Stop sign,03 - At intersection,07 - Dark,03 - P.D. only,02 - Angle
5024,FIRST LINE RD btwn CENTURY RD E & CARSONBY RD E,367803.4352,5007406.407,11/23/16,10:31,06 - Strong wind,02 - Wet,10 - No control,01 - Non intersection,01 - Daylight,03 - P.D. only,07 - SMV other
5025,FIRST LINE RD/RIDEAU VALLEY DR @ ROGER STEVENS,371491.391,5002404.374,4/6/16,17:29,03 - Snow,03 - Loose snow,02 - Stop sign,03 - At intersection,01 - Daylight,03 - P.D. only,02 - Angle
5026,FIRST ST @ ST. JOSEPH BLVD,383643.802,5039063.349,6/11/16,9:00,01 - Clear,01 - Dry,02 - Stop sign,02 - Intersection related,01 - Daylight,03 - P.D. only,07 - SMV other
5027,FISHER AVE @ 220 S OF TRENT ST,365870.8997,5026728.374,3/24/16,17:02,04 - Freezing Rain,03 - Loose snow,01 - Traffic signal,02 - Intersection related,01 - Daylight,03 - P.D. only,03 - Rear end
5028,FISHER AVE @ 220 S OF TRENT ST,365873.1569,5026727.08,3/8/16,17:37,02 - Rain,02 - Wet,01 - Traffic signal,02 - Intersection related,01 - Daylight,03 - P.D. only,03 - Rear end
5029,FISHER AVE @ 220 S OF TRENT ST,365873.9686,5026728.54,12/8/16,19:25,03 - Snow,06 - Ice,01 - Traffic signal,02 - Intersection related,07 - Dark,03 - P.D. only,01 - Approaching
5030,FISHER AVE @ DEER PARK RD/DYNES RD,366407.3189,5025455.527,7/29/16,17:19,01 - Clear,01 - Dry,01 - Traffic signal,02 - Intersection related,01 - Daylight,03 - P.D. only,04 - Sideswipe
5031,FISHER AVE @ DEER PARK RD/DYNES RD,366406.6118,5025454.43,1/18/16,23:58,01 - Clear,02 - Wet,01 - Traffic signal,03 - At intersection,07 - Dark,03 - P.D. only,05 - Turning movement
5032,FISHER AVE @ DEER PARK RD/DYNES RD,366408.5641,5025455.256,5/3/16,20:39,01 - Clear,01 - Dry,01 - Traffic signal,03 - At intersection,07 - Dark,03 - P.D. only,04 - Sideswipe
5033,FISHER AVE @ DEER PARK RD/DYNES RD,366407.9565,5025455.263,11/8/16,14:49,01 - Clear,01 - Dry,01 - Traffic signal,02 - Intersection related,01 - Daylight,03 - P.D. only,02 - Angle
5034,FISHER AVE @ DEER PARK RD/DYNES RD,366406.8813,5025455.941,11/24/16,14:17,03 - Snow,03 - Loose snow,01 - Traffic signal,03 - At intersection,01 - Daylight,03 - P.D. only,05 - Turning movement
5035,FISHER AVE @ KINTYRE PRIV,366497.537,5025236.758,10/27/16,20:01,02 - Rain,02 - Wet,01 - Traffic signal,03 - At intersection,07 - Dark,02 - Non-fatal injury,07 - SMV other
5036,FISHER AVE @ MEADOWLANDS DR,366575.5241,5025045.216,2/25/16,8:22,02 - Rain,02 - Wet,01 - Traffic signal,03 - At intersection,01 - Daylight,02 - Non-fatal injury,05 - Turning movement
5037,FISHER AVE @ MEADOWLANDS DR,366574.4063,5025044.348,12/5/16,11:20,03 - Snow,04 - Slush,01 - Traffic signal,03 - At intersection,01 - Daylight,02 - Non-fatal injury,05 - Turning movement
5038,FISHER AVE @ MEADOWLANDS DR,366573.9672,5025045.226,2/5/16,22:05,01 - Clear,01 - Dry,01 - Traffic signal,03 - At intersection,07 - Dark,03 - P.D. only,04 - Sideswipe
5039,FISHER AVE @ MEADOWLANDS DR,366575.2894,5025044.773,4/7/16,17:03,01 - Clear,02 - Wet,01 - Traffic signal,02 - Intersection related,01 - Daylight,03 - P.D. only,03 - Rear end
5040,FISHER AVE @ MEADOWLANDS DR,366574.8454,5025046.105,5/30/16,21:11,01 - Clear,01 - Dry,01 - Traffic signal,03 - At intersection,07 - Dark,03 - P.D. only,05 - Turning movement
5041,FISHER AVE @ MEADOWLANDS DR,366574.4063,5025044.787,11/10/16,13:56,01 - Clear,01 - Dry,01 - Traffic signal,03 - At intersection,01 - Daylight,03 - P.D. only,05 - Turning movement
5042,FISHER AVE @ MEADOWLANDS DR,366574.4063,5025044.787,10/13/16,22:39,01 - Clear,01 - Dry,01 - Traffic signal,02 - Intersection related,07 - Dark,03 - P.D. only,04 - Sideswipe
5043,FISHER AVE @ NORMANDY CRES N,366685.5327,5024783.765,9/14/16,13:45,01 - Clear,01 - Dry,02 - Stop sign,03 - At intersection,01 - Daylight,03 - P.D. only,03 - Rear end
5044,FISHER AVE @ NORMANDY CRES S,366868.0195,5024341.03,1/23/16,17:08,01 - Clear,01 - Dry,02 - Stop sign,03 - At intersection,05 - Dusk,02 - Non-fatal injury,05 - Turning movement
5045,FISHER AVE @ PRINCE OF WALES DR,367163.0825,5023943.2,7/29/16,12:57,01 - Clear,01 - Dry,01 - Traffic signal,02 - Intersection related,01 - Daylight,02 - Non-fatal injury,07 - SMV other
5046,FISHER AVE @ PRINCE OF WALES DR,367161.296,5023942.356,8/10/16,17:19,01 - Clear,01 - Dry,01 - Traffic signal,02 - Intersection related,01 - Daylight,02 - Non-fatal injury,03 - Rear end
5047,FISHER AVE @ PRINCE OF WALES DR,367160.0485,5023941.269,11/15/16,9:21,01 - Clear,01 - Dry,01 - Traffic signal,02 - Intersection related,01 - Daylight,02 - Non-fatal injury,07 - SMV other
5048,FISHER AVE @ PRINCE OF WALES DR,367160.6071,5023942.731,10/7/16,14:50,01 - Clear,01 - Dry,01 - Traffic signal,03 - At intersection,01 - Daylight,02 - Non-fatal injury,05 - Turning movement
5049,FISHER AVE @ PRINCE OF WALES DR,367162.533,5023942.097,10/19/16,17:17,01 - Clear,01 - Dry,01 - Traffic signal,02 - Intersection related,01 - Daylight,03 - P.D. only,03 - Rear end
5050,FISHER AVE @ PRINCE OF WALES DR,367161.4853,5023943.17,1/20/16,12:25,01 - Clear,01 - Dry,01 - Traffic signal,02 - Intersection related,01 - Daylight,03 - P.D. only,03 - Rear end
5051,FISHER AVE @ PRINCE OF WALES DR,367161.0284,5023942.286,6/30/16,17:07,01 - Clear,01 - Dry,01 - Traffic signal,02 - Intersection related,01 - Daylight,03 - P.D. only,03 - Rear end
5052,FISHER AVE @ PRINCE OF WALES DR,367161.023,5023942.511,8/19/16,11:06,01 - Clear,01 - Dry,01 - Traffic signal,03 - At intersection,01 - Daylight,03 - P.D. only,05 - Turning movement
5053,FISHER AVE @ SHILLINGTON AVE,365625.0363,5027295.303,9/8/16,14:15,02 - Rain,02 - Wet,01 - Traffic signal,02 - Intersection related,01 - Daylight,02 - Non-fatal injury,03 - Rear end
5054,FISHER AVE @ SHILLINGTON AVE,365626.034,5027297.643,2/17/16,18:00,01 - Clear,06 - Ice,01 - Traffic signal,02 - Intersection related,07 - Dark,03 - P.D. only,03 - Rear end
5055,FISHER AVE @ SHILLINGTON AVE,365626.6926,5027298.421,1/6/16,12:43,01 - Clear,01 - Dry,01 - Traffic signal,02 - Intersection related,01 - Daylight,03 - P.D. only,03 - Rear end
5056,FISHER AVE @ SHILLINGTON AVE,365627.3744,5027297,7/9/16,22:56,01 - Clear,01 - Dry,01 - Traffic signal,02 - Intersection related,07 - Dark,03 - P.D. only,03 - Rear end
5057,FISHER AVE @ SHILLINGTON AVE,365626.6926,5027294.889,12/21/16,10:24,01 - Clear,02 - Wet,01 - Traffic signal,02 - Intersection related,01 - Daylight,03 - P.D. only,03 - Rear end
5058,FISHER AVE @ TRENT ST,365783.4799,5026928.32,10/31/16,15:38,01 - Clear,01 - Dry,01 - Traffic signal,03 - At intersection,01 - Daylight,03 - P.D. only,04 - Sideswipe
5059,FISHER AVE @ TUNIS AVE,365496.4796,5027596.315,10/21/16,16:07,02 - Rain,02 - Wet,02 - Stop sign,03 - At intersection,01 - Daylight,02 - Non-fatal injury,02 - Angle
5060,FISHER AVE @ TUNIS AVE,365497.6176,5027597.682,7/9/16,23:50,01 - Clear,02 - Wet,02 - Stop sign,03 - At intersection,07 - Dark,03 - P.D. only,04 - Sideswipe
5061,FISHER AVE @ TUNIS AVE,365497.3809,5027595.625,4/19/16,11:11,01 - Clear,01 - Dry,02 - Stop sign,03 - At intersection,01 - Daylight,03 - P.D. only,03 - Rear end
5062,FISHER AVE @ VIEWMOUNT DR,366917.5994,5024209.729,3/11/16,21:24,01 - Clear,01 - Dry,01 - Traffic signal,03 - At intersection,07 - Dark,03 - P.D. only,07 - SMV other
5063,FISHER AVE @ VIEWMOUNT DR,366918.7093,5024209.737,2/16/16,6:58,03 - Snow,03 - Loose snow,01 - Traffic signal,02 - Intersection related,03 - Dawn,03 - P.D. only,07 - SMV other
5064,FISHER AVE btwn 220 S OF TRENT ST & MCCOOEY LANE,365874.8081,5026717.782,2/8/16,10:26,01 - Clear,01 - Dry,10 - No control,01 - Non intersection,01 - Daylight,03 - P.D. only,03 - Rear end
5065,FISHER AVE btwn 220 S OF TRENT ST & MCCOOEY LANE,365890.6149,5026680.109,5/1/16,13:12,02 - Rain,02 - Wet,10 - No control,01 - Non intersection,01 - Daylight,03 - P.D. only,07 - SMV other
5066,FISHER AVE btwn APPLEBY PRIV & TURN LANE,366974.6925,5024080.421,2/17/16,10:00,03 - Snow,03 - Loose snow,10 - No control,01 - Non intersection,01 - Daylight,03 - P.D. only,99 - Other
5067,FISHER AVE btwn BASELINE RD & MALIBU TER,366223.0083,5025892.301,8/26/16,18:16,01 - Clear,01 - Dry,10 - No control,01 - Non intersection,01 - Daylight,02 - Non-fatal injury,03 - Rear end
5068,FISHER AVE btwn BASELINE RD & MALIBU TER,366252.9724,5025820.498,10/22/16,8:27,01 - Clear,01 - Dry,10 - No control,01 - Non intersection,01 - Daylight,03 - P.D. only,05 - Turning movement
5069,FISHER AVE btwn CARLING AVE & HOLLAND AVE,365343.9518,5027947.382,5/17/16,13:24,01 - Clear,01 - Dry,10 - No control,01 - Non intersection,01 - Daylight,03 - P.D. only,04 - Sideswipe
5070,FISHER AVE btwn CARLING AVE & HOLLAND AVE,365343.4207,5027950.278,7/27/16,8:37,01 - Clear,01 - Dry,10 - No control,01 - Non intersection,01 - Daylight,03 - P.D. only,03 - Rear end
5071,FISHER AVE btwn CRERAR AVE & TUNIS AVE,365494.6789,5027601.697,1/5/16,17:23,01 - Clear,02 - Wet,10 - No control,01 - Non intersection,05 - Dusk,02 - Non-fatal injury,03 - Rear end
5072,FISHER AVE btwn CRERAR AVE & TUNIS AVE,365476.282,5027641.979,2/12/16,11:04,01 - Clear,02 - Wet,10 - No control,01 - Non intersection,01 - Daylight,03 - P.D. only,03 - Rear end
5073,FISHER AVE btwn DEER PARK RD & KINTYRE PRIV,366425.9091,5025406.299,7/22/16,8:34,01 - Clear,01 - Dry,10 - No control,01 - Non intersection,01 - Daylight,03 - P.D. only,03 - Rear end
5074,FISHER AVE btwn EMPEROR AVE & TRENT ST,365721.6871,5027074.161,10/17/16,8:55,01 - Clear,01 - Dry,10 - No control,01 - Non intersection,01 - Daylight,03 - P.D. only,03 - Rear end
5075,FISHER AVE btwn EMPEROR AVE & TRENT ST,365686.1199,5027154.858,2/3/16,18:23,01 - Clear,02 - Wet,10 - No control,01 - Non intersection,07 - Dark,03 - P.D. only,04 - Sideswipe
5076,FISHER AVE btwn EMPEROR AVE & TRENT ST,365763.2193,5026976.27,4/13/16,15:47,01 - Clear,01 - Dry,10 - No control,01 - Non intersection,01 - Daylight,03 - P.D. only,03 - Rear end
5077,FISHER AVE btwn EMPEROR AVE & TRENT ST,365743.9688,5027017.653,4/27/16,17:40,01 - Clear,01 - Dry,10 - No control,01 - Non intersection,01 - Daylight,03 - P.D. only,03 - Rear end
5078,FISHER AVE btwn FOREST PARK AVE & MEADOWLANDS DR,366549.7723,5025108.056,7/7/16,16:12,01 - Clear,01 - Dry,10 - No control,01 - Non intersection,01 - Daylight,02 - Non-fatal injury,03 - Rear end
5079,FISHER AVE btwn MCCOOEY LANE & BASELINE RD,366070.767,5026259.274,10/17/16,16:36,01 - Clear,01 - Dry,10 - No control,01 - Non intersection,01 - Daylight,02 - Non-fatal injury,03 - Rear end
5080,FISHER AVE btwn MCCOOEY LANE & BASELINE RD,366107.3431,5026168.958,3/23/16,17:56,01 - Clear,01 - Dry,10 - No control,01 - Non intersection,01 - Daylight,02 - Non-fatal injury,03 - Rear end
5081,FISHER AVE btwn MCCOOEY LANE & BASELINE RD,366127.8352,5026122.715,6/4/16,11:05,01 - Clear,01 - Dry,10 - No control,01 - Non intersection,01 - Daylight,03 - P.D. only,03 - Rear end
5082,FISHER AVE btwn SHILLINGTON AVE & EMPEROR AVE,365664.7477,5027204.094,2/17/16,5:45,01 - Clear,03 - Loose snow,10 - No control,04 - At/near private drive,07 - Dark,03 - P.D. only,03 - Rear end
5083,FISHER AVE btwn SHILLINGTON AVE & EMPEROR AVE,365638.9013,5027266.135,2/17/16,20:01,03 - Snow,03 - Loose snow,10 - No control,01 - Non intersection,07 - Dark,03 - P.D. only,01 - Approaching
5084,FISHER AVE btwn TRENT ST & 220 S OF TRENT ST,365865.5176,5026739.903,7/13/16,16:15,01 - Clear,01 - Dry,10 - No control,04 - At/near private drive,01 - Daylight,02 - Non-fatal injury,05 - Turning movement
5085,FISHER AVE btwn TRENT ST & 220 S OF TRENT ST,365852.4151,5026769.813,2/24/16,22:27,04 - Freezing Rain,06 - Ice,10 - No control,01 - Non intersection,07 - Dark,03 - P.D. only,03 - Rear end
5086,FISHER AVE btwn TRENT ST & 220 S OF TRENT ST,365862.9497,5026747.281,8/16/16,19:15,02 - Rain,02 - Wet,10 - No control,01 - Non intersection,01 - Daylight,03 - P.D. only,03 - Rear end
5087,FISHER AVE btwn TUNIS AVE & SHILLINGTON AVE,365562.5795,5027451.816,4/9/16,15:21,01 - Clear,01 - Dry,10 - No control,04 - At/near private drive,01 - Daylight,03 - P.D. only,02 - Angle
5088,FISHER AVE btwn TUNIS AVE & SHILLINGTON AVE,365553.7221,5027460.783,2/25/16,15:49,02 - Rain,06 - Ice,10 - No control,01 - Non intersection,01 - Daylight,03 - P.D. only,99 - Other
5089,FITZGERALD RD @ ROBERTSON RD,356789.9485,5020289.492,3/4/16,18:33,01 - Clear,01 - Dry,01 - Traffic signal,03 - At intersection,05 - Dusk,02 - Non-fatal injury,07 - SMV other
5090,FITZGERALD RD @ ROBERTSON RD,356789.185,5020289.299,7/6/16,7:50,01 - Clear,01 - Dry,01 - Traffic signal,03 - At intersection,01 - Daylight,02 - Non-fatal injury,05 - Turning movement
5091,FITZGERALD RD @ ROBERTSON RD,356789.8104,5020288.892,10/17/16,15:26,02 - Rain,02 - Wet,01 - Traffic signal,02 - Intersection related,01 - Daylight,03 - P.D. only,03 - Rear end
5092,FITZGERALD RD @ ROBERTSON RD,356790.2342,5020289.079,9/8/16,12:36,01 - Clear,01 - Dry,01 - Traffic signal,03 - At intersection,01 - Daylight,03 - P.D. only,05 - Turning movement
5093,FLAMBOROUGH WAY @ ProposedMCPEAKE PL,349344.9068,5023001.183,3/21/16,7:39,01 - Clear,01 - Dry,02 - Stop sign,02 - Intersection related,01 - Daylight,03 - P.D. only,03 - Rear end
5094,FLANNERY DR btwn MALDEN SQ & SANDHURST CRT,368871.0632,5025188.596,1/13/16,14:30,01 - Clear,03 - Loose snow,10 - No control,01 - Non intersection,01 - Daylight,03 - P.D. only,06 - SMV unattended vehicle
5095,FLANNERY DR S @ SPRINGLAND DR S,368681.7673,5025166.821,7/22/16,9:00,01 - Clear,01 - Dry,02 - Stop sign,03 - At intersection,01 - Daylight,03 - P.D. only,05 - Turning movement
5096,FLAT SEDGE CRES btwn BUTTONBUSH WAY N & WHITE ALDER AVE E,375379.9809,5020789.141,12/14/16,12:30,01 - Clear,03 - Loose snow,10 - No control,01 - Non intersection,01 - Daylight,03 - P.D. only,06 - SMV unattended vehicle
5097,FLEWELLYN RD @ MUNSTER RD E,346144.1924,5006068.185,1/6/16,13:06,01 - Clear,03 - Loose snow,02 - Stop sign,03 - At intersection,01 - Daylight,03 - P.D. only,02 - Angle
5098,FLEWELLYN RD @ SHEA RD,352993.3807,5012174.625,10/21/16,18:03,02 - Rain,02 - Wet,02 - Stop sign,03 - At intersection,07 - Dark,02 - Non-fatal injury,02 - Angle
5099,FLEWELLYN RD btwn ASHTON STATION RD & WORLEY ST,341566.8788,5002000.251,5/20/16,21:32,01 - Clear,01 - Dry,10 - No control,01 - Non intersection,07 - Dark,03 - P.D. only,07 - SMV other
5100,FLEWELLYN RD btwn CONLEY RD & NO NAME,348903.0494,5008502.637,3/17/16,8:15,01 - Clear,06 - Ice,10 - No control,01 - Non intersection,01 - Daylight,03 - P.D. only,07 - SMV other
5101,FLEWELLYN RD btwn FAULKNER TR & EAGLESON RD,354128.4857,5013196.206,5/20/16,23:55,01 - Clear,01 - Dry,10 - No control,01 - Non intersection,07 - Dark,03 - P.D. only,07 - SMV other
5102,FLEWELLYN RD btwn MUNSTER RD & CONLEY RD,346822.0826,5006675.036,10/23/16,18:33,01 - Clear,01 - Dry,10 - No control,01 - Non intersection,07 - Dark,03 - P.D. only,07 - SMV other
5103,FLEWELLYN RD btwn MUNSTER RD & CONLEY RD,346166.2279,5006088.504,11/25/16,2:45,01 - Clear,02 - Wet,10 - No control,01 - Non intersection,07 - Dark,03 - P.D. only,07 - SMV other
5104,FLEWELLYN RD btwn NO NAME & BLACK'S SIDE RD,349945.6977,5009456.777,4/2/16,21:46,01 - Clear,01 - Dry,10 - No control,01 - Non intersection,07 - Dark,03 - P.D. only,07 - SMV other
5105,FLEWELLYN RD btwn ORMROD RD & DWYER HILL RD,342271.4368,5002619.86,9/30/16,13:45,01 - Clear,01 - Dry,10 - No control,01 - Non intersection,01 - Daylight,02 - Non-fatal injury,07 - SMV other
5106,FLEWELLYN RD btwn POPLARWOOD AVE & SHEA RD,352366.5863,5011610.761,11/5/16,19:06,01 - Clear,01 - Dry,10 - No control,01 - Non intersection,07 - Dark,03 - P.D. only,07 - SMV other
5107,FLEWELLYN RD btwn RIDINGVIEW CRES & WEST HEALEY AVE,351167.4811,5010521.762,12/3/16,17:30,01 - Clear,01 - Dry,10 - No control,01 - Non intersection,07 - Dark,03 - P.D. only,07 - SMV other
5108,FLEWELLYN RD btwn SHEA RD & FAULKNER TR,353036.8253,5012211.359,4/11/16,22:02,01 - Clear,01 - Dry,10 - No control,01 - Non intersection,07 - Dark,03 - P.D. only,07 - SMV other
5109,FLEWELLYN RD btwn WORLEY ST & ORMROD RD,341768.8776,5002175.83,1/3/16,10:31,03 - Snow,03 - Loose snow,10 - No control,01 - Non intersection,01 - Daylight,03 - P.D. only,06 - SMV unattended vehicle
5110,FLEWELLYN RD btwn WORLEY ST & ORMROD RD,341769.9757,5002175.075,12/27/16,8:33,01 - Clear,02 - Wet,10 - No control,01 - Non intersection,01 - Daylight,03 - P.D. only,07 - SMV other
5111,FLINT CRT btwn PHEASANT RUN DR & READY WAY,361458.2113,5015519.66,12/26/16,21:35,04 - Freezing Rain,06 - Ice,10 - No control,01 - Non intersection,07 - Dark,03 - P.D. only,06 - SMV unattended vehicle
5112,FLINT CRT btwn READY WAY & RAFTUS SQ,361570.138,5015555.812,3/19/16,9:00,01 - Clear,01 - Dry,10 - No control,04 - At/near private drive,01 - Daylight,02 - Non-fatal injury,07 - SMV other
5113,FLORA ST @ KENT ST,367828.9379,5030323.792,5/6/16,11:19,01 - Clear,01 - Dry,02 - Stop sign,03 - At intersection,01 - Daylight,02 - Non-fatal injury,02 - Angle
5114,FLORA ST @ KENT ST,367828.4939,5030324.226,5/1/16,13:10,02 - Rain,02 - Wet,02 - Stop sign,03 - At intersection,01 - Daylight,03 - P.D. only,02 - Angle
5115,FLORA ST @ LYON ST,367664.0534,5030226.348,1/27/16,7:59,01 - Clear,01 - Dry,02 - Stop sign,03 - At intersection,01 - Daylight,03 - P.D. only,05 - Turning movement
5116,FLORA ST @ LYON ST,367664.9499,5030226.711,12/5/16,5:15,03 - Snow,03 - Loose snow,02 - Stop sign,03 - At intersection,07 - Dark,03 - P.D. only,06 - SMV unattended vehicle
5117,FLORENCE ST btwn KENT ST & BANK ST,367833.6438,5030603.186,7/7/16,14:32,01 - Clear,01 - Dry,10 - No control,01 - Non intersection,01 - Daylight,03 - P.D. only,04 - Sideswipe
5118,FLORIZEL AVE btwn ROBINA AVE & ROBINA AVE,356604.6003,5019645.281,7/16/16,0:00,01 - Clear,01 - Dry,10 - No control,04 - At/near private drive,00 - Unknown,03 - P.D. only,06 - SMV unattended vehicle
5119,FOREST GREEN CRES btwn 8TH LINE RD & 8TH LINE RD,384845.644,5014295.079,7/24/16,12:30,01 - Clear,01 - Dry,10 - No control,04 - At/near private drive,01 - Daylight,03 - P.D. only,06 - SMV unattended vehicle
5120,FOREST HILL AVE @ PRINCE OF WALES DR,366818.5411,5026288.966,3/24/16,11:30,03 - Snow,03 - Loose snow,02 - Stop sign,02 - Intersection related,01 - Daylight,03 - P.D. only,04 - Sideswipe
5121,FOREST VALLEY DR @ ORLEANS BLVD,380257.651,5034818.474,10/29/16,13:25,02 - Rain,02 - Wet,01 - Traffic signal,03 - At intersection,01 - Daylight,02 - Non-fatal injury,05 - Turning movement
5122,FOREST VALLEY DR @ ORLEANS BLVD,380258.7487,5034820.72,7/26/16,17:52,01 - Clear,01 - Dry,01 - Traffic signal,03 - At intersection,01 - Daylight,03 - P.D. only,05 - Turning movement
5123,FOREST VALLEY DR @ RIVERCREST DR,379760.5126,5035360.119,8/16/16,15:36,01 - Clear,01 - Dry,02 - Stop sign,03 - At intersection,01 - Daylight,03 - P.D. only,05 - Turning movement
5124,FOREST VALLEY DR btwn DES RAVINS PL & DES RAVINS PL,380010.5538,5035104.955,9/13/16,8:20,01 - Clear,01 - Dry,10 - No control,01 - Non intersection,01 - Daylight,03 - P.D. only,02 - Angle
5125,FOREST VALLEY DR btwn FORESTGLEN CRES & RIVERMILL CRES,379685.7438,5035786.441,6/1/16,16:38,01 - Clear,01 - Dry,10 - No control,01 - Non intersection,01 - Daylight,03 - P.D. only,07 - SMV other
5126,FOREST VALLEY DR btwn RIVERCREST DR & MEADOWGLEN DR,379776.5002,5035281.772,2/25/16,22:00,01 - Clear,06 - Ice,10 - No control,04 - At/near private drive,07 - Dark,03 - P.D. only,03 - Rear end
5127,FORESTGLADE CRES btwn FOLKWAY GT & NOBLETON AVE,375351.8156,5026601.973,1/22/16,17:53,01 - Clear,01 - Dry,10 - No control,04 - At/near private drive,07 - Dark,03 - P.D. only,06 - SMV unattended vehicle
5128,FORESTGLADE CRES btwn WINNEGREEN CRT & FOLKWAY GT,375149.249,5026616.169,7/25/16,21:00,01 - Clear,01 - Dry,10 - No control,01 - Non intersection,05 - Dusk,03 - P.D. only,06 - SMV unattended vehicle
5129,FORTUNE DR btwn ST. MORITZ CRT & ST. JEROME CRES,379611.5061,5037247.478,1/15/16,7:15,01 - Clear,02 - Wet,10 - No control,01 - Non intersection,03 - Dawn,03 - P.D. only,06 - SMV unattended vehicle
5130,FORWARD AVE btwn WIGSTON PRIV & LYNDALE AVE,364935.166,5029974.224,5/6/16,9:50,01 - Clear,01 - Dry,10 - No control,04 - At/near private drive,01 - Daylight,03 - P.D. only,02 - Angle
5131,FOSTER ST @ PARKDALE AVE,365243.6984,5029056.485,10/17/16,17:42,01 - Clear,01 - Dry,02 - Stop sign,02 - Intersection related,01 - Daylight,03 - P.D. only,03 - Rear end
5132,FOSTER ST @ PARKDALE AVE,365243.8435,5029058.508,1/13/16,13:00,01 - Clear,03 - Loose snow,02 - Stop sign,02 - Intersection related,01 - Daylight,03 - P.D. only,03 - Rear end
5133,FOUR SEASONS DR btwn CHESTERTON DR & SCHOLARS CRT,366229.502,5023923.782,4/6/16,11:00,01 - Clear,01 - Dry,10 - No control,01 - Non intersection,01 - Daylight,03 - P.D. only,06 - SMV unattended vehicle
5134,FOURTH AVE @ PERCY ST,367922.6116,5029212.341,2/4/16,15:29,01 - Clear,01 - Dry,02 - Stop sign,03 - At intersection,01 - Daylight,03 - P.D. only,02 - Angle
5135,FOURTH AVE btwn LYON ST S & BANK ST,368282.3156,5029424.974,2/26/16,15:41,01 - Clear,01 - Dry,10 - No control,01 - Non intersection,01 - Daylight,03 - P.D. only,06 - SMV unattended vehicle
5136,FOURTH AVE btwn O'CONNOR ST & QUEEN ELIZABETH DRWY,368696.9747,5029671.71,6/14/16,6:15,01 - Clear,01 - Dry,10 - No control,04 - At/near private drive,01 - Daylight,03 - P.D. only,06 - SMV unattended vehicle
5137,FOURTH LINE RD @ PRINCE OF WALES DR,366274.4363,4999562.058,8/20/16,9:56,01 - Clear,01 - Dry,02 - Stop sign,03 - At intersection,01 - Daylight,02 - Non-fatal injury,02 - Angle
5138,FOURTH LINE RD @ ROGER STEVENS DR,366454.2286,4999360.076,1/13/16,17:51,01 - Clear,01 - Dry,01 - Traffic signal,02 - Intersection related,07 - Dark,03 - P.D. only,99 - Other
5139,FOURTH LINE RD btwn BROPHY DR & CENTURY RD W,360862.8634,5005534.277,7/17/16,14:04,01 - Clear,01 - Dry,10 - No control,01 - Non intersection,01 - Daylight,02 - Non-fatal injury,07 - SMV other
5140,FOURTH LINE RD btwn CALLENDOR RD & DILWORTH RD,369911.7713,4995538.512,11/20/16,16:09,05 - Drifting Snow,06 - Ice,10 - No control,01 - Non intersection,01 - Daylight,03 - P.D. only,07 - SMV other
5141,FOURTH LINE RD btwn CALLENDOR RD & DILWORTH RD,370658.5244,4994721.121,12/12/16,13:47,03 - Snow,04 - Slush,10 - No control,01 - Non intersection,01 - Daylight,03 - P.D. only,07 - SMV other
5142,FOURTH LINE RD btwn DILWORTH RD & DONNELLY DR,371900.2604,4993196.874,4/29/16,12:52,01 - Clear,01 - Dry,10 - No control,01 - Non intersection,01 - Daylight,03 - P.D. only,07 - SMV other
5143,FOURTH LINE RD btwn POLLOCK RD & PHELAN RD W,364583.8945,5001433.477,3/29/16,19:23,01 - Clear,01 - Dry,10 - No control,01 - Non intersection,07 - Dark,02 - Non-fatal injury,07 - SMV other
5144,FOX CRES @ WOODROFFE AVE,361805.0019,5025625.861,4/29/16,18:07,01 - Clear,01 - Dry,02 - Stop sign,03 - At intersection,01 - Daylight,03 - P.D. only,03 - Rear end
5145,FOX CRES @ WOODROFFE AVE,361806.5938,5025626.304,7/9/16,13:01,01 - Clear,02 - Wet,02 - Stop sign,02 - Intersection related,01 - Daylight,03 - P.D. only,02 - Angle
5146,FOX CRES @ WOODROFFE AVE,361805.4558,5025626.753,5/27/16,10:53,01 - Clear,01 - Dry,02 - Stop sign,02 - Intersection related,01 - Daylight,03 - P.D. only,03 - Rear end
5147,FOXFIELD DR btwn KADEER WAY & FALK AVE,363420.825,5016241.124,9/29/16,0:00,01 - Clear,01 - Dry,10 - No control,01 - Non intersection,00 - Unknown,03 - P.D. only,06 - SMV unattended vehicle
5148,FOXHALL WAY btwn BRIDGESTONE DR & KINGBROOK DR,355357.7575,5016508.95,4/7/16,19:43,01 - Clear,01 - Dry,10 - No control,04 - At/near private drive,05 - Dusk,03 - P.D. only,02 - Angle
5149,FOXLEIGH CRES btwn EQUESTRIAN DR & BLUEGRASS DR,354778.7273,5016230.549,2/29/16,8:39,02 - Rain,06 - Ice,10 - No control,01 - Non intersection,01 - Daylight,03 - P.D. only,01 - Approaching