Record,Location,X,Y,Date,Time,Environment,Road_Surface,Traffic_Control,Collision_Location,Light,Collision_Classification,Impact_type
5150,FOXLIGHT CIR btwn ROSINGDALE ST & SUMMERGAZE ST,"356,762.29","5,015,593.96",5/12/16,9:56,01 - Clear,01 - Dry,10 - No control,04 - At/near private drive,01 - Daylight,03 - P.D. only,06 - SMV unattended vehicle
5151,FOXWELL ST btwn AMBROSE DR & DONDALE ST (2),374447.9051,5031542.02,1/16/16,14:49,01 - Clear,04 - Slush,10 - No control,04 - At/near private drive,01 - Daylight,03 - P.D. only,07 - SMV other
5152,FRANK BENDER ST @ JEANNE D'ARC BLVD,381870.5262,5035883.35,4/6/16,17:51,03 - Snow,05 - Packed snow,01 - Traffic signal,02 - Intersection related,01 - Daylight,03 - P.D. only,03 - Rear end
5153,FRANK BENDER ST @ JEANNE D'ARC BLVD,381871.5789,5035882.332,11/20/16,13:18,02 - Rain,04 - Slush,01 - Traffic signal,02 - Intersection related,01 - Daylight,03 - P.D. only,03 - Rear end
5154,FRANK BENDER ST @ JEANNE D'ARC BLVD,381871.0849,5035883.471,11/11/16,12:51,01 - Clear,01 - Dry,01 - Traffic signal,03 - At intersection,01 - Daylight,03 - P.D. only,05 - Turning movement
5155,FRANK KENNY RD @ RUSSELL RD,392567.0638,5026367.616,12/27/16,16:53,03 - Snow,02 - Wet,02 - Stop sign,02 - Intersection related,07 - Dark,03 - P.D. only,03 - Rear end
5156,FRANK KENNY RD @ RUSSELL RD,392551.0085,5026365.476,12/22/16,18:02,01 - Clear,01 - Dry,02 - Stop sign,02 - Intersection related,07 - Dark,03 - P.D. only,03 - Rear end
5157,FRANK KENNY RD @ TRIM RD,386221.4219,5038049.586,8/27/16,0:28,01 - Clear,01 - Dry,01 - Traffic signal,03 - At intersection,07 - Dark,03 - P.D. only,07 - SMV other
5158,FRANK KENNY RD @ WALL RD,388923.7893,5035188.244,12/15/16,16:02,05 - Drifting Snow,05 - Packed snow,02 - Stop sign,02 - Intersection related,05 - Dusk,02 - Non-fatal injury,02 - Angle
5159,FRANK KENNY RD btwn FRENCH HILL RD & WALL RD,388595.1884,5035984.576,11/21/16,19:25,05 - Drifting Snow,03 - Loose snow,10 - No control,01 - Non intersection,07 - Dark,02 - Non-fatal injury,07 - SMV other
5160,FRANK KENNY RD btwn GIROUX RD & COLONIAL RD,389812.4497,5032981.135,12/5/16,16:48,01 - Clear,02 - Wet,10 - No control,01 - Non intersection,05 - Dusk,02 - Non-fatal injury,07 - SMV other
5161,FRANK KENNY RD btwn GIROUX RD & COLONIAL RD,390117.3361,5032247.723,6/16/16,21:49,01 - Clear,01 - Dry,10 - No control,01 - Non intersection,07 - Dark,03 - P.D. only,07 - SMV other
5162,FRANK KENNY RD btwn GIROUX RD & COLONIAL RD,389748.541,5033137.907,12/22/16,2:35,03 - Snow,02 - Wet,10 - No control,04 - At/near private drive,07 - Dark,03 - P.D. only,07 - SMV other
5163,FRANK KENNY RD btwn INNES RD & FRENCH HILL RD,388443.8725,5036353.7,7/11/16,6:39,"07 - Fog, mist, smoke, dust",01 - Dry,10 - No control,04 - At/near private drive,01 - Daylight,02 - Non-fatal injury,05 - Turning movement
5164,FRANK KENNY RD btwn INNES RD & FRENCH HILL RD,388542.1069,5036114.265,4/1/16,14:24,01 - Clear,01 - Dry,10 - No control,01 - Non intersection,01 - Daylight,03 - P.D. only,99 - Other
5165,FRANK KENNY RD btwn JONQUILLE WAY & WILHAVEN DR,386781.5056,5040159.444,6/2/16,13:58,01 - Clear,02 - Wet,10 - No control,01 - Non intersection,01 - Daylight,02 - Non-fatal injury,07 - SMV other
5166,FRANK KENNY RD btwn MCFADDEN RD & RUSSELL RD,392506.5438,5026503.992,11/24/16,22:26,01 - Clear,02 - Wet,10 - No control,01 - Non intersection,07 - Dark,02 - Non-fatal injury,07 - SMV other
5167,FRANK KENNY RD btwn MCFADDEN RD & RUSSELL RD,392505.3295,5026506.419,8/12/16,3:00,01 - Clear,01 - Dry,10 - No control,01 - Non intersection,07 - Dark,03 - P.D. only,07 - SMV other
5168,FRANK KENNY RD btwn MCFADDEN RD & RUSSELL RD,392524.2098,5026458.56,10/13/16,2:42,01 - Clear,01 - Dry,10 - No control,01 - Non intersection,07 - Dark,03 - P.D. only,07 - SMV other
5169,FRANK KENNY RD btwn REGIMBALD RD & GIROUX RD,389103.9609,5034774.105,2/27/16,16:49,05 - Drifting Snow,03 - Loose snow,10 - No control,01 - Non intersection,01 - Daylight,03 - P.D. only,07 - SMV other
5170,FRANK KENNY RD btwn RUSSELL RD & DEVINE RD,392599.6018,5026271,6/6/16,14:34,06 - Strong wind,01 - Dry,10 - No control,01 - Non intersection,01 - Daylight,03 - P.D. only,07 - SMV other
5171,FRANK KENNY RD btwn WALL RD & REGIMBALD RD,388981.4126,5035049.307,4/6/16,16:00,03 - Snow,03 - Loose snow,10 - No control,01 - Non intersection,01 - Daylight,02 - Non-fatal injury,07 - SMV other
5172,FRANK KENNY RD btwn WILHAVEN DR & INNES RD,387698.5473,5038154.862,1/18/16,15:40,01 - Clear,01 - Dry,10 - No control,04 - At/near private drive,01 - Daylight,03 - P.D. only,05 - Turning movement
5173,FRANK KENNY RD E @ INNES RD,387870.2415,5037737.071,11/23/16,17:46,01 - Clear,01 - Dry,02 - Stop sign,03 - At intersection,07 - Dark,02 - Non-fatal injury,02 - Angle
5174,FRANK KENNY RD E @ INNES RD,387867.0659,5037728.173,12/15/16,20:39,01 - Clear,02 - Wet,02 - Stop sign,03 - At intersection,07 - Dark,03 - P.D. only,02 - Angle
5175,FRANK KENNY RD W @ INNES RD,387531.2657,5037629.966,11/1/16,16:16,01 - Clear,01 - Dry,02 - Stop sign,03 - At intersection,01 - Daylight,02 - Non-fatal injury,02 - Angle
5176,FRANK KENNY RD W @ INNES RD,387532.4128,5037632.396,8/12/16,16:21,02 - Rain,02 - Wet,02 - Stop sign,02 - Intersection related,01 - Daylight,03 - P.D. only,03 - Rear end
5177,FRANK KENNY RD W @ INNES RD,387531.3624,5037631.037,1/16/16,14:44,03 - Snow,03 - Loose snow,02 - Stop sign,03 - At intersection,01 - Daylight,03 - P.D. only,02 - Angle
5178,FRANK KENNY RD W @ INNES RD,387531.705,5037627.667,4/5/16,16:10,01 - Clear,01 - Dry,02 - Stop sign,03 - At intersection,01 - Daylight,03 - P.D. only,02 - Angle
5179,FRANK KENNY RD W @ INNES RD,387532.946,5037628.669,7/17/16,16:43,01 - Clear,01 - Dry,02 - Stop sign,02 - Intersection related,01 - Daylight,03 - P.D. only,03 - Rear end
5180,FRANK NIGHBOR PL @ SILVER SEVEN RD,350759.6592,5018219.158,10/16/16,14:15,02 - Rain,02 - Wet,02 - Stop sign,02 - Intersection related,01 - Daylight,03 - P.D. only,03 - Rear end
5181,FRANK NIGHBOR PL @ SILVER SEVEN RD,350760.4873,5018220.618,12/21/16,12:00,01 - Clear,04 - Slush,02 - Stop sign,02 - Intersection related,01 - Daylight,03 - P.D. only,03 - Rear end
5182,FRANK NIGHBOR PL btwn SILVER SEVEN RD & END,350719.2708,5018190.664,9/7/16,12:38,01 - Clear,01 - Dry,10 - No control,04 - At/near private drive,01 - Daylight,02 - Non-fatal injury,02 - Angle
5183,FRANK ST @ METCALFE ST,368202.8198,5030792.242,4/3/16,13:44,01 - Clear,01 - Dry,02 - Stop sign,02 - Intersection related,01 - Daylight,03 - P.D. only,05 - Turning movement
5184,FRANK ST @ O'CONNOR ST,368051.0303,5030698.701,4/30/16,17:47,01 - Clear,01 - Dry,02 - Stop sign,03 - At intersection,01 - Daylight,02 - Non-fatal injury,02 - Angle
5185,FRANK ST @ O'CONNOR ST,368052.5056,5030697.307,4/1/16,14:17,01 - Clear,01 - Dry,02 - Stop sign,02 - Intersection related,01 - Daylight,03 - P.D. only,05 - Turning movement
5186,FRANK ST @ O'CONNOR ST,368052.1659,5030698.722,5/30/16,15:49,01 - Clear,01 - Dry,02 - Stop sign,03 - At intersection,01 - Daylight,03 - P.D. only,02 - Angle
5187,FRANK ST @ O'CONNOR ST,368051.4872,5030697.354,10/21/16,19:46,02 - Rain,02 - Wet,02 - Stop sign,03 - At intersection,07 - Dark,03 - P.D. only,02 - Angle
5188,FRANK ST btwn O'CONNOR ST & METCALFE ST,368184.6591,5030779.908,12/6/16,20:04,01 - Clear,01 - Dry,10 - No control,01 - Non intersection,07 - Dark,03 - P.D. only,06 - SMV unattended vehicle
5189,FRANKTOWN RD @ DWYER HILL RD,348405.3523,4998729.105,10/24/16,18:28,01 - Clear,01 - Dry,02 - Stop sign,02 - Intersection related,05 - Dusk,03 - P.D. only,07 - SMV other
5190,FRANKTOWN RD @ JOY'S RD W,355255.7596,5004900.885,12/30/16,13:04,01 - Clear,01 - Dry,02 - Stop sign,02 - Intersection related,01 - Daylight,03 - P.D. only,03 - Rear end
5191,FRANKTOWN RD @ MUNSTER RD,350728.4264,5000790.901,1/15/16,9:15,01 - Clear,01 - Dry,02 - Stop sign,03 - At intersection,01 - Daylight,03 - P.D. only,02 - Angle
5192,FRANKTOWN RD btwn ASHTON STATION RD & ASHTON STATION RD,346321.6688,4996512.24,10/2/16,11:46,02 - Rain,02 - Wet,10 - No control,01 - Non intersection,01 - Daylight,03 - P.D. only,07 - SMV other
5193,FRANKTOWN RD btwn ASHTON STATION RD & STARLIGHT PL,346317.3201,4996853.158,7/1/16,3:19,01 - Clear,01 - Dry,10 - No control,01 - Non intersection,07 - Dark,03 - P.D. only,07 - SMV other
5194,FRANKTOWN RD btwn CONLEY RD & JOY'S RD,353323.1596,5003070.33,7/5/16,6:06,01 - Clear,01 - Dry,10 - No control,01 - Non intersection,01 - Daylight,02 - Non-fatal injury,04 - Sideswipe
5195,FRANKTOWN RD btwn CONLEY RD & JOY'S RD,353766.6114,5003494.867,6/20/16,22:36,01 - Clear,01 - Dry,10 - No control,01 - Non intersection,07 - Dark,03 - P.D. only,07 - SMV other
5196,FRANKTOWN RD btwn CONLEY RD & JOY'S RD,355182.9185,5004819.97,12/5/16,23:44,01 - Clear,02 - Wet,10 - No control,01 - Non intersection,07 - Dark,03 - P.D. only,07 - SMV other
5197,FRANKTOWN RD btwn DWYER HILL RD & MATILDA GT,348472.9662,4998792.931,3/17/16,7:54,01 - Clear,01 - Dry,10 - No control,01 - Non intersection,01 - Daylight,03 - P.D. only,07 - SMV other
5198,FRANKTOWN RD btwn GREEN'S RD & CONLEY RD,352450.296,5002303.557,11/24/16,6:15,03 - Snow,04 - Slush,10 - No control,01 - Non intersection,07 - Dark,03 - P.D. only,07 - SMV other
5199,FRANKTOWN RD btwn JOY'S RD & PERTH ST,355445.4472,5005062.869,9/28/16,3:00,01 - Clear,01 - Dry,10 - No control,01 - Non intersection,07 - Dark,03 - P.D. only,07 - SMV other
5200,FRANKTOWN RD btwn MUNSTER RD & GREEN'S RD,351055.5121,5001065.743,12/5/16,8:00,03 - Snow,05 - Packed snow,10 - No control,01 - Non intersection,01 - Daylight,02 - Non-fatal injury,01 - Approaching
5201,FRANKTOWN RD btwn SKEEL CRT & DWYER HILL RD,348252.1432,4998596.6,10/31/16,7:31,01 - Clear,01 - Dry,10 - No control,01 - Non intersection,01 - Daylight,03 - P.D. only,07 - SMV other
5202,FRANKTOWN RD btwn WOOD'S RD & MUNSTER RD,349874.2602,5000032.325,11/21/16,9:30,03 - Snow,05 - Packed snow,10 - No control,01 - Non intersection,01 - Daylight,03 - P.D. only,07 - SMV other
5203,FRASER AVE @ BYRON AVE,362504.5213,5027655.701,7/17/16,9:32,01 - Clear,01 - Dry,02 - Stop sign,03 - At intersection,01 - Daylight,02 - Non-fatal injury,02 - Angle
5204,FRASER AVE @ BYRON AVE,362504.0299,5027656.409,11/3/16,18:40,01 - Clear,01 - Dry,02 - Stop sign,03 - At intersection,07 - Dark,03 - P.D. only,05 - Turning movement
5205,FRASER AVE btwn DOVERCOURT AVE & TILLBURY AVE,362807.7533,5026902.137,10/7/16,0:00,01 - Clear,01 - Dry,10 - No control,01 - Non intersection,00 - Unknown,03 - P.D. only,06 - SMV unattended vehicle
5206,FRASER AVE btwn TILLBURY AVE & SHERBOURNE RD,362854.74,5026779.64,11/16/16,19:00,01 - Clear,01 - Dry,10 - No control,01 - Non intersection,07 - Dark,03 - P.D. only,06 - SMV unattended vehicle
5207,FRASER FIELDS WAY btwn HARTHILL WAY & STRANDHERD DR,362909.1911,5014027.222,7/29/16,17:20,01 - Clear,01 - Dry,10 - No control,04 - At/near private drive,01 - Daylight,03 - P.D. only,99 - Other
5208,FRENCH HILL RD @ SARSFIELD RD,393597.431,5038168.286,2/14/16,23:43,03 - Snow,06 - Ice,02 - Stop sign,03 - At intersection,07 - Dark,03 - P.D. only,07 - SMV other
5209,FRENCH HILL RD btwn EMMETT RD & BIRCHGROVE RD,396121.1485,5039210.616,5/2/16,22:20,01 - Clear,01 - Dry,10 - No control,01 - Non intersection,07 - Dark,03 - P.D. only,06 - SMV unattended vehicle
5210,FRIEL ST @ LAURIER AVE,368997.0478,5032192.236,1/14/16,17:23,01 - Clear,04 - Slush,02 - Stop sign,02 - Intersection related,05 - Dusk,03 - P.D. only,03 - Rear end
5211,FRIEL ST @ RIDEAU ST,368771.7024,5032570.209,3/11/16,16:58,01 - Clear,01 - Dry,01 - Traffic signal,03 - At intersection,01 - Daylight,02 - Non-fatal injury,07 - SMV other
5212,FRIEL ST @ RIDEAU ST,368772.3788,5032570.359,5/25/16,22:50,01 - Clear,01 - Dry,01 - Traffic signal,02 - Intersection related,07 - Dark,02 - Non-fatal injury,07 - SMV other
5213,FRIEL ST @ RIDEAU ST,368770.8742,5032569.342,11/17/16,18:26,01 - Clear,02 - Wet,01 - Traffic signal,02 - Intersection related,07 - Dark,02 - Non-fatal injury,03 - Rear end
5214,FRINGEWOOD DR btwn POOLE CREEK CRES & POOLE CREEK CRES,351058.6432,5015370.257,7/6/16,15:30,01 - Clear,01 - Dry,10 - No control,04 - At/near private drive,01 - Daylight,02 - Non-fatal injury,07 - SMV other
5215,FROBISHER LANE @ OLD RIVERSIDE DR,370170.7081,5029578.051,11/6/16,12:47,01 - Clear,01 - Dry,02 - Stop sign,02 - Intersection related,01 - Daylight,02 - Non-fatal injury,03 - Rear end
5216,FROBISHER LANE @ OLD RIVERSIDE DR,370169.8799,5029578.88,11/17/16,11:08,01 - Clear,01 - Dry,02 - Stop sign,02 - Intersection related,01 - Daylight,03 - P.D. only,03 - Rear end
5217,FROBISHER LANE W @ RIVERSIDE DR,370118.6863,5029601.203,5/16/16,18:45,01 - Clear,01 - Dry,01 - Traffic signal,02 - Intersection related,01 - Daylight,03 - P.D. only,05 - Turning movement
5218,FROBISHER LANE W @ RIVERSIDE DR,370117.2142,5029602.352,1/6/16,16:46,01 - Clear,02 - Wet,01 - Traffic signal,03 - At intersection,05 - Dusk,03 - P.D. only,05 - Turning movement
5219,FROBISHER LANE W @ RIVERSIDE DR,370119.3885,5029601.002,3/7/16,17:01,02 - Rain,02 - Wet,01 - Traffic signal,03 - At intersection,01 - Daylight,03 - P.D. only,05 - Turning movement
5220,FROBISHER LANE W @ RIVERSIDE DR,370118.6866,5029601.238,11/21/16,20:20,03 - Snow,03 - Loose snow,01 - Traffic signal,02 - Intersection related,07 - Dark,03 - P.D. only,04 - Sideswipe
5221,FROBISHER LANE W @ RIVERSIDE DR,370118.7293,5029601.195,10/7/16,21:39,01 - Clear,01 - Dry,01 - Traffic signal,03 - At intersection,07 - Dark,03 - P.D. only,04 - Sideswipe
5222,FROBISHER LANE W @ RIVERSIDE DR,370118.7571,5029601.277,11/7/16,16:56,01 - Clear,01 - Dry,01 - Traffic signal,02 - Intersection related,05 - Dusk,03 - P.D. only,04 - Sideswipe
5223,FROBISHER LANE W @ RIVERSIDE DR,370118.7151,5029601.219,12/14/16,20:20,03 - Snow,03 - Loose snow,01 - Traffic signal,02 - Intersection related,07 - Dark,03 - P.D. only,03 - Rear end
5224,FRONTIER RD btwn DEVINE RD & BURTON RD,390153.0236,5020617.583,1/3/16,10:02,03 - Snow,03 - Loose snow,10 - No control,01 - Non intersection,01 - Daylight,03 - P.D. only,07 - SMV other
5225,GALETTA SIDE RD @ LOGGERS WAY,325000.7156,5032562.25,11/8/16,18:59,01 - Clear,01 - Dry,02 - Stop sign,02 - Intersection related,07 - Dark,03 - P.D. only,07 - SMV other
5226,GALETTA SIDE RD btwn CARP RD & HARBOUR ST,328165.5947,5035362.824,11/8/16,17:26,01 - Clear,01 - Dry,10 - No control,01 - Non intersection,07 - Dark,03 - P.D. only,07 - SMV other
5227,GALETTA SIDE RD btwn HARBOUR ST & CANON SMITH DR,328681.8576,5035820.51,2/28/16,21:21,02 - Rain,02 - Wet,10 - No control,01 - Non intersection,07 - Dark,03 - P.D. only,07 - SMV other
5228,GALETTA SIDE RD btwn HARBOUR ST & CANON SMITH DR,329085.2897,5036180.109,10/13/16,7:15,01 - Clear,01 - Dry,10 - No control,01 - Non intersection,01 - Daylight,03 - P.D. only,07 - SMV other
5229,GALETTA SIDE RD btwn IVY ACRES RD & UPPER DWYER HILL RD,320840.0323,5028838.651,3/19/16,11:43,01 - Clear,01 - Dry,10 - No control,01 - Non intersection,01 - Daylight,02 - Non-fatal injury,05 - Turning movement
5230,GALETTA SIDE RD btwn MACHARDY RD & DARWIN ST,323645.9553,5031445.492,9/9/16,3:27,01 - Clear,01 - Dry,10 - No control,01 - Non intersection,07 - Dark,03 - P.D. only,07 - SMV other
5231,GALETTA SIDE RD btwn MOHRS RD & MORNING DEW DR,324129.1274,5031958.902,3/5/16,4:51,01 - Clear,01 - Dry,10 - No control,01 - Non intersection,07 - Dark,02 - Non-fatal injury,07 - SMV other
5232,GALETTA SIDE RD btwn MOHRS RD & MORNING DEW DR,323931.0655,5031724.192,2/28/16,12:58,03 - Snow,06 - Ice,10 - No control,01 - Non intersection,01 - Daylight,03 - P.D. only,07 - SMV other
5233,GALETTA SIDE RD btwn TORBOLTON RIDGE RD & WOODKILTON RD,332629.5795,5039421.567,7/15/16,9:46,01 - Clear,01 - Dry,10 - No control,01 - Non intersection,01 - Daylight,01 - Fatal injury,07 - SMV other
5234,GALLAGHER RD @ HARNETT RD,362458.9333,4990770.427,3/23/16,8:34,03 - Snow,03 - Loose snow,10 - No control,03 - At intersection,01 - Daylight,03 - P.D. only,02 - Angle
5235,GALLAGHER RD @ HARNETT RD,362456.7943,4990769.977,12/27/16,12:55,01 - Clear,06 - Ice,10 - No control,02 - Intersection related,01 - Daylight,03 - P.D. only,07 - SMV other
5236,GALLANTRY WAY btwn CORIOLIS CRT/GALLANTRY WAY & KHAMSIN ST,350777.0271,5016393.889,9/19/16,20:44,01 - Clear,01 - Dry,10 - No control,01 - Non intersection,07 - Dark,02 - Non-fatal injury,07 - SMV other
5237,GARDENGATE WAY btwn WESTPOINTE CRES & WESTPOINTE CRES,362211.7156,5023043.529,2/5/16,21:26,01 - Clear,01 - Dry,10 - No control,01 - Non intersection,07 - Dark,03 - P.D. only,06 - SMV unattended vehicle
5238,GARDENWAY DR @ NORTHLANDS DR,384939.0871,5036991.776,4/24/16,23:43,01 - Clear,01 - Dry,02 - Stop sign,03 - At intersection,07 - Dark,02 - Non-fatal injury,99 - Other
5239,GARDENWAY DR @ NORTHLANDS DR,384940.7198,5036991.998,11/4/16,17:20,01 - Clear,01 - Dry,02 - Stop sign,02 - Intersection related,07 - Dark,03 - P.D. only,02 - Angle
5240,GARDENWAY DR @ PORTOBELLO BLVD,385375.1166,5037309.148,8/29/16,8:00,01 - Clear,01 - Dry,02 - Stop sign,02 - Intersection related,01 - Daylight,02 - Non-fatal injury,03 - Rear end
5241,GARDENWAY DR @ PORTOBELLO BLVD,385377.4324,5037307.95,10/18/16,21:31,01 - Clear,02 - Wet,02 - Stop sign,02 - Intersection related,07 - Dark,03 - P.D. only,03 - Rear end
5242,GARDENWAY DR btwn BOAKE ST & LEJEUNE DR,384862.6199,5036892.327,7/20/16,15:45,01 - Clear,01 - Dry,10 - No control,01 - Non intersection,01 - Daylight,03 - P.D. only,06 - SMV unattended vehicle
5243,GARDENWAY DR btwn OAKLAWN CRES & OAKLAWN CRES,384079.4359,5036627.227,1/23/16,19:52,01 - Clear,01 - Dry,10 - No control,01 - Non intersection,07 - Dark,03 - P.D. only,07 - SMV other
5244,GARDENWAY DR btwn OAKLAWN CRES & ROUGEMOUNT CRES,384095.6212,5036574.846,6/28/16,22:41,02 - Rain,02 - Wet,10 - No control,01 - Non intersection,07 - Dark,03 - P.D. only,07 - SMV other
5245,GARDENWAY DR btwn SATURN CRES & SATURN CRES,385206.9642,5037159.81,5/6/16,7:25,01 - Clear,01 - Dry,10 - No control,04 - At/near private drive,01 - Daylight,02 - Non-fatal injury,07 - SMV other
5246,GARFIELD AVE @ MAITLAND AVE,363343.3504,5025563.186,5/12/16,16:14,01 - Clear,01 - Dry,01 - Traffic signal,02 - Intersection related,01 - Daylight,02 - Non-fatal injury,03 - Rear end
5247,GARFIELD AVE @ MAITLAND AVE,363343.52,5025562.114,12/12/16,8:22,03 - Snow,03 - Loose snow,01 - Traffic signal,02 - Intersection related,01 - Daylight,02 - Non-fatal injury,03 - Rear end
5248,GARFIELD AVE @ MAITLAND AVE,363342.4723,5025562.747,9/3/16,16:28,01 - Clear,01 - Dry,01 - Traffic signal,02 - Intersection related,01 - Daylight,03 - P.D. only,04 - Sideswipe
5249,GARFIELD AVE @ MAITLAND AVE,363343.3682,5025563.204,5/10/16,8:30,01 - Clear,01 - Dry,01 - Traffic signal,02 - Intersection related,01 - Daylight,03 - P.D. only,03 - Rear end
5250,GARFIELD AVE @ MAITLAND AVE,363342.9982,5025562.946,1/13/16,12:39,01 - Clear,06 - Ice,01 - Traffic signal,02 - Intersection related,01 - Daylight,03 - P.D. only,03 - Rear end
5251,GARFIELD AVE @ MAITLAND AVE,363342.4255,5025562.261,1/21/16,17:43,01 - Clear,02 - Wet,01 - Traffic signal,02 - Intersection related,07 - Dark,03 - P.D. only,03 - Rear end
5252,GARLAND ST @ LOWREY ST,365463.0811,5029953.893,12/21/16,8:54,01 - Clear,05 - Packed snow,02 - Stop sign,03 - At intersection,01 - Daylight,03 - P.D. only,02 - Angle
5253,GARRITY CRES btwn BALINROAN CRES & LEAMINGTON WAY,364948.5461,5014257.353,7/22/16,6:00,01 - Clear,01 - Dry,10 - No control,01 - Non intersection,01 - Daylight,03 - P.D. only,06 - SMV unattended vehicle
5254,GAULTOIS AVE btwn BEDEQUE CRT & LOIRE DR,380841.7574,5036292.677,2/1/16,7:20,01 - Clear,01 - Dry,10 - No control,01 - Non intersection,01 - Daylight,03 - P.D. only,06 - SMV unattended vehicle
5255,GENEST ST @ MARQUETTE AVE,369841.9294,5033961.821,2/17/16,8:20,01 - Clear,05 - Packed snow,02 - Stop sign,02 - Intersection related,01 - Daylight,03 - P.D. only,03 - Rear end
5256,GENEST ST btwn LOYER ST & ST. CHARLES ST,369506.5015,5033551.452,6/13/16,12:00,01 - Clear,01 - Dry,10 - No control,01 - Non intersection,01 - Daylight,03 - P.D. only,06 - SMV unattended vehicle
5257,GENEST ST btwn MARIER AVE & STE. CECILE ST,369796.4461,5033874.474,9/17/16,21:47,01 - Clear,01 - Dry,10 - No control,01 - Non intersection,07 - Dark,03 - P.D. only,06 - SMV unattended vehicle
5258,GENEVRIERS ST @ MAGNOLIA ST,384436.3707,5034491.482,9/22/16,20:02,01 - Clear,01 - Dry,02 - Stop sign,03 - At intersection,07 - Dark,03 - P.D. only,02 - Angle
5259,GEORGE ST    W btwn PRESTON ST & END,366608.3831,5029411.949,1/20/16,0:00,01 - Clear,02 - Wet,10 - No control,01 - Non intersection,00 - Unknown,03 - P.D. only,06 - SMV unattended vehicle
5260,GEORGE ST    W btwn PRESTON ST & END,366610.4198,5029412.833,11/3/16,13:47,01 - Clear,01 - Dry,10 - No control,01 - Non intersection,01 - Daylight,03 - P.D. only,99 - Other
5261,GEORGE ST @ DALHOUSIE ST,368157.6976,5032315.176,10/28/16,18:48,01 - Clear,01 - Dry,01 - Traffic signal,03 - At intersection,07 - Dark,02 - Non-fatal injury,07 - SMV other
5262,GEORGE ST @ DALHOUSIE ST,368157.7065,5032315.977,2/9/16,16:42,01 - Clear,01 - Dry,01 - Traffic signal,03 - At intersection,01 - Daylight,02 - Non-fatal injury,07 - SMV other
5263,GEORGE ST @ DALHOUSIE ST,368155.9238,5032316.92,4/8/16,2:38,01 - Clear,01 - Dry,01 - Traffic signal,02 - Intersection related,07 - Dark,02 - Non-fatal injury,07 - SMV other
5264,GEORGE ST @ DALHOUSIE ST,368157.0149,5032316.083,6/4/16,21:08,01 - Clear,01 - Dry,01 - Traffic signal,03 - At intersection,05 - Dusk,02 - Non-fatal injury,07 - SMV other
5265,GEORGE ST @ DALHOUSIE ST,368157.4122,5032315.977,2/18/16,5:59,03 - Snow,03 - Loose snow,01 - Traffic signal,02 - Intersection related,07 - Dark,03 - P.D. only,03 - Rear end
5266,GEORGE ST @ DALHOUSIE ST,368157.8811,5032315.781,3/7/16,20:48,01 - Clear,02 - Wet,01 - Traffic signal,02 - Intersection related,07 - Dark,03 - P.D. only,03 - Rear end
5267,GEORGE ST @ DALHOUSIE ST,368157.4731,5032314.916,2/18/16,11:10,01 - Clear,06 - Ice,01 - Traffic signal,02 - Intersection related,01 - Daylight,03 - P.D. only,03 - Rear end
5268,GEORGE ST @ DALHOUSIE ST,368157.7002,5032315.419,1/16/16,17:40,01 - Clear,03 - Loose snow,01 - Traffic signal,03 - At intersection,07 - Dark,03 - P.D. only,05 - Turning movement
5269,GEORGE ST @ DALHOUSIE ST,368156.8321,5032315.287,5/4/16,15:56,01 - Clear,01 - Dry,01 - Traffic signal,03 - At intersection,01 - Daylight,03 - P.D. only,05 - Turning movement
5270,GEORGE ST @ DALHOUSIE ST,368157.1062,5032316.07,7/5/16,18:35,01 - Clear,01 - Dry,01 - Traffic signal,02 - Intersection related,01 - Daylight,03 - P.D. only,04 - Sideswipe
5271,GEORGE ST @ DALHOUSIE ST,368157.4731,5032315.814,4/27/16,7:15,01 - Clear,01 - Dry,01 - Traffic signal,02 - Intersection related,01 - Daylight,03 - P.D. only,03 - Rear end
5272,GEORGE ST @ PRESTON ST,366618.7393,5029417.264,3/22/16,21:05,02 - Rain,02 - Wet,01 - Traffic signal,02 - Intersection related,07 - Dark,03 - P.D. only,02 - Angle
5273,GEORGE ST @ SUSSEX DR,367868.5573,5032130.912,11/10/16,13:54,01 - Clear,01 - Dry,01 - Traffic signal,02 - Intersection related,01 - Daylight,03 - P.D. only,05 - Turning movement
5274,GEORGE ST @ SUSSEX DR,367868.3877,5032130.279,12/28/16,17:42,01 - Clear,01 - Dry,01 - Traffic signal,02 - Intersection related,07 - Dark,03 - P.D. only,03 - Rear end
5275,GEORGE ST @ WILLIAM ST,368047.7526,5032233.3,10/14/16,6:43,01 - Clear,01 - Dry,01 - Traffic signal,03 - At intersection,03 - Dawn,03 - P.D. only,07 - SMV other
5276,GEORGE ST btwn BY WARD MARKET SQ & WILLIAM ST,368027.7636,5032217.765,4/29/16,13:30,01 - Clear,01 - Dry,10 - No control,01 - Non intersection,01 - Daylight,03 - P.D. only,06 - SMV unattended vehicle
5277,GEORGE ST btwn CUMBERLAND ST & KING EDWARD AVE,368342.093,5032408.215,4/24/16,2:30,01 - Clear,01 - Dry,10 - No control,01 - Non intersection,07 - Dark,03 - P.D. only,06 - SMV unattended vehicle