Record,Location,X,Y,Date,Time,Environment,Road_Surface,Traffic_Control,Collision_Location,Light,Collision_Classification,Impact_type
5278,GEORGE ST btwn DALHOUSIE ST & CUMBERLAND ST,368246.2423,5032369.11,9/16/16,18:46,01 - Clear,01 - Dry,10 - No control,04 - At/near private drive,01 - Daylight,01 - Fatal injury,02 - Angle
5279,GEORGE ST btwn DALHOUSIE ST & CUMBERLAND ST,368246.2741,5032369.511,6/30/16,20:19,01 - Clear,01 - Dry,10 - No control,04 - At/near private drive,01 - Daylight,02 - Non-fatal injury,07 - SMV other
5280,GEORGE ST btwn DALHOUSIE ST & CUMBERLAND ST,368164.2734,5032318.859,3/16/16,9:30,01 - Clear,01 - Dry,10 - No control,01 - Non intersection,01 - Daylight,03 - P.D. only,06 - SMV unattended vehicle
5281,GEORGE ST btwn SUSSEX DR & 26 W OF BYWARD MARKET/FREIMAN MALL,367893.5882,5032145.497,10/31/16,2:30,01 - Clear,01 - Dry,10 - No control,01 - Non intersection,07 - Dark,03 - P.D. only,04 - Sideswipe
5282,GEORGE ST btwn SUSSEX DR & 26 W OF BYWARD MARKET/FREIMAN MALL,367953.5341,5032179.784,7/16/16,13:00,01 - Clear,01 - Dry,10 - No control,01 - Non intersection,01 - Daylight,03 - P.D. only,06 - SMV unattended vehicle
5283,GEORGE ST btwn WILLIAM ST & DALHOUSIE ST,368141.0798,5032303.561,8/27/16,15:54,01 - Clear,01 - Dry,10 - No control,01 - Non intersection,01 - Daylight,03 - P.D. only,99 - Other
5284,GEORGE ST btwn WILLIAM ST & DALHOUSIE ST,368152.9301,5032312.338,2/11/16,14:43,01 - Clear,01 - Dry,10 - No control,01 - Non intersection,01 - Daylight,03 - P.D. only,99 - Other
5285,GERRY LALONDE DR btwn AZURE ST/TRIGORIA CRES & NACARAT ST,383577.1929,5034985.977,12/28/16,0:00,01 - Clear,06 - Ice,10 - No control,01 - Non intersection,00 - Unknown,03 - P.D. only,06 - SMV unattended vehicle
5286,GERRY LALONDE DR btwn LERTA WAY & PETRICHOR CRES/ STRASBOURG ST,383772.0359,5035163.404,12/8/16,0:00,01 - Clear,01 - Dry,10 - No control,01 - Non intersection,00 - Unknown,03 - P.D. only,06 - SMV unattended vehicle
5287,GERVIN ST btwn PINEGLEN CRES & GRAYSON ST,365944.613,5020020.954,11/17/16,14:44,01 - Clear,01 - Dry,10 - No control,01 - Non intersection,01 - Daylight,03 - P.D. only,07 - SMV other
5288,GIBBARD AVE @ GREENBANK RD,361430.3498,5020617.59,2/17/16,13:10,01 - Clear,01 - Dry,02 - Stop sign,02 - Intersection related,01 - Daylight,03 - P.D. only,03 - Rear end
5289,GIBBARD AVE @ GREENBANK RD,361430.7549,5020616.212,9/30/16,15:13,01 - Clear,01 - Dry,02 - Stop sign,02 - Intersection related,01 - Daylight,03 - P.D. only,03 - Rear end
5290,GIBBARD AVE btwn GREENBANK RD & ATKINSON GT,361445.4442,5020630.021,2/18/16,7:50,01 - Clear,05 - Packed snow,10 - No control,04 - At/near private drive,01 - Daylight,03 - P.D. only,02 - Angle
5291,GILCHRIST ST @ SPENCER ST,364349.7442,5029160.904,6/30/16,17:17,01 - Clear,01 - Dry,02 - Stop sign,03 - At intersection,01 - Daylight,03 - P.D. only,02 - Angle
5292,GILLES ST @ HERON RD,369758.9441,5026817.408,6/17/16,10:47,01 - Clear,01 - Dry,02 - Stop sign,02 - Intersection related,01 - Daylight,02 - Non-fatal injury,03 - Rear end
5293,GILLES ST @ HERON RD,369757.9197,5026818.802,2/10/16,11:36,01 - Clear,01 - Dry,02 - Stop sign,03 - At intersection,01 - Daylight,03 - P.D. only,02 - Angle
5294,GILMOUR ST @ KENT ST,367615.9361,5030673.48,8/21/16,16:33,02 - Rain,02 - Wet,01 - Traffic signal,03 - At intersection,01 - Daylight,02 - Non-fatal injury,07 - SMV other
5295,GILMOUR ST @ LYON ST,367453.4923,5030572.913,11/21/16,21:17,03 - Snow,03 - Loose snow,02 - Stop sign,03 - At intersection,07 - Dark,03 - P.D. only,02 - Angle
5296,GILMOUR ST @ O'CONNOR ST,367943.4919,5030868.79,9/19/16,12:01,01 - Clear,01 - Dry,01 - Traffic signal,03 - At intersection,01 - Daylight,03 - P.D. only,05 - Turning movement
5297,GILMOUR ST @ O'CONNOR ST,367943.035,5030867.443,6/24/16,12:34,01 - Clear,01 - Dry,01 - Traffic signal,03 - At intersection,01 - Daylight,03 - P.D. only,05 - Turning movement
5298,GILMOUR ST btwn CARTIER ST & HARTINGTON PL,368419.1113,5031154.208,6/30/16,11:36,01 - Clear,01 - Dry,10 - No control,01 - Non intersection,01 - Daylight,03 - P.D. only,99 - Other
5299,GILMOUR ST btwn DERBY PL & O'CONNOR ST,367873.7899,5030826.242,12/5/16,9:51,03 - Snow,03 - Loose snow,10 - No control,01 - Non intersection,01 - Daylight,03 - P.D. only,03 - Rear end
5300,GILMOUR ST btwn ELGIN ST & CARTIER ST,368274.9827,5031067.76,5/24/16,15:44,01 - Clear,01 - Dry,10 - No control,01 - Non intersection,01 - Daylight,03 - P.D. only,99 - Other
5301,GILMOUR ST btwn ELGIN ST & CARTIER ST,368297.3571,5031080.508,12/31/16,17:30,03 - Snow,03 - Loose snow,10 - No control,01 - Non intersection,07 - Dark,03 - P.D. only,06 - SMV unattended vehicle
5302,GILMOUR ST btwn HARTINGTON PL & MACDONALD ST,368536.3463,5031225.763,5/9/16,10:26,01 - Clear,01 - Dry,10 - No control,01 - Non intersection,01 - Daylight,03 - P.D. only,06 - SMV unattended vehicle
5303,GILMOUR ST btwn LYON ST N & KENT ST,367577.2818,5030649.2,1/14/16,9:30,03 - Snow,04 - Slush,10 - No control,04 - At/near private drive,01 - Daylight,03 - P.D. only,06 - SMV unattended vehicle
5304,GILMOUR ST btwn LYON ST N & KENT ST,367466.6664,5030581.299,8/4/16,13:56,01 - Clear,01 - Dry,10 - No control,01 - Non intersection,01 - Daylight,03 - P.D. only,06 - SMV unattended vehicle
5305,GILMOUR ST btwn LYON ST N & KENT ST,367597.4893,5030658.078,12/22/16,9:07,03 - Snow,04 - Slush,10 - No control,04 - At/near private drive,01 - Daylight,03 - P.D. only,06 - SMV unattended vehicle
5306,GILMOUR ST btwn METCALFE ST & ELGIN ST,368246.0847,5031050.851,12/28/16,13:11,03 - Snow,03 - Loose snow,10 - No control,01 - Non intersection,01 - Daylight,03 - P.D. only,06 - SMV unattended vehicle
5307,GLACIER ST btwn AVERY CRES & AMHERST CRES,363387.6444,5015279.507,1/10/16,19:40,03 - Snow,03 - Loose snow,10 - No control,04 - At/near private drive,07 - Dark,03 - P.D. only,06 - SMV unattended vehicle
5308,GLADSTONE AVE @ CAMBRIDGE ST,367064.9241,5030036.789,7/8/16,22:05,02 - Rain,02 - Wet,02 - Stop sign,02 - Intersection related,07 - Dark,02 - Non-fatal injury,03 - Rear end
5309,GLADSTONE AVE @ CAMBRIDGE ST,367065.4551,5030037.695,1/4/16,14:31,01 - Clear,02 - Wet,02 - Stop sign,03 - At intersection,01 - Daylight,03 - P.D. only,02 - Angle
5310,GLADSTONE AVE @ CAMBRIDGE ST,367065.6078,5030036.919,1/7/16,16:01,01 - Clear,01 - Dry,02 - Stop sign,02 - Intersection related,01 - Daylight,03 - P.D. only,02 - Angle
5311,GLADSTONE AVE @ CAMBRIDGE ST,367063.8802,5030035.335,6/10/16,18:49,01 - Clear,01 - Dry,02 - Stop sign,03 - At intersection,01 - Daylight,03 - P.D. only,04 - Sideswipe
5312,GLADSTONE AVE @ IRVING AVE,365808.4979,5029386.243,11/20/16,2:59,02 - Rain,02 - Wet,02 - Stop sign,03 - At intersection,07 - Dark,02 - Non-fatal injury,07 - SMV other
5313,GLADSTONE AVE @ IRVING AVE,365807.4765,5029387.332,6/26/16,15:00,01 - Clear,01 - Dry,02 - Stop sign,03 - At intersection,01 - Daylight,03 - P.D. only,05 - Turning movement
5314,GLADSTONE AVE @ KENT ST,367744.0383,5030459.792,2/26/16,12:19,01 - Clear,01 - Dry,01 - Traffic signal,02 - Intersection related,01 - Daylight,03 - P.D. only,03 - Rear end
5315,GLADSTONE AVE @ KENT ST,367744.0456,5030459.79,1/28/16,11:45,03 - Snow,02 - Wet,01 - Traffic signal,02 - Intersection related,01 - Daylight,03 - P.D. only,03 - Rear end
5316,GLADSTONE AVE @ KENT ST,367744.4787,5030459.345,4/8/16,12:30,01 - Clear,01 - Dry,01 - Traffic signal,03 - At intersection,01 - Daylight,03 - P.D. only,02 - Angle
5317,GLADSTONE AVE @ LEBRETON ST,366855.4749,5029922.343,6/11/16,19:30,01 - Clear,01 - Dry,02 - Stop sign,03 - At intersection,01 - Daylight,03 - P.D. only,02 - Angle
5318,GLADSTONE AVE @ LYON ST,367583.489,5030361.796,4/19/16,8:08,01 - Clear,01 - Dry,01 - Traffic signal,03 - At intersection,01 - Daylight,02 - Non-fatal injury,02 - Angle
5319,GLADSTONE AVE @ LYON ST,367583.0476,5030361.793,1/11/16,9:44,01 - Clear,01 - Dry,01 - Traffic signal,03 - At intersection,01 - Daylight,03 - P.D. only,02 - Angle
5320,GLADSTONE AVE @ LYON ST,367583.6879,5030361.946,1/11/16,14:05,01 - Clear,01 - Dry,01 - Traffic signal,02 - Intersection related,01 - Daylight,03 - P.D. only,04 - Sideswipe
5321,GLADSTONE AVE @ LYON ST,367583.0371,5030361.346,6/1/16,15:26,01 - Clear,01 - Dry,01 - Traffic signal,03 - At intersection,01 - Daylight,03 - P.D. only,04 - Sideswipe
5322,GLADSTONE AVE @ MELROSE AVE,365587.2354,5029280.245,2/19/16,19:45,01 - Clear,05 - Packed snow,02 - Stop sign,03 - At intersection,07 - Dark,03 - P.D. only,02 - Angle
5323,GLADSTONE AVE @ METCALFE ST,368230.0531,5030751.666,2/10/16,14:50,03 - Snow,04 - Slush,01 - Traffic signal,02 - Intersection related,01 - Daylight,03 - P.D. only,03 - Rear end
5324,GLADSTONE AVE @ METCALFE ST,368229.614,5030751.227,2/28/16,7:34,03 - Snow,06 - Ice,01 - Traffic signal,03 - At intersection,01 - Daylight,03 - P.D. only,02 - Angle
5325,GLADSTONE AVE @ METCALFE ST,368230.4922,5030749.91,8/16/16,19:42,01 - Clear,01 - Dry,01 - Traffic signal,03 - At intersection,05 - Dusk,03 - P.D. only,05 - Turning movement
5326,GLADSTONE AVE @ METCALFE ST,368230.0375,5030751.018,5/17/16,15:48,01 - Clear,01 - Dry,01 - Traffic signal,03 - At intersection,01 - Daylight,03 - P.D. only,05 - Turning movement
5327,GLADSTONE AVE @ O'CONNOR ST,368075.3876,5030657.893,2/19/16,8:24,01 - Clear,02 - Wet,01 - Traffic signal,02 - Intersection related,01 - Daylight,02 - Non-fatal injury,03 - Rear end
5328,GLADSTONE AVE @ O'CONNOR ST,368074.9307,5030658.35,10/19/16,19:21,01 - Clear,01 - Dry,01 - Traffic signal,03 - At intersection,07 - Dark,02 - Non-fatal injury,04 - Sideswipe
5329,GLADSTONE AVE @ O'CONNOR ST,368074.9367,5030658.795,6/18/16,12:12,01 - Clear,01 - Dry,01 - Traffic signal,03 - At intersection,01 - Daylight,03 - P.D. only,06 - SMV unattended vehicle
5330,GLADSTONE AVE @ O'CONNOR ST,368074.4867,5030657.896,5/6/16,17:57,01 - Clear,01 - Dry,01 - Traffic signal,03 - At intersection,01 - Daylight,03 - P.D. only,05 - Turning movement
5331,GLADSTONE AVE @ O'CONNOR ST,368073.6135,5030658.789,8/20/16,13:41,01 - Clear,01 - Dry,01 - Traffic signal,02 - Intersection related,01 - Daylight,03 - P.D. only,04 - Sideswipe
5332,GLADSTONE AVE @ O'CONNOR ST,368074.9359,5030659.019,4/4/16,9:14,01 - Clear,01 - Dry,01 - Traffic signal,02 - Intersection related,01 - Daylight,03 - P.D. only,99 - Other
5333,GLADSTONE AVE @ PERCY ST,367328.928,5030206.347,2/28/16,14:39,01 - Clear,02 - Wet,01 - Traffic signal,02 - Intersection related,01 - Daylight,03 - P.D. only,03 - Rear end
5334,GLADSTONE AVE @ PERCY ST,367330.2094,5030206.941,1/7/16,12:24,01 - Clear,01 - Dry,01 - Traffic signal,02 - Intersection related,01 - Daylight,03 - P.D. only,04 - Sideswipe
5335,GLADSTONE AVE @ PERCY ST,367328.484,5030207.24,4/26/16,19:01,01 - Clear,01 - Dry,01 - Traffic signal,03 - At intersection,01 - Daylight,03 - P.D. only,02 - Angle
5336,GLADSTONE AVE @ PRESTON ST,366489.1255,5029712.423,4/1/16,6:23,01 - Clear,02 - Wet,01 - Traffic signal,03 - At intersection,03 - Dawn,02 - Non-fatal injury,07 - SMV other
5337,GLADSTONE AVE @ PRESTON ST,366489.4787,5029712.558,8/9/16,18:13,01 - Clear,01 - Dry,01 - Traffic signal,02 - Intersection related,01 - Daylight,02 - Non-fatal injury,05 - Turning movement
5338,GLADSTONE AVE @ PRESTON ST,366489.4787,5029712.558,8/10/16,9:45,01 - Clear,01 - Dry,01 - Traffic signal,03 - At intersection,01 - Daylight,02 - Non-fatal injury,03 - Rear end
5339,GLADSTONE AVE @ PRESTON ST,366489.4787,5029713.013,7/26/16,15:25,01 - Clear,01 - Dry,01 - Traffic signal,02 - Intersection related,01 - Daylight,02 - Non-fatal injury,07 - SMV other
5340,GLADSTONE AVE @ PRESTON ST,366489.4865,5029712.778,2/12/16,17:40,03 - Snow,03 - Loose snow,01 - Traffic signal,02 - Intersection related,05 - Dusk,03 - P.D. only,03 - Rear end
5341,GLADSTONE AVE @ PRESTON ST,366490.1652,5029712.788,6/29/16,9:45,01 - Clear,01 - Dry,01 - Traffic signal,02 - Intersection related,01 - Daylight,03 - P.D. only,07 - SMV other
5342,GLADSTONE AVE @ ROCHESTER ST,366662.9227,5029788.464,4/28/16,10:10,01 - Clear,01 - Dry,01 - Traffic signal,03 - At intersection,01 - Daylight,02 - Non-fatal injury,02 - Angle
5343,GLADSTONE AVE @ ROCHESTER ST,366661.9475,5029789.442,2/8/16,19:14,01 - Clear,01 - Dry,01 - Traffic signal,03 - At intersection,07 - Dark,02 - Non-fatal injury,05 - Turning movement
5344,GLADSTONE AVE @ ROCHESTER ST,366662.4785,5029786.468,9/7/16,14:22,01 - Clear,01 - Dry,01 - Traffic signal,03 - At intersection,01 - Daylight,02 - Non-fatal injury,02 - Angle
5345,GLADSTONE AVE @ ROCHESTER ST,366662.698,5029787.98,11/8/16,11:32,01 - Clear,01 - Dry,01 - Traffic signal,03 - At intersection,01 - Daylight,02 - Non-fatal injury,07 - SMV other
5346,GLADSTONE AVE @ ROCHESTER ST,366661.0417,5029787.152,8/30/16,22:34,01 - Clear,01 - Dry,01 - Traffic signal,02 - Intersection related,07 - Dark,03 - P.D. only,03 - Rear end
5347,GLADSTONE AVE @ ROCHESTER ST,366661.5236,5029787.377,2/3/16,9:46,04 - Freezing Rain,02 - Wet,01 - Traffic signal,02 - Intersection related,01 - Daylight,03 - P.D. only,05 - Turning movement
5348,GLADSTONE AVE @ ROCHESTER ST,366663.8344,5029787.566,7/15/16,16:47,02 - Rain,02 - Wet,01 - Traffic signal,03 - At intersection,01 - Daylight,03 - P.D. only,02 - Angle
5349,GLADSTONE AVE @ ROSEMOUNT AVE,365454.3665,5029222.783,2/18/16,16:58,01 - Clear,02 - Wet,02 - Stop sign,02 - Intersection related,01 - Daylight,02 - Non-fatal injury,03 - Rear end
5350,GLADSTONE AVE @ ST. FRANCIS ST,365661.7067,5029312.789,3/21/16,12:15,01 - Clear,01 - Dry,02 - Stop sign,02 - Intersection related,01 - Daylight,03 - P.D. only,99 - Other
5351,GLADSTONE AVE btwn BANK ST & O'CONNOR ST,368040.305,5030639.258,2/10/16,15:02,01 - Clear,02 - Wet,10 - No control,01 - Non intersection,01 - Daylight,03 - P.D. only,06 - SMV unattended vehicle
5352,GLADSTONE AVE btwn BAY ST & LYON ST N,367576.4982,5030358.865,6/21/16,11:05,01 - Clear,01 - Dry,10 - No control,01 - Non intersection,01 - Daylight,03 - P.D. only,04 - Sideswipe
5353,GLADSTONE AVE btwn BOOTH ST & LEBRETON ST N,366773.4923,5029858.41,5/9/16,5:47,01 - Clear,01 - Dry,10 - No control,01 - Non intersection,03 - Dawn,02 - Non-fatal injury,07 - SMV other
5354,GLADSTONE AVE btwn BRONSON AVE & PERCY ST,367311.3172,5030194.558,12/14/16,14:01,01 - Clear,01 - Dry,10 - No control,01 - Non intersection,01 - Daylight,03 - P.D. only,04 - Sideswipe
5355,GLADSTONE AVE btwn CAMBRIDGE ST N & BRONSON AVE,367120.1609,5030072.208,8/4/16,17:47,01 - Clear,01 - Dry,10 - No control,04 - At/near private drive,01 - Daylight,02 - Non-fatal injury,05 - Turning movement
5356,GLADSTONE AVE btwn CAMBRIDGE ST N & BRONSON AVE,367069.0954,5030040.082,2/25/16,12:51,01 - Clear,01 - Dry,10 - No control,04 - At/near private drive,01 - Daylight,03 - P.D. only,02 - Angle
5357,GLADSTONE AVE btwn KENT ST & BANK ST,367907.9248,5030557.302,1/19/16,20:46,01 - Clear,05 - Packed snow,10 - No control,04 - At/near private drive,07 - Dark,03 - P.D. only,02 - Angle
5358,GLADSTONE AVE btwn KENT ST & BANK ST,367908.4248,5030556.359,12/15/16,13:37,01 - Clear,03 - Loose snow,10 - No control,01 - Non intersection,01 - Daylight,03 - P.D. only,06 - SMV unattended vehicle
5359,GLADSTONE AVE btwn LYON ST N & KENT ST,367641.0132,5030396.478,6/10/16,12:57,01 - Clear,01 - Dry,10 - No control,04 - At/near private drive,01 - Daylight,03 - P.D. only,06 - SMV unattended vehicle
5360,GLADSTONE AVE btwn METCALFE ST & ELGIN ST,368302.3631,5030794.623,3/3/16,9:44,01 - Clear,05 - Packed snow,10 - No control,04 - At/near private drive,01 - Daylight,02 - Non-fatal injury,02 - Angle
5361,GLADSTONE AVE btwn METCALFE ST & ELGIN ST,368358.2824,5030828.588,1/6/16,13:29,03 - Snow,05 - Packed snow,10 - No control,01 - Non intersection,01 - Daylight,03 - P.D. only,06 - SMV unattended vehicle
5362,GLADSTONE AVE btwn METCALFE ST & ELGIN ST,368309.1208,5030797.841,8/12/16,17:30,02 - Rain,02 - Wet,10 - No control,04 - At/near private drive,01 - Daylight,03 - P.D. only,02 - Angle
5363,GLADSTONE AVE btwn PERCY ST & BAY ST,367344.7241,5030217.504,5/30/16,17:00,01 - Clear,01 - Dry,10 - No control,01 - Non intersection,01 - Daylight,03 - P.D. only,01 - Approaching
5364,GLADSTONE AVE btwn PRESTON ST & ROCHESTER ST,366585.0837,5029754.272,6/3/16,13:28,01 - Clear,01 - Dry,10 - No control,01 - Non intersection,01 - Daylight,03 - P.D. only,03 - Rear end
5365,GLADSTONE AVE btwn ST. FRANCIS ST & FAIRMONT AVE,365677.3885,5029319.833,7/31/16,5:40,01 - Clear,01 - Dry,10 - No control,04 - At/near private drive,03 - Dawn,02 - Non-fatal injury,06 - SMV unattended vehicle
5366,GLADWIN CRES @ LANCASTER RD,373459.0749,5029474.897,8/16/16,11:57,01 - Clear,01 - Dry,02 - Stop sign,03 - At intersection,01 - Daylight,03 - P.D. only,02 - Angle
5367,GLADWIN CRES @ LANCASTER RD,373459.0749,5029475.775,11/9/16,15:10,01 - Clear,01 - Dry,02 - Stop sign,02 - Intersection related,01 - Daylight,03 - P.D. only,03 - Rear end
5368,GLADWIN CRES btwn BOURASSA ST & END,373349.2498,5029744.286,5/11/16,13:39,01 - Clear,01 - Dry,10 - No control,01 - Non intersection,01 - Daylight,03 - P.D. only,03 - Rear end
5369,GLAMORGAN DR btwn UXBRIDGE CRES & HEATHCLIFFE CRT,353553.0984,5016391.289,5/27/16,22:08,01 - Clear,01 - Dry,10 - No control,01 - Non intersection,07 - Dark,02 - Non-fatal injury,06 - SMV unattended vehicle
5370,GLANDRIEL CRES btwn VALIN ST & CLENDENAN CRES,386766.1484,5037948.457,3/16/16,16:22,01 - Clear,01 - Dry,10 - No control,04 - At/near private drive,01 - Daylight,03 - P.D. only,06 - SMV unattended vehicle
5371,GLEBE AVE @ O'CONNOR ST,368507.4872,5029950.22,1/17/16,14:50,01 - Clear,02 - Wet,02 - Stop sign,03 - At intersection,01 - Daylight,02 - Non-fatal injury,01 - Approaching
5372,GLEBE AVE btwn BRONSON AVE & PERCY ST,367482.7847,5029324.709,5/28/16,9:30,01 - Clear,01 - Dry,10 - No control,01 - Non intersection,01 - Daylight,03 - P.D. only,06 - SMV unattended vehicle
5373,GLEBE AVE btwn LYON ST S & BANK ST,368019.4389,5029655.609,3/27/16,12:56,01 - Clear,01 - Dry,10 - No control,01 - Non intersection,01 - Daylight,03 - P.D. only,06 - SMV unattended vehicle
5374,GLEN PARK DR btwn COMPATA WAY & FAIRGLEN MEWS,377930.0137,5032589.771,10/30/16,0:00,01 - Clear,02 - Wet,10 - No control,01 - Non intersection,00 - Unknown,03 - P.D. only,06 - SMV unattended vehicle
5375,GLENBRAE AVE btwn MARCONI AVE & CELTIC RIDGE CRES,349517.5946,5024763.07,5/3/16,19:30,01 - Clear,01 - Dry,10 - No control,04 - At/near private drive,01 - Daylight,02 - Non-fatal injury,07 - SMV other
5376,GLENEAGLES AVE @ ST. GEORGES ST,382780.527,5037107.363,10/6/16,7:52,01 - Clear,01 - Dry,02 - Stop sign,02 - Intersection related,01 - Daylight,03 - P.D. only,06 - SMV unattended vehicle
5377,GLENLIVET AVE @ RENAUD RD,382141.017,5032935.209,1/26/16,11:07,02 - Rain,02 - Wet,02 - Stop sign,03 - At intersection,01 - Daylight,03 - P.D. only,02 - Angle
5378,GLENMANOR DR btwn HILLMOUNT CRES & KINGSBURY AVE,364798.7564,5022618.327,4/22/16,15:30,01 - Clear,01 - Dry,10 - No control,01 - Non intersection,01 - Daylight,03 - P.D. only,06 - SMV unattended vehicle
5379,GLENMANOR DR E @ VIEWMOUNT DR E,365107.1803,5022900.406,4/12/16,13:32,01 - Clear,01 - Dry,02 - Stop sign,03 - At intersection,01 - Daylight,03 - P.D. only,02 - Angle
5380,GLENMANOR DR E @ VIEWMOUNT DR E,365108.3668,5022899.895,3/9/16,12:32,02 - Rain,02 - Wet,02 - Stop sign,03 - At intersection,01 - Daylight,03 - P.D. only,02 - Angle
5381,GLENMANOR DR E @ VIEWMOUNT DR E,365107.8029,5022899.968,7/11/16,16:13,01 - Clear,01 - Dry,02 - Stop sign,03 - At intersection,01 - Daylight,03 - P.D. only,02 - Angle
5382,GLENORA AVE @ HERRIDGE ST,369145.6216,5030016.61,11/15/16,15:30,01 - Clear,01 - Dry,02 - Stop sign,03 - At intersection,01 - Daylight,03 - P.D. only,02 - Angle
5383,GLOUCESTER ST @ KENT ST,367356.8731,5031099.814,12/1/16,16:49,02 - Rain,02 - Wet,01 - Traffic signal,03 - At intersection,05 - Dusk,02 - Non-fatal injury,07 - SMV other
5384,GLOUCESTER ST @ KENT ST,367357.186,5031098.271,11/18/16,7:33,01 - Clear,01 - Dry,01 - Traffic signal,03 - At intersection,01 - Daylight,03 - P.D. only,02 - Angle
5385,GLOUCESTER ST @ LYON ST,367193.5854,5031002.201,1/26/16,13:42,01 - Clear,02 - Wet,01 - Traffic signal,03 - At intersection,01 - Daylight,02 - Non-fatal injury,07 - SMV other
5386,GLOUCESTER ST @ O'CONNOR ST,367678.7094,5031292.956,3/31/16,11:30,02 - Rain,02 - Wet,01 - Traffic signal,03 - At intersection,01 - Daylight,02 - Non-fatal injury,07 - SMV other
5387,GLOUCESTER ST @ O'CONNOR ST,367679.3912,5031292.126,6/27/16,2:20,02 - Rain,02 - Wet,01 - Traffic signal,03 - At intersection,07 - Dark,03 - P.D. only,02 - Angle
5388,GLOUCESTER ST btwn BANK ST & O'CONNOR ST,367611.5672,5031251.717,2/17/16,14:06,03 - Snow,03 - Loose snow,10 - No control,01 - Non intersection,01 - Daylight,03 - P.D. only,06 - SMV unattended vehicle
5389,GLOUCESTER ST btwn BANK ST & O'CONNOR ST,367583.0622,5031236.086,7/19/16,10:51,01 - Clear,01 - Dry,10 - No control,01 - Non intersection,01 - Daylight,03 - P.D. only,04 - Sideswipe
5390,GLOUCESTER ST btwn KENT ST & BANK ST,367506.3451,5031188.435,5/23/16,0:00,01 - Clear,01 - Dry,10 - No control,01 - Non intersection,00 - Unknown,03 - P.D. only,06 - SMV unattended vehicle
5391,GLOUCESTER ST btwn KENT ST & BANK ST,367406.1104,5031127.663,7/16/16,13:26,01 - Clear,01 - Dry,10 - No control,01 - Non intersection,01 - Daylight,03 - P.D. only,06 - SMV unattended vehicle
5392,GLOUCESTER ST btwn KENT ST & BANK ST,367369.8772,5031105.337,6/14/16,15:16,01 - Clear,01 - Dry,10 - No control,01 - Non intersection,01 - Daylight,03 - P.D. only,04 - Sideswipe
5393,GLOUCESTER ST btwn KENT ST & BANK ST,367361.5345,5031100.602,5/6/16,18:20,01 - Clear,01 - Dry,10 - No control,01 - Non intersection,01 - Daylight,03 - P.D. only,04 - Sideswipe
5394,GLOUCESTER ST btwn LYON ST N & KENT ST,367312.1527,5031071.657,12/5/16,11:54,03 - Snow,03 - Loose snow,10 - No control,04 - At/near private drive,01 - Daylight,03 - P.D. only,06 - SMV unattended vehicle
5395,GLOUCESTER ST btwn METCALFE ST & ELGIN ST,367903.0656,5031427.743,9/7/16,14:32,01 - Clear,01 - Dry,10 - No control,01 - Non intersection,01 - Daylight,03 - P.D. only,06 - SMV unattended vehicle
5396,GOLDEN AVE @ RICHMOND RD,362862.7031,5028026.653,1/29/16,16:47,01 - Clear,02 - Wet,01 - Traffic signal,03 - At intersection,05 - Dusk,02 - Non-fatal injury,03 - Rear end
5397,GOLDEN AVE @ RICHMOND RD,362862.4697,5028026.765,2/9/16,15:00,01 - Clear,01 - Dry,01 - Traffic signal,03 - At intersection,01 - Daylight,03 - P.D. only,02 - Angle
5398,GOLDEN AVE @ RICHMOND RD,362861.861,5028027.788,11/24/16,8:36,03 - Snow,05 - Packed snow,01 - Traffic signal,02 - Intersection related,01 - Daylight,03 - P.D. only,03 - Rear end
5399,GOLDEN AVE btwn RICHMOND RD & BYRON AVE,362880.7616,5027988.293,6/27/16,11:59,01 - Clear,01 - Dry,10 - No control,01 - Non intersection,01 - Daylight,03 - P.D. only,04 - Sideswipe
5400,GOLDEN LINE RD btwn MARCH RD & Continuation of GOLDEN LINE RD,332694.4863,5012036.583,10/15/16,21:05,01 - Clear,01 - Dry,10 - No control,01 - Non intersection,07 - Dark,03 - P.D. only,07 - SMV other
5401,GOLDENBROOK WAY @ HARVEST VALLEY AVE,384940.0209,5034498.827,1/11/16,14:48,01 - Clear,02 - Wet,01 - Traffic signal,03 - At intersection,01 - Daylight,03 - P.D. only,02 - Angle
5402,GOLDENBROOK WAY btwn HARVEST VALLEY AVE & FAIRLAKES WAY,384950.3285,5034476.701,1/3/16,0:00,01 - Clear,01 - Dry,10 - No control,01 - Non intersection,00 - Unknown,03 - P.D. only,06 - SMV unattended vehicle
5403,GOLDRIDGE DR btwn BLACKDOME CRES & BLACKDOME CRES,350260.9318,5020018.576,6/2/16,18:46,01 - Clear,01 - Dry,10 - No control,01 - Non intersection,01 - Daylight,03 - P.D. only,03 - Rear end
5404,GOLDRIDGE DR btwn CHELTONIA WAY & INSMILL CRES (2),349744.0431,5019337.81,2/17/16,14:07,01 - Clear,03 - Loose snow,10 - No control,01 - Non intersection,01 - Daylight,03 - P.D. only,04 - Sideswipe
5405,GOLF CLUB WAY btwn NO NAME & WESTLEIGH BLVD,342365.9945,5008327.833,6/19/16,5:41,01 - Clear,01 - Dry,10 - No control,01 - Non intersection,03 - Dawn,03 - P.D. only,07 - SMV other