Record,Location,X,Y,Date,Time,Environment,Road_Surface,Traffic_Control,Collision_Location,Light,Collision_Classification,Impact_type
5406,GOLFLINKS DR btwn HAWKTREE RDG & FERGUSLEA LANE,366160.7881,5012748.068,2/22/16,19:03,01 - Clear,01 - Dry,10 - No control,01 - Non intersection,07 - Dark,03 - P.D. only,06 - SMV unattended vehicle
5407,GOLFLINKS DR E @ JOCKVALE RD,366027.9035,5012607.394,10/27/16,18:10,03 - Snow,03 - Loose snow,02 - Stop sign,02 - Intersection related,05 - Dusk,03 - P.D. only,03 - Rear end
5408,GOOSE RIVER AVE btwn GOLDENEYE WAY & ROCKY HARBOUR CRES,368842.8689,5016240.969,4/16/16,18:27,01 - Clear,01 - Dry,10 - No control,04 - At/near private drive,01 - Daylight,03 - P.D. only,06 - SMV unattended vehicle
5409,GORE PRIV btwn GABLE PRIV & GATEVILLE PRIV,372132.6161,5026422.372,9/10/16,15:38,01 - Clear,01 - Dry,10 - No control,04 - At/near private drive,01 - Daylight,03 - P.D. only,02 - Angle
5410,GOUGH RD @ LORDS MANOR LANE,373566.6159,5010806.921,11/17/16,9:18,01 - Clear,01 - Dry,02 - Stop sign,03 - At intersection,01 - Daylight,02 - Non-fatal injury,03 - Rear end
5411,GOUGH RD @ MANOTICK STATION RD,374398.2821,5011331.418,12/21/16,11:11,01 - Clear,02 - Wet,02 - Stop sign,03 - At intersection,01 - Daylight,03 - P.D. only,03 - Rear end
5412,GOULBOURN FORCED RD @ INNOVATION DR,349438.006,5022666.636,10/27/16,21:30,03 - Snow,04 - Slush,10 - No control,02 - Intersection related,07 - Dark,03 - P.D. only,07 - SMV other
5413,GOULBOURN FORCED RD @ KANATA AVE,349777.7835,5020352.462,9/22/16,12:26,01 - Clear,01 - Dry,01 - Traffic signal,03 - At intersection,01 - Daylight,03 - P.D. only,05 - Turning movement
5414,GOULBOURN FORCED RD @ KEYROCK DR,349519.886,5020794.241,5/4/16,17:58,01 - Clear,01 - Dry,02 - Stop sign,02 - Intersection related,01 - Daylight,03 - P.D. only,03 - Rear end
5415,GOULBOURN FORCED RD btwn INNOVATION DR & KANATA ROCKERIES PRIV,349304.5584,5021823.908,2/20/16,13:06,02 - Rain,02 - Wet,10 - No control,04 - At/near private drive,01 - Daylight,03 - P.D. only,05 - Turning movement
5416,GOULBOURN FORCED RD btwn INNOVATION DR & KANATA ROCKERIES PRIV,349304.5584,5021823.908,2/20/16,14:35,02 - Rain,04 - Slush,10 - No control,04 - At/near private drive,01 - Daylight,03 - P.D. only,02 - Angle
5417,GOULBOURN FORCED RD btwn INNOVATION DR & KANATA ROCKERIES PRIV,349304.5584,5021823.908,12/17/16,12:50,03 - Snow,04 - Slush,10 - No control,01 - Non intersection,01 - Daylight,03 - P.D. only,07 - SMV other
5418,GOULBOURN FORCED RD btwn INNOVATION DR & KANATA ROCKERIES PRIV,349304.5584,5021823.908,12/7/16,19:35,01 - Clear,01 - Dry,10 - No control,01 - Non intersection,07 - Dark,03 - P.D. only,07 - SMV other
5419,GOULBOURN FORCED RD btwn KANATA ROCKERIES PRIV & KANATA AVE,349601.8882,5020593.2,8/19/16,3:05,01 - Clear,01 - Dry,10 - No control,01 - Non intersection,07 - Dark,02 - Non-fatal injury,07 - SMV other
5420,GOULBOURN FORCED RD btwn KANATA ROCKERIES PRIV & KANATA AVE,349610.6662,5020577.063,4/6/16,16:50,03 - Snow,03 - Loose snow,10 - No control,01 - Non intersection,01 - Daylight,03 - P.D. only,07 - SMV other
5421,GOULBOURN FORCED RD btwn TERRY FOX DR & KANATA ROCKERIES PRIV,349351.491,5022711.203,9/18/16,12:33,01 - Clear,01 - Dry,10 - No control,01 - Non intersection,01 - Daylight,02 - Non-fatal injury,04 - Sideswipe
5422,GOULBOURN FORCED RD btwn TERRY FOX DR & KANATA ROCKERIES PRIV,349353.7416,5022460.233,11/27/16,12:10,01 - Clear,01 - Dry,04 - Ped. crossover,01 - Non intersection,01 - Daylight,02 - Non-fatal injury,03 - Rear end
5423,GOULBOURN FORCED RD btwn TERRY FOX DR & KANATA ROCKERIES PRIV,349268.5788,5021561.862,3/14/16,12:05,02 - Rain,02 - Wet,10 - No control,04 - At/near private drive,01 - Daylight,03 - P.D. only,02 - Angle
5424,GOULBOURN FORCED RD btwn TERRY FOX DR & KANATA ROCKERIES PRIV,349477.8789,5021053.512,3/1/16,18:13,03 - Snow,06 - Ice,10 - No control,01 - Non intersection,05 - Dusk,03 - P.D. only,07 - SMV other
5425,GOULBURN AVE @ SOMERSET ST,369472.3312,5031989.835,12/15/16,12:37,03 - Snow,06 - Ice,02 - Stop sign,03 - At intersection,01 - Daylight,02 - Non-fatal injury,02 - Angle
5426,GOULBURN AVE @ SOMERSET ST,369472.0766,5031990.089,10/20/16,17:15,02 - Rain,02 - Wet,02 - Stop sign,03 - At intersection,01 - Daylight,02 - Non-fatal injury,02 - Angle
5427,GOULBURN AVE @ SOMERSET ST,369471.7467,5031988.274,10/3/16,17:10,01 - Clear,01 - Dry,02 - Stop sign,03 - At intersection,01 - Daylight,03 - P.D. only,02 - Angle
5428,GOULBURN AVE @ TEMPLETON ST,369577.0531,5031819.801,11/3/16,11:25,02 - Rain,02 - Wet,02 - Stop sign,03 - At intersection,01 - Daylight,03 - P.D. only,02 - Angle
5429,GRACEWOOD CRES btwn CREEKVIEW WAY E & FINDLAY CREEK DR E,374475.7228,5019643.832,12/29/16,0:00,01 - Clear,01 - Dry,10 - No control,01 - Non intersection,00 - Unknown,03 - P.D. only,06 - SMV unattended vehicle
5430,GRACEWOOD CRES btwn CREEKVIEW WAY W & SLATTERY'S FIELD ST W,374277.4059,5019695.44,10/12/16,0:00,01 - Clear,01 - Dry,10 - No control,01 - Non intersection,00 - Unknown,03 - P.D. only,06 - SMV unattended vehicle
5431,GRAINSTONE WAY/ GRAND MANAN CIRC @ HUNTSVILLE DR,348784.7435,5019897.788,3/4/16,8:55,01 - Clear,01 - Dry,02 - Stop sign,02 - Intersection related,01 - Daylight,03 - P.D. only,02 - Angle
5432,GRANGE AVE btwn SPENCER ST & WELLINGTON ST W,364581.2061,5029073.099,8/11/16,8:23,01 - Clear,01 - Dry,10 - No control,01 - Non intersection,01 - Daylight,03 - P.D. only,06 - SMV unattended vehicle
5433,GRANGE AVE btwn SPENCER ST & WELLINGTON ST W,364590.3935,5029048.109,12/22/16,16:28,01 - Clear,04 - Slush,10 - No control,01 - Non intersection,05 - Dusk,03 - P.D. only,06 - SMV unattended vehicle
5434,GRANGEMILL AVE btwn FOOTHILLS DR & CASSIDY RD,358863.1416,5021230.764,12/19/16,16:23,01 - Clear,04 - Slush,10 - No control,01 - Non intersection,05 - Dusk,03 - P.D. only,06 - SMV unattended vehicle
5435,GRANITE CRT btwn Continuation of GRANITE CRT & BRIDGESTONE DR,355314.3797,5015653.575,7/7/16,9:27,01 - Clear,01 - Dry,10 - No control,01 - Non intersection,01 - Daylight,03 - P.D. only,06 - SMV unattended vehicle
5436,GRANT CARMAN DR @ MEADOWLANDS DR,365052.36,5023902.617,1/9/16,12:57,02 - Rain,02 - Wet,01 - Traffic signal,03 - At intersection,01 - Daylight,02 - Non-fatal injury,02 - Angle
5437,GRANT CARMAN DR @ MEADOWLANDS DR,365052.5223,5023901.921,11/23/16,16:51,01 - Clear,01 - Dry,01 - Traffic signal,03 - At intersection,05 - Dusk,02 - Non-fatal injury,03 - Rear end
5438,GRANT CARMAN DR @ MEADOWLANDS DR,365052.3365,5023900.564,2/17/16,19:05,06 - Strong wind,06 - Ice,01 - Traffic signal,03 - At intersection,07 - Dark,03 - P.D. only,05 - Turning movement
5439,GRANT CARMAN DR @ MEADOWLANDS DR,365051.4746,5023902.605,2/4/16,10:58,01 - Clear,02 - Wet,01 - Traffic signal,03 - At intersection,01 - Daylight,03 - P.D. only,07 - SMV other
5440,GRANT CARMAN DR @ MEADOWLANDS DR,365050.9436,5023903.384,1/16/16,11:51,03 - Snow,03 - Loose snow,01 - Traffic signal,02 - Intersection related,01 - Daylight,03 - P.D. only,03 - Rear end
5441,GRANT CARMAN DR @ MEADOWLANDS DR,365051.0355,5023901.288,1/20/16,9:10,01 - Clear,04 - Slush,01 - Traffic signal,03 - At intersection,01 - Daylight,03 - P.D. only,02 - Angle
5442,GRANT CARMAN DR @ MEADOWLANDS DR,365050.8952,5023900.708,4/3/16,16:28,01 - Clear,01 - Dry,01 - Traffic signal,03 - At intersection,01 - Daylight,03 - P.D. only,05 - Turning movement
5443,GRANT CARMAN DR @ MEADOWLANDS DR,365051.4686,5023900.831,6/16/16,12:12,01 - Clear,01 - Dry,01 - Traffic signal,03 - At intersection,01 - Daylight,03 - P.D. only,05 - Turning movement
5444,GRANT CARMAN DR @ MEADOWLANDS DR,365051.6941,5023902.75,11/15/16,0:45,01 - Clear,01 - Dry,01 - Traffic signal,03 - At intersection,07 - Dark,03 - P.D. only,07 - SMV other
5445,GRANT CARMAN DR @ VIEWMOUNT DR,365434.4852,5023081.289,10/19/16,8:55,01 - Clear,01 - Dry,02 - Stop sign,03 - At intersection,01 - Daylight,03 - P.D. only,02 - Angle
5446,GRANT CARMAN DR btwn FAMILY BROWN LANE & BASIL MACDONALD WAY,365336.7453,5023345.255,12/19/16,17:11,01 - Clear,01 - Dry,10 - No control,04 - At/near private drive,07 - Dark,03 - P.D. only,02 - Angle
5447,GRANT CARMAN DR btwn MEADOWLANDS DR E & FAMILY BROWN LANE,365067.4291,5023885.358,12/4/16,15:39,01 - Clear,01 - Dry,10 - No control,04 - At/near private drive,01 - Daylight,03 - P.D. only,03 - Rear end
5448,GRANVILLE ST btwn MONTFORT ST & MONTREAL RD,370814.3459,5033501.483,3/3/16,12:51,01 - Clear,01 - Dry,10 - No control,01 - Non intersection,01 - Daylight,03 - P.D. only,99 - Other
5449,GRANVILLE ST btwn MONTFORT ST & MONTREAL RD,370793.6028,5033553.116,5/14/16,19:00,01 - Clear,01 - Dry,10 - No control,04 - At/near private drive,01 - Daylight,03 - P.D. only,06 - SMV unattended vehicle
5450,GRASSY PLAINS DR @ STONEHAVEN DR,356204.4158,5015964.653,1/21/16,7:28,01 - Clear,01 - Dry,01 - Traffic signal,02 - Intersection related,03 - Dawn,02 - Non-fatal injury,03 - Rear end
5451,GRASSY PLAINS DR @ STONEHAVEN DR,356204.4123,5015964.206,6/20/16,17:30,01 - Clear,01 - Dry,01 - Traffic signal,02 - Intersection related,01 - Daylight,02 - Non-fatal injury,04 - Sideswipe
5452,GRASSY PLAINS DR @ STONEHAVEN DR,356206.2941,5015966.501,8/12/16,15:03,02 - Rain,02 - Wet,01 - Traffic signal,03 - At intersection,01 - Daylight,03 - P.D. only,03 - Rear end
5453,GRASSY PLAINS DR @ SUNNYBROOKE DR,355376.5326,5015575.814,12/15/16,11:35,01 - Clear,04 - Slush,02 - Stop sign,02 - Intersection related,01 - Daylight,03 - P.D. only,02 - Angle
5454,GRASSY PLAINS DR btwn GRANITE CRT & SUNNYBROOKE DR,355333.4008,5015631.148,7/9/16,11:41,02 - Rain,02 - Wet,10 - No control,01 - Non intersection,01 - Daylight,03 - P.D. only,06 - SMV unattended vehicle
5455,GRAVELLE CRES btwn INNES RD & INNES RD,377512.0869,5032708.686,3/16/16,0:00,01 - Clear,01 - Dry,10 - No control,01 - Non intersection,00 - Unknown,03 - P.D. only,06 - SMV unattended vehicle
5456,GREELY LANE @ PARKWAY RD,377741.0026,5013583.219,1/11/16,9:17,01 - Clear,02 - Wet,02 - Stop sign,03 - At intersection,01 - Daylight,03 - P.D. only,07 - SMV other
5457,GREENBANK RD @ 207 S OF BELLMAN DR/GREENBANK S,361338.0113,5020827.209,9/30/16,14:41,01 - Clear,01 - Dry,01 - Traffic signal,02 - Intersection related,01 - Daylight,02 - Non-fatal injury,03 - Rear end
5458,GREENBANK RD @ 207 S OF BELLMAN DR/GREENBANK S,361338.157,5020827.231,4/6/16,21:26,03 - Snow,05 - Packed snow,01 - Traffic signal,02 - Intersection related,07 - Dark,03 - P.D. only,03 - Rear end
5459,GREENBANK RD @ 220 N OF STRANDHERD DR,363848.1603,5014983.779,7/30/16,11:45,01 - Clear,01 - Dry,01 - Traffic signal,03 - At intersection,01 - Daylight,02 - Non-fatal injury,07 - SMV other
5460,GREENBANK RD @ 220 N OF STRANDHERD DR,363848.1705,5014984.592,2/19/16,18:27,03 - Snow,04 - Slush,01 - Traffic signal,03 - At intersection,07 - Dark,03 - P.D. only,03 - Rear end
5461,GREENBANK RD @ BELLMAN DR/BATEMAN DR,361256.5393,5021018.198,4/14/16,12:08,01 - Clear,01 - Dry,01 - Traffic signal,03 - At intersection,01 - Daylight,02 - Non-fatal injury,02 - Angle
5462,GREENBANK RD @ BELLMAN DR/BATEMAN DR,361255.8913,5021017.411,9/20/16,10:50,01 - Clear,01 - Dry,01 - Traffic signal,03 - At intersection,01 - Daylight,02 - Non-fatal injury,07 - SMV other
5463,GREENBANK RD @ BELLMAN DR/BATEMAN DR,361256.4535,5021018.155,3/5/16,13:43,01 - Clear,01 - Dry,01 - Traffic signal,02 - Intersection related,01 - Daylight,03 - P.D. only,03 - Rear end
5464,GREENBANK RD @ BELLMAN DR/BATEMAN DR,361256.8204,5021018.528,1/24/16,12:59,01 - Clear,01 - Dry,01 - Traffic signal,02 - Intersection related,01 - Daylight,03 - P.D. only,03 - Rear end
5465,GREENBANK RD @ BELLMAN DR/BATEMAN DR,361257.7978,5021017.264,4/10/16,16:50,01 - Clear,01 - Dry,01 - Traffic signal,02 - Intersection related,01 - Daylight,03 - P.D. only,03 - Rear end
5466,GREENBANK RD @ BERRIGAN DR/WESSEX RD,363724.8433,5015273.225,8/27/16,11:46,01 - Clear,01 - Dry,01 - Traffic signal,02 - Intersection related,01 - Daylight,02 - Non-fatal injury,03 - Rear end
5467,GREENBANK RD @ BERRIGAN DR/WESSEX RD,363723.8447,5015276.619,3/14/16,14:47,02 - Rain,02 - Wet,01 - Traffic signal,02 - Intersection related,01 - Daylight,02 - Non-fatal injury,07 - SMV other
5468,GREENBANK RD @ BERRIGAN DR/WESSEX RD,363722.3645,5015276.425,5/13/16,15:25,01 - Clear,01 - Dry,01 - Traffic signal,02 - Intersection related,01 - Daylight,02 - Non-fatal injury,03 - Rear end
5469,GREENBANK RD @ BERRIGAN DR/WESSEX RD,363724.5099,5015276.839,12/11/16,10:30,01 - Clear,01 - Dry,01 - Traffic signal,03 - At intersection,01 - Daylight,02 - Non-fatal injury,07 - SMV other
5470,GREENBANK RD @ BERRIGAN DR/WESSEX RD,363722.0912,5015276.54,3/1/16,19:55,03 - Snow,03 - Loose snow,01 - Traffic signal,03 - At intersection,07 - Dark,03 - P.D. only,05 - Turning movement
5471,GREENBANK RD @ BERRIGAN DR/WESSEX RD,363723.1462,5015276.157,9/9/16,15:39,01 - Clear,01 - Dry,01 - Traffic signal,03 - At intersection,01 - Daylight,03 - P.D. only,03 - Rear end
5472,GREENBANK RD @ BERRIGAN DR/WESSEX RD,363724.3403,5015275.766,6/24/16,17:24,01 - Clear,01 - Dry,01 - Traffic signal,02 - Intersection related,01 - Daylight,03 - P.D. only,03 - Rear end
5473,GREENBANK RD @ BERRIGAN DR/WESSEX RD,363722.6108,5015276.157,9/5/16,16:13,01 - Clear,01 - Dry,01 - Traffic signal,02 - Intersection related,01 - Daylight,03 - P.D. only,03 - Rear end
5474,GREENBANK RD @ BERRIGAN DR/WESSEX RD,363723.9012,5015276.205,7/30/16,13:23,01 - Clear,01 - Dry,01 - Traffic signal,03 - At intersection,01 - Daylight,03 - P.D. only,05 - Turning movement
5475,GREENBANK RD @ BERRIGAN DR/WESSEX RD,363722.8535,5015275.182,11/21/16,19:28,03 - Snow,03 - Loose snow,01 - Traffic signal,02 - Intersection related,07 - Dark,03 - P.D. only,03 - Rear end
5476,GREENBANK RD @ BERRIGAN DR/WESSEX RD,363723.9012,5015277.083,11/14/16,17:22,01 - Clear,01 - Dry,01 - Traffic signal,02 - Intersection related,07 - Dark,03 - P.D. only,02 - Angle
5477,GREENBANK RD @ BERRIGAN DR/WESSEX RD,363724.8181,5015276.879,5/26/16,8:51,01 - Clear,01 - Dry,01 - Traffic signal,03 - At intersection,01 - Daylight,03 - P.D. only,05 - Turning movement
5478,GREENBANK RD @ BERRIGAN DR/WESSEX RD,363725.0035,5015278.021,11/17/16,16:19,01 - Clear,01 - Dry,01 - Traffic signal,02 - Intersection related,01 - Daylight,03 - P.D. only,03 - Rear end
5479,GREENBANK RD @ BERRIGAN DR/WESSEX RD,363724.5099,5015275.182,11/24/16,10:34,03 - Snow,04 - Slush,01 - Traffic signal,02 - Intersection related,01 - Daylight,03 - P.D. only,03 - Rear end
5480,GREENBANK RD @ CANFIELD RD/CRAIG HENRY DR,361107.1546,5021365.235,8/26/16,20:48,01 - Clear,01 - Dry,01 - Traffic signal,03 - At intersection,07 - Dark,02 - Non-fatal injury,05 - Turning movement
5481,GREENBANK RD @ CANFIELD RD/CRAIG HENRY DR,361106.0212,5021364.712,9/19/16,8:59,01 - Clear,01 - Dry,01 - Traffic signal,03 - At intersection,01 - Daylight,02 - Non-fatal injury,05 - Turning movement
5482,GREENBANK RD @ CANFIELD RD/CRAIG HENRY DR,361106.677,5021363.453,10/27/16,10:00,01 - Clear,01 - Dry,01 - Traffic signal,02 - Intersection related,01 - Daylight,02 - Non-fatal injury,03 - Rear end
5483,GREENBANK RD @ CANFIELD RD/CRAIG HENRY DR,361107.5422,5021363.92,11/24/16,17:24,"07 - Fog, mist, smoke, dust",04 - Slush,01 - Traffic signal,03 - At intersection,07 - Dark,02 - Non-fatal injury,05 - Turning movement
5484,GREENBANK RD @ CANFIELD RD/CRAIG HENRY DR,361107.508,5021364.078,8/28/16,11:58,01 - Clear,01 - Dry,01 - Traffic signal,02 - Intersection related,01 - Daylight,03 - P.D. only,03 - Rear end
5485,GREENBANK RD @ CANFIELD RD/CRAIG HENRY DR,361107.0704,5021365.274,6/3/16,17:09,01 - Clear,01 - Dry,01 - Traffic signal,02 - Intersection related,01 - Daylight,03 - P.D. only,03 - Rear end
5486,GREENBANK RD @ HALF MOON BAY,364651.5955,5013125.004,8/31/16,9:40,01 - Clear,01 - Dry,02 - Stop sign,02 - Intersection related,01 - Daylight,02 - Non-fatal injury,03 - Rear end
5487,GREENBANK RD @ HARRISON ST/ASHGROVE CRES,360839.4622,5022007.275,9/21/16,10:35,01 - Clear,01 - Dry,01 - Traffic signal,03 - At intersection,01 - Daylight,02 - Non-fatal injury,07 - SMV other
5488,GREENBANK RD @ HARRISON ST/ASHGROVE CRES,360839.5231,5022007.401,4/27/16,19:09,01 - Clear,01 - Dry,01 - Traffic signal,02 - Intersection related,01 - Daylight,02 - Non-fatal injury,03 - Rear end
5489,GREENBANK RD @ HARRISON ST/ASHGROVE CRES,360839.9012,5022007.275,9/23/16,9:46,01 - Clear,02 - Wet,01 - Traffic signal,02 - Intersection related,01 - Daylight,03 - P.D. only,07 - SMV other
5490,GREENBANK RD @ HARRISON ST/ASHGROVE CRES,360839.6069,5022007.407,7/28/16,14:51,01 - Clear,01 - Dry,01 - Traffic signal,03 - At intersection,01 - Daylight,03 - P.D. only,05 - Turning movement
5491,GREENBANK RD @ HWY 417 IC129 RAMP57/IRIS ST,360531.8691,5023313.557,3/17/16,13:18,02 - Rain,02 - Wet,01 - Traffic signal,02 - Intersection related,01 - Daylight,02 - Non-fatal injury,03 - Rear end
5492,GREENBANK RD @ HWY 417 IC129 RAMP57/IRIS ST,360531.5285,5023312.714,2/26/16,22:30,01 - Clear,06 - Ice,01 - Traffic signal,03 - At intersection,07 - Dark,03 - P.D. only,04 - Sideswipe
5493,GREENBANK RD @ HWY 417 IC129 RAMP57/IRIS ST,360531.9008,5023312.517,2/14/16,15:34,01 - Clear,01 - Dry,01 - Traffic signal,02 - Intersection related,01 - Daylight,03 - P.D. only,03 - Rear end
5494,GREENBANK RD @ HWY 417 IC129 RAMP57/IRIS ST,360532.0425,5023313.722,10/17/16,15:33,01 - Clear,01 - Dry,01 - Traffic signal,02 - Intersection related,01 - Daylight,03 - P.D. only,03 - Rear end
5495,GREENBANK RD @ HWY 417 IC129 RAMP57/IRIS ST,360533.0336,5023312.304,9/8/16,6:58,02 - Rain,02 - Wet,01 - Traffic signal,02 - Intersection related,01 - Daylight,03 - P.D. only,03 - Rear end
5496,GREENBANK RD @ HWY 417 IC129 RAMP57/IRIS ST,360530.407,5023314.139,9/8/16,10:09,02 - Rain,02 - Wet,01 - Traffic signal,02 - Intersection related,01 - Daylight,03 - P.D. only,03 - Rear end
5497,GREENBANK RD @ HWY 417 IC129 RAMP57/IRIS ST,360531.6996,5023311.713,6/2/16,18:12,01 - Clear,01 - Dry,01 - Traffic signal,02 - Intersection related,01 - Daylight,03 - P.D. only,03 - Rear end
5498,GREENBANK RD @ HWY 417 IC129 RAMP57/IRIS ST,360529.8081,5023314.37,1/14/16,8:22,03 - Snow,03 - Loose snow,01 - Traffic signal,02 - Intersection related,01 - Daylight,03 - P.D. only,04 - Sideswipe
5499,GREENBANK RD @ HWY 417 IC129 RAMP57/IRIS ST,360530.945,5023312.769,7/30/16,14:31,01 - Clear,01 - Dry,01 - Traffic signal,02 - Intersection related,01 - Daylight,03 - P.D. only,03 - Rear end
5500,GREENBANK RD @ HWY 417 IC129 RAMP57/IRIS ST,360531.177,5023313.124,4/28/16,8:57,01 - Clear,01 - Dry,01 - Traffic signal,03 - At intersection,01 - Daylight,03 - P.D. only,04 - Sideswipe
5501,GREENBANK RD @ HWY 417 IC129 RAMP57/IRIS ST,360531.2761,5023312.46,5/24/16,17:04,01 - Clear,01 - Dry,01 - Traffic signal,02 - Intersection related,01 - Daylight,03 - P.D. only,03 - Rear end
5502,GREENBANK RD @ HWY 417 IC129 RAMP57/IRIS ST,360532.3673,5023311.991,9/9/16,12:44,01 - Clear,01 - Dry,01 - Traffic signal,02 - Intersection related,01 - Daylight,03 - P.D. only,03 - Rear end
5503,GREENBANK RD @ HWY 417 IC129 RAMP57/IRIS ST,360531.3582,5023311.849,8/25/16,20:36,01 - Clear,01 - Dry,01 - Traffic signal,02 - Intersection related,07 - Dark,03 - P.D. only,03 - Rear end
5504,GREENBANK RD @ HWY 417 IC129 RAMP57/IRIS ST,360532.0319,5023313.016,6/6/16,18:30,01 - Clear,01 - Dry,01 - Traffic signal,02 - Intersection related,01 - Daylight,03 - P.D. only,03 - Rear end
5505,GREENBANK RD @ HWY 417 IC129 RAMP57/IRIS ST,360531.3417,5023312.418,9/27/16,9:06,01 - Clear,01 - Dry,01 - Traffic signal,03 - At intersection,01 - Daylight,03 - P.D. only,05 - Turning movement
5506,GREENBANK RD @ HWY 417 IC129 RAMP57/IRIS ST,360532.2577,5023311.999,10/16/16,12:20,02 - Rain,02 - Wet,01 - Traffic signal,02 - Intersection related,01 - Daylight,03 - P.D. only,03 - Rear end
5507,GREENBANK RD @ HWY 417 IC129 RAMP57/IRIS ST,360531.2939,5023311.59,7/5/16,13:38,01 - Clear,01 - Dry,01 - Traffic signal,02 - Intersection related,01 - Daylight,03 - P.D. only,03 - Rear end
5508,GREENBANK RD @ HWY 417 IC129 RAMP57/IRIS ST,360532.0425,5023314.55,10/8/16,12:53,02 - Rain,02 - Wet,01 - Traffic signal,02 - Intersection related,01 - Daylight,03 - P.D. only,03 - Rear end
5509,GREENBANK RD @ HWY 417 IC129 RAMP57/IRIS ST,360530.7178,5023312.314,7/11/16,18:00,01 - Clear,01 - Dry,01 - Traffic signal,02 - Intersection related,01 - Daylight,03 - P.D. only,03 - Rear end
5510,GREENBANK RD @ HWY 417 IC129 RAMP57/IRIS ST,360532.4988,5023313.695,3/6/16,17:07,01 - Clear,02 - Wet,01 - Traffic signal,03 - At intersection,01 - Daylight,03 - P.D. only,04 - Sideswipe
5511,GREENBANK RD @ HWY 417 IC129 RAMP57/IRIS ST,360531.309,5023312.67,12/8/16,18:00,03 - Snow,02 - Wet,01 - Traffic signal,02 - Intersection related,07 - Dark,03 - P.D. only,04 - Sideswipe
5512,GREENBANK RD @ JOCKVALE RD,364121.4623,5014331.09,5/28/16,13:29,01 - Clear,01 - Dry,01 - Traffic signal,02 - Intersection related,01 - Daylight,02 - Non-fatal injury,03 - Rear end
5513,GREENBANK RD @ JOCKVALE RD,364121.0219,5014331.079,3/5/16,9:00,01 - Clear,01 - Dry,01 - Traffic signal,02 - Intersection related,01 - Daylight,03 - P.D. only,03 - Rear end
5514,GREENBANK RD @ JOCKVALE RD,364119.3221,5014333.417,8/11/16,12:54,01 - Clear,01 - Dry,01 - Traffic signal,03 - At intersection,01 - Daylight,03 - P.D. only,05 - Turning movement
5515,GREENBANK RD @ JOCKVALE RD,364120.8596,5014330.827,11/18/16,17:42,01 - Clear,01 - Dry,01 - Traffic signal,02 - Intersection related,07 - Dark,03 - P.D. only,03 - Rear end
5516,GREENBANK RD @ KILBIRNIE DR,365285.2559,5011656.861,12/1/16,6:47,01 - Clear,02 - Wet,02 - Stop sign,03 - At intersection,07 - Dark,02 - Non-fatal injury,02 - Angle
5517,GREENBANK RD @ LARKIN DR,363176.6779,5016505.211,11/11/16,18:01,01 - Clear,01 - Dry,01 - Traffic signal,02 - Intersection related,07 - Dark,02 - Non-fatal injury,03 - Rear end
5518,GREENBANK RD @ LARKIN DR,363176.9019,5016506.229,3/24/16,9:41,05 - Drifting Snow,03 - Loose snow,01 - Traffic signal,03 - At intersection,01 - Daylight,03 - P.D. only,05 - Turning movement
5519,GREENBANK RD @ LISA AVE,360554.8424,5022894.499,5/20/16,15:57,01 - Clear,01 - Dry,01 - Traffic signal,02 - Intersection related,01 - Daylight,02 - Non-fatal injury,03 - Rear end
5520,GREENBANK RD @ LISA AVE,360554.0165,5022894.151,1/30/16,17:54,01 - Clear,02 - Wet,01 - Traffic signal,02 - Intersection related,07 - Dark,02 - Non-fatal injury,03 - Rear end
5521,GREENBANK RD @ LISA AVE,360553.0188,5022892.25,11/3/16,7:18,02 - Rain,02 - Wet,01 - Traffic signal,03 - At intersection,01 - Daylight,02 - Non-fatal injury,07 - SMV other
5522,GREENBANK RD @ LISA AVE,360554.1845,5022893.496,12/24/16,12:39,01 - Clear,02 - Wet,01 - Traffic signal,03 - At intersection,01 - Daylight,02 - Non-fatal injury,05 - Turning movement
5523,GREENBANK RD @ LISA AVE,360553.7566,5022894.181,2/17/16,12:23,01 - Clear,03 - Loose snow,01 - Traffic signal,03 - At intersection,01 - Daylight,03 - P.D. only,05 - Turning movement
5524,GREENBANK RD @ LISA AVE,360554.9024,5022893.038,7/9/16,17:05,02 - Rain,02 - Wet,01 - Traffic signal,02 - Intersection related,01 - Daylight,03 - P.D. only,03 - Rear end
5525,GREENBANK RD @ LISA AVE,360555.1657,5022893.496,10/19/16,10:58,01 - Clear,01 - Dry,01 - Traffic signal,02 - Intersection related,01 - Daylight,03 - P.D. only,03 - Rear end
5526,GREENBANK RD @ LISA AVE,360553.5774,5022893.273,12/11/16,9:08,01 - Clear,01 - Dry,01 - Traffic signal,03 - At intersection,01 - Daylight,03 - P.D. only,02 - Angle
5527,GREENBANK RD @ LISA AVE,360554.4556,5022892.833,12/14/16,20:46,03 - Snow,05 - Packed snow,01 - Traffic signal,03 - At intersection,07 - Dark,03 - P.D. only,05 - Turning movement
5528,GREENBANK RD @ MALVERN DR/FOXFIELD DR,363311.5948,5016194.379,8/31/16,18:50,01 - Clear,01 - Dry,01 - Traffic signal,03 - At intersection,01 - Daylight,02 - Non-fatal injury,05 - Turning movement
5529,GREENBANK RD @ MALVERN DR/FOXFIELD DR,363311.9137,5016194.433,8/19/16,11:41,01 - Clear,01 - Dry,01 - Traffic signal,02 - Intersection related,01 - Daylight,02 - Non-fatal injury,03 - Rear end