Record,Location,X,Y,Date,Time,Environment,Road_Surface,Traffic_Control,Collision_Location,Light,Collision_Classification,Impact_type
5530,GREENBANK RD @ MALVERN DR/FOXFIELD DR,363311.4591,5016195.342,8/3/16,13:36,01 - Clear,01 - Dry,01 - Traffic signal,02 - Intersection related,01 - Daylight,03 - P.D. only,03 - Rear end
5531,GREENBANK RD @ MALVERN DR/FOXFIELD DR,363311.5044,5016194.689,3/6/16,12:06,01 - Clear,01 - Dry,01 - Traffic signal,02 - Intersection related,01 - Daylight,03 - P.D. only,03 - Rear end
5532,GREENBANK RD @ MALVERN DR/FOXFIELD DR,363310.55,5016194.433,7/30/16,16:02,01 - Clear,01 - Dry,01 - Traffic signal,03 - At intersection,01 - Daylight,03 - P.D. only,05 - Turning movement
5533,GREENBANK RD @ MALVERN DR/FOXFIELD DR,363310.5887,5016194.653,7/29/16,20:03,01 - Clear,01 - Dry,01 - Traffic signal,02 - Intersection related,01 - Daylight,03 - P.D. only,03 - Rear end
5534,GREENBANK RD @ MALVERN DR/FOXFIELD DR,363311.5044,5016194.555,5/29/16,20:20,01 - Clear,01 - Dry,01 - Traffic signal,02 - Intersection related,05 - Dusk,03 - P.D. only,99 - Other
5535,GREENBANK RD @ MALVERN DR/FOXFIELD DR,363312.2219,5016194.166,10/5/16,15:45,01 - Clear,01 - Dry,01 - Traffic signal,02 - Intersection related,01 - Daylight,03 - P.D. only,03 - Rear end
5536,GREENBANK RD @ MALVERN DR/FOXFIELD DR,363311.0278,5016194.214,12/16/16,15:29,03 - Snow,06 - Ice,01 - Traffic signal,03 - At intersection,01 - Daylight,03 - P.D. only,05 - Turning movement
5537,GREENBANK RD @ MALVERN DR/FOXFIELD DR,363312.7841,5016193.775,12/8/16,19:57,03 - Snow,06 - Ice,01 - Traffic signal,03 - At intersection,07 - Dark,03 - P.D. only,05 - Turning movement
5538,GREENBANK RD @ MARKETPLACE AVE,364007.6817,5014601.74,5/5/16,18:31,01 - Clear,01 - Dry,01 - Traffic signal,02 - Intersection related,01 - Daylight,03 - P.D. only,07 - SMV other
5539,GREENBANK RD @ MARKETPLACE AVE,364008.0896,5014601.923,3/18/16,18:43,01 - Clear,01 - Dry,01 - Traffic signal,03 - At intersection,07 - Dark,03 - P.D. only,05 - Turning movement
5540,GREENBANK RD @ MARKETPLACE AVE,364008.1936,5014601.887,8/23/16,12:36,01 - Clear,01 - Dry,01 - Traffic signal,03 - At intersection,01 - Daylight,03 - P.D. only,04 - Sideswipe
5541,GREENBANK RD @ MARKETPLACE AVE,364009.0377,5014603.099,6/28/16,23:01,01 - Clear,01 - Dry,01 - Traffic signal,02 - Intersection related,07 - Dark,03 - P.D. only,04 - Sideswipe
5542,GREENBANK RD @ MARKETPLACE AVE,364006.6996,5014600.947,12/23/16,14:09,01 - Clear,02 - Wet,01 - Traffic signal,03 - At intersection,01 - Daylight,03 - P.D. only,02 - Angle
5543,GREENBANK RD @ MEADOWBANK DR,360765.6778,5022185.163,8/12/16,16:08,02 - Rain,02 - Wet,02 - Stop sign,02 - Intersection related,01 - Daylight,03 - P.D. only,03 - Rear end
5544,GREENBANK RD @ MEADOWBANK DR,360764.996,5022186.956,6/8/16,8:30,01 - Clear,01 - Dry,02 - Stop sign,02 - Intersection related,01 - Daylight,03 - P.D. only,03 - Rear end
5545,GREENBANK RD @ MONTEREY DR,360653.0235,5022452.278,10/17/16,15:27,01 - Clear,02 - Wet,02 - Stop sign,03 - At intersection,01 - Daylight,03 - P.D. only,04 - Sideswipe
5546,GREENBANK RD @ STRANDHERD DR,363933.2247,5014783.728,4/12/16,9:58,01 - Clear,01 - Dry,01 - Traffic signal,02 - Intersection related,01 - Daylight,02 - Non-fatal injury,03 - Rear end
5547,GREENBANK RD @ STRANDHERD DR,363933.018,5014785.527,2/17/16,20:45,03 - Snow,05 - Packed snow,01 - Traffic signal,02 - Intersection related,07 - Dark,03 - P.D. only,99 - Other
5548,GREENBANK RD @ STRANDHERD DR,363932.0775,5014784.149,8/22/16,10:28,01 - Clear,01 - Dry,01 - Traffic signal,02 - Intersection related,01 - Daylight,03 - P.D. only,03 - Rear end
5549,GREENBANK RD @ STRANDHERD DR,363932.3062,5014783.728,1/26/16,0:38,01 - Clear,02 - Wet,01 - Traffic signal,03 - At intersection,07 - Dark,03 - P.D. only,05 - Turning movement
5550,GREENBANK RD @ STRANDHERD DR,363935.3402,5014784.003,10/25/16,18:42,01 - Clear,02 - Wet,01 - Traffic signal,02 - Intersection related,07 - Dark,03 - P.D. only,03 - Rear end
5551,GREENBANK RD @ STRANDHERD DR,363933.9034,5014784.637,9/11/16,10:15,01 - Clear,01 - Dry,01 - Traffic signal,03 - At intersection,01 - Daylight,03 - P.D. only,05 - Turning movement
5552,GREENBANK RD @ STRANDHERD DR,363933.4566,5014785.326,8/10/16,18:09,01 - Clear,01 - Dry,01 - Traffic signal,02 - Intersection related,01 - Daylight,03 - P.D. only,04 - Sideswipe
5553,GREENBANK RD @ STRANDHERD DR,363933.4566,5014784.417,7/25/16,17:39,01 - Clear,01 - Dry,01 - Traffic signal,02 - Intersection related,01 - Daylight,03 - P.D. only,03 - Rear end
5554,GREENBANK RD @ STRANDHERD DR,363933.4584,5014784.192,6/4/16,13:10,01 - Clear,01 - Dry,01 - Traffic signal,02 - Intersection related,01 - Daylight,03 - P.D. only,03 - Rear end
5555,GREENBANK RD @ STRANDHERD DR,363933.4584,5014783.741,6/20/16,19:40,01 - Clear,01 - Dry,01 - Traffic signal,02 - Intersection related,01 - Daylight,03 - P.D. only,03 - Rear end
5556,GREENBANK RD @ STRANDHERD DR,363933.2545,5014784.549,5/31/16,13:15,01 - Clear,01 - Dry,01 - Traffic signal,02 - Intersection related,01 - Daylight,03 - P.D. only,04 - Sideswipe
5557,GREENBANK RD @ STRANDHERD DR,363932.5862,5014783.759,9/22/16,21:17,02 - Rain,02 - Wet,01 - Traffic signal,03 - At intersection,07 - Dark,03 - P.D. only,05 - Turning movement
5558,GREENBANK RD @ STRANDHERD DR,363932.9416,5014784.669,7/21/16,13:18,01 - Clear,01 - Dry,01 - Traffic signal,02 - Intersection related,01 - Daylight,03 - P.D. only,03 - Rear end
5559,GREENBANK RD @ STRANDHERD DR,363933.9112,5014784.872,8/25/16,19:20,01 - Clear,01 - Dry,01 - Traffic signal,02 - Intersection related,01 - Daylight,03 - P.D. only,03 - Rear end
5560,GREENBANK RD @ STRANDHERD DR,363935.3402,5014783.175,12/30/16,16:05,01 - Clear,02 - Wet,01 - Traffic signal,02 - Intersection related,05 - Dusk,03 - P.D. only,04 - Sideswipe
5561,GREENBANK RD @ STRANDHERD DR,363933.6839,5014785.659,12/21/16,18:36,01 - Clear,01 - Dry,01 - Traffic signal,02 - Intersection related,07 - Dark,03 - P.D. only,04 - Sideswipe
5562,GREENBANK RD @ STRANDHERD DR,363934.3319,5014784.944,12/3/16,18:12,01 - Clear,01 - Dry,01 - Traffic signal,02 - Intersection related,07 - Dark,03 - P.D. only,99 - Other
5563,GREENBANK RD @ VIEWBANK RD,366077.9055,5009752.611,8/21/16,3:29,"07 - Fog, mist, smoke, dust",01 - Dry,02 - Stop sign,02 - Intersection related,07 - Dark,02 - Non-fatal injury,07 - SMV other
5564,GREENBANK RD @ WEST HUNT CLUB RD,361479.4525,5020501.357,5/3/16,11:17,01 - Clear,01 - Dry,01 - Traffic signal,02 - Intersection related,01 - Daylight,02 - Non-fatal injury,03 - Rear end
5565,GREENBANK RD @ WEST HUNT CLUB RD,361479.9025,5020501.803,5/26/16,10:40,01 - Clear,01 - Dry,01 - Traffic signal,02 - Intersection related,01 - Daylight,02 - Non-fatal injury,03 - Rear end
5566,GREENBANK RD @ WEST HUNT CLUB RD,361479.4497,5020502.479,8/12/16,11:27,01 - Clear,01 - Dry,01 - Traffic signal,02 - Intersection related,01 - Daylight,02 - Non-fatal injury,03 - Rear end
5567,GREENBANK RD @ WEST HUNT CLUB RD,361479.677,5020502.065,11/30/16,11:40,01 - Clear,01 - Dry,01 - Traffic signal,02 - Intersection related,01 - Daylight,02 - Non-fatal injury,03 - Rear end
5568,GREENBANK RD @ WEST HUNT CLUB RD,361479.4575,5020501.821,2/17/16,8:55,01 - Clear,04 - Slush,01 - Traffic signal,02 - Intersection related,01 - Daylight,03 - P.D. only,03 - Rear end
5569,GREENBANK RD @ WEST HUNT CLUB RD,361480.3429,5020503.145,2/26/16,15:12,03 - Snow,03 - Loose snow,01 - Traffic signal,02 - Intersection related,01 - Daylight,03 - P.D. only,03 - Rear end
5570,GREENBANK RD @ WEST HUNT CLUB RD,361479.0111,5020501.813,3/4/16,16:10,01 - Clear,01 - Dry,01 - Traffic signal,02 - Intersection related,01 - Daylight,03 - P.D. only,03 - Rear end
5571,GREENBANK RD @ WEST HUNT CLUB RD,361479.677,5020502.893,10/19/16,15:19,01 - Clear,01 - Dry,01 - Traffic signal,02 - Intersection related,01 - Daylight,03 - P.D. only,03 - Rear end
5572,GREENBANK RD @ WEST HUNT CLUB RD,361479.4575,5020502.699,1/20/16,22:34,01 - Clear,01 - Dry,01 - Traffic signal,02 - Intersection related,07 - Dark,03 - P.D. only,03 - Rear end
5573,GREENBANK RD @ WEST HUNT CLUB RD,361478.8781,5020501.68,4/3/16,16:12,01 - Clear,01 - Dry,01 - Traffic signal,02 - Intersection related,01 - Daylight,03 - P.D. only,03 - Rear end
5574,GREENBANK RD @ WEST HUNT CLUB RD,361479.4523,5020502.929,5/10/16,12:10,01 - Clear,01 - Dry,01 - Traffic signal,02 - Intersection related,01 - Daylight,03 - P.D. only,03 - Rear end
5575,GREENBANK RD @ WEST HUNT CLUB RD,361479.4575,5020502.699,6/24/16,22:10,01 - Clear,01 - Dry,01 - Traffic signal,02 - Intersection related,07 - Dark,03 - P.D. only,03 - Rear end
5576,GREENBANK RD @ WEST HUNT CLUB RD,361478.0207,5020503.721,11/19/16,19:00,01 - Clear,01 - Dry,01 - Traffic signal,02 - Intersection related,07 - Dark,03 - P.D. only,03 - Rear end
5577,GREENBANK RD @ WEST HUNT CLUB RD,361478.7996,5020501.45,9/29/16,21:31,01 - Clear,01 - Dry,01 - Traffic signal,03 - At intersection,07 - Dark,03 - P.D. only,03 - Rear end
5578,GREENBANK RD @ WEST HUNT CLUB RD,361479.677,5020502.893,11/30/16,13:41,"07 - Fog, mist, smoke, dust",01 - Dry,01 - Traffic signal,03 - At intersection,01 - Daylight,03 - P.D. only,03 - Rear end
5579,GREENBANK RD @ WEST HUNT CLUB RD,361480.5052,5020502.893,12/18/16,11:30,03 - Snow,03 - Loose snow,01 - Traffic signal,02 - Intersection related,01 - Daylight,03 - P.D. only,03 - Rear end
5580,GREENBANK RD @ WEST HUNT CLUB RD,361478.0207,5020502.065,11/23/16,20:45,01 - Clear,04 - Slush,01 - Traffic signal,02 - Intersection related,07 - Dark,03 - P.D. only,03 - Rear end
5581,GREENBANK RD @ WEST HUNT CLUB RD,361480.5052,5020503.721,12/8/16,8:25,03 - Snow,03 - Loose snow,01 - Traffic signal,02 - Intersection related,01 - Daylight,03 - P.D. only,04 - Sideswipe
5582,GREENBANK RD @ WEST HUNT CLUB RD,361482.1615,5020503.721,12/8/16,21:10,03 - Snow,06 - Ice,01 - Traffic signal,02 - Intersection related,07 - Dark,03 - P.D. only,04 - Sideswipe
5583,GREENBANK RD btwn 220 N OF STRANDHERD DR & STRANDHERD DR,363924.8902,5014804.485,5/27/16,18:20,01 - Clear,01 - Dry,10 - No control,01 - Non intersection,01 - Daylight,03 - P.D. only,04 - Sideswipe
5584,GREENBANK RD btwn BANNER RD & CANFIELD RD,361059.6528,5021475.383,10/28/16,8:45,02 - Rain,02 - Wet,10 - No control,01 - Non intersection,01 - Daylight,03 - P.D. only,04 - Sideswipe
5585,GREENBANK RD btwn BATEMAN DR/BELLMAN DR & GREENBANK SQUARE SC,361320.2917,5020869.329,5/30/16,16:18,01 - Clear,01 - Dry,10 - No control,01 - Non intersection,01 - Daylight,02 - Non-fatal injury,03 - Rear end
5586,GREENBANK RD btwn CAMBRIAN RD & DUNDONALD DR,364789.7078,5012813.601,1/10/16,20:40,02 - Rain,02 - Wet,10 - No control,04 - At/near private drive,07 - Dark,03 - P.D. only,03 - Rear end
5587,GREENBANK RD btwn CANFIELD RD & BELLMAN DR,361240.9453,5021043.696,5/29/16,15:21,01 - Clear,01 - Dry,10 - No control,04 - At/near private drive,01 - Daylight,03 - P.D. only,05 - Turning movement
5588,GREENBANK RD btwn FALLOWFIELD RD & LARKIN DR,363085.7857,5016723.843,3/27/16,16:19,01 - Clear,01 - Dry,10 - No control,01 - Non intersection,01 - Daylight,02 - Non-fatal injury,07 - SMV other
5589,GREENBANK RD btwn FALLOWFIELD RD & LARKIN DR,363088.0914,5016719.422,5/19/16,17:37,01 - Clear,01 - Dry,10 - No control,01 - Non intersection,01 - Daylight,03 - P.D. only,03 - Rear end
5590,GREENBANK RD btwn GIBBARD AVE & WEST HUNT CLUB RD,361438.9952,5020596.116,7/20/16,16:07,01 - Clear,01 - Dry,10 - No control,01 - Non intersection,01 - Daylight,02 - Non-fatal injury,03 - Rear end
5591,GREENBANK RD btwn GIBBARD AVE & WEST HUNT CLUB RD,361434.1195,5020604.826,2/12/16,10:26,01 - Clear,01 - Dry,10 - No control,01 - Non intersection,01 - Daylight,03 - P.D. only,04 - Sideswipe
5592,GREENBANK RD btwn GIBBARD AVE & WEST HUNT CLUB RD,361476.31,5020510.336,4/20/16,11:03,01 - Clear,01 - Dry,10 - No control,01 - Non intersection,01 - Daylight,03 - P.D. only,03 - Rear end
5593,GREENBANK RD btwn GREENBANK SQUARE SC & GIBBARD AVE,361406.8815,5020667.958,1/2/16,16:54,01 - Clear,02 - Wet,10 - No control,04 - At/near private drive,05 - Dusk,03 - P.D. only,02 - Angle
5594,GREENBANK RD btwn GREENBANK SQUARE SC & GIBBARD AVE,361405.2991,5020671.305,5/12/16,18:44,01 - Clear,01 - Dry,10 - No control,01 - Non intersection,01 - Daylight,03 - P.D. only,05 - Turning movement
5595,GREENBANK RD btwn HARRISON ST & BANNER RD,361002.1336,5021613.693,1/18/16,22:35,01 - Clear,03 - Loose snow,10 - No control,01 - Non intersection,07 - Dark,02 - Non-fatal injury,03 - Rear end
5596,GREENBANK RD btwn HARRISON ST & BANNER RD,360870.3235,5021930.476,9/21/16,11:58,01 - Clear,01 - Dry,10 - No control,01 - Non intersection,01 - Daylight,03 - P.D. only,03 - Rear end
5597,GREENBANK RD btwn HWY 417 IC129 RAMP57 & HWY417 IC129 RAMP53,360526.0401,5023293.175,2/9/16,11:25,01 - Clear,02 - Wet,10 - No control,01 - Non intersection,01 - Daylight,03 - P.D. only,03 - Rear end
5598,GREENBANK RD btwn HWY417 IC129 RAMP35 & HWY417 IC129 RAMP25,360513.7939,5023358.409,7/26/16,17:31,01 - Clear,01 - Dry,10 - No control,01 - Non intersection,01 - Daylight,02 - Non-fatal injury,03 - Rear end
5599,GREENBANK RD btwn JOCKVALE RD & CAMBRIAN RD,364469.6571,5013477.943,1/29/16,10:18,01 - Clear,03 - Loose snow,10 - No control,01 - Non intersection,01 - Daylight,02 - Non-fatal injury,01 - Approaching
5600,GREENBANK RD btwn JOCKVALE RD & CAMBRIAN RD,364370.9219,5013407.505,4/30/16,11:26,01 - Clear,01 - Dry,10 - No control,01 - Non intersection,01 - Daylight,02 - Non-fatal injury,06 - SMV unattended vehicle
5601,GREENBANK RD btwn JOCKVALE RD & CAMBRIAN RD,364477.9996,5013485.408,6/22/16,22:43,02 - Rain,02 - Wet,10 - No control,01 - Non intersection,07 - Dark,03 - P.D. only,01 - Approaching
5602,GREENBANK RD btwn JOCKVALE RD & CAMBRIAN RD,364375.4709,5013405.45,4/6/16,20:26,03 - Snow,05 - Packed snow,10 - No control,01 - Non intersection,07 - Dark,03 - P.D. only,07 - SMV other
5603,GREENBANK RD btwn JOCKVALE RD & CAMBRIAN RD,364125.9527,5014320.312,4/28/16,21:36,01 - Clear,01 - Dry,10 - No control,01 - Non intersection,07 - Dark,03 - P.D. only,03 - Rear end
5604,GREENBANK RD btwn JOCKVALE RD & CAMBRIAN RD,364411.153,5013685.874,2/19/16,18:23,02 - Rain,03 - Loose snow,10 - No control,01 - Non intersection,07 - Dark,03 - P.D. only,01 - Approaching
5605,GREENBANK RD btwn LARKIN DR & MALVERN DR,363238.3684,5016362.216,1/20/16,18:51,03 - Snow,02 - Wet,10 - No control,01 - Non intersection,07 - Dark,03 - P.D. only,03 - Rear end
5606,GREENBANK RD btwn LISA AVE & BASELINE RD,360594.1144,5022593.616,1/23/16,14:01,01 - Clear,01 - Dry,10 - No control,01 - Non intersection,01 - Daylight,03 - P.D. only,05 - Turning movement
5607,GREENBANK RD btwn LISA AVE & BASELINE RD,360594.5766,5022592.935,2/16/16,22:26,03 - Snow,03 - Loose snow,10 - No control,04 - At/near private drive,07 - Dark,03 - P.D. only,03 - Rear end
5608,GREENBANK RD btwn LISA AVE & BASELINE RD,360594.8263,5022590.216,7/31/16,23:00,01 - Clear,01 - Dry,10 - No control,01 - Non intersection,07 - Dark,03 - P.D. only,04 - Sideswipe
5609,GREENBANK RD btwn MARKETPLACE AVE & JOCKVALE RD,364094.6424,5014394.05,6/14/16,20:53,01 - Clear,01 - Dry,10 - No control,01 - Non intersection,05 - Dusk,03 - P.D. only,04 - Sideswipe
5610,GREENBANK RD btwn MEADOWBANK DR & HARRISON ST,360783.9507,5022137.864,11/6/16,12:42,01 - Clear,01 - Dry,10 - No control,01 - Non intersection,01 - Daylight,03 - P.D. only,03 - Rear end
5611,GREENBANK RD btwn MONTEREY DR & MEADOWBANK DR,360757.7744,5022204.943,2/18/16,9:30,01 - Clear,02 - Wet,10 - No control,01 - Non intersection,01 - Daylight,03 - P.D. only,03 - Rear end
5612,GREENBANK RD btwn MONTEREY DR & MEADOWBANK DR,360677.7856,5022398.107,9/17/16,12:56,02 - Rain,02 - Wet,10 - No control,01 - Non intersection,01 - Daylight,03 - P.D. only,03 - Rear end
5613,GREENBANK RD btwn MONTEREY DR & MEADOWBANK DR,360760.1893,5022200.333,9/17/16,12:30,02 - Rain,02 - Wet,10 - No control,01 - Non intersection,01 - Daylight,03 - P.D. only,01 - Approaching
5614,GREENBANK RD btwn MONTEREY DR & MEADOWBANK DR,360743.0653,5022241.167,11/11/16,17:30,01 - Clear,01 - Dry,10 - No control,01 - Non intersection,07 - Dark,03 - P.D. only,04 - Sideswipe
5615,GREENBANK RD btwn NE/OT BOUNDARY & MONTEREY DR,360635.1843,5022495.409,8/5/16,11:00,01 - Clear,01 - Dry,10 - No control,01 - Non intersection,01 - Daylight,03 - P.D. only,03 - Rear end
5616,GREENBANK RD btwn NE/OT BOUNDARY & MONTEREY DR,360634.1168,5022498.437,10/16/16,13:29,02 - Rain,02 - Wet,10 - No control,01 - Non intersection,01 - Daylight,03 - P.D. only,03 - Rear end
5617,GREENBANK RD btwn PINECREST RD & HWY417 IC129 RAMP35,360460.3856,5023495.877,4/8/16,8:15,03 - Snow,02 - Wet,10 - No control,01 - Non intersection,01 - Daylight,03 - P.D. only,03 - Rear end
5618,GREENBANK RD btwn STRANDHERD DR & MARKETPLACE AVE,363990.1054,5014646.766,3/24/16,15:44,04 - Freezing Rain,06 - Ice,10 - No control,01 - Non intersection,01 - Daylight,03 - P.D. only,03 - Rear end
5619,GREENBANK RD btwn WEST HUNT CLUB RD & FALLOWFIELD RD,362250.9952,5018663.445,9/19/16,23:10,01 - Clear,01 - Dry,10 - No control,01 - Non intersection,07 - Dark,02 - Non-fatal injury,07 - SMV other
5620,GREENBANK RD btwn WEST HUNT CLUB RD & FALLOWFIELD RD,362680.0445,5017652.108,7/11/16,16:24,01 - Clear,01 - Dry,10 - No control,01 - Non intersection,01 - Daylight,02 - Non-fatal injury,05 - Turning movement
5621,GREENBANK RD btwn WEST HUNT CLUB RD & FALLOWFIELD RD,362683.9423,5017656.197,12/12/16,18:44,03 - Snow,05 - Packed snow,10 - No control,01 - Non intersection,07 - Dark,02 - Non-fatal injury,01 - Approaching
5622,GREENBANK RD btwn WEST HUNT CLUB RD & FALLOWFIELD RD,363078.0941,5016739.864,2/23/16,18:14,01 - Clear,01 - Dry,10 - No control,01 - Non intersection,07 - Dark,03 - P.D. only,04 - Sideswipe
5623,GREENBANK RD btwn WEST HUNT CLUB RD & FALLOWFIELD RD,363061.1367,5016779.656,2/11/16,14:20,01 - Clear,02 - Wet,10 - No control,01 - Non intersection,01 - Daylight,03 - P.D. only,05 - Turning movement
5624,GREENBANK RD btwn WEST HUNT CLUB RD & FALLOWFIELD RD,363077.1631,5016744.749,2/16/16,19:49,03 - Snow,03 - Loose snow,10 - No control,01 - Non intersection,07 - Dark,03 - P.D. only,03 - Rear end
5625,GREENBANK RD btwn WEST HUNT CLUB RD & FALLOWFIELD RD,361523.1945,5020401.239,6/11/16,5:45,01 - Clear,01 - Dry,10 - No control,01 - Non intersection,01 - Daylight,03 - P.D. only,07 - SMV other
5626,GREENBANK RD btwn WEST HUNT CLUB RD & FALLOWFIELD RD,361882.2779,5019588.113,4/6/16,19:22,03 - Snow,03 - Loose snow,10 - No control,01 - Non intersection,05 - Dusk,03 - P.D. only,07 - SMV other
5627,GREENBANK RD btwn WEST HUNT CLUB RD & FALLOWFIELD RD,363071.0236,5016754.678,3/16/16,15:30,01 - Clear,01 - Dry,10 - No control,01 - Non intersection,01 - Daylight,03 - P.D. only,99 - Other
5628,GREENBANK RD btwn WEST HUNT CLUB RD & FALLOWFIELD RD,361871.4658,5019590.721,2/27/16,16:29,01 - Clear,02 - Wet,10 - No control,01 - Non intersection,01 - Daylight,03 - P.D. only,07 - SMV other
5629,GREENBANK RD btwn WEST HUNT CLUB RD & FALLOWFIELD RD,362982.3185,5016965.422,2/29/16,22:25,06 - Strong wind,05 - Packed snow,10 - No control,01 - Non intersection,07 - Dark,03 - P.D. only,07 - SMV other
5630,GREENBANK RD btwn WEST HUNT CLUB RD & FALLOWFIELD RD,361486.6433,5020483.603,5/5/16,15:45,01 - Clear,01 - Dry,10 - No control,01 - Non intersection,01 - Daylight,03 - P.D. only,04 - Sideswipe
5631,GREENBANK RD btwn WEST HUNT CLUB RD & FALLOWFIELD RD,362923.2762,5017101.94,4/6/16,16:55,03 - Snow,03 - Loose snow,10 - No control,01 - Non intersection,01 - Daylight,03 - P.D. only,01 - Approaching
5632,GREENBANK RD btwn WEST HUNT CLUB RD & FALLOWFIELD RD,362298.2198,5018554.548,11/17/16,22:53,"07 - Fog, mist, smoke, dust",01 - Dry,10 - No control,01 - Non intersection,07 - Dark,03 - P.D. only,07 - SMV other
5633,GREENBANK RD NB btwn TO BE DETERMINED & HWY417 IC129 RAMP51,360542.3421,5023294.626,8/21/16,19:45,01 - Clear,01 - Dry,10 - No control,01 - Non intersection,01 - Daylight,03 - P.D. only,04 - Sideswipe
5634,GREENFIELD AVE btwn MAIN ST & HAVELOCK ST,368937.6325,5030843.796,2/22/16,12:24,01 - Clear,01 - Dry,10 - No control,01 - Non intersection,01 - Daylight,03 - P.D. only,06 - SMV unattended vehicle
5635,GREENFIELD AVE btwn MONTCALM ST & CONCORD ST N,369031.9745,5031060.23,6/28/16,17:00,01 - Clear,01 - Dry,10 - No control,01 - Non intersection,01 - Daylight,03 - P.D. only,04 - Sideswipe
5636,GREENLAND RD btwn ARMITAGE AVE & ROCK FOREST RD,340193.0898,5038208.975,5/31/16,1:53,01 - Clear,01 - Dry,10 - No control,01 - Non intersection,07 - Dark,02 - Non-fatal injury,07 - SMV other
5637,GREENLAND RD btwn VANCES SIDE RD & Continuation of GREENLAND RD,343024.3037,5034841.357,8/1/16,6:02,01 - Clear,01 - Dry,10 - No control,01 - Non intersection,03 - Dawn,03 - P.D. only,07 - SMV other
5638,GREENLAND RD btwn VANCES SIDE RD & Continuation of GREENLAND RD,342384.7738,5035570.45,5/30/16,16:01,01 - Clear,01 - Dry,10 - No control,01 - Non intersection,01 - Daylight,03 - P.D. only,07 - SMV other
5639,GREGG ST btwn JUNCTION AVE & CLOVER ST,369290.1878,5026569.283,11/7/16,5:56,01 - Clear,01 - Dry,10 - No control,01 - Non intersection,07 - Dark,03 - P.D. only,06 - SMV unattended vehicle
5640,GREGOIRE RD @ MARVELVILLE RD,393290.8371,5008914.672,7/23/16,14:45,01 - Clear,01 - Dry,02 - Stop sign,03 - At intersection,01 - Daylight,02 - Non-fatal injury,02 - Angle
5641,GREGOIRE RD @ MARVELVILLE RD,393290.1785,5008915.58,10/23/16,17:35,01 - Clear,01 - Dry,02 - Stop sign,03 - At intersection,01 - Daylight,02 - Non-fatal injury,02 - Angle
5642,GREGOIRE RD @ MARVELVILLE RD,393291.4957,5008914.702,11/3/16,17:41,02 - Rain,02 - Wet,02 - Stop sign,03 - At intersection,07 - Dark,03 - P.D. only,02 - Angle
5643,GREGOIRE RD btwn PRESCOTT/RUSSELL RT 300 & SPRINGHILL RD,392438.7803,5010894.294,12/22/16,6:58,03 - Snow,03 - Loose snow,10 - No control,01 - Non intersection,03 - Dawn,03 - P.D. only,07 - SMV other
5644,GRENADINE ST btwn CAYMAN RD & MAPLE GROVE RD,349769.4485,5016304.872,1/25/16,16:03,01 - Clear,02 - Wet,10 - No control,01 - Non intersection,01 - Daylight,03 - P.D. only,06 - SMV unattended vehicle
5645,GRENFELL CRES @ WOODROFFE AVE,364542.7698,5019226.328,8/5/16,10:08,01 - Clear,01 - Dry,02 - Stop sign,02 - Intersection related,01 - Daylight,02 - Non-fatal injury,05 - Turning movement
5646,GRENFELL CRES btwn WOODROFFE AVE & PRATT AVE,365225.7049,5019606.974,4/27/16,10:17,01 - Clear,01 - Dry,10 - No control,04 - At/near private drive,01 - Daylight,03 - P.D. only,99 - Other
5647,GRENON AVE @ RICHMOND RD,359806.3777,5024033.921,12/30/16,13:41,03 - Snow,04 - Slush,01 - Traffic signal,03 - At intersection,01 - Daylight,02 - Non-fatal injury,05 - Turning movement
5648,GRENON AVE @ RICHMOND RD,359806.446,5024033.286,5/9/16,7:46,01 - Clear,01 - Dry,01 - Traffic signal,02 - Intersection related,01 - Daylight,03 - P.D. only,03 - Rear end
5649,GRENON AVE @ RICHMOND RD,359807.4987,5024033.096,11/14/16,15:29,01 - Clear,01 - Dry,01 - Traffic signal,02 - Intersection related,01 - Daylight,03 - P.D. only,03 - Rear end
5650,GRENWICH CIRC btwn Continuation of GRENWICH CIRC & Continuation of GRE,364254.9794,5025617.232,11/20/16,12:08,03 - Snow,02 - Wet,10 - No control,01 - Non intersection,01 - Daylight,03 - P.D. only,06 - SMV unattended vehicle
5651,GREY NUNS DR @ ST. JOSEPH BLVD,380155.9549,5036667.248,1/14/16,9:20,03 - Snow,03 - Loose snow,01 - Traffic signal,02 - Intersection related,01 - Daylight,02 - Non-fatal injury,99 - Other
5652,GREY NUNS DR @ ST. JOSEPH BLVD,380156.8331,5036666.37,2/25/16,16:40,03 - Snow,02 - Wet,01 - Traffic signal,03 - At intersection,01 - Daylight,03 - P.D. only,02 - Angle
5653,GREY NUNS DR @ ST. JOSEPH BLVD,380156.9073,5036666.59,5/9/16,9:18,01 - Clear,01 - Dry,01 - Traffic signal,02 - Intersection related,01 - Daylight,03 - P.D. only,03 - Rear end
5654,GREY NUNS DR @ ST. JOSEPH BLVD,380155.8183,5036666.519,1/22/16,13:41,01 - Clear,01 - Dry,01 - Traffic signal,03 - At intersection,01 - Daylight,03 - P.D. only,02 - Angle