Record,Location,X,Y,Date,Time,Environment,Road_Surface,Traffic_Control,Collision_Location,Light,Collision_Classification,Impact_type
5655,GREY NUNS DR @ ST. JOSEPH BLVD,380154.947,5036665.953,3/24/16,9:19,03 - Snow,03 - Loose snow,01 - Traffic signal,03 - At intersection,01 - Daylight,03 - P.D. only,05 - Turning movement
5656,GREY NUNS DR @ SUNDOWN CRES,380125.5624,5036952.587,3/6/16,11:32,01 - Clear,01 - Dry,02 - Stop sign,03 - At intersection,01 - Daylight,03 - P.D. only,02 - Angle
5657,GREY'S CREEK RD @ SNAKE ISLAND RD,381963.5615,5009058.08,3/11/16,17:23,01 - Clear,01 - Dry,02 - Stop sign,03 - At intersection,01 - Daylight,02 - Non-fatal injury,02 - Angle
5658,GREY'S CREEK RD @ SNAKE ISLAND RD,381962.6116,5009056.633,10/4/16,7:51,01 - Clear,01 - Dry,02 - Stop sign,03 - At intersection,01 - Daylight,02 - Non-fatal injury,02 - Angle
5659,GROSVENOR AVE btwn AYLMER AVE & WOODBINE PL,368455.1916,5028547.802,8/19/16,19:48,01 - Clear,01 - Dry,10 - No control,01 - Non intersection,01 - Daylight,03 - P.D. only,06 - SMV unattended vehicle
5660,GROVEHURST DR btwn RUTLEGE ST & OLDFIELD ST,366460.9054,5015652.097,5/1/16,19:25,02 - Rain,02 - Wet,10 - No control,01 - Non intersection,01 - Daylight,02 - Non-fatal injury,05 - Turning movement
5661,GROVEMONT DR btwn YORKWOOD PL & AQUAPASS PL,366567.7866,5014791.009,12/18/16,14:45,03 - Snow,05 - Packed snow,10 - No control,01 - Non intersection,01 - Daylight,03 - P.D. only,06 - SMV unattended vehicle
5662,GUIGUES AVE @ SUSSEX DR,367619.7027,5032527.931,7/20/16,9:16,01 - Clear,01 - Dry,02 - Stop sign,02 - Intersection related,01 - Daylight,02 - Non-fatal injury,99 - Other
5663,GUIGUES AVE btwn CUMBERLAND ST & KING EDWARD AVE,368144.2333,5032864.541,6/17/16,11:45,01 - Clear,01 - Dry,10 - No control,01 - Non intersection,01 - Daylight,03 - P.D. only,06 - SMV unattended vehicle
5664,GUIGUES AVE btwn SUSSEX DR & PARENT AVE,367668.5383,5032561.741,5/27/16,15:37,01 - Clear,01 - Dry,10 - No control,01 - Non intersection,01 - Daylight,03 - P.D. only,03 - Rear end
5665,GUIGUES AVE btwn SUSSEX DR & PARENT AVE,367628.6408,5032533.973,12/21/16,0:00,01 - Clear,02 - Wet,10 - No control,01 - Non intersection,00 - Unknown,03 - P.D. only,06 - SMV unattended vehicle
5666,GUINNESS CRES btwn BREAKSTONE RD & BREAKSTONE RD/KNOCKADERRY CRES,"365,191.84","5,011,253.07",10/3/16,8:03,01 - Clear,01 - Dry,10 - No control,01 - Non intersection,01 - Daylight,02 - Non-fatal injury,07 - SMV other
5667,GUY ST btwn MAY ST & ST. LAURENT BLVD,371794.7256,5033035.649,11/19/16,21:49,01 - Clear,01 - Dry,10 - No control,01 - Non intersection,99 - Other,03 - P.D. only,06 - SMV unattended vehicle
5668,HADLEY CIRC btwn TO BE DETERMINED & TANGLEWOOD DR,357252.1375,5020325.067,5/26/16,14:28,01 - Clear,01 - Dry,10 - No control,04 - At/near private drive,01 - Daylight,03 - P.D. only,06 - SMV unattended vehicle
5669,HAIG DR @ HAMLET RD,372567.3491,5029212.815,2/27/16,22:58,01 - Clear,02 - Wet,02 - Stop sign,02 - Intersection related,07 - Dark,03 - P.D. only,99 - Other
5670,HAIG DR @ PLEASANT PARK RD,372401.908,5028586.964,12/8/16,19:45,03 - Snow,03 - Loose snow,02 - Stop sign,02 - Intersection related,07 - Dark,03 - P.D. only,03 - Rear end
5671,HAIG DR @ SMYTH RD,372564.9494,5029297.875,4/16/16,15:00,01 - Clear,01 - Dry,01 - Traffic signal,03 - At intersection,01 - Daylight,02 - Non-fatal injury,02 - Angle
5672,HAIG DR @ SMYTH RD,372565.1983,5029297.838,11/17/16,9:12,01 - Clear,01 - Dry,01 - Traffic signal,02 - Intersection related,01 - Daylight,02 - Non-fatal injury,03 - Rear end
5673,HAIG DR @ SMYTH RD,372564.5054,5029298.768,11/23/16,17:37,01 - Clear,01 - Dry,01 - Traffic signal,03 - At intersection,07 - Dark,02 - Non-fatal injury,05 - Turning movement
5674,HAIG DR @ SMYTH RD,372564.5054,5029299.207,9/28/16,19:39,01 - Clear,01 - Dry,01 - Traffic signal,03 - At intersection,07 - Dark,03 - P.D. only,05 - Turning movement
5675,HAIG DR @ SMYTH RD,372564.9444,5029297.89,10/19/16,8:53,01 - Clear,01 - Dry,01 - Traffic signal,03 - At intersection,01 - Daylight,03 - P.D. only,05 - Turning movement
5676,HAIG DR @ SMYTH RD,372565.1841,5029298.778,8/14/16,18:25,01 - Clear,01 - Dry,01 - Traffic signal,03 - At intersection,01 - Daylight,03 - P.D. only,05 - Turning movement
5677,HAIG DR @ SMYTH RD,372564.5054,5029297.89,10/3/16,16:00,01 - Clear,01 - Dry,01 - Traffic signal,02 - Intersection related,01 - Daylight,03 - P.D. only,04 - Sideswipe
5678,HAIG DR @ SMYTH RD,372563.7782,5029298.785,12/16/16,16:16,01 - Clear,01 - Dry,01 - Traffic signal,03 - At intersection,05 - Dusk,03 - P.D. only,05 - Turning movement
5679,HAIG DR btwn RAGLAN AVE & SAUNDERSON DR,372548.4766,5029467.812,3/11/16,8:25,01 - Clear,01 - Dry,10 - No control,01 - Non intersection,01 - Daylight,03 - P.D. only,06 - SMV unattended vehicle
5680,HAIG DR btwn SAUNDERSON DR & HUTTON AVE,372601.9201,5029550.309,1/29/16,15:08,01 - Clear,01 - Dry,10 - No control,01 - Non intersection,01 - Daylight,03 - P.D. only,06 - SMV unattended vehicle
5681,HAILEYBURY ST btwn GEDDES WAY & TEMAGAMI DR,365473.1642,5014395.071,1/26/16,8:00,01 - Clear,01 - Dry,10 - No control,01 - Non intersection,01 - Daylight,03 - P.D. only,06 - SMV unattended vehicle
5682,HALIFAX DR @ WALKLEY RD,373644.4029,5027900.209,3/15/16,16:44,02 - Rain,02 - Wet,01 - Traffic signal,02 - Intersection related,01 - Daylight,02 - Non-fatal injury,03 - Rear end
5683,HALIFAX DR @ WALKLEY RD,373643.737,5027900.402,12/23/16,9:12,01 - Clear,02 - Wet,01 - Traffic signal,02 - Intersection related,01 - Daylight,02 - Non-fatal injury,03 - Rear end
5684,HALIFAX DR @ WALKLEY RD,373643.5175,5027899.763,1/23/16,16:41,01 - Clear,01 - Dry,01 - Traffic signal,02 - Intersection related,05 - Dusk,03 - P.D. only,03 - Rear end
5685,HALIFAX DR @ WALKLEY RD,373642.2361,5027901.42,1/9/16,3:40,03 - Snow,03 - Loose snow,01 - Traffic signal,03 - At intersection,07 - Dark,03 - P.D. only,07 - SMV other
5686,HALIFAX DR @ WALKLEY RD,373644.4134,5027899.318,5/30/16,15:39,01 - Clear,01 - Dry,01 - Traffic signal,02 - Intersection related,01 - Daylight,03 - P.D. only,03 - Rear end
5687,HALIFAX DR @ WALKLEY RD,373642.6393,5027898.885,9/21/16,14:50,01 - Clear,01 - Dry,01 - Traffic signal,02 - Intersection related,01 - Daylight,03 - P.D. only,04 - Sideswipe
5688,HALIFAX DR @ WALKLEY RD,373644.4188,5027899.543,7/8/16,16:09,01 - Clear,01 - Dry,01 - Traffic signal,03 - At intersection,01 - Daylight,03 - P.D. only,05 - Turning movement
5689,HALIFAX DR btwn BINGHAM ST & DAKOTA AVE,373489.9772,5027994.044,4/19/16,7:00,01 - Clear,02 - Wet,10 - No control,04 - At/near private drive,01 - Daylight,03 - P.D. only,02 - Angle
5690,HALTON TER @ KLONDIKE RD,348632.7228,5023474.684,2/17/16,19:51,03 - Snow,03 - Loose snow,02 - Stop sign,03 - At intersection,07 - Dark,03 - P.D. only,02 - Angle
5691,HALTON TER btwn BEAULY ST & SCAMPTON DR,348567.8254,5023544.225,4/7/16,17:20,01 - Clear,01 - Dry,10 - No control,01 - Non intersection,01 - Daylight,03 - P.D. only,04 - Sideswipe
5692,HALTON TER btwn Continuation of HALTON TER & OLD CARP RD,348839.8567,5024337.051,1/18/16,12:14,01 - Clear,04 - Slush,10 - No control,01 - Non intersection,01 - Daylight,03 - P.D. only,04 - Sideswipe
5693,HALTON TER btwn Continuation of HALTON TER & OLD CARP RD,348840.3245,5024335.881,1/18/16,13:16,01 - Clear,04 - Slush,10 - No control,01 - Non intersection,01 - Daylight,03 - P.D. only,03 - Rear end
5694,HALTON TER btwn KLONDIKE RD & WIMBLEDON WAY,348647.6539,5023459.319,4/30/16,19:48,01 - Clear,01 - Dry,10 - No control,01 - Non intersection,07 - Dark,03 - P.D. only,06 - SMV unattended vehicle
5695,HALTON TER btwn KLONDIKE RD & WIMBLEDON WAY,348647.8516,5023458.757,11/7/16,17:11,01 - Clear,01 - Dry,10 - No control,01 - Non intersection,07 - Dark,03 - P.D. only,06 - SMV unattended vehicle
5696,HALTON TER btwn NEWCASTLE AVE & PEPPERIDGE WAY,348898.1403,5023267.276,3/4/16,7:30,01 - Clear,06 - Ice,10 - No control,01 - Non intersection,01 - Daylight,03 - P.D. only,07 - SMV other
5697,HALTON TER btwn PENRITH ST & DUNOLLIE CRES,348585.9227,5024034.279,10/19/16,18:57,01 - Clear,01 - Dry,10 - No control,01 - Non intersection,07 - Dark,03 - P.D. only,06 - SMV unattended vehicle
5698,HALTON TERR/MAXWELL BRIDGE RD @ MARCH RD,348932.2627,5024423.098,9/30/16,19:32,01 - Clear,01 - Dry,01 - Traffic signal,03 - At intersection,05 - Dusk,02 - Non-fatal injury,05 - Turning movement
5699,HALTON TERR/MAXWELL BRIDGE RD @ MARCH RD,348931.9276,5024422.669,11/24/16,6:47,03 - Snow,06 - Ice,01 - Traffic signal,03 - At intersection,03 - Dawn,02 - Non-fatal injury,05 - Turning movement
5700,HALTON TERR/MAXWELL BRIDGE RD @ MARCH RD,348932.2627,5024422.659,2/28/16,19:57,04 - Freezing Rain,06 - Ice,01 - Traffic signal,03 - At intersection,07 - Dark,03 - P.D. only,05 - Turning movement
5701,HALTON TERR/MAXWELL BRIDGE RD @ MARCH RD,348933.596,5024424.022,12/23/16,10:59,01 - Clear,02 - Wet,01 - Traffic signal,03 - At intersection,01 - Daylight,03 - P.D. only,05 - Turning movement
5702,HALTON TERR/MAXWELL BRIDGE RD @ MARCH RD,348934.2252,5024420.768,12/5/16,8:23,03 - Snow,03 - Loose snow,01 - Traffic signal,02 - Intersection related,01 - Daylight,03 - P.D. only,04 - Sideswipe
5703,HAMILTON AVE   N btwn ARMSTRONG ST & WELLINGTON ST W,365044.551,5029303.729,5/25/16,11:00,01 - Clear,01 - Dry,10 - No control,01 - Non intersection,01 - Daylight,03 - P.D. only,06 - SMV unattended vehicle
5704,HAMILTON AVE   N btwn ARMSTRONG ST & WELLINGTON ST W,365073.333,5029241.164,7/7/16,19:38,01 - Clear,01 - Dry,10 - No control,01 - Non intersection,01 - Daylight,03 - P.D. only,06 - SMV unattended vehicle
5705,HAMILTON AVE   N btwn ARMSTRONG ST & WELLINGTON ST W,365046.2839,5029306.19,4/4/16,12:58,01 - Clear,01 - Dry,10 - No control,01 - Non intersection,01 - Daylight,03 - P.D. only,99 - Other
5706,HAMILTON AVE   N btwn ARMSTRONG ST & WELLINGTON ST W,365017.6743,5029366.189,12/2/16,8:59,01 - Clear,01 - Dry,10 - No control,01 - Non intersection,01 - Daylight,03 - P.D. only,05 - Turning movement
5707,HAMILTON AVE   N btwn CRAFTSMAN PRIV & SPENCER ST,364982.9908,5029451.666,9/25/16,0:00,01 - Clear,01 - Dry,10 - No control,01 - Non intersection,00 - Unknown,03 - P.D. only,06 - SMV unattended vehicle
5708,HAMILTON AVE @ SPENCER ST,364989.168,5029436.705,6/10/16,13:05,01 - Clear,01 - Dry,02 - Stop sign,03 - At intersection,01 - Daylight,03 - P.D. only,02 - Angle
5709,HAMILTON AVE @ SPENCER ST,364989.7352,5029437.123,10/2/16,15:12,01 - Clear,02 - Wet,02 - Stop sign,03 - At intersection,01 - Daylight,03 - P.D. only,02 - Angle
5710,HAMILTON AVE @ TYNDALL ST,365185.4822,5028983.237,1/4/16,16:55,04 - Freezing Rain,03 - Loose snow,02 - Stop sign,02 - Intersection related,05 - Dusk,03 - P.D. only,03 - Rear end
5711,HAMLET RD @ OTHELLO AVE,373263.8499,5029288.807,11/24/16,9:00,03 - Snow,03 - Loose snow,03 - Yield sign,03 - At intersection,01 - Daylight,03 - P.D. only,02 - Angle
5712,HAMLET RD btwn HAIG DR & SAUNDERSON DR,372576.139,5029212.815,2/18/16,7:08,01 - Clear,01 - Dry,10 - No control,01 - Non intersection,03 - Dawn,03 - P.D. only,06 - SMV unattended vehicle
5713,HAMMILL CRT E @ SEYTON DR,356864.6674,5019947.125,1/6/16,6:43,01 - Clear,03 - Loose snow,10 - No control,03 - At intersection,07 - Dark,03 - P.D. only,02 - Angle
5714,HAMPSTEAD PL @ WALKLEY RD,370682.4887,5026150.662,4/21/16,14:45,01 - Clear,01 - Dry,01 - Traffic signal,02 - Intersection related,01 - Daylight,03 - P.D. only,03 - Rear end
5715,HAMPSTEAD PL @ WALKLEY RD,370682.7142,5026151.605,12/9/16,8:22,01 - Clear,06 - Ice,01 - Traffic signal,02 - Intersection related,01 - Daylight,03 - P.D. only,03 - Rear end
5716,HANNAH ST btwn MONTFORT ST & ETHEL ST,370141.9551,5033514.411,2/20/16,22:00,02 - Rain,02 - Wet,10 - No control,01 - Non intersection,07 - Dark,02 - Non-fatal injury,07 - SMV other
5717,HARBOUR ST btwn LEARMONTH AVE & TO BE DETERMINED,327717.1447,5035837.579,3/29/16,21:20,01 - Clear,01 - Dry,10 - No control,01 - Non intersection,07 - Dark,03 - P.D. only,07 - SMV other
5718,HARBOUR VIEW ST btwn HUNTCLIFF PL & ASHMORE DR,366879.2495,5014723.293,5/7/16,23:00,02 - Rain,02 - Wet,10 - No control,04 - At/near private drive,07 - Dark,03 - P.D. only,06 - SMV unattended vehicle
5719,HARDING RD @ WALKLEY RD,373149.6775,5027609.245,9/20/16,8:48,01 - Clear,01 - Dry,01 - Traffic signal,02 - Intersection related,01 - Daylight,02 - Non-fatal injury,02 - Angle
5720,HARDING RD @ WALKLEY RD,373148.3401,5027606.973,6/17/16,18:53,01 - Clear,01 - Dry,01 - Traffic signal,03 - At intersection,01 - Daylight,03 - P.D. only,05 - Turning movement
5721,HARDING RD @ WALKLEY RD,373148.5062,5027608.311,3/17/16,12:09,01 - Clear,02 - Wet,01 - Traffic signal,02 - Intersection related,01 - Daylight,03 - P.D. only,04 - Sideswipe
5722,HARDING RD @ WALKLEY RD,373148.5062,5027607.413,4/4/16,8:51,01 - Clear,01 - Dry,01 - Traffic signal,02 - Intersection related,01 - Daylight,03 - P.D. only,03 - Rear end
5723,HARDING RD @ WALKLEY RD,373148.9547,5027608.759,4/8/16,16:23,01 - Clear,02 - Wet,01 - Traffic signal,03 - At intersection,01 - Daylight,03 - P.D. only,05 - Turning movement
5724,HARDING RD @ WALKLEY RD,373148.958,5027609.444,8/23/16,15:17,01 - Clear,01 - Dry,01 - Traffic signal,03 - At intersection,01 - Daylight,03 - P.D. only,05 - Turning movement
5725,HARDING RD @ WALKLEY RD,373146.7335,5027608.866,5/18/16,15:14,01 - Clear,01 - Dry,01 - Traffic signal,02 - Intersection related,01 - Daylight,03 - P.D. only,03 - Rear end
5726,HARE AVE @ LENESTER AVE,362509.1871,5025807.278,12/10/16,17:20,01 - Clear,06 - Ice,02 - Stop sign,03 - At intersection,07 - Dark,03 - P.D. only,02 - Angle
5727,HARKNESS AVE btwn COLMAN ST & WEXFORD WAY,369276.5598,5025412.72,12/31/16,12:23,01 - Clear,03 - Loose snow,10 - No control,01 - Non intersection,01 - Daylight,03 - P.D. only,06 - SMV unattended vehicle
5728,HARNESS LANE btwn STONEHAVEN DR & EQUESTRIAN DR,354621.0591,5016705.338,4/2/16,17:30,01 - Clear,01 - Dry,10 - No control,01 - Non intersection,01 - Daylight,03 - P.D. only,06 - SMV unattended vehicle
5729,HARROLD PL btwn TO BE DETERMINED & VETERAN AVE (1),365071.0864,5027595.122,1/3/16,17:30,03 - Snow,03 - Loose snow,10 - No control,01 - Non intersection,05 - Dusk,03 - P.D. only,06 - SMV unattended vehicle
5730,HARRY DOUGLAS DR @ IBER RD,351696.5809,5015203.515,11/24/16,11:00,03 - Snow,03 - Loose snow,02 - Stop sign,03 - At intersection,01 - Daylight,03 - P.D. only,05 - Turning movement
5731,HARRY DOUGLAS DR btwn QUARTZ CRES & IBER RD,351572.6331,5015117.842,9/9/16,19:30,01 - Clear,01 - Dry,10 - No control,01 - Non intersection,05 - Dusk,03 - P.D. only,07 - SMV other
5732,HARVEST VALLEY AVE/SWEETVALLEY DR @ TENTH LINE RD,384697.1996,5034388.902,7/18/16,15:21,01 - Clear,01 - Dry,02 - Stop sign,03 - At intersection,01 - Daylight,03 - P.D. only,05 - Turning movement
5733,HARWOOD AVE @ PINECREST RD,360209.6751,5024120.738,1/14/16,8:37,03 - Snow,03 - Loose snow,02 - Stop sign,03 - At intersection,01 - Daylight,03 - P.D. only,02 - Angle
5734,HATHAWAY DR @ OLDFIELD ST,366564.2226,5015793.005,9/20/16,20:30,01 - Clear,01 - Dry,02 - Stop sign,03 - At intersection,07 - Dark,03 - P.D. only,02 - Angle
5735,HATHAWAY DR @ OLDFIELD ST,366564.2226,5015793.005,10/1/16,12:09,01 - Clear,01 - Dry,02 - Stop sign,03 - At intersection,01 - Daylight,03 - P.D. only,02 - Angle
5736,HAVELOCK ST btwn CONCORD ST N & END,369123.2321,5030952.374,12/3/16,0:00,01 - Clear,01 - Dry,10 - No control,01 - Non intersection,00 - Unknown,03 - P.D. only,06 - SMV unattended vehicle
5737,HAWK CRES btwn WAXWING DR & WAXWING DR,370430.5607,5023747.515,12/5/16,14:48,01 - Clear,03 - Loose snow,10 - No control,01 - Non intersection,01 - Daylight,03 - P.D. only,06 - SMV unattended vehicle
5738,HAWKSHAW CRES btwn COBBLE HILL DR & COBBLE HILL DR,361056.7016,5014896.723,8/29/16,6:51,01 - Clear,01 - Dry,10 - No control,04 - At/near private drive,01 - Daylight,03 - P.D. only,02 - Angle
5739,HAWKTREE RDG btwn DOCHART TER & END,365951.5667,5012764.45,12/27/16,5:00,01 - Clear,01 - Dry,10 - No control,04 - At/near private drive,07 - Dark,03 - P.D. only,06 - SMV unattended vehicle
5740,HAWTHORNE AVE @ MAIN ST,368970.4823,5030633.022,6/27/16,16:30,01 - Clear,01 - Dry,01 - Traffic signal,02 - Intersection related,01 - Daylight,03 - P.D. only,04 - Sideswipe
5741,HAWTHORNE AVE @ MAIN ST,368970.9351,5030632.793,6/2/16,9:19,01 - Clear,01 - Dry,01 - Traffic signal,03 - At intersection,01 - Daylight,03 - P.D. only,04 - Sideswipe
5742,HAWTHORNE AVE @ MAIN ST,368970.4901,5030632.787,11/3/16,16:27,01 - Clear,01 - Dry,01 - Traffic signal,03 - At intersection,05 - Dusk,03 - P.D. only,05 - Turning movement
5743,HAWTHORNE AVE @ MAIN ST,368969.0533,5030630.497,12/3/16,15:50,01 - Clear,01 - Dry,01 - Traffic signal,02 - Intersection related,01 - Daylight,03 - P.D. only,04 - Sideswipe
5744,HAWTHORNE AVE @ MAIN ST,368971.5378,5030632.153,12/30/16,14:30,01 - Clear,02 - Wet,01 - Traffic signal,03 - At intersection,01 - Daylight,03 - P.D. only,05 - Turning movement
5745,HAWTHORNE AVE @ MAIN ST,368973.1941,5030633.809,5/27/16,17:52,02 - Rain,02 - Wet,01 - Traffic signal,02 - Intersection related,01 - Daylight,03 - P.D. only,03 - Rear end
5746,HAWTHORNE AVE @ MAIN ST,368971.5378,5030632.153,12/4/16,18:57,01 - Clear,01 - Dry,01 - Traffic signal,02 - Intersection related,07 - Dark,03 - P.D. only,03 - Rear end
5747,HAWTHORNE AVE btwn COLONEL BY DR & MAIN ST,368776.5721,5030532.229,6/30/16,18:11,01 - Clear,01 - Dry,10 - No control,07 - Overpass or bridge,01 - Daylight,03 - P.D. only,07 - SMV other
5748,HAWTHORNE AVE btwn COLONEL BY DR & MAIN ST,368951.0343,5030628.162,7/5/16,14:10,01 - Clear,01 - Dry,10 - No control,04 - At/near private drive,01 - Daylight,03 - P.D. only,07 - SMV other
5749,HAWTHORNE AVE btwn ISABELLA ST & COLONEL BY DR,368722.2809,5030500.683,3/29/16,8:38,01 - Clear,06 - Ice,10 - No control,07 - Overpass or bridge,01 - Daylight,03 - P.D. only,03 - Rear end
5750,HAWTHORNE AVE btwn ISABELLA ST & COLONEL BY DR,368672.4131,5030478.018,9/7/16,11:16,01 - Clear,01 - Dry,10 - No control,07 - Overpass or bridge,01 - Daylight,03 - P.D. only,07 - SMV other
5751,HAWTHORNE AVE btwn MAIN ST & CONCORD ST S,369212.1546,5030770.197,11/15/16,6:45,01 - Clear,01 - Dry,10 - No control,04 - At/near private drive,07 - Dark,03 - P.D. only,06 - SMV unattended vehicle
5752,HAWTHORNE AVE btwn MAIN ST & CONCORD ST S,369202.1853,5030766.204,6/17/16,7:03,01 - Clear,01 - Dry,10 - No control,04 - At/near private drive,01 - Daylight,03 - P.D. only,07 - SMV other
5753,HAWTHORNE AVE/ISABELLA ST @ QUEEN ELIZABETH DR,368667.0104,5030477.275,6/19/16,2:01,01 - Clear,01 - Dry,01 - Traffic signal,03 - At intersection,07 - Dark,02 - Non-fatal injury,05 - Turning movement
5754,HAWTHORNE AVE/ISABELLA ST @ QUEEN ELIZABETH DR,368665.931,5030476.353,8/3/16,15:34,01 - Clear,01 - Dry,01 - Traffic signal,02 - Intersection related,01 - Daylight,02 - Non-fatal injury,07 - SMV other
5755,HAWTHORNE AVE/ISABELLA ST @ QUEEN ELIZABETH DR,368665.0529,5030476.353,10/18/16,14:46,01 - Clear,01 - Dry,01 - Traffic signal,03 - At intersection,01 - Daylight,02 - Non-fatal injury,02 - Angle
5756,HAWTHORNE AVE/ISABELLA ST @ QUEEN ELIZABETH DR,368663.9888,5030475.371,3/11/16,6:45,01 - Clear,01 - Dry,01 - Traffic signal,02 - Intersection related,01 - Daylight,03 - P.D. only,03 - Rear end
5757,HAWTHORNE AVE/ISABELLA ST @ QUEEN ELIZABETH DR,368666.3839,5030477.428,3/24/16,17:07,03 - Snow,04 - Slush,01 - Traffic signal,03 - At intersection,01 - Daylight,03 - P.D. only,05 - Turning movement
5758,HAWTHORNE AVE/ISABELLA ST @ QUEEN ELIZABETH DR,368665.4452,5030476.839,3/30/16,7:44,01 - Clear,02 - Wet,01 - Traffic signal,03 - At intersection,01 - Daylight,03 - P.D. only,02 - Angle
5759,HAWTHORNE AVE/ISABELLA ST @ QUEEN ELIZABETH DR,368666.3933,5030477.481,7/21/16,18:38,01 - Clear,01 - Dry,01 - Traffic signal,03 - At intersection,01 - Daylight,03 - P.D. only,02 - Angle
5760,HAWTHORNE AVE/ISABELLA ST @ QUEEN ELIZABETH DR,368666.1578,5030476.703,7/7/16,13:33,01 - Clear,01 - Dry,01 - Traffic signal,02 - Intersection related,01 - Daylight,03 - P.D. only,99 - Other
5761,HAWTHORNE RD @ HUNT CLUB RD,375506.1435,5026407.868,9/2/16,17:54,01 - Clear,01 - Dry,01 - Traffic signal,02 - Intersection related,01 - Daylight,02 - Non-fatal injury,03 - Rear end
5762,HAWTHORNE RD @ HUNT CLUB RD,375506.0936,5026406.943,12/5/16,17:22,01 - Clear,03 - Loose snow,01 - Traffic signal,02 - Intersection related,07 - Dark,02 - Non-fatal injury,03 - Rear end
5763,HAWTHORNE RD @ HUNT CLUB RD,375507.5252,5026406.08,5/15/16,1:09,01 - Clear,01 - Dry,01 - Traffic signal,02 - Intersection related,07 - Dark,03 - P.D. only,07 - SMV other
5764,HAWTHORNE RD @ HUNT CLUB RD,375508.1405,5026407.31,2/17/16,14:00,01 - Clear,01 - Dry,01 - Traffic signal,02 - Intersection related,01 - Daylight,03 - P.D. only,03 - Rear end
5765,HAWTHORNE RD @ HUNT CLUB RD,375507.0765,5026406.754,2/25/16,20:09,01 - Clear,06 - Ice,01 - Traffic signal,02 - Intersection related,07 - Dark,03 - P.D. only,03 - Rear end
5766,HAWTHORNE RD @ HUNT CLUB RD,375507.0913,5026406.749,2/15/16,17:22,01 - Clear,01 - Dry,01 - Traffic signal,02 - Intersection related,05 - Dusk,03 - P.D. only,03 - Rear end
5767,HAWTHORNE RD @ HUNT CLUB RD,375507.3593,5026407.31,7/2/16,17:20,01 - Clear,01 - Dry,01 - Traffic signal,02 - Intersection related,01 - Daylight,03 - P.D. only,03 - Rear end
5768,HAWTHORNE RD @ HUNT CLUB RD,375507.9754,5026405.402,6/27/16,11:45,01 - Clear,01 - Dry,01 - Traffic signal,02 - Intersection related,01 - Daylight,03 - P.D. only,03 - Rear end
5769,HAWTHORNE RD @ HUNT CLUB RD,375507.6658,5026406.446,1/29/16,20:11,01 - Clear,01 - Dry,01 - Traffic signal,02 - Intersection related,07 - Dark,03 - P.D. only,03 - Rear end
5770,HAWTHORNE RD @ HUNT CLUB RD,375509.2508,5026406.154,1/5/16,9:40,01 - Clear,01 - Dry,01 - Traffic signal,02 - Intersection related,01 - Daylight,03 - P.D. only,03 - Rear end
5771,HAWTHORNE RD @ HUNT CLUB RD,375506.863,5026407.86,1/20/16,7:25,01 - Clear,01 - Dry,01 - Traffic signal,03 - At intersection,03 - Dawn,03 - P.D. only,03 - Rear end
5772,HAWTHORNE RD @ HUNT CLUB RD,375508.6368,5026405.199,3/15/16,18:53,02 - Rain,02 - Wet,01 - Traffic signal,02 - Intersection related,05 - Dusk,03 - P.D. only,03 - Rear end
5773,HAWTHORNE RD @ HUNT CLUB RD,375508.6368,5026405.199,3/16/16,16:41,01 - Clear,01 - Dry,01 - Traffic signal,02 - Intersection related,01 - Daylight,03 - P.D. only,03 - Rear end
5774,HAWTHORNE RD @ HUNT CLUB RD,375507.5304,5026407.188,1/19/16,8:16,01 - Clear,01 - Dry,01 - Traffic signal,02 - Intersection related,01 - Daylight,03 - P.D. only,03 - Rear end
5775,HAWTHORNE RD @ HUNT CLUB RD,375508.4233,5026406.754,5/9/16,13:43,01 - Clear,01 - Dry,01 - Traffic signal,02 - Intersection related,01 - Daylight,03 - P.D. only,03 - Rear end
5776,HAWTHORNE RD @ HUNT CLUB RD,375507.3593,5026407.31,3/9/16,14:31,02 - Rain,02 - Wet,01 - Traffic signal,02 - Intersection related,01 - Daylight,03 - P.D. only,03 - Rear end
5777,HAWTHORNE RD @ HUNT CLUB RD,375506.6225,5026405.853,5/14/16,2:40,01 - Clear,01 - Dry,01 - Traffic signal,02 - Intersection related,07 - Dark,03 - P.D. only,07 - SMV other
5778,HAWTHORNE RD @ HUNT CLUB RD,375507.078,5026406.305,3/25/16,3:15,04 - Freezing Rain,06 - Ice,01 - Traffic signal,02 - Intersection related,07 - Dark,03 - P.D. only,07 - SMV other
5779,HAWTHORNE RD @ HUNT CLUB RD,375508.8863,5026407.893,7/19/16,15:20,01 - Clear,01 - Dry,01 - Traffic signal,03 - At intersection,01 - Daylight,03 - P.D. only,04 - Sideswipe
5780,HAWTHORNE RD @ HUNT CLUB RD,375506.8408,5026406.529,6/7/16,6:46,01 - Clear,01 - Dry,01 - Traffic signal,02 - Intersection related,01 - Daylight,03 - P.D. only,03 - Rear end
5781,HAWTHORNE RD @ HUNT CLUB RD,375507.5244,5026406.755,5/4/16,11:43,01 - Clear,01 - Dry,01 - Traffic signal,02 - Intersection related,01 - Daylight,03 - P.D. only,04 - Sideswipe
5782,HAWTHORNE RD @ HUNT CLUB RD,375507.5244,5026407.206,5/18/16,9:57,01 - Clear,01 - Dry,01 - Traffic signal,02 - Intersection related,01 - Daylight,03 - P.D. only,03 - Rear end