Record,Location,X,Y,Date,Time,Environment,Road_Surface,Traffic_Control,Collision_Location,Light,Collision_Classification,Impact_type
5783,HAWTHORNE RD @ HUNT CLUB RD,375507.9772,5026405.62,7/21/16,21:58,01 - Clear,01 - Dry,01 - Traffic signal,02 - Intersection related,07 - Dark,03 - P.D. only,03 - Rear end
5784,HAWTHORNE RD @ HUNT CLUB RD,375507.9754,5026405.402,5/18/16,6:00,01 - Clear,01 - Dry,01 - Traffic signal,02 - Intersection related,01 - Daylight,03 - P.D. only,02 - Angle
5785,HAWTHORNE RD @ HUNT CLUB RD,375508.8863,5026406.529,7/22/16,15:47,01 - Clear,01 - Dry,01 - Traffic signal,03 - At intersection,01 - Daylight,03 - P.D. only,02 - Angle
5786,HAWTHORNE RD @ HUNT CLUB RD,375506.0936,5026405.287,10/9/16,14:57,01 - Clear,01 - Dry,01 - Traffic signal,02 - Intersection related,01 - Daylight,03 - P.D. only,03 - Rear end
5787,HAWTHORNE RD @ HUNT CLUB RD,375508.5781,5026407.771,11/16/16,9:41,01 - Clear,01 - Dry,01 - Traffic signal,02 - Intersection related,01 - Daylight,03 - P.D. only,03 - Rear end
5788,HAWTHORNE RD @ HUNT CLUB RD,375510.1377,5026403.831,11/16/16,16:10,01 - Clear,01 - Dry,01 - Traffic signal,02 - Intersection related,01 - Daylight,03 - P.D. only,03 - Rear end
5789,HAWTHORNE RD @ HUNT CLUB RD,375506.0936,5026406.115,12/21/16,15:57,01 - Clear,01 - Dry,01 - Traffic signal,02 - Intersection related,01 - Daylight,03 - P.D. only,03 - Rear end
5790,HAWTHORNE RD @ HUNT CLUB RD,375507.7499,5026406.943,7/12/16,16:56,01 - Clear,01 - Dry,01 - Traffic signal,02 - Intersection related,01 - Daylight,03 - P.D. only,03 - Rear end
5791,HAWTHORNE RD @ HUNT CLUB RD,375507.0913,5026405.871,12/20/16,15:23,01 - Clear,02 - Wet,01 - Traffic signal,03 - At intersection,01 - Daylight,03 - P.D. only,05 - Turning movement
5792,HAWTHORNE RD @ HUNT CLUB RD,375507.7499,5026404.459,11/7/16,6:45,01 - Clear,01 - Dry,01 - Traffic signal,02 - Intersection related,03 - Dawn,03 - P.D. only,03 - Rear end
5793,HAWTHORNE RD @ HUNT CLUB RD,375506.9217,5026407.771,11/6/16,16:25,01 - Clear,01 - Dry,01 - Traffic signal,02 - Intersection related,05 - Dusk,03 - P.D. only,03 - Rear end
5794,HAWTHORNE RD @ LEITRIM RD,377037.9628,5022709.769,3/17/16,17:13,01 - Clear,01 - Dry,01 - Traffic signal,02 - Intersection related,01 - Daylight,02 - Non-fatal injury,03 - Rear end
5795,HAWTHORNE RD @ LEITRIM RD,377038.0112,5022709.878,1/11/16,6:43,01 - Clear,06 - Ice,01 - Traffic signal,02 - Intersection related,07 - Dark,03 - P.D. only,03 - Rear end
5796,HAWTHORNE RD @ LEITRIM RD,377038.9864,5022710.401,4/15/16,12:53,01 - Clear,01 - Dry,01 - Traffic signal,02 - Intersection related,01 - Daylight,03 - P.D. only,03 - Rear end
5797,HAWTHORNE RD @ LEITRIM RD,377038.9812,5022709.722,10/14/16,15:01,01 - Clear,01 - Dry,01 - Traffic signal,03 - At intersection,01 - Daylight,03 - P.D. only,07 - SMV other
5798,HAWTHORNE RD @ LEITRIM RD,377041.2462,5022710.745,11/23/16,17:19,01 - Clear,01 - Dry,01 - Traffic signal,02 - Intersection related,07 - Dark,03 - P.D. only,03 - Rear end
5799,HAWTHORNE RD @ RUSSELL RD,374835.3839,5028068.234,6/28/16,9:18,01 - Clear,01 - Dry,01 - Traffic signal,02 - Intersection related,01 - Daylight,03 - P.D. only,03 - Rear end
5800,HAWTHORNE RD @ STEVENAGE DR,375136.6627,5027313.643,1/14/16,12:48,01 - Clear,02 - Wet,01 - Traffic signal,03 - At intersection,01 - Daylight,02 - Non-fatal injury,02 - Angle
5801,HAWTHORNE RD @ STEVENAGE DR,375136.5158,5027312.188,5/13/16,8:30,02 - Rain,02 - Wet,01 - Traffic signal,02 - Intersection related,01 - Daylight,03 - P.D. only,05 - Turning movement
5802,HAWTHORNE RD @ STEVENAGE DR,375136.9036,5027313.763,2/9/16,6:50,03 - Snow,04 - Slush,01 - Traffic signal,03 - At intersection,03 - Dawn,03 - P.D. only,05 - Turning movement
5803,HAWTHORNE RD @ STEVENAGE DR,375136.4467,5027310.362,4/6/16,13:36,03 - Snow,02 - Wet,01 - Traffic signal,03 - At intersection,01 - Daylight,03 - P.D. only,05 - Turning movement
5804,HAWTHORNE RD @ STEVENAGE DR,375137.4139,5027313.312,4/22/16,6:19,02 - Rain,02 - Wet,01 - Traffic signal,03 - At intersection,01 - Daylight,03 - P.D. only,05 - Turning movement
5805,HAWTHORNE RD btwn AGES DR & STEVENAGE DR,375047.6021,5027530.915,12/5/16,8:01,03 - Snow,04 - Slush,10 - No control,01 - Non intersection,01 - Daylight,03 - P.D. only,04 - Sideswipe
5806,HAWTHORNE RD btwn DAVIDSON RD & LEITRIM RD,376298.9232,5024457.296,2/24/16,7:53,03 - Snow,03 - Loose snow,10 - No control,01 - Non intersection,01 - Daylight,02 - Non-fatal injury,07 - SMV other
5807,HAWTHORNE RD btwn DAVIDSON RD & LEITRIM RD,376646.4891,5023635.203,7/27/16,13:59,01 - Clear,01 - Dry,10 - No control,01 - Non intersection,01 - Daylight,02 - Non-fatal injury,07 - SMV other
5808,HAWTHORNE RD btwn DAVIDSON RD & LEITRIM RD,376394.1837,5024244.531,12/30/16,14:50,01 - Clear,02 - Wet,10 - No control,01 - Non intersection,01 - Daylight,02 - Non-fatal injury,05 - Turning movement
5809,HAWTHORNE RD btwn DAVIDSON RD & LEITRIM RD,376926.0143,5022984.244,12/14/16,16:30,01 - Clear,01 - Dry,10 - No control,01 - Non intersection,05 - Dusk,02 - Non-fatal injury,03 - Rear end
5810,HAWTHORNE RD btwn DAVIDSON RD & LEITRIM RD,376922.406,5022984.629,2/10/16,1:53,02 - Rain,02 - Wet,10 - No control,01 - Non intersection,07 - Dark,03 - P.D. only,07 - SMV other
5811,HAWTHORNE RD btwn DAVIDSON RD & LEITRIM RD,376691.4243,5023513.234,12/12/16,1:58,03 - Snow,03 - Loose snow,10 - No control,01 - Non intersection,07 - Dark,03 - P.D. only,07 - SMV other
5812,HAWTHORNE RD btwn HAWTHORNE RD & WHYTE SIDE RD,376205.7616,5024695.15,4/7/16,7:35,02 - Rain,02 - Wet,10 - No control,01 - Non intersection,01 - Daylight,03 - P.D. only,07 - SMV other
5813,HAWTHORNE RD btwn HUNT CLUB RD & HAWTHORNE RD,375519.7574,5026379.137,1/11/16,16:51,01 - Clear,01 - Dry,10 - No control,01 - Non intersection,05 - Dusk,03 - P.D. only,04 - Sideswipe
5814,HAWTHORNE RD btwn LEITRIM RD & LOUISEIZE RD,377593.061,5021403.918,4/6/16,7:35,01 - Clear,01 - Dry,10 - No control,01 - Non intersection,01 - Daylight,03 - P.D. only,99 - Other
5815,HAWTHORNE RD btwn LEITRIM RD & LOUISEIZE RD,377043.372,5022700.062,8/23/16,19:42,01 - Clear,01 - Dry,10 - No control,01 - Non intersection,01 - Daylight,03 - P.D. only,04 - Sideswipe
5816,HAWTHORNE RD btwn LEITRIM RD & LOUISEIZE RD,377383.2889,5021883.59,4/22/16,12:31,01 - Clear,01 - Dry,10 - No control,01 - Non intersection,01 - Daylight,03 - P.D. only,04 - Sideswipe
5817,HAWTHORNE RD btwn STEVENAGE DR & HUNT CLUB RD,375141.5132,5027301.264,8/23/16,8:49,01 - Clear,01 - Dry,10 - No control,04 - At/near private drive,01 - Daylight,03 - P.D. only,05 - Turning movement
5818,HAWTHORNE RD btwn STEVENAGE DR & HUNT CLUB RD,375501.8224,5026419.043,8/21/16,10:45,02 - Rain,02 - Wet,10 - No control,01 - Non intersection,01 - Daylight,03 - P.D. only,04 - Sideswipe
5819,HAWTHORNE RD btwn STEVENAGE DR & HUNT CLUB RD,375486.6135,5026453.802,7/28/16,8:59,01 - Clear,01 - Dry,10 - No control,01 - Non intersection,01 - Daylight,03 - P.D. only,04 - Sideswipe
5820,HAWTHORNE RD btwn STEVENAGE DR & HUNT CLUB RD,375168.5331,5027237.19,5/26/16,7:05,01 - Clear,01 - Dry,10 - No control,04 - At/near private drive,01 - Daylight,03 - P.D. only,02 - Angle
5821,HAWTHORNE RD/RUSSELL RD @ WALKLEY RD,374672.9701,5028497.324,3/11/16,15:40,01 - Clear,01 - Dry,01 - Traffic signal,02 - Intersection related,01 - Daylight,02 - Non-fatal injury,03 - Rear end
5822,HAWTHORNE RD/RUSSELL RD @ WALKLEY RD,374675.0301,5028500.461,4/12/16,6:21,01 - Clear,01 - Dry,01 - Traffic signal,03 - At intersection,01 - Daylight,02 - Non-fatal injury,02 - Angle
5823,HAWTHORNE RD/RUSSELL RD @ WALKLEY RD,374671.0794,5028503.348,5/3/16,8:02,01 - Clear,01 - Dry,01 - Traffic signal,02 - Intersection related,01 - Daylight,02 - Non-fatal injury,03 - Rear end
5824,HAWTHORNE RD/RUSSELL RD @ WALKLEY RD,374674.9634,5028500.2,9/30/16,15:53,01 - Clear,01 - Dry,01 - Traffic signal,03 - At intersection,01 - Daylight,02 - Non-fatal injury,05 - Turning movement
5825,HAWTHORNE RD/RUSSELL RD @ WALKLEY RD,374675.1023,5028500.884,9/27/16,15:45,01 - Clear,01 - Dry,01 - Traffic signal,02 - Intersection related,01 - Daylight,02 - Non-fatal injury,03 - Rear end
5826,HAWTHORNE RD/RUSSELL RD @ WALKLEY RD,374674.5921,5028500.243,5/13/16,8:01,02 - Rain,02 - Wet,01 - Traffic signal,02 - Intersection related,01 - Daylight,03 - P.D. only,03 - Rear end
5827,HAWTHORNE RD/RUSSELL RD @ WALKLEY RD,374674.1542,5028500.461,2/16/16,6:50,03 - Snow,04 - Slush,01 - Traffic signal,02 - Intersection related,03 - Dawn,03 - P.D. only,03 - Rear end
5828,HAWTHORNE RD/RUSSELL RD @ WALKLEY RD,374675.7743,5028499.839,3/1/16,18:56,03 - Snow,04 - Slush,01 - Traffic signal,03 - At intersection,07 - Dark,03 - P.D. only,05 - Turning movement
5829,HAWTHORNE RD/RUSSELL RD @ WALKLEY RD,374674.1116,5028499.882,5/6/16,10:22,01 - Clear,01 - Dry,01 - Traffic signal,02 - Intersection related,01 - Daylight,03 - P.D. only,03 - Rear end
5830,HAWTHORNE RD/RUSSELL RD @ WALKLEY RD,374674.5504,5028499.434,9/11/16,20:10,01 - Clear,01 - Dry,01 - Traffic signal,02 - Intersection related,07 - Dark,03 - P.D. only,03 - Rear end
5831,HAWTHORNE RD/RUSSELL RD @ WALKLEY RD,374673.7955,5028499.697,9/14/16,17:30,01 - Clear,01 - Dry,01 - Traffic signal,02 - Intersection related,01 - Daylight,03 - P.D. only,03 - Rear end
5832,HAWTHORNE RD/RUSSELL RD @ WALKLEY RD,374674.0046,5028499.548,7/22/16,14:43,01 - Clear,01 - Dry,01 - Traffic signal,02 - Intersection related,01 - Daylight,03 - P.D. only,99 - Other
5833,HAWTHORNE RD/RUSSELL RD @ WALKLEY RD,374674.81,5028498.95,6/20/16,7:44,01 - Clear,01 - Dry,01 - Traffic signal,02 - Intersection related,01 - Daylight,03 - P.D. only,99 - Other
5834,HAWTHORNE RD/RUSSELL RD @ WALKLEY RD,374676.386,5028500.37,11/7/16,16:24,01 - Clear,01 - Dry,01 - Traffic signal,02 - Intersection related,05 - Dusk,03 - P.D. only,03 - Rear end
5835,HAWTHORNE RD/RUSSELL RD @ WALKLEY RD,374674.7536,5028499.856,10/19/16,17:46,01 - Clear,01 - Dry,01 - Traffic signal,03 - At intersection,01 - Daylight,03 - P.D. only,01 - Approaching
5836,HAWTHORNE RD/RUSSELL RD @ WALKLEY RD,374674.5244,5028499.761,10/5/16,18:45,01 - Clear,01 - Dry,01 - Traffic signal,02 - Intersection related,05 - Dusk,03 - P.D. only,02 - Angle
5837,HAWTHORNE RD/RUSSELL RD @ WALKLEY RD,374674.0853,5028499.322,9/28/16,10:57,01 - Clear,01 - Dry,01 - Traffic signal,02 - Intersection related,01 - Daylight,03 - P.D. only,04 - Sideswipe
5838,HAWTHORNE RD/RUSSELL RD @ WALKLEY RD,374675.5721,5028498.299,12/17/16,13:33,03 - Snow,05 - Packed snow,01 - Traffic signal,02 - Intersection related,01 - Daylight,03 - P.D. only,07 - SMV other
5839,HAWTHORNE RD/RUSSELL RD @ WALKLEY RD,374674.7381,5028500.37,12/16/16,6:52,01 - Clear,02 - Wet,01 - Traffic signal,02 - Intersection related,03 - Dawn,03 - P.D. only,03 - Rear end
5840,HAWTHORNE RD/RUSSELL RD @ WALKLEY RD,374674.5244,5028500.639,12/5/16,5:55,03 - Snow,05 - Packed snow,01 - Traffic signal,02 - Intersection related,07 - Dark,03 - P.D. only,99 - Other
5841,HAWTHORNE RD/RUSSELL RD @ WALKLEY RD,374675.5621,5028498.722,12/5/16,6:10,03 - Snow,05 - Packed snow,01 - Traffic signal,02 - Intersection related,07 - Dark,03 - P.D. only,03 - Rear end
5842,HAZEL ST @ MAIN ST,369166.9384,5030174.225,3/31/16,13:59,02 - Rain,02 - Wet,01 - Traffic signal,03 - At intersection,01 - Daylight,03 - P.D. only,02 - Angle
5843,HAZELDEAN RD @ 246 E OF CASTLEFRANK RD/FARMBOY,352861.0845,5017842.322,12/27/16,18:00,04 - Freezing Rain,03 - Loose snow,01 - Traffic signal,03 - At intersection,07 - Dark,02 - Non-fatal injury,07 - SMV other
5844,HAZELDEAN RD @ 246 E OF CASTLEFRANK RD/FARMBOY,352859.3449,5017840.893,7/29/16,13:34,01 - Clear,01 - Dry,01 - Traffic signal,03 - At intersection,01 - Daylight,03 - P.D. only,05 - Turning movement
5845,HAZELDEAN RD @ CARBROOKE ST/IRWIN GATE,353419.4382,5018264.863,1/15/16,21:03,01 - Clear,02 - Wet,01 - Traffic signal,03 - At intersection,07 - Dark,02 - Non-fatal injury,05 - Turning movement
5846,HAZELDEAN RD @ CARBROOKE ST/IRWIN GATE,353417.61,5018265.188,6/27/16,15:38,01 - Clear,01 - Dry,01 - Traffic signal,03 - At intersection,01 - Daylight,02 - Non-fatal injury,05 - Turning movement
5847,HAZELDEAN RD @ CARBROOKE ST/IRWIN GATE,353416.3461,5018265.279,7/11/16,13:23,01 - Clear,01 - Dry,01 - Traffic signal,03 - At intersection,01 - Daylight,02 - Non-fatal injury,05 - Turning movement
5848,HAZELDEAN RD @ CARBROOKE ST/IRWIN GATE,353417.0849,5018264.584,8/11/16,15:02,01 - Clear,01 - Dry,01 - Traffic signal,03 - At intersection,01 - Daylight,03 - P.D. only,02 - Angle
5849,HAZELDEAN RD @ CARBROOKE ST/IRWIN GATE,353418.1272,5018266.158,1/19/16,12:44,01 - Clear,04 - Slush,01 - Traffic signal,02 - Intersection related,01 - Daylight,03 - P.D. only,04 - Sideswipe
5850,HAZELDEAN RD @ CARBROOKE ST/IRWIN GATE,353417.7646,5018265.72,2/10/16,11:04,03 - Snow,02 - Wet,01 - Traffic signal,02 - Intersection related,01 - Daylight,03 - P.D. only,03 - Rear end
5851,HAZELDEAN RD @ CARBROOKE ST/IRWIN GATE,353417.4489,5018266.037,1/14/16,7:30,03 - Snow,04 - Slush,01 - Traffic signal,03 - At intersection,03 - Dawn,03 - P.D. only,03 - Rear end
5852,HAZELDEAN RD @ CARBROOKE ST/IRWIN GATE,353419.5541,5018266.06,4/11/16,16:48,01 - Clear,01 - Dry,01 - Traffic signal,02 - Intersection related,01 - Daylight,03 - P.D. only,03 - Rear end
5853,HAZELDEAN RD @ CARBROOKE ST/IRWIN GATE,353417.1982,5018265.29,12/21/16,14:29,01 - Clear,02 - Wet,01 - Traffic signal,03 - At intersection,01 - Daylight,03 - P.D. only,05 - Turning movement
5854,HAZELDEAN RD @ CARBROOKE ST/IRWIN GATE,353417.5911,5018265.137,2/18/16,7:52,01 - Clear,02 - Wet,01 - Traffic signal,02 - Intersection related,01 - Daylight,03 - P.D. only,03 - Rear end
5855,HAZELDEAN RD @ EDGEWATER ST,352320.9902,5017350.743,9/19/16,15:40,01 - Clear,01 - Dry,01 - Traffic signal,03 - At intersection,01 - Daylight,02 - Non-fatal injury,05 - Turning movement
5856,HAZELDEAN RD @ EDGEWATER ST,352323.6057,5017352.571,4/15/16,17:20,01 - Clear,01 - Dry,01 - Traffic signal,03 - At intersection,01 - Daylight,02 - Non-fatal injury,05 - Turning movement
5857,HAZELDEAN RD @ EDGEWATER ST,352323.8297,5017352.117,3/4/16,13:02,01 - Clear,01 - Dry,01 - Traffic signal,03 - At intersection,01 - Daylight,02 - Non-fatal injury,05 - Turning movement
5858,HAZELDEAN RD @ EDGEWATER ST,352325.262,5017352.687,5/13/16,12:24,01 - Clear,02 - Wet,01 - Traffic signal,02 - Intersection related,01 - Daylight,02 - Non-fatal injury,03 - Rear end
5859,HAZELDEAN RD @ EDGEWATER ST,352323.3862,5017351.665,1/16/16,10:03,01 - Clear,04 - Slush,01 - Traffic signal,02 - Intersection related,01 - Daylight,03 - P.D. only,03 - Rear end
5860,HAZELDEAN RD @ EDGEWATER ST,352324.2716,5017352.111,3/16/16,11:54,01 - Clear,01 - Dry,01 - Traffic signal,03 - At intersection,01 - Daylight,03 - P.D. only,02 - Angle
5861,HAZELDEAN RD @ EDGEWATER ST,352322.7775,5017349.375,8/11/16,9:40,01 - Clear,01 - Dry,01 - Traffic signal,02 - Intersection related,01 - Daylight,03 - P.D. only,03 - Rear end
5862,HAZELDEAN RD @ EDGEWATER ST,352320.8398,5017351.816,3/28/16,10:02,02 - Rain,02 - Wet,01 - Traffic signal,03 - At intersection,01 - Daylight,03 - P.D. only,02 - Angle
5863,HAZELDEAN RD @ FRINGEWOOD DR,350754.6571,5015908.95,6/22/16,11:50,01 - Clear,01 - Dry,01 - Traffic signal,02 - Intersection related,01 - Daylight,03 - P.D. only,07 - SMV other
5864,HAZELDEAN RD @ HUNTMAR DR/IBER RD,350941.2387,5016083.322,3/14/16,9:11,02 - Rain,02 - Wet,01 - Traffic signal,03 - At intersection,01 - Daylight,03 - P.D. only,02 - Angle
5865,HAZELDEAN RD @ HUNTMAR DR/IBER RD,350942.5979,5016081.503,8/12/16,18:04,02 - Rain,02 - Wet,01 - Traffic signal,02 - Intersection related,01 - Daylight,03 - P.D. only,03 - Rear end
5866,HAZELDEAN RD @ HUNTMAR DR/IBER RD,350941.4756,5016079.657,4/25/16,10:58,01 - Clear,01 - Dry,01 - Traffic signal,02 - Intersection related,01 - Daylight,03 - P.D. only,04 - Sideswipe
5867,HAZELDEAN RD @ HUNTMAR DR/IBER RD,350941.9161,5016079.887,7/11/16,14:13,01 - Clear,01 - Dry,01 - Traffic signal,02 - Intersection related,01 - Daylight,03 - P.D. only,03 - Rear end
5868,HAZELDEAN RD @ HUNTMAR DR/IBER RD,350946.2547,5016080.422,4/6/16,17:22,03 - Snow,04 - Slush,01 - Traffic signal,02 - Intersection related,01 - Daylight,03 - P.D. only,03 - Rear end
5869,HAZELDEAN RD @ HUNTMAR DR/IBER RD,350941.4707,5016079.442,11/10/16,20:58,01 - Clear,01 - Dry,01 - Traffic signal,02 - Intersection related,07 - Dark,03 - P.D. only,03 - Rear end
5870,HAZELDEAN RD @ HUNTMAR DR/IBER RD,350941.3635,5016078.419,11/24/16,9:35,03 - Snow,03 - Loose snow,01 - Traffic signal,02 - Intersection related,01 - Daylight,03 - P.D. only,04 - Sideswipe
5871,HAZELDEAN RD @ HWY 7 HAZELDEAN IC RAMP 24,346573.8887,5012281.704,11/20/16,16:05,03 - Snow,04 - Slush,02 - Stop sign,03 - At intersection,01 - Daylight,03 - P.D. only,02 - Angle
5872,HAZELDEAN RD @ JOHNWOODS ST/VICTOR ST,350185.5191,5015395.108,8/24/16,10:49,01 - Clear,01 - Dry,01 - Traffic signal,02 - Intersection related,01 - Daylight,03 - P.D. only,03 - Rear end
5873,HAZELDEAN RD @ JOHNWOODS ST/VICTOR ST,350185.5347,5015396.438,12/17/16,13:31,01 - Clear,06 - Ice,01 - Traffic signal,02 - Intersection related,01 - Daylight,03 - P.D. only,04 - Sideswipe
5874,HAZELDEAN RD @ SPRINGBROOK DR,349869.6701,5015109.75,6/18/16,12:20,01 - Clear,01 - Dry,01 - Traffic signal,03 - At intersection,01 - Daylight,02 - Non-fatal injury,05 - Turning movement
5875,HAZELDEAN RD @ SPRINGBROOK DR,349869.7604,5015110.025,10/15/16,10:30,01 - Clear,01 - Dry,01 - Traffic signal,02 - Intersection related,01 - Daylight,03 - P.D. only,03 - Rear end
5876,HAZELDEAN RD @ SWEETNAM DR,350475.3623,5015656.217,4/6/16,17:05,03 - Snow,03 - Loose snow,02 - Stop sign,03 - At intersection,01 - Daylight,03 - P.D. only,05 - Turning movement
5877,HAZELDEAN RD @ SWEETNAM DR,350474.9099,5015655.765,6/16/16,14:43,01 - Clear,01 - Dry,02 - Stop sign,03 - At intersection,01 - Daylight,03 - P.D. only,03 - Rear end
5878,HAZELDEAN RD @ TERRY FOX DR,352206.9391,5017242.675,2/16/16,6:52,02 - Rain,03 - Loose snow,01 - Traffic signal,03 - At intersection,03 - Dawn,02 - Non-fatal injury,02 - Angle
5879,HAZELDEAN RD @ TERRY FOX DR,352207.3915,5017242.231,8/16/16,21:11,02 - Rain,02 - Wet,01 - Traffic signal,03 - At intersection,07 - Dark,02 - Non-fatal injury,05 - Turning movement
5880,HAZELDEAN RD @ TERRY FOX DR,352208.0702,5017242.221,7/21/16,18:44,01 - Clear,01 - Dry,01 - Traffic signal,02 - Intersection related,01 - Daylight,02 - Non-fatal injury,03 - Rear end
5881,HAZELDEAN RD @ TERRY FOX DR,352208.0702,5017241.303,7/11/16,8:28,01 - Clear,01 - Dry,01 - Traffic signal,02 - Intersection related,01 - Daylight,02 - Non-fatal injury,03 - Rear end
5882,HAZELDEAN RD @ TERRY FOX DR,352207.7415,5017242.682,11/16/16,14:59,01 - Clear,01 - Dry,01 - Traffic signal,02 - Intersection related,01 - Daylight,02 - Non-fatal injury,05 - Turning movement
5883,HAZELDEAN RD @ TERRY FOX DR,352207.7349,5017242.677,2/19/16,14:04,01 - Clear,02 - Wet,01 - Traffic signal,02 - Intersection related,01 - Daylight,03 - P.D. only,03 - Rear end
5884,HAZELDEAN RD @ TERRY FOX DR,352207.833,5017241.785,3/2/16,11:20,01 - Clear,01 - Dry,01 - Traffic signal,02 - Intersection related,01 - Daylight,03 - P.D. only,03 - Rear end
5885,HAZELDEAN RD @ TERRY FOX DR,352207.3915,5017242.231,10/28/16,21:12,01 - Clear,01 - Dry,01 - Traffic signal,02 - Intersection related,07 - Dark,03 - P.D. only,05 - Turning movement
5886,HAZELDEAN RD @ TERRY FOX DR,352207.3915,5017242.231,1/14/16,7:11,03 - Snow,03 - Loose snow,01 - Traffic signal,02 - Intersection related,03 - Dawn,03 - P.D. only,03 - Rear end
5887,HAZELDEAN RD @ TERRY FOX DR,352208.2928,5017242.451,7/15/16,9:28,01 - Clear,01 - Dry,01 - Traffic signal,02 - Intersection related,01 - Daylight,03 - P.D. only,03 - Rear end
5888,HAZELDEAN RD @ TERRY FOX DR,352206.9376,5017242.227,4/7/16,17:00,01 - Clear,02 - Wet,01 - Traffic signal,02 - Intersection related,01 - Daylight,03 - P.D. only,03 - Rear end
5889,HAZELDEAN RD @ TERRY FOX DR,352207.8383,5017242.906,7/2/16,17:17,01 - Clear,01 - Dry,01 - Traffic signal,03 - At intersection,01 - Daylight,03 - P.D. only,03 - Rear end
5890,HAZELDEAN RD @ TERRY FOX DR,352207.8305,5017241.792,6/18/16,12:21,01 - Clear,01 - Dry,01 - Traffic signal,02 - Intersection related,01 - Daylight,03 - P.D. only,03 - Rear end
5891,HAZELDEAN RD @ TERRY FOX DR,352207.8365,5017242.676,5/23/16,11:23,01 - Clear,01 - Dry,01 - Traffic signal,02 - Intersection related,01 - Daylight,03 - P.D. only,03 - Rear end
5892,HAZELDEAN RD @ TERRY FOX DR,352207.2822,5017243.289,11/12/16,13:53,01 - Clear,01 - Dry,01 - Traffic signal,02 - Intersection related,01 - Daylight,03 - P.D. only,04 - Sideswipe
5893,HAZELDEAN RD @ TERRY FOX DR,352207.652,5017241.866,7/27/16,13:29,01 - Clear,01 - Dry,01 - Traffic signal,03 - At intersection,01 - Daylight,03 - P.D. only,02 - Angle
5894,HAZELDEAN RD @ YOUNG RD,352464.3867,5017480.224,4/3/16,21:15,01 - Clear,01 - Dry,02 - Stop sign,02 - Intersection related,07 - Dark,03 - P.D. only,03 - Rear end
5895,HAZELDEAN RD btwn 246 E OF CASTLEFRANK RD & IRWIN GT,352937.5267,5017911.802,6/20/16,15:18,01 - Clear,01 - Dry,10 - No control,04 - At/near private drive,01 - Daylight,03 - P.D. only,02 - Angle
5896,HAZELDEAN RD btwn CARP RD & Continuation of HAZELDEAN RD,348872.1404,5014435.633,4/23/16,23:13,01 - Clear,01 - Dry,10 - No control,01 - Non intersection,07 - Dark,03 - P.D. only,07 - SMV other
5897,HAZELDEAN RD btwn CARP RD & Continuation of HAZELDEAN RD,348823.6668,5014384.527,7/18/16,21:25,01 - Clear,01 - Dry,10 - No control,01 - Non intersection,07 - Dark,03 - P.D. only,07 - SMV other
5898,HAZELDEAN RD btwn CASTLEFRANK RD & 246 E OF CASTLEFRANK RD,352685.045,5017683.488,3/27/16,11:01,01 - Clear,01 - Dry,10 - No control,04 - At/near private drive,01 - Daylight,03 - P.D. only,02 - Angle
5899,HAZELDEAN RD btwn EDGEWATER ST & YOUNG RD,352453.9559,5017470.237,3/6/16,17:42,01 - Clear,01 - Dry,10 - No control,01 - Non intersection,01 - Daylight,03 - P.D. only,03 - Rear end
5900,HAZELDEAN RD btwn GO/KA BOUNDARY & HUNTMAR DR/IBER RD,351202.6796,5016316.962,4/18/16,12:15,01 - Clear,01 - Dry,10 - No control,04 - At/near private drive,01 - Daylight,03 - P.D. only,99 - Other
5901,HAZELDEAN RD btwn GO/KA BOUNDARY & HUNTMAR DR/IBER RD,351171.5993,5016280.701,12/21/16,22:00,01 - Clear,02 - Wet,10 - No control,01 - Non intersection,07 - Dark,03 - P.D. only,03 - Rear end
5902,HAZELDEAN RD btwn GO/KA BOUNDARY & KINCARDINE DR,351876.9344,5016936.869,6/30/16,17:03,01 - Clear,01 - Dry,10 - No control,01 - Non intersection,01 - Daylight,03 - P.D. only,03 - Rear end
5903,HAZELDEAN RD btwn IRWIN GT & EAGLESON RD,353425.302,5018270.998,5/14/16,11:24,01 - Clear,01 - Dry,10 - No control,01 - Non intersection,01 - Daylight,03 - P.D. only,04 - Sideswipe
5904,HAZELDEAN RD btwn IRWIN GT & EAGLESON RD,353654.7772,5018413.718,6/10/16,19:55,01 - Clear,01 - Dry,10 - No control,01 - Non intersection,01 - Daylight,03 - P.D. only,04 - Sideswipe
5905,HAZELDEAN RD btwn JINKINSON RD/HAZELDEAN IC RAMP 62 & KITTIWAKE DR,346977.2439,5012494.954,7/26/16,8:30,01 - Clear,01 - Dry,10 - No control,01 - Non intersection,01 - Daylight,03 - P.D. only,99 - Other
5906,HAZELDEAN RD btwn KINCARDINE DR & TERRY FOX DR,352061.8553,5017107.875,10/21/16,21:36,02 - Rain,02 - Wet,10 - No control,01 - Non intersection,07 - Dark,03 - P.D. only,07 - SMV other
5907,HAZELDEAN RD btwn KINCARDINE DR & TERRY FOX DR,352201.8528,5017237.047,1/15/16,19:21,01 - Clear,02 - Wet,10 - No control,01 - Non intersection,07 - Dark,03 - P.D. only,03 - Rear end
5908,HAZELDEAN RD btwn KINCARDINE DR & TERRY FOX DR,352144.574,5017184.212,12/8/16,21:24,03 - Snow,06 - Ice,10 - No control,01 - Non intersection,07 - Dark,03 - P.D. only,07 - SMV other
5909,HAZELDEAN RD btwn KITTIWAKE DR & CARP RD,348506.6537,5013900.741,11/10/16,16:49,01 - Clear,01 - Dry,10 - No control,01 - Non intersection,05 - Dusk,03 - P.D. only,07 - SMV other