Record,Location,X,Y,Date,Time,Environment,Road_Surface,Traffic_Control,Collision_Location,Light,Collision_Classification,Impact_type
5910,HAZELDEAN RD btwn STITTSVILLE MAIN ST & TURN LANE,349561.9896,5014880.513,4/30/16,11:44,01 - Clear,01 - Dry,10 - No control,01 - Non intersection,01 - Daylight,03 - P.D. only,04 - Sideswipe
5911,HAZELDEAN RD btwn SWEETNAM DR & CEDAROW CRT,350568.7586,5015741.496,12/20/16,15:05,01 - Clear,02 - Wet,10 - No control,01 - Non intersection,01 - Daylight,02 - Non-fatal injury,03 - Rear end
5912,HAZELDEAN RD btwn TERRY FOX DR & EDGEWATER ST,352217.9293,5017251.891,10/18/16,11:00,01 - Clear,01 - Dry,10 - No control,04 - At/near private drive,01 - Daylight,02 - Non-fatal injury,02 - Angle
5913,HAZELDEAN RD btwn TERRY FOX DR & EDGEWATER ST,352300.8189,5017331.392,10/20/16,12:55,02 - Rain,02 - Wet,10 - No control,01 - Non intersection,01 - Daylight,03 - P.D. only,04 - Sideswipe
5914,HAZELDEAN RD btwn YOUNG RD & CASTLEFRANK RD,352545.552,5017553.559,9/8/16,8:51,01 - Clear,01 - Dry,10 - No control,04 - At/near private drive,01 - Daylight,03 - P.D. only,02 - Angle
5915,HEARTHSTONE PL btwn GROVEMONT DR & ASHMORE DR,366792.4866,5014587.206,7/20/16,17:05,01 - Clear,01 - Dry,10 - No control,01 - Non intersection,01 - Daylight,03 - P.D. only,06 - SMV unattended vehicle
5916,HEATHERINGTON RD @ FAIRLEA CRES S/ANGELA PRIV,371874.7365,5026503.029,1/16/16,15:36,01 - Clear,03 - Loose snow,02 - Stop sign,02 - Intersection related,01 - Daylight,03 - P.D. only,07 - SMV other
5917,HEATHERINGTON RD @ FAIRLEA CRES S/ANGELA PRIV,371872.252,5026501.114,12/8/16,23:24,01 - Clear,06 - Ice,02 - Stop sign,02 - Intersection related,07 - Dark,03 - P.D. only,03 - Rear end
5918,HEATHERINGTON RD btwn ALBION RD N & BANNERHILL PRIV,371592.3363,5026225.896,1/3/16,9:44,03 - Snow,04 - Slush,10 - No control,01 - Non intersection,01 - Daylight,02 - Non-fatal injury,01 - Approaching
5919,HEATHERINGTON RD btwn ALBION RD N & BANNERHILL PRIV,371276.4928,5026236.106,2/7/16,14:06,01 - Clear,01 - Dry,10 - No control,01 - Non intersection,01 - Daylight,03 - P.D. only,04 - Sideswipe
5920,HEATHERINGTON RD btwn ALBION RD N & BANNERHILL PRIV,371276.9426,5026236.79,1/30/16,1:00,03 - Snow,05 - Packed snow,10 - No control,01 - Non intersection,07 - Dark,03 - P.D. only,06 - SMV unattended vehicle
5921,HEATHERINGTON RD btwn ALBION RD N & BANNERHILL PRIV,371555.9158,5026239.437,4/20/16,21:00,01 - Clear,01 - Dry,10 - No control,01 - Non intersection,07 - Dark,03 - P.D. only,06 - SMV unattended vehicle
5922,HEATHERINGTON RD btwn ALBION RD N & BANNERHILL PRIV,371674.5405,5026248.555,2/6/16,5:21,01 - Clear,01 - Dry,10 - No control,01 - Non intersection,07 - Dark,03 - P.D. only,06 - SMV unattended vehicle
5923,HEATHERINGTON RD btwn ALBION RD N & BANNERHILL PRIV,371818.3599,5026345.644,12/16/16,9:11,01 - Clear,05 - Packed snow,10 - No control,04 - At/near private drive,01 - Daylight,03 - P.D. only,03 - Rear end
5924,HEATHERINGTON RD btwn FAIRLEA CRES & ANGELA PRIV,371819.5092,5026666.074,8/6/16,11:52,01 - Clear,01 - Dry,10 - No control,01 - Non intersection,01 - Daylight,03 - P.D. only,06 - SMV unattended vehicle
5925,HEMLO CRES btwn GOLDRIDGE DR & GRENGOLD WAY (1),350301.1329,5019352.22,2/16/16,10:00,03 - Snow,05 - Packed snow,10 - No control,01 - Non intersection,01 - Daylight,03 - P.D. only,07 - SMV other
5926,HEMLOCK RD @ LANSDOWNE RD,369848.6986,5034511.986,12/6/16,10:15,01 - Clear,03 - Loose snow,02 - Stop sign,02 - Intersection related,01 - Daylight,03 - P.D. only,01 - Approaching
5927,HEMLOCK RD @ LANSDOWNE RD,369847.8705,5034512.814,12/8/16,16:37,03 - Snow,03 - Loose snow,02 - Stop sign,02 - Intersection related,05 - Dusk,03 - P.D. only,01 - Approaching
5928,HEMLOCK RD @ ST. LAURENT BLVD,371144.9584,5034783.474,5/15/16,14:57,01 - Clear,01 - Dry,01 - Traffic signal,02 - Intersection related,01 - Daylight,02 - Non-fatal injury,04 - Sideswipe
5929,HEMLOCK RD @ ST. LAURENT BLVD,371145.0271,5034781.143,7/11/16,12:53,01 - Clear,01 - Dry,01 - Traffic signal,02 - Intersection related,01 - Daylight,02 - Non-fatal injury,07 - SMV other
5930,HEMLOCK RD @ ST. LAURENT BLVD,371145.9284,5034780.5,10/12/16,8:27,01 - Clear,01 - Dry,01 - Traffic signal,03 - At intersection,01 - Daylight,02 - Non-fatal injury,07 - SMV other
5931,HEMLOCK RD @ ST. LAURENT BLVD,371146.3907,5034782.052,7/7/16,22:35,01 - Clear,01 - Dry,01 - Traffic signal,03 - At intersection,07 - Dark,02 - Non-fatal injury,05 - Turning movement
5932,HEMLOCK RD @ ST. LAURENT BLVD,371145.7089,5034782.84,12/3/16,2:38,01 - Clear,01 - Dry,01 - Traffic signal,02 - Intersection related,07 - Dark,03 - P.D. only,07 - SMV other
5933,HEMLOCK RD btwn BEECHWOOD AVE & LANSDOWNE RD S,369776.0529,5034324.89,1/12/16,13:19,03 - Snow,03 - Loose snow,10 - No control,01 - Non intersection,01 - Daylight,03 - P.D. only,01 - Approaching
5934,HEMMINGWOOD WAY btwn CENTREPOINTE DR & COVINGTON PL,361724.6536,5023004.603,3/20/16,17:00,01 - Clear,01 - Dry,10 - No control,01 - Non intersection,01 - Daylight,03 - P.D. only,06 - SMV unattended vehicle
5935,HENDERSON AVE @ OSGOODE ST,368918.377,5031896.246,4/29/16,14:08,01 - Clear,01 - Dry,02 - Stop sign,03 - At intersection,01 - Daylight,02 - Non-fatal injury,07 - SMV other
5936,HENDERSON AVE btwn OSGOODE ST & SOMERSET ST E,368944.0285,5031854.216,5/13/16,9:04,02 - Rain,02 - Wet,10 - No control,01 - Non intersection,01 - Daylight,03 - P.D. only,06 - SMV unattended vehicle
5937,HENDERSON AVE btwn SOMERSET ST E & TEMPLETON ST,369032.6351,5031708.581,9/6/16,17:45,01 - Clear,01 - Dry,10 - No control,01 - Non intersection,01 - Daylight,03 - P.D. only,06 - SMV unattended vehicle
5938,HENLEY ST btwn MAPLEWOOD AVE & DUNDEE AVE,360522.8458,5024432.598,7/26/16,19:30,01 - Clear,01 - Dry,10 - No control,01 - Non intersection,01 - Daylight,03 - P.D. only,06 - SMV unattended vehicle
5939,HENNESSY CRES E @ VALIN ST E,385265.9861,5037698.125,8/16/16,18:55,02 - Rain,02 - Wet,02 - Stop sign,03 - At intersection,01 - Daylight,03 - P.D. only,02 - Angle
5940,HENNESSY CRES/VARENNES BLVD @ VALIN ST,385176.8831,5037685.76,8/21/16,18:14,01 - Clear,01 - Dry,02 - Stop sign,03 - At intersection,01 - Daylight,02 - Non-fatal injury,07 - SMV other
5941,HENRI LAUZON ST btwn GREENRIDGE ST & BRYARTON ST,380488.9277,5036356.452,2/18/16,10:01,01 - Clear,05 - Packed snow,10 - No control,04 - At/near private drive,01 - Daylight,03 - P.D. only,02 - Angle
5942,HEPATICA WAY btwn GENEVRIERS ST & MAGNOLIA ST,"384,542.73","5,034,620.66",6/16/16,16:01,01 - Clear,01 - Dry,10 - No control,01 - Non intersection,01 - Daylight,03 - P.D. only,06 - SMV unattended vehicle
5943,HEPATICA WAY btwn GENEVRIERS ST & MAGNOLIA ST,"384,542.73","5,034,620.66",11/8/16,0:00,01 - Clear,01 - Dry,10 - No control,01 - Non intersection,00 - Unknown,03 - P.D. only,06 - SMV unattended vehicle
5944,HERITAGE GLEN DR @ WOODROFFE AVE,366010.9949,5015621.076,9/12/16,7:26,01 - Clear,01 - Dry,02 - Stop sign,02 - Intersection related,01 - Daylight,02 - Non-fatal injury,03 - Rear end
5945,HERON RD @ 155 W OF BANK ST/CANADIAN TIRE SC,369847.8238,5026829.279,2/19/16,9:53,01 - Clear,04 - Slush,01 - Traffic signal,03 - At intersection,01 - Daylight,03 - P.D. only,02 - Angle
5946,HERON RD @ 155 W OF BANK ST/CANADIAN TIRE SC,369852.2971,5026826.59,4/8/16,18:25,03 - Snow,03 - Loose snow,01 - Traffic signal,03 - At intersection,01 - Daylight,03 - P.D. only,02 - Angle
5947,HERON RD @ ALTA VISTA DR,370490.942,5026902.279,5/3/16,23:14,01 - Clear,01 - Dry,01 - Traffic signal,03 - At intersection,07 - Dark,02 - Non-fatal injury,02 - Angle
5948,HERON RD @ ALTA VISTA DR,370494.3787,5026901.295,9/1/16,13:56,01 - Clear,01 - Dry,01 - Traffic signal,02 - Intersection related,01 - Daylight,02 - Non-fatal injury,03 - Rear end
5949,HERON RD @ ALTA VISTA DR,370490.7797,5026903.577,7/2/16,16:37,01 - Clear,01 - Dry,01 - Traffic signal,03 - At intersection,01 - Daylight,02 - Non-fatal injury,02 - Angle
5950,HERON RD @ ALTA VISTA DR,370492.7794,5026901.53,2/28/16,12:08,03 - Snow,02 - Wet,01 - Traffic signal,03 - At intersection,01 - Daylight,03 - P.D. only,02 - Angle
5951,HERON RD @ ALTA VISTA DR,370491.8942,5026900.467,9/24/16,23:09,01 - Clear,01 - Dry,01 - Traffic signal,02 - Intersection related,07 - Dark,03 - P.D. only,03 - Rear end
5952,HERON RD @ ALTA VISTA DR,370494.4087,5026902.874,8/24/16,18:21,01 - Clear,01 - Dry,01 - Traffic signal,02 - Intersection related,01 - Daylight,03 - P.D. only,03 - Rear end
5953,HERON RD @ ALTA VISTA DR,370492.0638,5026902.757,2/2/16,15:15,01 - Clear,01 - Dry,01 - Traffic signal,02 - Intersection related,01 - Daylight,03 - P.D. only,03 - Rear end
5954,HERON RD @ ALTA VISTA DR,370491.9719,5026904.413,1/15/16,14:49,01 - Clear,05 - Packed snow,01 - Traffic signal,02 - Intersection related,01 - Daylight,03 - P.D. only,04 - Sideswipe
5955,HERON RD @ ALTA VISTA DR,370493.6409,5026901.389,5/31/16,12:38,01 - Clear,01 - Dry,01 - Traffic signal,02 - Intersection related,01 - Daylight,03 - P.D. only,04 - Sideswipe
5956,HERON RD @ ALTA VISTA DR,370493.381,5026902.757,12/5/16,14:00,01 - Clear,05 - Packed snow,01 - Traffic signal,02 - Intersection related,01 - Daylight,03 - P.D. only,05 - Turning movement
5957,HERON RD @ BAYCREST DR,371144.6554,5026978.482,3/16/16,12:08,01 - Clear,01 - Dry,01 - Traffic signal,02 - Intersection related,01 - Daylight,03 - P.D. only,03 - Rear end
5958,HERON RD @ BAYCREST DR,371142.6144,5026979.953,2/1/16,10:40,01 - Clear,01 - Dry,01 - Traffic signal,03 - At intersection,01 - Daylight,03 - P.D. only,02 - Angle
5959,HERON RD @ BAYCREST DR,371143.7293,5026979.92,1/6/16,13:34,01 - Clear,02 - Wet,01 - Traffic signal,02 - Intersection related,01 - Daylight,03 - P.D. only,03 - Rear end
5960,HERON RD @ BAYCREST DR,371145.4627,5026981.455,4/25/16,15:14,01 - Clear,01 - Dry,01 - Traffic signal,03 - At intersection,01 - Daylight,03 - P.D. only,02 - Angle
5961,HERON RD @ BAYCREST DR,371142.6144,5026981.204,5/31/16,16:28,01 - Clear,01 - Dry,01 - Traffic signal,02 - Intersection related,01 - Daylight,03 - P.D. only,03 - Rear end
5962,HERON RD @ BAYCREST DR,371142.073,5026979.959,11/16/16,10:49,01 - Clear,02 - Wet,01 - Traffic signal,02 - Intersection related,01 - Daylight,03 - P.D. only,03 - Rear end
5963,HERON RD @ BRIAR HILL DR/SANDALWOOD DR,371452.712,5027013.279,1/6/16,14:48,01 - Clear,02 - Wet,01 - Traffic signal,03 - At intersection,01 - Daylight,03 - P.D. only,05 - Turning movement
5964,HERON RD @ BRIAR HILL DR/SANDALWOOD DR,371451.8388,5027011.549,2/18/16,12:57,01 - Clear,02 - Wet,01 - Traffic signal,03 - At intersection,01 - Daylight,03 - P.D. only,02 - Angle
5965,HERON RD @ BRONSON AVE RAMP 52,368689.5352,5026696.275,12/5/16,6:45,03 - Snow,04 - Slush,10 - No control,02 - Intersection related,07 - Dark,03 - P.D. only,07 - SMV other
5966,HERON RD @ FINN CRT,370831.1784,5026945.252,5/27/16,7:37,01 - Clear,01 - Dry,01 - Traffic signal,02 - Intersection related,01 - Daylight,03 - P.D. only,03 - Rear end
5967,HERON RD @ FINN CRT,370831.4948,5026945.038,1/6/16,15:45,01 - Clear,02 - Wet,01 - Traffic signal,03 - At intersection,01 - Daylight,03 - P.D. only,02 - Angle
5968,HERON RD @ FINN CRT,370830.8623,5026945.248,10/3/16,13:54,01 - Clear,01 - Dry,01 - Traffic signal,03 - At intersection,01 - Daylight,03 - P.D. only,05 - Turning movement
5969,HERON RD @ JEFFERSON ST,371809.3912,5027053.651,3/1/16,12:04,01 - Clear,01 - Dry,01 - Traffic signal,03 - At intersection,01 - Daylight,03 - P.D. only,02 - Angle
5970,HERON RD @ JEFFERSON ST,371808.5512,5027052.914,9/1/16,19:09,01 - Clear,01 - Dry,01 - Traffic signal,03 - At intersection,01 - Daylight,03 - P.D. only,04 - Sideswipe
5971,HERON RD @ JEFFERSON ST,371807.6276,5027053.2,1/28/16,14:55,01 - Clear,01 - Dry,01 - Traffic signal,02 - Intersection related,01 - Daylight,03 - P.D. only,03 - Rear end
5972,HERON RD @ JEFFERSON ST,371808.0435,5027052.542,6/18/16,20:20,01 - Clear,01 - Dry,01 - Traffic signal,03 - At intersection,05 - Dusk,03 - P.D. only,02 - Angle
5973,HERON RD @ JEFFERSON ST,371808.0489,5027052.767,7/3/16,18:41,01 - Clear,01 - Dry,01 - Traffic signal,03 - At intersection,01 - Daylight,03 - P.D. only,02 - Angle
5974,HERON RD @ KALADAR AVE,369685.5039,5026804.318,2/10/16,11:17,01 - Clear,02 - Wet,01 - Traffic signal,03 - At intersection,01 - Daylight,02 - Non-fatal injury,02 - Angle
5975,HERON RD @ KALADAR AVE,369685.4351,5026804.407,5/12/16,13:16,01 - Clear,01 - Dry,01 - Traffic signal,03 - At intersection,01 - Daylight,02 - Non-fatal injury,02 - Angle
5976,HERON RD @ KALADAR AVE,369685.5039,5026803.879,11/28/16,11:04,01 - Clear,01 - Dry,01 - Traffic signal,03 - At intersection,01 - Daylight,02 - Non-fatal injury,02 - Angle
5977,HERON RD @ KALADAR AVE,369685.7234,5026804.981,3/8/16,15:00,01 - Clear,01 - Dry,01 - Traffic signal,02 - Intersection related,01 - Daylight,03 - P.D. only,03 - Rear end
5978,HERON RD @ KALADAR AVE,369685.9429,5026803.44,12/19/16,15:23,01 - Clear,01 - Dry,01 - Traffic signal,03 - At intersection,01 - Daylight,03 - P.D. only,05 - Turning movement
5979,HERON RD @ WALKLEY RD,372266.9556,5027083.235,11/5/16,17:07,01 - Clear,01 - Dry,01 - Traffic signal,03 - At intersection,05 - Dusk,02 - Non-fatal injury,02 - Angle
5980,HERON RD @ WALKLEY RD,372267.5657,5027083.455,4/2/16,18:27,01 - Clear,01 - Dry,01 - Traffic signal,02 - Intersection related,01 - Daylight,02 - Non-fatal injury,03 - Rear end
5981,HERON RD @ WALKLEY RD,372266.7459,5027083.907,1/11/16,15:36,01 - Clear,01 - Dry,01 - Traffic signal,02 - Intersection related,01 - Daylight,03 - P.D. only,03 - Rear end
5982,HERON RD @ WALKLEY RD,372267.8515,5027084.131,7/4/16,9:34,01 - Clear,01 - Dry,01 - Traffic signal,02 - Intersection related,01 - Daylight,03 - P.D. only,04 - Sideswipe
5983,HERON RD @ WALKLEY RD,372267.5657,5027084.236,9/28/16,18:47,01 - Clear,01 - Dry,01 - Traffic signal,02 - Intersection related,01 - Daylight,03 - P.D. only,04 - Sideswipe
5984,HERON RD @ WALKLEY RD,372267.8337,5027083.235,11/11/16,12:41,01 - Clear,01 - Dry,01 - Traffic signal,02 - Intersection related,01 - Daylight,03 - P.D. only,04 - Sideswipe
5985,HERON RD @ WALKLEY RD,372268.0033,5027082.212,12/16/16,10:26,01 - Clear,01 - Dry,01 - Traffic signal,02 - Intersection related,01 - Daylight,03 - P.D. only,03 - Rear end
5986,HERON RD @ WALKLEY RD,372267.1751,5027082.212,12/31/16,14:09,03 - Snow,03 - Loose snow,01 - Traffic signal,03 - At intersection,01 - Daylight,03 - P.D. only,01 - Approaching
5987,HERON RD btwn ALTA VISTA DR & FINN CRT,370647.0038,5026923.021,6/21/16,6:57,01 - Clear,01 - Dry,10 - No control,04 - At/near private drive,01 - Daylight,02 - Non-fatal injury,02 - Angle
5988,HERON RD btwn ALTA VISTA DR & FINN CRT,370499.3133,5026902.537,8/4/16,13:17,01 - Clear,01 - Dry,10 - No control,01 - Non intersection,01 - Daylight,03 - P.D. only,05 - Turning movement
5989,HERON RD btwn ALTA VISTA DR & FINN CRT,370510.2308,5026906.129,5/3/16,7:28,01 - Clear,01 - Dry,10 - No control,01 - Non intersection,01 - Daylight,03 - P.D. only,04 - Sideswipe
5990,HERON RD btwn ALTA VISTA DR & FINN CRT,370781.8975,5026937.95,12/17/16,17:27,03 - Snow,04 - Slush,10 - No control,01 - Non intersection,07 - Dark,03 - P.D. only,04 - Sideswipe
5991,HERON RD btwn BAYCREST DR & SANDALWOOD DR,371343.4605,5027003.729,9/14/16,21:37,01 - Clear,01 - Dry,10 - No control,01 - Non intersection,07 - Dark,02 - Non-fatal injury,04 - Sideswipe
5992,HERON RD btwn CLEMENTINE BLVD & FALCON AVE,369585.7143,5026791.645,1/18/16,14:57,01 - Clear,03 - Loose snow,10 - No control,01 - Non intersection,01 - Daylight,03 - P.D. only,04 - Sideswipe
5993,HERON RD btwn CLOVER ST & CARLSEN AVE,369317.7989,5026765.654,1/24/16,9:56,01 - Clear,01 - Dry,10 - No control,01 - Non intersection,01 - Daylight,03 - P.D. only,04 - Sideswipe
5994,HERON RD btwn FINN CRT & BAYCREST DR,370941.0948,5026958.249,2/27/16,10:11,01 - Clear,01 - Dry,10 - No control,04 - At/near private drive,01 - Daylight,03 - P.D. only,05 - Turning movement
5995,HERON RD btwn FINN CRT & BAYCREST DR,371092.0732,5026974.373,4/4/16,18:17,01 - Clear,01 - Dry,10 - No control,04 - At/near private drive,05 - Dusk,03 - P.D. only,02 - Angle
5996,HERON RD btwn FINN CRT & BAYCREST DR,371044.3848,5026968.021,4/6/16,17:57,03 - Snow,03 - Loose snow,10 - No control,04 - At/near private drive,01 - Daylight,03 - P.D. only,02 - Angle
5997,HERON RD btwn FINN CRT & BAYCREST DR,370936.9695,5026956.323,3/30/16,11:33,01 - Clear,01 - Dry,10 - No control,01 - Non intersection,01 - Daylight,03 - P.D. only,03 - Rear end
5998,HERON RD btwn HUNTLEY AVE & CLEMENTINE BLVD,369532.5784,5026785.012,2/8/16,9:43,01 - Clear,01 - Dry,10 - No control,01 - Non intersection,01 - Daylight,03 - P.D. only,03 - Rear end
5999,HERON RD btwn JEFFERSON ST & TURN LANE,372054.8285,5027082.618,11/4/16,7:45,01 - Clear,01 - Dry,10 - No control,01 - Non intersection,01 - Daylight,02 - Non-fatal injury,04 - Sideswipe
6000,HERON RD btwn JEFFERSON ST & TURN LANE,372169.9714,5027096.504,3/26/16,12:11,01 - Clear,01 - Dry,10 - No control,04 - At/near private drive,01 - Daylight,03 - P.D. only,01 - Approaching
6001,HERON RD btwn JEFFERSON ST & TURN LANE,372193.41,5027099.261,10/23/16,22:55,01 - Clear,01 - Dry,10 - No control,01 - Non intersection,07 - Dark,03 - P.D. only,04 - Sideswipe
6002,HERON RD btwn JEFFERSON ST & TURN LANE,372020.4133,5027079.942,10/7/16,8:04,01 - Clear,01 - Dry,10 - No control,04 - At/near private drive,01 - Daylight,03 - P.D. only,02 - Angle
6003,HERON RD btwn PRINCE OF WALES DR & TURN LANE (1),366924.7189,5026452.965,8/9/16,17:01,01 - Clear,01 - Dry,10 - No control,01 - Non intersection,01 - Daylight,03 - P.D. only,07 - SMV other
6004,HERON RD btwn RIVERSIDE DR & TURN LANE (1),368172.2887,5026638.427,5/21/16,15:29,01 - Clear,01 - Dry,10 - No control,01 - Non intersection,01 - Daylight,02 - Non-fatal injury,03 - Rear end
6005,HERON RD btwn RIVERSIDE DR & TURN LANE (2),368146.1896,5026650.501,6/30/16,16:45,01 - Clear,01 - Dry,10 - No control,01 - Non intersection,01 - Daylight,03 - P.D. only,04 - Sideswipe
6006,HERON RD btwn RIVERSIDE DR & TURN LANE (2),368163.397,5026652.577,9/9/16,14:10,01 - Clear,01 - Dry,10 - No control,01 - Non intersection,01 - Daylight,03 - P.D. only,04 - Sideswipe
6007,HERON RD btwn TURN LANE & RIVERSIDE DR (1),368070.5147,5026642.106,4/17/16,13:29,01 - Clear,01 - Dry,10 - No control,01 - Non intersection,01 - Daylight,03 - P.D. only,04 - Sideswipe
6008,HERON RD btwn WILDWOOD AVE & BANK ST,369982.0275,5026850.869,2/25/16,8:58,01 - Clear,02 - Wet,10 - No control,01 - Non intersection,01 - Daylight,03 - P.D. only,04 - Sideswipe
6009,HERON RD EB btwn BRONSON AVE RAMP 35 & BRONSON AVE RAMP 52,368678.5202,5026696.459,2/25/16,14:35,04 - Freezing Rain,06 - Ice,10 - No control,01 - Non intersection,01 - Daylight,03 - P.D. only,03 - Rear end
6010,HERON RD EB btwn BRONSON AVE RAMP 52 & HERON RD SPLIT,368700.4717,5026699.131,2/17/16,8:13,01 - Clear,04 - Slush,10 - No control,01 - Non intersection,01 - Daylight,03 - P.D. only,03 - Rear end
6011,HERON RD EB btwn PRINCE OF WALES DR & HERON RD EB OFF RAMP/VINCENT MAS,367072.8845,5026450.046,2/14/16,3:33,01 - Clear,06 - Ice,10 - No control,01 - Non intersection,07 - Dark,03 - P.D. only,07 - SMV other
6012,HERON RD EB btwn RIVERSIDE DR & BRONSON AVE RAMP 35,368617.6511,5026688.76,2/16/16,8:15,03 - Snow,03 - Loose snow,10 - No control,01 - Non intersection,01 - Daylight,03 - P.D. only,99 - Other
6013,HERON RD EB btwn RIVERSIDE DR & BRONSON AVE RAMP 35,368403.4885,5026664.756,6/29/16,16:00,01 - Clear,01 - Dry,10 - No control,01 - Non intersection,01 - Daylight,03 - P.D. only,04 - Sideswipe
6014,HERON RD WB btwn BRONSON AVE RAMP 26 & BRONSON AVE RAMP 62,368701.2606,5026713.543,8/13/16,9:10,02 - Rain,02 - Wet,10 - No control,01 - Non intersection,01 - Daylight,03 - P.D. only,03 - Rear end
6015,HERON RD WB btwn BRONSON AVE RAMP 26 & BRONSON AVE RAMP 62,368733.8828,5026716.623,1/18/16,11:32,01 - Clear,04 - Slush,10 - No control,01 - Non intersection,01 - Daylight,03 - P.D. only,03 - Rear end
6016,HERON RD WB btwn BRONSON AVE RAMP 62 & HERON RD SPLIT,368868.399,5026732.541,9/6/16,13:53,01 - Clear,01 - Dry,10 - No control,01 - Non intersection,01 - Daylight,03 - P.D. only,04 - Sideswipe
6017,HERON RD WB btwn HERON RD WB OFF RAMP/VINCENT MASSEY PARK & HERON RD W,367970.1009,5026629.818,10/3/16,16:30,01 - Clear,01 - Dry,10 - No control,01 - Non intersection,01 - Daylight,03 - P.D. only,03 - Rear end
6018,HERON RD WB btwn HERON RD WB OFF RAMP/VINCENT MASSEY PARK & RIVERSIDE ,368021.8238,5026636.578,2/13/16,9:18,01 - Clear,05 - Packed snow,10 - No control,01 - Non intersection,01 - Daylight,03 - P.D. only,07 - SMV other
6019,HERON RD WB btwn PRINCE OF WALES DR & HERON RD WB ON RAMP/VINCENT MASS,367168.8018,5026488.542,10/6/16,16:47,01 - Clear,01 - Dry,10 - No control,01 - Non intersection,01 - Daylight,02 - Non-fatal injury,07 - SMV other
6020,HERON RD WB btwn PRINCE OF WALES DR & HERON RD WB ON RAMP/VINCENT MASS,367075.5186,5026474.436,3/24/16,20:35,04 - Freezing Rain,04 - Slush,10 - No control,01 - Non intersection,07 - Dark,03 - P.D. only,04 - Sideswipe
6021,HERON RD WB btwn RIVERSIDE DR & BRONSON AVE RAMP 36,368414.0953,5026682.745,11/15/16,12:40,01 - Clear,01 - Dry,10 - No control,01 - Non intersection,01 - Daylight,02 - Non-fatal injury,03 - Rear end
6022,HERON RD WB btwn RIVERSIDE DR & BRONSON AVE RAMP 36,368320.6908,5026669.167,9/7/16,17:22,01 - Clear,01 - Dry,10 - No control,01 - Non intersection,01 - Daylight,02 - Non-fatal injury,03 - Rear end
6023,HERWIG PL btwn FIREFLY LANE & END,369561.3973,5009293.885,1/29/16,3:00,03 - Snow,03 - Loose snow,10 - No control,04 - At/near private drive,07 - Dark,03 - P.D. only,07 - SMV other
6024,HERZBERG RD @ CARLING AVE,352037.3927,5022300.493,8/17/16,17:40,01 - Clear,01 - Dry,01 - Traffic signal,02 - Intersection related,01 - Daylight,02 - Non-fatal injury,03 - Rear end
6025,HERZBERG RD @ CARLING AVE,352036.9382,5022300.038,8/2/16,7:45,01 - Clear,01 - Dry,01 - Traffic signal,02 - Intersection related,01 - Daylight,03 - P.D. only,03 - Rear end
6026,HERZBERG RD @ CARLING AVE,352038.3979,5022300.833,6/15/16,17:43,01 - Clear,01 - Dry,01 - Traffic signal,02 - Intersection related,01 - Daylight,03 - P.D. only,03 - Rear end
6027,HERZBERG RD @ CARLING AVE,352039.2763,5022300.079,11/30/16,6:00,"07 - Fog, mist, smoke, dust",02 - Wet,01 - Traffic signal,02 - Intersection related,07 - Dark,03 - P.D. only,07 - SMV other
6028,HERZBERG RD @ MARCH RD,352323.9936,5021528.557,4/15/16,14:56,01 - Clear,01 - Dry,01 - Traffic signal,02 - Intersection related,01 - Daylight,02 - Non-fatal injury,04 - Sideswipe
6029,HERZBERG RD @ MARCH RD,352324.4504,5021528.074,12/20/16,3:03,03 - Snow,03 - Loose snow,01 - Traffic signal,02 - Intersection related,07 - Dark,02 - Non-fatal injury,07 - SMV other
6030,HERZBERG RD @ MARCH RD,352323.4027,5021527.83,1/18/16,17:51,01 - Clear,02 - Wet,01 - Traffic signal,02 - Intersection related,07 - Dark,03 - P.D. only,03 - Rear end
6031,HERZBERG RD @ MARCH RD,352324.569,5021529.198,12/8/16,19:15,03 - Snow,03 - Loose snow,01 - Traffic signal,03 - At intersection,07 - Dark,03 - P.D. only,02 - Angle
6032,HERZBERG RD @ MARCH RD,352321.9659,5021530.559,2/13/16,13:29,03 - Snow,06 - Ice,01 - Traffic signal,02 - Intersection related,01 - Daylight,03 - P.D. only,03 - Rear end
6033,HERZBERG RD btwn LEGGET DR & CARLING AVE,351995.384,5022395.317,12/1/16,12:37,01 - Clear,01 - Dry,10 - No control,01 - Non intersection,01 - Daylight,02 - Non-fatal injury,03 - Rear end
6034,HIGH RD btwn EARL ARMSTRONG RD & ALBION RD,374447.8309,5017837.582,12/5/16,7:37,03 - Snow,05 - Packed snow,10 - No control,01 - Non intersection,03 - Dawn,03 - P.D. only,01 - Approaching
6035,HIGHBURY PARK DR @ LONGFIELDS DR,364162.5328,5015915.687,12/15/16,8:57,01 - Clear,03 - Loose snow,02 - Stop sign,03 - At intersection,01 - Daylight,03 - P.D. only,05 - Turning movement
6036,HIGHBURY PARK DR @ VIA VERONA AVE/COLINDALE AVE,364016.746,5015829.323,9/20/16,3:30,01 - Clear,01 - Dry,02 - Stop sign,02 - Intersection related,07 - Dark,03 - P.D. only,07 - SMV other