Record,Location,X,Y,Date,Time,Environment,Road_Surface,Traffic_Control,Collision_Location,Light,Collision_Classification,Impact_type
7082,HIGHWAY 417 btwn HWY417 IC96 RAMP61 & HIGHWAY 417,387509.3903,5023862.365,12/26/16,13:56,04 - Freezing Rain,06 - Ice,10 - No control,01 - Non intersection,01 - Daylight,03 - P.D. only,07 - SMV other
7083,HIGHWAY 417 btwn HWY417 IC96 RAMP61 & HWY417 IC88 RAMP16,395324.6852,5022492.637,1/26/16,8:00,01 - Clear,02 - Wet,10 - No control,01 - Non intersection,01 - Daylight,02 - Non-fatal injury,07 - SMV other
7084,HIGHWAY 417 btwn HWY417 IC96 RAMP61 & HWY417 IC88 RAMP16,392487.1586,5022889.702,9/5/16,16:20,01 - Clear,01 - Dry,10 - No control,01 - Non intersection,01 - Daylight,02 - Non-fatal injury,07 - SMV other
7085,HIGHWAY 417 btwn HWY417 IC96 RAMP61 & HWY417 IC88 RAMP16,392506.611,5022899.795,1/11/16,6:45,01 - Clear,02 - Wet,10 - No control,01 - Non intersection,07 - Dark,03 - P.D. only,04 - Sideswipe
7086,HIGHWAY 417 btwn HWY417 IC96 RAMP61 & HWY417 IC88 RAMP16,392326.5615,5022925.57,2/9/16,22:40,03 - Snow,02 - Wet,10 - No control,01 - Non intersection,07 - Dark,03 - P.D. only,07 - SMV other
7087,HIGHWAY 417 btwn HWY417 IC96 RAMP61 & HWY417 IC88 RAMP16,392287.9105,5022941.772,2/6/16,9:34,03 - Snow,03 - Loose snow,10 - No control,01 - Non intersection,01 - Daylight,03 - P.D. only,07 - SMV other
7088,HIGHWAY 417 btwn HWY417 IC96 RAMP61 & HWY417 IC88 RAMP16,392332.8898,5022923.251,2/6/16,8:05,01 - Clear,06 - Ice,10 - No control,01 - Non intersection,01 - Daylight,03 - P.D. only,07 - SMV other
7089,HIGHWAY 417 btwn HWY417 IC96 RAMP61 & HWY417 IC88 RAMP16,395321.6932,5022490.46,5/31/16,6:00,01 - Clear,01 - Dry,10 - No control,01 - Non intersection,01 - Daylight,03 - P.D. only,07 - SMV other
7090,HIGHWAY 417 btwn HWY417 IC96 RAMP61 & HWY417 IC88 RAMP16,392391.8753,5022909.478,9/3/16,3:40,01 - Clear,01 - Dry,10 - No control,01 - Non intersection,07 - Dark,03 - P.D. only,07 - SMV other
7091,HIGHWAY 417 btwn HWY417 IC96 RAMP61 & HWY417 IC88 RAMP16,392387.9586,5022913.296,7/2/16,10:15,01 - Clear,01 - Dry,10 - No control,01 - Non intersection,01 - Daylight,03 - P.D. only,07 - SMV other
7092,HIGHWAY 417 btwn HWY417 IC96 RAMP61 & HWY417 IC88 RAMP16,392444.5436,5022905.272,8/3/16,10:50,01 - Clear,01 - Dry,10 - No control,01 - Non intersection,01 - Daylight,03 - P.D. only,03 - Rear end
7093,HIGHWAY 417 btwn HWY417 IC96 RAMP61 & HWY417 IC88 RAMP16,392417.5382,5022907.741,2/25/16,17:17,03 - Snow,03 - Loose snow,10 - No control,01 - Non intersection,01 - Daylight,03 - P.D. only,07 - SMV other
7094,HIGHWAY 417 btwn RAMP & HWY417 IC129 RAMP76,359858.0802,5023171.613,10/14/16,5:30,01 - Clear,01 - Dry,10 - No control,01 - Non intersection,07 - Dark,03 - P.D. only,04 - Sideswipe
7095,HIGHWAY 417 btwn RAMP & HWY417 IC129 RAMP76,360186.4818,5023347.284,10/5/16,12:20,01 - Clear,01 - Dry,10 - No control,01 - Non intersection,01 - Daylight,03 - P.D. only,04 - Sideswipe
7096,HIGHWAY 417 btwn RAMP & HWY417 IC129 RAMP76,359844.6895,5023168.265,12/18/16,8:19,03 - Snow,03 - Loose snow,10 - No control,01 - Non intersection,01 - Daylight,03 - P.D. only,07 - SMV other
7097,HIGHWAY 417 btwn RAMP & HWY417 IC88 RAMP51,392282.6189,5022902.084,2/6/16,8:54,03 - Snow,03 - Loose snow,10 - No control,01 - Non intersection,01 - Daylight,02 - Non-fatal injury,07 - SMV other
7098,HIGHWAY 417 btwn RAMP & HWY417 IC88 RAMP51,392209.8412,5022904.292,1/13/16,1:05,03 - Snow,05 - Packed snow,10 - No control,01 - Non intersection,07 - Dark,03 - P.D. only,07 - SMV other
7099,HIGHWAY 417 btwn RAMP & HWY417 IC88 RAMP51,392306.7284,5022888.623,1/21/16,3:10,01 - Clear,01 - Dry,10 - No control,01 - Non intersection,07 - Dark,03 - P.D. only,07 - SMV other
7100,HIGHWAY 417 btwn RAMP & HWY417 IC88 RAMP51,392265.5926,5022900.986,3/31/16,15:00,01 - Clear,01 - Dry,10 - No control,01 - Non intersection,01 - Daylight,03 - P.D. only,04 - Sideswipe
7101,HIGHWAY 417 btwn RAMP & HWY417 IC88 RAMP51,392290.5564,5022894.147,2/6/16,9:00,03 - Snow,06 - Ice,10 - No control,01 - Non intersection,01 - Daylight,03 - P.D. only,07 - SMV other
7102,HIGHWAY 417 btwn RAMP & HWY417 IC88 RAMP51,392290.0733,5022888.198,5/20/16,21:10,01 - Clear,01 - Dry,10 - No control,01 - Non intersection,07 - Dark,03 - P.D. only,07 - SMV other
7103,HIGHWAY 417 btwn RAMP & HWY417 IC88 RAMP51,392414.4842,5022878.618,8/5/16,17:15,01 - Clear,01 - Dry,10 - No control,01 - Non intersection,01 - Daylight,03 - P.D. only,03 - Rear end
7104,HIGHWAY 417 btwn RAMP & HWY417 IC88 RAMP51,392352.8891,5022872.691,12/17/16,11:31,03 - Snow,03 - Loose snow,10 - No control,01 - Non intersection,01 - Daylight,03 - P.D. only,07 - SMV other
7105,HIGHWAY 417 btwn RAMP & HWY417 IC88 RAMP51,392236.2632,5022905.272,12/31/16,23:20,03 - Snow,03 - Loose snow,10 - No control,01 - Non intersection,07 - Dark,03 - P.D. only,07 - SMV other
7106,HIGHWAY 417 btwn RAMP & HWY417 IC88 RAMP51,392273.3118,5022910.004,12/26/16,18:25,04 - Freezing Rain,06 - Ice,10 - No control,01 - Non intersection,07 - Dark,03 - P.D. only,07 - SMV other
7107,HIGHWAY 417 btwn REGIONAL ROAD 174 & HWY417 IC113 RAMP62,373284.8423,5031731.714,1/12/16,5:35,01 - Clear,01 - Dry,10 - No control,01 - Non intersection,07 - Dark,03 - P.D. only,03 - Rear end
7108,HIGHWAY 417 btwn REGIONAL ROAD 174 & HWY417 IC113 RAMP62,373294.9366,5031734.837,1/5/16,8:45,01 - Clear,01 - Dry,10 - No control,01 - Non intersection,01 - Daylight,03 - P.D. only,03 - Rear end
7109,HIGHWAY 417 btwn REGIONAL ROAD 174 & HWY417 IC113 RAMP62,373538.5734,5031851.181,2/10/16,7:50,03 - Snow,02 - Wet,10 - No control,01 - Non intersection,01 - Daylight,03 - P.D. only,04 - Sideswipe
7110,HIGHWAY 417 btwn REGIONAL ROAD 174 & HWY417 IC113 RAMP62,373281.3965,5031729.587,9/7/16,7:31,01 - Clear,01 - Dry,10 - No control,01 - Non intersection,01 - Daylight,03 - P.D. only,04 - Sideswipe
7111,HIGHWAY 417 btwn REGIONAL ROAD 174 & HWY417 IC113 RAMP62,373281.2386,5031729.619,5/29/16,12:45,01 - Clear,01 - Dry,10 - No control,01 - Non intersection,01 - Daylight,03 - P.D. only,07 - SMV other
7112,HIGHWAY 417 btwn REGIONAL ROAD 174 & HWY417 IC113 RAMP62,373289.5793,5031732.914,5/30/16,7:15,01 - Clear,01 - Dry,10 - No control,01 - Non intersection,01 - Daylight,03 - P.D. only,03 - Rear end
7113,HIGHWAY 417 btwn REGIONAL ROAD 174 & HWY417 IC113 RAMP62,373290.2507,5031731.109,6/3/16,8:30,01 - Clear,01 - Dry,10 - No control,01 - Non intersection,01 - Daylight,03 - P.D. only,04 - Sideswipe
7114,HIGHWAY 417 btwn REGIONAL ROAD 174 & HWY417 IC113 RAMP62,373348.8358,5031762.153,12/14/16,16:10,01 - Clear,01 - Dry,10 - No control,01 - Non intersection,05 - Dusk,03 - P.D. only,04 - Sideswipe
7115,HIGHWAY 417 btwn REGIONAL ROAD 174 & HWY417 IC113 RAMP62,373524.4155,5031844.065,5/3/16,14:21,01 - Clear,01 - Dry,10 - No control,01 - Non intersection,01 - Daylight,03 - P.D. only,04 - Sideswipe
7116,HIGHWAY 417 btwn REGIONAL ROAD 174 & HWY417 IC113 RAMP85,373756.1884,5031786.56,2/16/16,16:50,03 - Snow,03 - Loose snow,10 - No control,01 - Non intersection,01 - Daylight,02 - Non-fatal injury,04 - Sideswipe
7117,HIGHWAY 417 btwn REGIONAL ROAD 174 & HWY417 IC113 RAMP85,373528.2142,5031788.389,3/13/16,3:45,01 - Clear,01 - Dry,10 - No control,01 - Non intersection,07 - Dark,03 - P.D. only,07 - SMV other
7118,HIGHWAY 417 btwn REGIONAL ROAD 174 & HWY417 IC113 RAMP85,373381.6333,5031744.015,8/31/16,15:05,01 - Clear,01 - Dry,10 - No control,01 - Non intersection,01 - Daylight,03 - P.D. only,07 - SMV other
7119,HIGHWAY 417 btwn REGIONAL ROAD 174 & HWY417 IC113 RAMP85,373606.0604,5031796.025,2/22/16,16:50,01 - Clear,01 - Dry,10 - No control,01 - Non intersection,"02 - Daylight, artificial",03 - P.D. only,04 - Sideswipe
7120,HIGHWAY 417 btwn TRANSIT & HWY417 IC127 RAMP35,362033.8964,5024753.707,9/16/16,10:40,01 - Clear,01 - Dry,10 - No control,01 - Non intersection,01 - Daylight,03 - P.D. only,03 - Rear end
7121,HIGHWAY 7 btwn ASHTON STATION RD & OVERPASS RD,340065.4816,5003826.573,12/26/16,17:00,04 - Freezing Rain,06 - Ice,10 - No control,01 - Non intersection,07 - Dark,03 - P.D. only,07 - SMV other
7122,HIGHWAY 7 btwn ASHTON STATION RD & OVERPASS RD,340013.3077,5003803.83,12/26/16,17:00,04 - Freezing Rain,06 - Ice,10 - No control,01 - Non intersection,07 - Dark,03 - P.D. only,07 - SMV other
7123,HIGHWAY 7 btwn DWYER HILL RD & UPPER DWYER HILL RD,340972.0624,5007166.914,2/29/16,6:35,04 - Freezing Rain,02 - Wet,10 - No control,01 - Non intersection,07 - Dark,02 - Non-fatal injury,07 - SMV other
7124,HIGHWAY 7 btwn DWYER HILL RD & UPPER DWYER HILL RD,340974.8163,5007183.369,1/31/16,6:25,01 - Clear,01 - Dry,10 - No control,01 - Non intersection,07 - Dark,03 - P.D. only,07 - SMV other
7125,HIGHWAY 7 btwn HAZELDEAN IC RAMP 53 & HIGHWAY 7,342367.2757,5008438.578,5/27/16,23:35,01 - Clear,01 - Dry,10 - No control,01 - Non intersection,07 - Dark,03 - P.D. only,07 - SMV other
7126,HIGHWAY 7 btwn HWY 7 HAZELDEAN RD IC RAMP 34 & HAZELDEAN RD IC RAMP 63,346364.6015,5012325.16,1/18/16,0:45,03 - Snow,03 - Loose snow,10 - No control,01 - Non intersection,"08 - Dark, artificial",03 - P.D. only,07 - SMV other
7127,HIGHWAY 7 btwn HWY 7 HAZELDEAN RD IC RAMP 34 & HAZELDEAN RD IC RAMP 63,346363.3752,5012322.869,4/6/16,7:47,03 - Snow,03 - Loose snow,10 - No control,01 - Non intersection,01 - Daylight,03 - P.D. only,07 - SMV other
7128,HIGHWAY 7 btwn HWY 7 HAZELDEAN RD IC RAMP 52 & HAZELDEAN RD IC RAMP 62,346409.1982,5012358.049,1/27/16,5:55,01 - Clear,04 - Slush,10 - No control,01 - Non intersection,07 - Dark,02 - Non-fatal injury,07 - SMV other
7129,HIGHWAY 7 btwn HWY 7 HAZELDEAN RD IC RAMP 52 & HAZELDEAN RD IC RAMP 62,346404.4211,5012341.357,5/11/16,18:00,01 - Clear,01 - Dry,10 - No control,01 - Non intersection,01 - Daylight,02 - Non-fatal injury,07 - SMV other
7130,HIGHWAY 7 btwn HWY 7 HAZELDEAN RD IC RAMP 52 & HAZELDEAN RD IC RAMP 62,346403.0713,5012319.085,5/31/16,17:30,01 - Clear,01 - Dry,10 - No control,01 - Non intersection,01 - Daylight,02 - Non-fatal injury,07 - SMV other
7131,HIGHWAY 7 btwn HWY 7 HAZELDEAN RD IC RAMP 52 & HAZELDEAN RD IC RAMP 62,346402.0859,5012314.638,7/17/16,7:50,01 - Clear,01 - Dry,10 - No control,01 - Non intersection,01 - Daylight,02 - Non-fatal injury,07 - SMV other
7132,HIGHWAY 7 btwn HWY 7 HAZELDEAN RD IC RAMP 52 & HAZELDEAN RD IC RAMP 62,346402.3964,5012320.435,6/22/16,5:28,01 - Clear,01 - Dry,10 - No control,01 - Non intersection,03 - Dawn,03 - P.D. only,07 - SMV other
7133,HIGHWAY 7 btwn HWY 7 HAZELDEAN RD IC RAMP 63 & HAZELDEAN RD,346357.8034,5012293.076,2/3/16,7:45,04 - Freezing Rain,06 - Ice,10 - No control,01 - Non intersection,03 - Dawn,03 - P.D. only,07 - SMV other
7134,HIGHWAY 7 btwn HWY 7 HAZELDEAN RD IC RAMP 63 & HAZELDEAN RD,346360.4795,5012299.169,7/6/16,15:14,02 - Rain,02 - Wet,10 - No control,01 - Non intersection,01 - Daylight,03 - P.D. only,07 - SMV other
7135,HIGHWAY 7 btwn HWY 7 HAZELDEAN RD IC RAMP 63 & HAZELDEAN RD,346360.4795,5012302.903,7/6/16,16:00,02 - Rain,02 - Wet,10 - No control,01 - Non intersection,01 - Daylight,03 - P.D. only,03 - Rear end
7136,HIGHWAY 7 btwn HWY417 IC145 RAMP55 & RAMP,346304.4044,5013211.437,9/28/16,18:59,01 - Clear,01 - Dry,10 - No control,01 - Non intersection,01 - Daylight,03 - P.D. only,07 - SMV other
7137,HIGHWAY 7 btwn RAMP & DWYER HILL RD,340921.667,5007117.524,5/4/16,6:30,01 - Clear,01 - Dry,10 - No control,01 - Non intersection,01 - Daylight,03 - P.D. only,07 - SMV other
7138,HIGHWAY 7 btwn TO BE DETERMINED & RAMP,345837.9628,5011402.995,8/9/16,3:20,01 - Clear,01 - Dry,10 - No control,01 - Non intersection,07 - Dark,03 - P.D. only,07 - SMV other
7139,HIGHWAY 7 btwn UPPER DWYER HILL RD & HIGHWAY 7,341194.9842,5007379.772,12/14/16,17:02,01 - Clear,01 - Dry,10 - No control,01 - Non intersection,07 - Dark,02 - Non-fatal injury,07 - SMV other
7140,HIGHWAY 7 btwn UPPER DWYER HILL RD & HIGHWAY 7,341072.412,5007274.395,4/1/16,19:52,01 - Clear,01 - Dry,10 - No control,01 - Non intersection,05 - Dusk,03 - P.D. only,07 - SMV other
7141,HIGHWAY 7 btwn UPPER DWYER HILL RD & HIGHWAY 7,341099.7859,5007298.812,2/12/16,17:35,03 - Snow,03 - Loose snow,10 - No control,01 - Non intersection,"06 - Dusk, artificial",03 - P.D. only,07 - SMV other
7142,HIGHWAY 7 btwn UPPER DWYER HILL RD & HIGHWAY 7,341111.8187,5007330.353,6/21/16,7:53,01 - Clear,01 - Dry,10 - No control,01 - Non intersection,01 - Daylight,03 - P.D. only,04 - Sideswipe
7143,HIGHWAY 7 btwn UPPER DWYER HILL RD & HIGHWAY 7,341013.0095,5007219.775,6/24/16,22:08,01 - Clear,01 - Dry,10 - No control,01 - Non intersection,07 - Dark,03 - P.D. only,07 - SMV other
7144,HIGHWAY 7 btwn UPPER DWYER HILL RD & HIGHWAY 7,341112.9157,5007337.523,10/11/16,22:30,01 - Clear,01 - Dry,10 - No control,01 - Non intersection,07 - Dark,03 - P.D. only,07 - SMV other
7145,HIGHWAY 7 WB btwn HIGHWAY 417 HWY 7 RAMP 66/76 & HIGHWAY 7 HAZELDEAN IC RAMP 34,346142.1437,5013950.348,9/17/16,23:50,02 - Rain,02 - Wet,10 - No control,01 - Non intersection,07 - Dark,03 - P.D. only,07 - SMV other
7146,HILLIARD AVE btwn LIPSTAN AVE & OAKWOOD AVE,366202.9578,5025709.39,5/25/16,12:29,01 - Clear,01 - Dry,10 - No control,01 - Non intersection,01 - Daylight,03 - P.D. only,07 - SMV other
7147,HILLSIDE DR @ MONTREAL RD,371705.0356,5033894.357,6/16/16,18:30,01 - Clear,01 - Dry,02 - Stop sign,02 - Intersection related,01 - Daylight,03 - P.D. only,03 - Rear end
7148,HILSON AVE @ BYRON AVE,363969.0296,5028477.307,12/21/16,13:43,01 - Clear,01 - Dry,02 - Stop sign,03 - At intersection,01 - Daylight,03 - P.D. only,02 - Angle
7149,HILSON AVE @ CLARE ST,364171.3183,5028017.771,7/6/16,9:37,01 - Clear,01 - Dry,02 - Stop sign,02 - Intersection related,01 - Daylight,03 - P.D. only,99 - Other
7150,HINCHEY AVE @ SCOTT ST,365087.6034,5029810.344,8/31/16,2:36,01 - Clear,01 - Dry,02 - Stop sign,02 - Intersection related,07 - Dark,03 - P.D. only,07 - SMV other
7151,HINCHEY AVE @ SCOTT ST,365088.4674,5029808.545,12/1/16,20:19,01 - Clear,02 - Wet,02 - Stop sign,02 - Intersection related,07 - Dark,03 - P.D. only,04 - Sideswipe
7152,HINCKS LANE @ RIVERSIDE DR,370166.7159,5030206.009,1/6/16,11:00,01 - Clear,01 - Dry,01 - Traffic signal,02 - Intersection related,01 - Daylight,02 - Non-fatal injury,03 - Rear end
7153,HINCKS LANE @ RIVERSIDE DR,370166.599,5030205.661,1/27/16,11:51,01 - Clear,02 - Wet,01 - Traffic signal,02 - Intersection related,01 - Daylight,03 - P.D. only,03 - Rear end
7154,HINCKS LANE @ RIVERSIDE DR,370166.4964,5030205.346,1/27/16,13:15,01 - Clear,01 - Dry,01 - Traffic signal,02 - Intersection related,01 - Daylight,03 - P.D. only,03 - Rear end
7155,HINCKS LANE @ RIVERSIDE DR,370166.4886,5030205.566,7/13/16,11:22,01 - Clear,01 - Dry,01 - Traffic signal,02 - Intersection related,01 - Daylight,03 - P.D. only,03 - Rear end
7156,HINES RD @ SOLANDT RD,350331.0175,5022568.193,4/6/16,17:48,03 - Snow,03 - Loose snow,10 - No control,03 - At intersection,01 - Daylight,03 - P.D. only,02 - Angle
7157,HINTON AVE   N btwn ARMSTRONG ST & WELLINGTON ST W,365001.8411,5029200.364,10/7/16,14:35,01 - Clear,01 - Dry,10 - No control,01 - Non intersection,01 - Daylight,03 - P.D. only,04 - Sideswipe
7158,HOBART CRES btwn ESTELLE CRES & JANSEN RD (2),360108.5068,5020971.337,7/18/16,8:32,01 - Clear,01 - Dry,10 - No control,01 - Non intersection,01 - Daylight,03 - P.D. only,06 - SMV unattended vehicle
7159,HOBIN ST btwn WENDELL AVE & KYLE AVE,349073.8048,5014029.937,5/8/16,9:49,01 - Clear,01 - Dry,10 - No control,01 - Non intersection,01 - Daylight,03 - P.D. only,06 - SMV unattended vehicle
7160,HOBSON RD btwn EGAN RD & END,368536.8259,5026153.006,6/20/16,8:55,01 - Clear,01 - Dry,10 - No control,01 - Non intersection,01 - Daylight,03 - P.D. only,04 - Sideswipe
7161,HOCHELAGA ST btwn GULF PL & BERMUDA AVE,373042.8658,5034293.791,3/7/16,0:13,01 - Clear,01 - Dry,10 - No control,04 - At/near private drive,07 - Dark,03 - P.D. only,06 - SMV unattended vehicle
7162,HOGARTH AVE btwn FENMORE ST & BANNON WAY,373006.4804,5023129.466,11/2/16,8:27,01 - Clear,01 - Dry,10 - No control,01 - Non intersection,01 - Daylight,02 - Non-fatal injury,03 - Rear end
7163,HOG'S BACK RD btwn COLONEL BY DR & RIVERSIDE DR,367685.4603,5025929.682,6/20/16,16:00,01 - Clear,01 - Dry,10 - No control,01 - Non intersection,01 - Daylight,03 - P.D. only,03 - Rear end
7164,HOG'S BACK RD btwn COLONEL BY DR & RIVERSIDE DR,367689.0679,5025932.388,5/31/16,16:54,01 - Clear,01 - Dry,10 - No control,01 - Non intersection,01 - Daylight,03 - P.D. only,03 - Rear end
7165,HOG'S BACK RD btwn COLONEL BY DR & RIVERSIDE DR,367904.357,5026097.056,10/14/16,8:54,01 - Clear,01 - Dry,10 - No control,01 - Non intersection,01 - Daylight,03 - P.D. only,03 - Rear end
7166,HOG'S BACK RD btwn COLONEL BY DR & RIVERSIDE DR,367852.5018,5026050.614,7/21/16,10:03,01 - Clear,01 - Dry,10 - No control,04 - At/near private drive,01 - Daylight,03 - P.D. only,02 - Angle
7167,HOG'S BACK RD btwn PRINCE OF WALES DR & COLONEL BY DR,367381.065,5025699.165,10/18/16,14:43,01 - Clear,01 - Dry,10 - No control,01 - Non intersection,01 - Daylight,03 - P.D. only,04 - Sideswipe
7168,HOLITMAN DR btwn THARE CRES & FOXFIELD DR,363833.1175,5016973.888,11/14/16,17:19,01 - Clear,01 - Dry,10 - No control,01 - Non intersection,07 - Dark,03 - P.D. only,06 - SMV unattended vehicle
7169,HOLLAND AVE @ ISLAND PARK DR/N.C.C. DRIVEWAY,365426.3562,5027918.194,8/24/16,16:29,01 - Clear,01 - Dry,01 - Traffic signal,03 - At intersection,01 - Daylight,02 - Non-fatal injury,05 - Turning movement
7170,HOLLAND AVE @ ISLAND PARK DR/N.C.C. DRIVEWAY,365425.9171,5027917.316,7/13/16,23:25,01 - Clear,01 - Dry,01 - Traffic signal,03 - At intersection,07 - Dark,02 - Non-fatal injury,05 - Turning movement
7171,HOLLAND AVE @ ISLAND PARK DR/N.C.C. DRIVEWAY,365425.6313,5027917.073,10/5/16,9:45,01 - Clear,01 - Dry,01 - Traffic signal,03 - At intersection,01 - Daylight,02 - Non-fatal injury,02 - Angle
7172,HOLLAND AVE @ ISLAND PARK DR/N.C.C. DRIVEWAY,365427.1506,5027916.06,6/8/16,10:14,01 - Clear,02 - Wet,01 - Traffic signal,02 - Intersection related,01 - Daylight,02 - Non-fatal injury,05 - Turning movement
7173,HOLLAND AVE @ ISLAND PARK DR/N.C.C. DRIVEWAY,365424.5257,5027916.754,8/3/16,21:45,01 - Clear,01 - Dry,01 - Traffic signal,03 - At intersection,07 - Dark,03 - P.D. only,05 - Turning movement
7174,HOLLAND AVE @ ISLAND PARK DR/N.C.C. DRIVEWAY,365426.2861,5027918.031,6/29/16,19:30,01 - Clear,01 - Dry,01 - Traffic signal,02 - Intersection related,01 - Daylight,03 - P.D. only,03 - Rear end
7175,HOLLAND AVE @ ISLAND PARK DR/N.C.C. DRIVEWAY,365425.4703,5027917.081,3/4/16,15:15,01 - Clear,02 - Wet,01 - Traffic signal,03 - At intersection,01 - Daylight,03 - P.D. only,05 - Turning movement
7176,HOLLAND AVE @ ISLAND PARK DR/N.C.C. DRIVEWAY,365426.22,5027917.097,8/31/16,15:29,01 - Clear,01 - Dry,01 - Traffic signal,03 - At intersection,01 - Daylight,03 - P.D. only,05 - Turning movement
7177,HOLLAND AVE @ KENILWORTH ST,365214.0387,5028496.771,5/20/16,14:29,01 - Clear,01 - Dry,01 - Traffic signal,02 - Intersection related,01 - Daylight,03 - P.D. only,99 - Other
7178,HOLLAND AVE @ RUSKIN ST,365279.9218,5028350.337,10/19/16,9:47,01 - Clear,01 - Dry,02 - Stop sign,02 - Intersection related,01 - Daylight,03 - P.D. only,05 - Turning movement
7179,HOLLAND AVE @ SHERWOOD DR,365152.1851,5028646.485,12/7/16,20:25,03 - Snow,03 - Loose snow,02 - Stop sign,02 - Intersection related,07 - Dark,02 - Non-fatal injury,07 - SMV other
7180,HOLLAND AVE @ TYNDALL ST,365031.4949,5028917.669,2/18/16,9:44,01 - Clear,06 - Ice,01 - Traffic signal,02 - Intersection related,01 - Daylight,03 - P.D. only,03 - Rear end
7181,HOLLAND AVE @ TYNDALL ST,365032.0876,5028916.775,5/10/16,17:04,01 - Clear,01 - Dry,01 - Traffic signal,02 - Intersection related,01 - Daylight,03 - P.D. only,04 - Sideswipe
7182,HOLLAND AVE @ TYNDALL ST,365031.4118,5028917.512,12/23/16,2:52,03 - Snow,03 - Loose snow,01 - Traffic signal,02 - Intersection related,07 - Dark,03 - P.D. only,03 - Rear end
7183,HOLLAND AVE @ WELLINGTON ST,364929.025,5029152.427,5/17/16,13:55,01 - Clear,01 - Dry,01 - Traffic signal,03 - At intersection,01 - Daylight,02 - Non-fatal injury,05 - Turning movement
7184,HOLLAND AVE @ WELLINGTON ST,364929.0196,5029153.1,7/25/16,18:39,01 - Clear,01 - Dry,01 - Traffic signal,03 - At intersection,01 - Daylight,02 - Non-fatal injury,03 - Rear end
7185,HOLLAND AVE @ WELLINGTON ST,364929.0428,5029152.896,8/16/16,6:08,01 - Clear,01 - Dry,01 - Traffic signal,02 - Intersection related,03 - Dawn,03 - P.D. only,05 - Turning movement
7186,HOLLAND AVE @ WELLINGTON ST,364930.7991,5029152.457,1/14/16,6:54,03 - Snow,03 - Loose snow,01 - Traffic signal,02 - Intersection related,07 - Dark,03 - P.D. only,03 - Rear end
7187,HOLLAND AVE @ WELLINGTON ST,364929.0428,5029153.774,11/17/16,13:29,01 - Clear,01 - Dry,01 - Traffic signal,03 - At intersection,01 - Daylight,03 - P.D. only,02 - Angle
7188,HOLLAND AVE btwn ARMSTRONG ST & WELLINGTON ST W,364925.3832,5029161.736,7/11/16,18:22,01 - Clear,01 - Dry,10 - No control,01 - Non intersection,01 - Daylight,03 - P.D. only,06 - SMV unattended vehicle
7189,HOLLAND AVE btwn ARMSTRONG ST & WELLINGTON ST W,364878.1405,5029265.695,12/23/16,20:28,01 - Clear,01 - Dry,10 - No control,01 - Non intersection,07 - Dark,03 - P.D. only,06 - SMV unattended vehicle
7190,HOLLAND AVE btwn INGLEWOOD PL & CARLING AVE,365401.588,5028072.886,2/4/16,9:42,01 - Clear,02 - Wet,10 - No control,01 - Non intersection,01 - Daylight,02 - Non-fatal injury,05 - Turning movement
7191,HOLLAND AVE btwn INGLEWOOD PL & CARLING AVE,365374.408,5028134.569,1/21/16,3:35,01 - Clear,01 - Dry,10 - No control,01 - Non intersection,07 - Dark,03 - P.D. only,06 - SMV unattended vehicle
7192,HOLLAND AVE btwn RUSKIN ST & INGLEWOOD PL,365282.6204,5028343.149,4/6/16,12:46,01 - Clear,01 - Dry,10 - No control,01 - Non intersection,01 - Daylight,03 - P.D. only,04 - Sideswipe
7193,HOLLAND AVE btwn TYNDALL ST & 95 N OF SHERWOOD DR/FISHER PARK HS,365065.2179,5028846.34,10/18/16,20:40,02 - Rain,02 - Wet,10 - No control,01 - Non intersection,07 - Dark,03 - P.D. only,07 - SMV other
7194,HOLLAND AVE btwn WELLINGTON ST W & BYRON AVE,364934.5313,5029143.017,10/28/16,13:05,01 - Clear,01 - Dry,10 - No control,04 - At/near private drive,01 - Daylight,03 - P.D. only,99 - Other
7195,HOLLAND AVE btwn WELLINGTON ST W & BYRON AVE,364951.465,5029103.648,1/12/16,12:36,03 - Snow,02 - Wet,10 - No control,04 - At/near private drive,01 - Daylight,03 - P.D. only,02 - Angle
7196,HOLLAND AVE btwn WELLINGTON ST W & BYRON AVE,364936.068,5029139.284,8/17/16,16:09,01 - Clear,01 - Dry,10 - No control,04 - At/near private drive,01 - Daylight,03 - P.D. only,02 - Angle
7197,HOLLAND AVE btwn WELLINGTON ST W & BYRON AVE,364967.656,5029062.645,7/13/16,16:13,02 - Rain,02 - Wet,10 - No control,01 - Non intersection,01 - Daylight,03 - P.D. only,03 - Rear end
7198,HOLLAND AVE/TUNNEY'S PASTURE @ SCOTT ST,364740.0094,5029593.888,5/18/16,8:04,01 - Clear,01 - Dry,01 - Traffic signal,03 - At intersection,01 - Daylight,02 - Non-fatal injury,07 - SMV other
7199,HOLLAND AVE/TUNNEY'S PASTURE @ SCOTT ST,364736.9207,5029596.576,7/31/16,14:41,01 - Clear,01 - Dry,01 - Traffic signal,02 - Intersection related,01 - Daylight,02 - Non-fatal injury,02 - Angle
7200,HOLLAND AVE/TUNNEY'S PASTURE @ SCOTT ST,364738.7542,5029596.399,3/17/16,11:00,01 - Clear,01 - Dry,01 - Traffic signal,03 - At intersection,01 - Daylight,02 - Non-fatal injury,07 - SMV other
7201,HOLLAND AVE/TUNNEY'S PASTURE @ SCOTT ST,364738.9691,5029595.86,6/27/16,15:13,01 - Clear,01 - Dry,01 - Traffic signal,02 - Intersection related,01 - Daylight,02 - Non-fatal injury,04 - Sideswipe
7202,HOLLAND AVE/TUNNEY'S PASTURE @ SCOTT ST,364737.3033,5029595.809,2/17/16,9:17,01 - Clear,05 - Packed snow,01 - Traffic signal,02 - Intersection related,01 - Daylight,03 - P.D. only,03 - Rear end
7203,HOLLAND AVE/TUNNEY'S PASTURE @ SCOTT ST,364738.0458,5029596.552,3/2/16,9:19,03 - Snow,05 - Packed snow,01 - Traffic signal,02 - Intersection related,01 - Daylight,03 - P.D. only,03 - Rear end