Record,Location,X,Y,Date,Time,Environment,Road_Surface,Traffic_Control,Collision_Location,Light,Collision_Classification,Impact_type
7204,HOLLAND AVE/TUNNEY'S PASTURE @ SCOTT ST,364737.7828,5029595.531,1/4/16,9:22,01 - Clear,02 - Wet,01 - Traffic signal,02 - Intersection related,01 - Daylight,03 - P.D. only,05 - Turning movement
7205,HOLLAND AVE/TUNNEY'S PASTURE @ SCOTT ST,364736.5474,5029595.31,6/16/16,14:20,01 - Clear,01 - Dry,01 - Traffic signal,02 - Intersection related,01 - Daylight,03 - P.D. only,03 - Rear end
7206,HOLLAND AVE/TUNNEY'S PASTURE @ SCOTT ST,364738.8101,5029594.556,6/9/16,15:33,01 - Clear,01 - Dry,01 - Traffic signal,03 - At intersection,01 - Daylight,03 - P.D. only,05 - Turning movement
7207,HOLLAND AVE/TUNNEY'S PASTURE @ SCOTT ST,364737.6554,5029594.565,10/6/16,12:00,01 - Clear,01 - Dry,01 - Traffic signal,03 - At intersection,01 - Daylight,03 - P.D. only,03 - Rear end
7208,HOLLOW TRAIL GT btwn SPRATT RD & ROCKY HARBOUR CRES,368914.2209,5016288.942,3/4/16,18:00,01 - Clear,04 - Slush,10 - No control,01 - Non intersection,05 - Dusk,03 - P.D. only,07 - SMV other
7209,HOLLY ACRES RD @ CARLING AVE,358233.6044,5023497.429,11/18/16,19:41,01 - Clear,01 - Dry,01 - Traffic signal,03 - At intersection,07 - Dark,02 - Non-fatal injury,05 - Turning movement
7210,HOLLY ACRES RD @ CARLING AVE,358234.4368,5023496.86,12/8/16,17:31,03 - Snow,02 - Wet,01 - Traffic signal,03 - At intersection,07 - Dark,02 - Non-fatal injury,05 - Turning movement
7211,HOLLY ACRES RD @ CARLING AVE,358233.9977,5023497.738,11/2/16,8:53,01 - Clear,01 - Dry,01 - Traffic signal,03 - At intersection,01 - Daylight,02 - Non-fatal injury,05 - Turning movement
7212,HOLLY ACRES RD @ CARLING AVE,358234.429,5023497.973,6/28/16,13:18,01 - Clear,01 - Dry,01 - Traffic signal,03 - At intersection,01 - Daylight,03 - P.D. only,02 - Angle
7213,HOLLY ACRES RD @ TRANSITWAY - BAYSHORE/278 N O,358496.6392,5022986.293,3/10/16,23:52,01 - Clear,02 - Wet,01 - Traffic signal,02 - Intersection related,07 - Dark,02 - Non-fatal injury,03 - Rear end
7214,HOLLY ACRES RD @ TRANSITWAY - BAYSHORE/278 N O,358495.8469,5022986.042,9/18/16,21:37,01 - Clear,01 - Dry,01 - Traffic signal,02 - Intersection related,07 - Dark,03 - P.D. only,03 - Rear end
7215,HOLLY ACRES RD btwn AERO DR & TRANSIT,358485.4997,5022994.683,7/11/16,8:31,01 - Clear,01 - Dry,10 - No control,01 - Non intersection,01 - Daylight,03 - P.D. only,07 - SMV other
7216,HOLLY ACRES RD btwn HWY416 IC75C RAMP24 & RICHMOND RD,359013.1666,5022768.252,3/17/16,16:44,01 - Clear,01 - Dry,10 - No control,01 - Non intersection,01 - Daylight,03 - P.D. only,03 - Rear end
7217,HOLMWOOD AVE btwn BANK ST & ADELAIDE ST,368513.3578,5029215.292,2/19/16,19:30,03 - Snow,04 - Slush,10 - No control,01 - Non intersection,07 - Dark,03 - P.D. only,01 - Approaching
7218,HOLMWOOD AVE btwn RALPH ST & MONK ST,368296.3008,5029087.949,2/5/16,15:54,01 - Clear,06 - Ice,10 - No control,04 - At/near private drive,01 - Daylight,03 - P.D. only,02 - Angle
7219,HONEYWELL AVE btwn LOCKHART AVE & SHERBOURNE RD,361911.9367,5026859.133,2/24/16,9:35,03 - Snow,05 - Packed snow,10 - No control,04 - At/near private drive,01 - Daylight,03 - P.D. only,06 - SMV unattended vehicle
7220,HOPE SIDE RD @ RICHMOND RD,356952.8586,5015486.545,3/14/16,9:06,01 - Clear,01 - Dry,02 - Stop sign,02 - Intersection related,01 - Daylight,03 - P.D. only,07 - SMV other
7221,HOPE SIDE RD @ RICHMOND RD,356951.978,5015484.776,1/30/16,11:45,01 - Clear,01 - Dry,02 - Stop sign,02 - Intersection related,01 - Daylight,03 - P.D. only,03 - Rear end
7222,HOPE SIDE RD @ RICHMOND RD,356962.5192,5015479.549,1/5/16,10:30,01 - Clear,06 - Ice,02 - Stop sign,02 - Intersection related,01 - Daylight,03 - P.D. only,07 - SMV other
7223,HOPE SIDE RD btwn CROWNRIDGE DR & RICHMOND RD,356164.8441,5015034.35,10/5/16,18:37,01 - Clear,01 - Dry,10 - No control,04 - At/near private drive,07 - Dark,03 - P.D. only,03 - Rear end
7224,HOPE SIDE RD btwn CROWNRIDGE DR & RICHMOND RD,356119.926,5015008.029,3/29/16,0:05,01 - Clear,01 - Dry,10 - No control,01 - Non intersection,07 - Dark,03 - P.D. only,04 - Sideswipe
7225,HOPEWELL AVE @ SENECA ST,368264.1623,5028203.665,9/12/16,18:54,01 - Clear,01 - Dry,02 - Stop sign,03 - At intersection,01 - Daylight,03 - P.D. only,02 - Angle
7226,HOPEWELL AVE btwn GROSVENOR AVE & BANK ST,368753.8015,5028495.684,11/9/16,0:00,01 - Clear,01 - Dry,10 - No control,01 - Non intersection,07 - Dark,03 - P.D. only,06 - SMV unattended vehicle
7227,HOPEWELL AVE btwn LEONARD AVE & GROSVENOR AVE,368518.5946,5028356.951,4/23/16,11:03,01 - Clear,01 - Dry,10 - No control,01 - Non intersection,01 - Daylight,02 - Non-fatal injury,07 - SMV other
7228,HORNCHURCH LANE btwn OAKWELL DR & LONGFIELDS DR,364221.798,5015505.605,11/9/16,11:40,02 - Rain,02 - Wet,10 - No control,01 - Non intersection,01 - Daylight,03 - P.D. only,06 - SMV unattended vehicle
7229,HOWIE RD btwn JIULIA LAKE PRIV & PESKETT RD,338864.5857,5015218.049,2/3/16,22:40,01 - Clear,02 - Wet,10 - No control,01 - Non intersection,07 - Dark,03 - P.D. only,07 - SMV other
7230,HUMMINGBIRD CRES btwn KENNEVALE DR & KENNEVALE DR,362339.5592,5014688.094,7/2/16,13:00,01 - Clear,01 - Dry,10 - No control,01 - Non intersection,01 - Daylight,03 - P.D. only,06 - SMV unattended vehicle
7231,HUMMINGBIRD CRES btwn KENNEVALE DR & KENNEVALE DR,362351.2741,5014675.239,7/3/16,22:00,01 - Clear,01 - Dry,10 - No control,01 - Non intersection,07 - Dark,03 - P.D. only,06 - SMV unattended vehicle
7232,HUMPHREY WAY @ MCCURDY DR,352250.177,5017973.716,5/16/16,7:32,01 - Clear,01 - Dry,02 - Stop sign,03 - At intersection,01 - Daylight,03 - P.D. only,02 - Angle
7233,HUNT CLUB RD @ BRIDLE PATH DR/DAZE ST,371291.7386,5023864.228,9/17/16,9:08,01 - Clear,01 - Dry,01 - Traffic signal,02 - Intersection related,01 - Daylight,03 - P.D. only,99 - Other
7234,HUNT CLUB RD @ BRIDLE PATH DR/DAZE ST,371287.984,5023865.645,9/1/16,23:42,01 - Clear,01 - Dry,01 - Traffic signal,02 - Intersection related,07 - Dark,03 - P.D. only,03 - Rear end
7235,HUNT CLUB RD @ BRIDLE PATH DR/DAZE ST,371289.7062,5023865.737,10/24/16,18:30,01 - Clear,01 - Dry,01 - Traffic signal,02 - Intersection related,05 - Dusk,03 - P.D. only,04 - Sideswipe
7236,HUNT CLUB RD @ BRIDLE PATH DR/DAZE ST,371291.9484,5023864.284,11/4/16,18:53,01 - Clear,01 - Dry,01 - Traffic signal,02 - Intersection related,07 - Dark,03 - P.D. only,04 - Sideswipe
7237,HUNT CLUB RD @ BRIDLE PATH DR/DAZE ST,371291.9952,5023863.705,3/23/16,7:45,01 - Clear,01 - Dry,01 - Traffic signal,02 - Intersection related,01 - Daylight,03 - P.D. only,03 - Rear end
7238,HUNT CLUB RD @ BRIDLE PATH DR/DAZE ST,371291.0555,5023863.83,4/22/16,10:19,02 - Rain,02 - Wet,01 - Traffic signal,02 - Intersection related,01 - Daylight,03 - P.D. only,05 - Turning movement
7239,HUNT CLUB RD @ BRIDLE PATH DR/DAZE ST,371289.0994,5023864.827,6/29/16,10:35,01 - Clear,01 - Dry,01 - Traffic signal,03 - At intersection,01 - Daylight,03 - P.D. only,02 - Angle
7240,HUNT CLUB RD @ CANADAIR PRIV,368661.6197,5022311.274,2/17/16,7:30,01 - Clear,04 - Slush,01 - Traffic signal,02 - Intersection related,01 - Daylight,03 - P.D. only,03 - Rear end
7241,HUNT CLUB RD @ CANADAIR PRIV,368661.2731,5022308.832,11/20/16,11:45,03 - Snow,04 - Slush,01 - Traffic signal,02 - Intersection related,01 - Daylight,03 - P.D. only,03 - Rear end
7242,HUNT CLUB RD @ CANADAIR PRIV,368662.2349,5022311.68,4/13/16,10:54,01 - Clear,01 - Dry,01 - Traffic signal,02 - Intersection related,01 - Daylight,03 - P.D. only,03 - Rear end
7243,HUNT CLUB RD @ CANADAIR PRIV,368663.6404,5022312.836,6/20/16,17:49,01 - Clear,01 - Dry,01 - Traffic signal,02 - Intersection related,01 - Daylight,03 - P.D. only,03 - Rear end
7244,HUNT CLUB RD @ CANADAIR PRIV,368663.0477,5022311.47,12/16/16,16:57,01 - Clear,06 - Ice,01 - Traffic signal,02 - Intersection related,05 - Dusk,03 - P.D. only,03 - Rear end
7245,HUNT CLUB RD @ CANADAIR PRIV,368662.4851,5022312.328,12/24/16,16:52,01 - Clear,02 - Wet,01 - Traffic signal,02 - Intersection related,05 - Dusk,03 - P.D. only,02 - Angle
7246,HUNT CLUB RD @ DOWNPATRICK RD/MCCARTHY RD,370506.9062,5023399.267,12/10/16,8:56,01 - Clear,01 - Dry,01 - Traffic signal,02 - Intersection related,01 - Daylight,02 - Non-fatal injury,03 - Rear end
7247,HUNT CLUB RD @ DOWNPATRICK RD/MCCARTHY RD,370507.9158,5023399.465,2/26/16,16:47,01 - Clear,01 - Dry,01 - Traffic signal,03 - At intersection,01 - Daylight,03 - P.D. only,02 - Angle
7248,HUNT CLUB RD @ DOWNPATRICK RD/MCCARTHY RD,370508.5626,5023400.095,10/28/16,10:48,01 - Clear,02 - Wet,01 - Traffic signal,02 - Intersection related,01 - Daylight,03 - P.D. only,03 - Rear end
7249,HUNT CLUB RD @ DOWNPATRICK RD/MCCARTHY RD,370509.288,5023399.229,10/25/16,15:07,01 - Clear,01 - Dry,01 - Traffic signal,02 - Intersection related,01 - Daylight,03 - P.D. only,03 - Rear end
7250,HUNT CLUB RD @ DOWNPATRICK RD/MCCARTHY RD,370505.3317,5023400.797,12/6/16,17:36,01 - Clear,01 - Dry,01 - Traffic signal,03 - At intersection,07 - Dark,03 - P.D. only,05 - Turning movement
7251,HUNT CLUB RD @ HWY417 HUNT CLUB IC108 RAMP52,376416.5641,5027444.644,12/14/16,17:30,01 - Clear,01 - Dry,02 - Stop sign,02 - Intersection related,07 - Dark,02 - Non-fatal injury,03 - Rear end
7252,HUNT CLUB RD @ HWY417 HUNT CLUB IC108 RAMP52,376416.5641,5027444.644,6/24/16,18:08,01 - Clear,01 - Dry,02 - Stop sign,03 - At intersection,01 - Daylight,03 - P.D. only,02 - Angle
7253,HUNT CLUB RD @ LINDBERGH PRIV,368364.0356,5022134.391,7/22/16,22:04,01 - Clear,01 - Dry,02 - Stop sign,03 - At intersection,07 - Dark,02 - Non-fatal injury,02 - Angle
7254,HUNT CLUB RD @ LINDBERGH PRIV,368363.5756,5022134.613,5/25/16,10:36,01 - Clear,01 - Dry,02 - Stop sign,03 - At intersection,01 - Daylight,02 - Non-fatal injury,03 - Rear end
7255,HUNT CLUB RD @ LORRY GREENBERG DR/SABLE RIDGE ,372825.0382,5024807.519,10/18/16,20:41,01 - Clear,01 - Dry,01 - Traffic signal,03 - At intersection,07 - Dark,02 - Non-fatal injury,03 - Rear end
7256,HUNT CLUB RD @ LORRY GREENBERG DR/SABLE RIDGE ,372824.4617,5024807.519,10/17/16,17:58,02 - Rain,02 - Wet,01 - Traffic signal,02 - Intersection related,05 - Dusk,02 - Non-fatal injury,03 - Rear end
7257,HUNT CLUB RD @ LORRY GREENBERG DR/SABLE RIDGE ,372824.5376,5024807.238,2/25/16,16:00,03 - Snow,04 - Slush,01 - Traffic signal,02 - Intersection related,01 - Daylight,03 - P.D. only,03 - Rear end
7258,HUNT CLUB RD @ LORRY GREENBERG DR/SABLE RIDGE ,372822.8656,5024807.361,5/30/16,13:52,01 - Clear,01 - Dry,01 - Traffic signal,02 - Intersection related,01 - Daylight,03 - P.D. only,03 - Rear end
7259,HUNT CLUB RD @ LORRY GREENBERG DR/SABLE RIDGE ,372824.6572,5024808.653,6/16/16,12:59,01 - Clear,01 - Dry,01 - Traffic signal,03 - At intersection,01 - Daylight,03 - P.D. only,05 - Turning movement
7260,HUNT CLUB RD @ LORRY GREENBERG DR/SABLE RIDGE ,372823.8363,5024807.799,4/5/16,9:01,01 - Clear,01 - Dry,01 - Traffic signal,02 - Intersection related,01 - Daylight,03 - P.D. only,04 - Sideswipe
7261,HUNT CLUB RD @ LORRY GREENBERG DR/SABLE RIDGE ,372823.0801,5024807.285,9/22/16,21:32,02 - Rain,02 - Wet,01 - Traffic signal,03 - At intersection,07 - Dark,03 - P.D. only,05 - Turning movement
7262,HUNT CLUB RD @ LORRY GREENBERG DR/SABLE RIDGE ,372823.4813,5024806.463,10/20/16,14:34,02 - Rain,02 - Wet,01 - Traffic signal,02 - Intersection related,01 - Daylight,03 - P.D. only,03 - Rear end
7263,HUNT CLUB RD @ LORRY GREENBERG DR/SABLE RIDGE ,372822.9534,5024805.935,11/23/16,7:20,01 - Clear,04 - Slush,01 - Traffic signal,02 - Intersection related,03 - Dawn,03 - P.D. only,03 - Rear end
7264,HUNT CLUB RD @ MAC ST,371197.0724,5023807.289,1/21/16,10:34,01 - Clear,01 - Dry,02 - Stop sign,02 - Intersection related,01 - Daylight,03 - P.D. only,03 - Rear end
7265,HUNT CLUB RD @ PAUL ANKA DR,369777.54,5022897.645,4/6/16,16:20,03 - Snow,04 - Slush,01 - Traffic signal,02 - Intersection related,01 - Daylight,03 - P.D. only,03 - Rear end
7266,HUNT CLUB RD @ PAUL ANKA DR,369778.7962,5022896.687,8/20/16,11:07,01 - Clear,01 - Dry,01 - Traffic signal,02 - Intersection related,01 - Daylight,03 - P.D. only,03 - Rear end
7267,HUNT CLUB RD @ PAUL ANKA DR,369776.6275,5022896.832,12/8/16,22:44,03 - Snow,05 - Packed snow,01 - Traffic signal,02 - Intersection related,07 - Dark,03 - P.D. only,05 - Turning movement
7268,HUNT CLUB RD @ PAUL ANKA DR,369777.0666,5022897.71,12/17/16,23:53,03 - Snow,04 - Slush,01 - Traffic signal,03 - At intersection,07 - Dark,03 - P.D. only,05 - Turning movement
7269,HUNT CLUB RD @ PIKE ST/MAPLE PARK PRIV,373296.2308,5025088.388,1/3/16,11:15,01 - Clear,01 - Dry,01 - Traffic signal,02 - Intersection related,01 - Daylight,03 - P.D. only,04 - Sideswipe
7270,HUNT CLUB RD @ PIKE ST/MAPLE PARK PRIV,373296.0567,5025088.967,7/10/16,16:55,01 - Clear,01 - Dry,01 - Traffic signal,03 - At intersection,01 - Daylight,03 - P.D. only,05 - Turning movement
7271,HUNT CLUB RD @ PIKE ST/MAPLE PARK PRIV,373297.5969,5025088.512,11/9/16,16:08,01 - Clear,01 - Dry,01 - Traffic signal,03 - At intersection,01 - Daylight,03 - P.D. only,05 - Turning movement
7272,HUNT CLUB RD @ RIVERSIDE DR,368034.2185,5021946.741,7/15/16,9:15,01 - Clear,01 - Dry,01 - Traffic signal,02 - Intersection related,01 - Daylight,02 - Non-fatal injury,03 - Rear end
7273,HUNT CLUB RD @ RIVERSIDE DR,368036.0444,5021945.718,2/13/16,16:40,01 - Clear,01 - Dry,01 - Traffic signal,02 - Intersection related,05 - Dusk,02 - Non-fatal injury,03 - Rear end
7274,HUNT CLUB RD @ RIVERSIDE DR,368035.0467,5021945.913,10/28/16,15:41,02 - Rain,02 - Wet,01 - Traffic signal,02 - Intersection related,01 - Daylight,02 - Non-fatal injury,03 - Rear end
7275,HUNT CLUB RD @ RIVERSIDE DR,368035.5311,5021945.499,6/7/16,12:38,01 - Clear,01 - Dry,01 - Traffic signal,02 - Intersection related,01 - Daylight,02 - Non-fatal injury,03 - Rear end
7276,HUNT CLUB RD @ RIVERSIDE DR,368036.8593,5021946.51,6/9/16,14:33,01 - Clear,01 - Dry,01 - Traffic signal,02 - Intersection related,01 - Daylight,02 - Non-fatal injury,03 - Rear end
7277,HUNT CLUB RD @ RIVERSIDE DR,368036.4785,5021945.723,3/28/16,13:57,02 - Rain,02 - Wet,01 - Traffic signal,02 - Intersection related,01 - Daylight,02 - Non-fatal injury,03 - Rear end
7278,HUNT CLUB RD @ RIVERSIDE DR,368037.3848,5021945.044,8/5/16,15:04,01 - Clear,01 - Dry,01 - Traffic signal,02 - Intersection related,01 - Daylight,03 - P.D. only,03 - Rear end
7279,HUNT CLUB RD @ RIVERSIDE DR,368037.0936,5021944.717,1/27/16,17:56,01 - Clear,01 - Dry,01 - Traffic signal,02 - Intersection related,07 - Dark,03 - P.D. only,03 - Rear end
7280,HUNT CLUB RD @ RIVERSIDE DR,368036.4783,5021946.397,5/12/16,7:00,01 - Clear,01 - Dry,01 - Traffic signal,02 - Intersection related,01 - Daylight,03 - P.D. only,03 - Rear end
7281,HUNT CLUB RD @ RIVERSIDE DR,368036.481,5021945.277,2/25/16,19:01,01 - Clear,02 - Wet,01 - Traffic signal,02 - Intersection related,07 - Dark,03 - P.D. only,03 - Rear end
7282,HUNT CLUB RD @ RIVERSIDE DR,368037.3764,5021944.825,3/29/16,11:00,01 - Clear,02 - Wet,01 - Traffic signal,02 - Intersection related,01 - Daylight,03 - P.D. only,03 - Rear end
7283,HUNT CLUB RD @ RIVERSIDE DR,368036.4835,5021945.279,8/31/16,11:12,01 - Clear,01 - Dry,01 - Traffic signal,02 - Intersection related,01 - Daylight,03 - P.D. only,04 - Sideswipe
7284,HUNT CLUB RD @ RIVERSIDE DR,368036.0444,5021944.401,2/11/16,10:41,01 - Clear,01 - Dry,01 - Traffic signal,02 - Intersection related,01 - Daylight,03 - P.D. only,03 - Rear end
7285,HUNT CLUB RD @ RIVERSIDE DR,368036.4835,5021945.718,2/13/16,20:01,03 - Snow,06 - Ice,01 - Traffic signal,02 - Intersection related,07 - Dark,03 - P.D. only,03 - Rear end
7286,HUNT CLUB RD @ RIVERSIDE DR,368038.3593,5021946.741,10/26/16,9:45,01 - Clear,01 - Dry,01 - Traffic signal,02 - Intersection related,01 - Daylight,03 - P.D. only,03 - Rear end
7287,HUNT CLUB RD @ RIVERSIDE DR,368035.6053,5021945.718,1/11/16,15:57,01 - Clear,02 - Wet,01 - Traffic signal,02 - Intersection related,01 - Daylight,03 - P.D. only,03 - Rear end
7288,HUNT CLUB RD @ RIVERSIDE DR,368036.703,5021945.499,4/19/16,17:11,01 - Clear,01 - Dry,01 - Traffic signal,03 - At intersection,01 - Daylight,03 - P.D. only,05 - Turning movement
7289,HUNT CLUB RD @ RIVERSIDE DR,368036.4785,5021945.274,4/3/16,10:40,01 - Clear,01 - Dry,01 - Traffic signal,02 - Intersection related,01 - Daylight,03 - P.D. only,03 - Rear end
7290,HUNT CLUB RD @ RIVERSIDE DR,368037.322,5021946.505,3/12/16,11:50,01 - Clear,01 - Dry,01 - Traffic signal,02 - Intersection related,01 - Daylight,03 - P.D. only,03 - Rear end
7291,HUNT CLUB RD @ RIVERSIDE DR,368036.4785,5021944.376,5/6/16,8:53,01 - Clear,01 - Dry,01 - Traffic signal,02 - Intersection related,01 - Daylight,03 - P.D. only,03 - Rear end
7292,HUNT CLUB RD @ RIVERSIDE DR,368036.9693,5021945.232,3/18/16,9:02,01 - Clear,01 - Dry,01 - Traffic signal,02 - Intersection related,01 - Daylight,03 - P.D. only,03 - Rear end
7293,HUNT CLUB RD @ RIVERSIDE DR,368034.8816,5021946.71,9/15/16,18:41,01 - Clear,01 - Dry,01 - Traffic signal,02 - Intersection related,01 - Daylight,03 - P.D. only,03 - Rear end
7294,HUNT CLUB RD @ RIVERSIDE DR,368035.6053,5021944.401,8/19/16,8:20,01 - Clear,01 - Dry,01 - Traffic signal,02 - Intersection related,01 - Daylight,03 - P.D. only,04 - Sideswipe
7295,HUNT CLUB RD @ RIVERSIDE DR,368036.4785,5021944.825,3/29/16,9:08,01 - Clear,01 - Dry,01 - Traffic signal,02 - Intersection related,01 - Daylight,03 - P.D. only,03 - Rear end
7296,HUNT CLUB RD @ RIVERSIDE DR,368036.9348,5021944.803,7/15/16,9:45,01 - Clear,01 - Dry,01 - Traffic signal,02 - Intersection related,01 - Daylight,03 - P.D. only,03 - Rear end
7297,HUNT CLUB RD @ RIVERSIDE DR,368035.5832,5021945.275,4/8/16,15:12,01 - Clear,01 - Dry,01 - Traffic signal,02 - Intersection related,01 - Daylight,03 - P.D. only,03 - Rear end
7298,HUNT CLUB RD @ RIVERSIDE DR,368036.9275,5021945.723,5/3/16,6:31,01 - Clear,01 - Dry,01 - Traffic signal,02 - Intersection related,01 - Daylight,03 - P.D. only,03 - Rear end
7299,HUNT CLUB RD @ RIVERSIDE DR,368036.0296,5021945.274,4/14/16,11:37,01 - Clear,01 - Dry,01 - Traffic signal,02 - Intersection related,01 - Daylight,03 - P.D. only,04 - Sideswipe
7300,HUNT CLUB RD @ RIVERSIDE DR,368035.6053,5021946.596,3/23/16,20:52,01 - Clear,01 - Dry,01 - Traffic signal,02 - Intersection related,07 - Dark,03 - P.D. only,03 - Rear end
7301,HUNT CLUB RD @ RIVERSIDE DR,368036.1864,5021946.318,6/24/16,11:35,01 - Clear,01 - Dry,01 - Traffic signal,02 - Intersection related,01 - Daylight,03 - P.D. only,04 - Sideswipe
7302,HUNT CLUB RD @ RIVERSIDE DR,368036.4835,5021944.401,6/28/16,16:26,01 - Clear,01 - Dry,01 - Traffic signal,02 - Intersection related,01 - Daylight,03 - P.D. only,03 - Rear end
7303,HUNT CLUB RD @ RIVERSIDE DR,368036.0444,5021945.279,5/30/16,14:09,01 - Clear,01 - Dry,01 - Traffic signal,02 - Intersection related,01 - Daylight,03 - P.D. only,03 - Rear end
7304,HUNT CLUB RD @ RIVERSIDE DR,368036.703,5021946.741,10/29/16,13:56,01 - Clear,01 - Dry,01 - Traffic signal,02 - Intersection related,01 - Daylight,03 - P.D. only,03 - Rear end
7305,HUNT CLUB RD @ RIVERSIDE DR,368037.8394,5021944.589,7/9/16,13:30,02 - Rain,02 - Wet,01 - Traffic signal,02 - Intersection related,01 - Daylight,03 - P.D. only,03 - Rear end
7306,HUNT CLUB RD @ RIVERSIDE DR,368035.0966,5021945.231,10/1/16,18:30,01 - Clear,01 - Dry,01 - Traffic signal,02 - Intersection related,07 - Dark,03 - P.D. only,03 - Rear end
7307,HUNT CLUB RD @ RIVERSIDE DR,368035.8748,5021944.256,12/9/16,8:00,01 - Clear,06 - Ice,01 - Traffic signal,03 - At intersection,01 - Daylight,03 - P.D. only,03 - Rear end
7308,HUNT CLUB RD @ RIVERSIDE DR,368036.483,5021947.067,12/18/16,15:48,03 - Snow,03 - Loose snow,01 - Traffic signal,03 - At intersection,01 - Daylight,03 - P.D. only,05 - Turning movement
7309,HUNT CLUB RD @ RIVERSIDE DR,368035.8748,5021945.084,7/27/16,17:06,01 - Clear,01 - Dry,01 - Traffic signal,03 - At intersection,01 - Daylight,03 - P.D. only,05 - Turning movement
7310,HUNT CLUB RD @ RIVERSIDE DR,368035.0467,5021943.428,11/21/16,11:48,01 - Clear,06 - Ice,01 - Traffic signal,02 - Intersection related,01 - Daylight,03 - P.D. only,03 - Rear end
7311,HUNT CLUB RD @ RIVERSIDE DR,368036.703,5021945.913,12/29/16,13:20,03 - Snow,05 - Packed snow,01 - Traffic signal,02 - Intersection related,01 - Daylight,03 - P.D. only,03 - Rear end
7312,HUNT CLUB RD @ RIVERSIDE DR,368035.0467,5021945.084,11/30/16,18:55,02 - Rain,02 - Wet,01 - Traffic signal,02 - Intersection related,07 - Dark,03 - P.D. only,03 - Rear end
7313,HUNT CLUB RD @ RIVERSIDE DR,368036.703,5021945.913,11/28/16,18:05,01 - Clear,01 - Dry,01 - Traffic signal,02 - Intersection related,07 - Dark,03 - P.D. only,03 - Rear end
7314,HUNT CLUB RD @ RIVERSIDE DR,368036.703,5021944.256,11/7/16,19:55,01 - Clear,01 - Dry,01 - Traffic signal,02 - Intersection related,07 - Dark,03 - P.D. only,03 - Rear end
7315,HUNT CLUB RD @ TRANSITWAY OFFRAMP,371093.2483,5023748.395,11/23/16,13:00,01 - Clear,01 - Dry,02 - Stop sign,02 - Intersection related,01 - Daylight,03 - P.D. only,03 - Rear end
7316,HUNT CLUB RD @ UPLANDS DR,370155.899,5023119.422,10/4/16,19:44,01 - Clear,01 - Dry,01 - Traffic signal,02 - Intersection related,07 - Dark,02 - Non-fatal injury,03 - Rear end
7317,HUNT CLUB RD @ UPLANDS DR,370156.5077,5023121.273,9/27/16,15:15,01 - Clear,01 - Dry,01 - Traffic signal,03 - At intersection,01 - Daylight,02 - Non-fatal injury,05 - Turning movement
7318,HUNT CLUB RD @ UPLANDS DR,370155.6295,5023122.151,1/19/16,7:54,01 - Clear,01 - Dry,01 - Traffic signal,02 - Intersection related,03 - Dawn,03 - P.D. only,03 - Rear end
7319,HUNT CLUB RD @ UPLANDS DR,370156.9519,5023121.942,5/1/16,15:04,02 - Rain,02 - Wet,01 - Traffic signal,03 - At intersection,01 - Daylight,03 - P.D. only,02 - Angle
7320,HUNT CLUB RD @ UPLANDS DR,370155.6295,5023121.273,11/20/16,18:49,03 - Snow,04 - Slush,01 - Traffic signal,02 - Intersection related,07 - Dark,03 - P.D. only,04 - Sideswipe
7321,HUNT CLUB RD btwn BANK ST & TURN LANE (1),371639.2943,5024155.149,5/28/16,19:58,01 - Clear,01 - Dry,10 - No control,01 - Non intersection,01 - Daylight,03 - P.D. only,04 - Sideswipe
7322,HUNT CLUB RD btwn BANK ST & TURN LANE (1),371622.0632,5024122.756,3/22/16,13:50,01 - Clear,01 - Dry,10 - No control,01 - Non intersection,01 - Daylight,03 - P.D. only,04 - Sideswipe
7323,HUNT CLUB RD btwn BANK ST & TURN LANE (2),371622.277,5024149.114,3/3/16,18:13,01 - Clear,01 - Dry,10 - No control,01 - Non intersection,05 - Dusk,03 - P.D. only,04 - Sideswipe
7324,HUNT CLUB RD btwn BILLY BISHOP PRIV & HUNT CLUB PL,369006.5155,5022520.516,8/29/16,18:49,01 - Clear,01 - Dry,10 - No control,01 - Non intersection,01 - Daylight,02 - Non-fatal injury,03 - Rear end
7325,HUNT CLUB RD btwn BILLY BISHOP PRIV & HUNT CLUB PL,369021.9076,5022526.63,12/10/16,9:57,01 - Clear,01 - Dry,10 - No control,01 - Non intersection,01 - Daylight,03 - P.D. only,04 - Sideswipe
7326,HUNT CLUB RD btwn BLOHM DR & HAWTHORNE RD,375493.0408,5026398.406,9/8/16,16:45,01 - Clear,01 - Dry,10 - No control,01 - Non intersection,01 - Daylight,03 - P.D. only,04 - Sideswipe
7327,HUNT CLUB RD btwn CAHILL DR & LORRY GREENBERG DR,372781.7991,5024778.116,12/29/16,20:50,03 - Snow,05 - Packed snow,10 - No control,01 - Non intersection,07 - Dark,02 - Non-fatal injury,04 - Sideswipe
7328,HUNT CLUB RD btwn CAHILL DR & LORRY GREENBERG DR,372448.9537,5024568.558,4/6/16,23:15,03 - Snow,03 - Loose snow,10 - No control,01 - Non intersection,07 - Dark,03 - P.D. only,03 - Rear end
7329,HUNT CLUB RD btwn CAHILL DR & LORRY GREENBERG DR,372471.8856,5024581.799,2/17/16,19:23,01 - Clear,06 - Ice,10 - No control,01 - Non intersection,07 - Dark,03 - P.D. only,07 - SMV other
7330,HUNT CLUB RD btwn CAHILL DR & LORRY GREENBERG DR,372451.423,5024569.513,9/3/16,1:23,01 - Clear,01 - Dry,10 - No control,01 - Non intersection,07 - Dark,03 - P.D. only,07 - SMV other
7331,HUNT CLUB RD btwn DAZE ST & TURN LANE,371544.9626,5024011.655,1/8/16,21:00,01 - Clear,01 - Dry,10 - No control,04 - At/near private drive,07 - Dark,03 - P.D. only,02 - Angle