Record,Location,X,Y,Date,Time,Environment,Road_Surface,Traffic_Control,Collision_Location,Light,Collision_Classification,Impact_type
7332,HUNT CLUB RD btwn DAZE ST & TURN LANE,371503.5773,5023978.614,10/11/16,9:40,01 - Clear,01 - Dry,10 - No control,04 - At/near private drive,01 - Daylight,03 - P.D. only,02 - Angle
7333,HUNT CLUB RD btwn DUNSTON TER & CAHILL DR,372308.3371,5024483.327,5/21/16,15:05,01 - Clear,01 - Dry,10 - No control,01 - Non intersection,01 - Daylight,03 - P.D. only,03 - Rear end
7334,HUNT CLUB RD btwn DUNSTON TER & CAHILL DR,372321.5983,5024491.146,7/17/16,9:59,01 - Clear,01 - Dry,10 - No control,01 - Non intersection,01 - Daylight,03 - P.D. only,04 - Sideswipe
7335,HUNT CLUB RD btwn GIBFORD DR & UPLANDS DR,370071.9852,5023070.559,11/8/16,19:08,01 - Clear,01 - Dry,10 - No control,01 - Non intersection,07 - Dark,02 - Non-fatal injury,01 - Approaching
7336,HUNT CLUB RD btwn GIBFORD DR & UPLANDS DR,370070.5988,5023070.56,10/18/16,15:45,01 - Clear,01 - Dry,10 - No control,01 - Non intersection,01 - Daylight,03 - P.D. only,03 - Rear end
7337,HUNT CLUB RD btwn LINDBERGH PRIV & NORTH BOWESVILLE RD,368532.7646,5022235.757,12/30/16,13:11,01 - Clear,03 - Loose snow,10 - No control,01 - Non intersection,01 - Daylight,02 - Non-fatal injury,03 - Rear end
7338,HUNT CLUB RD btwn LINDBERGH PRIV & NORTH BOWESVILLE RD,368402.7486,5022156.265,8/31/16,18:04,01 - Clear,01 - Dry,10 - No control,01 - Non intersection,01 - Daylight,03 - P.D. only,03 - Rear end
7339,HUNT CLUB RD btwn LORRY GREENBERG DR & PIKE ST,372830.6199,5024812.166,1/26/16,17:02,01 - Clear,02 - Wet,10 - No control,04 - At/near private drive,05 - Dusk,03 - P.D. only,02 - Angle
7340,HUNT CLUB RD btwn MALAK ST & ESSON ST,374627.4201,5025901.026,3/31/16,20:01,02 - Rain,02 - Wet,10 - No control,01 - Non intersection,07 - Dark,03 - P.D. only,07 - SMV other
7341,HUNT CLUB RD btwn MCCARTHY RD & RAMP,370687.9617,5023508.236,8/7/16,17:45,01 - Clear,01 - Dry,10 - No control,01 - Non intersection,01 - Daylight,03 - P.D. only,03 - Rear end
7342,HUNT CLUB RD btwn MCCARTHY RD & RAMP,370689.7799,5023508.236,8/7/16,18:31,01 - Clear,01 - Dry,10 - No control,01 - Non intersection,01 - Daylight,03 - P.D. only,03 - Rear end
7343,HUNT CLUB RD btwn MCCARTHY RD & RAMP,370933.904,5023652.942,4/29/16,12:51,01 - Clear,01 - Dry,10 - No control,01 - Non intersection,01 - Daylight,03 - P.D. only,04 - Sideswipe
7344,HUNT CLUB RD btwn MOUNTAIN CRES & TURN LANE,371462.4685,5023968.54,1/25/16,13:45,01 - Clear,02 - Wet,10 - No control,01 - Non intersection,01 - Daylight,02 - Non-fatal injury,03 - Rear end
7345,HUNT CLUB RD btwn MOUNTAIN CRES & TURN LANE,371553.1931,5024040.524,12/22/16,15:39,01 - Clear,02 - Wet,10 - No control,04 - At/near private drive,01 - Daylight,03 - P.D. only,05 - Turning movement
7346,HUNT CLUB RD btwn NORTH BOWESVILLE RD & BILLY BISHOP PRIV,368834.3195,5022413.452,8/25/16,18:24,01 - Clear,01 - Dry,10 - No control,01 - Non intersection,01 - Daylight,02 - Non-fatal injury,03 - Rear end
7347,HUNT CLUB RD btwn NORTH BOWESVILLE RD & BILLY BISHOP PRIV,368900.42,5022457.742,4/15/16,17:21,01 - Clear,01 - Dry,10 - No control,01 - Non intersection,01 - Daylight,02 - Non-fatal injury,03 - Rear end
7348,HUNT CLUB RD btwn NORTH BOWESVILLE RD & BILLY BISHOP PRIV,368934.3458,5022474.158,2/19/16,1:50,01 - Clear,05 - Packed snow,10 - No control,01 - Non intersection,07 - Dark,03 - P.D. only,99 - Other
7349,HUNT CLUB RD btwn NORTH BOWESVILLE RD & BILLY BISHOP PRIV,368799.1116,5022393.241,3/11/16,7:42,01 - Clear,01 - Dry,10 - No control,04 - At/near private drive,01 - Daylight,03 - P.D. only,02 - Angle
7350,HUNT CLUB RD btwn NORTH BOWESVILLE RD & BILLY BISHOP PRIV,368883.0192,5022445.554,3/25/16,22:52,01 - Clear,01 - Dry,10 - No control,04 - At/near private drive,07 - Dark,03 - P.D. only,07 - SMV other
7351,HUNT CLUB RD btwn NORTH BOWESVILLE RD & BILLY BISHOP PRIV,368808.5517,5022400.637,5/31/16,10:02,01 - Clear,01 - Dry,10 - No control,04 - At/near private drive,01 - Daylight,03 - P.D. only,02 - Angle
7352,HUNT CLUB RD btwn PIKE ST & CONROY RD,373720.6169,5025377.012,5/13/16,12:40,01 - Clear,01 - Dry,10 - No control,04 - At/near private drive,01 - Daylight,03 - P.D. only,02 - Angle
7353,HUNT CLUB RD btwn PIKE ST & CONROY RD,373309.6913,5025096.635,4/19/16,22:44,01 - Clear,01 - Dry,10 - No control,01 - Non intersection,07 - Dark,03 - P.D. only,04 - Sideswipe
7354,HUNT CLUB RD btwn RAMP & RAMP (1),371009.7343,5023698.263,5/16/16,11:00,01 - Clear,01 - Dry,10 - No control,01 - Non intersection,01 - Daylight,02 - Non-fatal injury,03 - Rear end
7355,HUNT CLUB RD btwn RIVERSIDE DR & LINDBERGH PRIV,368213.8137,5022041.934,1/14/16,11:10,03 - Snow,03 - Loose snow,10 - No control,01 - Non intersection,01 - Daylight,03 - P.D. only,03 - Rear end
7356,HUNT CLUB RD btwn RIVERSIDE DR & LINDBERGH PRIV,368321.1265,5022109.676,8/18/16,9:07,01 - Clear,01 - Dry,10 - No control,01 - Non intersection,01 - Daylight,03 - P.D. only,03 - Rear end
7357,HUNT CLUB RD btwn RIVERSIDE DR & LINDBERGH PRIV,368211.4442,5022043.635,10/21/16,16:24,02 - Rain,02 - Wet,10 - No control,01 - Non intersection,01 - Daylight,03 - P.D. only,03 - Rear end
7358,HUNT CLUB RD btwn RIVERSIDE DR & LINDBERGH PRIV,368343.1265,5022122.119,7/5/16,12:52,01 - Clear,01 - Dry,10 - No control,01 - Non intersection,01 - Daylight,03 - P.D. only,04 - Sideswipe
7359,HUNT CLUB RD btwn RIVERSIDE DR & TURN LANE,368075.5666,5021963.226,7/20/16,17:20,01 - Clear,01 - Dry,10 - No control,01 - Non intersection,01 - Daylight,03 - P.D. only,03 - Rear end
7360,HUNT CLUB RD btwn TURN LANE & RIVERSIDE DR,367942.9599,5021915.422,8/15/16,4:36,01 - Clear,01 - Dry,10 - No control,01 - Non intersection,07 - Dark,02 - Non-fatal injury,07 - SMV other
7361,HUNT CLUB RD btwn TURN LANE & RIVERSIDE DR,367941.9303,5021915.044,7/18/16,11:35,01 - Clear,01 - Dry,10 - No control,01 - Non intersection,01 - Daylight,03 - P.D. only,04 - Sideswipe
7362,HUNT CLUB RD btwn TURN LANE & TURN LANE (2),371672.7096,5024213.543,4/13/16,21:12,01 - Clear,01 - Dry,10 - No control,04 - At/near private drive,07 - Dark,02 - Non-fatal injury,03 - Rear end
7363,HUNT CLUB RD btwn TURN LANE & TURN LANE (2),371715.5233,5024259.427,5/27/16,21:00,01 - Clear,01 - Dry,10 - No control,01 - Non intersection,07 - Dark,03 - P.D. only,04 - Sideswipe
7364,HUNT CLUB RD btwn TURN LANE & TURN LANE (2),371690.9153,5024234.486,7/12/16,11:32,01 - Clear,01 - Dry,10 - No control,01 - Non intersection,01 - Daylight,03 - P.D. only,03 - Rear end
7365,HUNT CLUB RD btwn TURN LANE & TURN LANE (2),371645.8386,5024169.174,10/21/16,15:10,01 - Clear,02 - Wet,10 - No control,01 - Non intersection,01 - Daylight,03 - P.D. only,04 - Sideswipe
7366,HUNT CLUB RD btwn UPLANDS DR & MCCARTHY RD,370198.9632,5023148.407,11/17/16,9:10,01 - Clear,01 - Dry,10 - No control,01 - Non intersection,01 - Daylight,03 - P.D. only,03 - Rear end
7367,HUNT CLUB RD btwn WEST HUNT CLUB RD & TURN LANE,367844.5705,5021892.911,10/17/16,8:49,01 - Clear,01 - Dry,10 - No control,01 - Non intersection,01 - Daylight,02 - Non-fatal injury,03 - Rear end
7368,HUNT CLUB RD btwn WEST HUNT CLUB RD & TURN LANE,367925.6336,5021909.851,1/5/16,12:30,01 - Clear,01 - Dry,10 - No control,04 - At/near private drive,01 - Daylight,03 - P.D. only,02 - Angle
7369,HUNT CLUB RD btwn WEST HUNT CLUB RD & TURN LANE,367928.2939,5021911.408,7/12/16,23:04,01 - Clear,01 - Dry,10 - No control,01 - Non intersection,07 - Dark,03 - P.D. only,03 - Rear end
7370,HUNT CLUB RD EB btwn 275 E OF HAWTHORNE RD/OC TRANSPO TURNAROUND & HAWTHORNE RD,375621.906,5026465.527,8/13/16,3:28,02 - Rain,02 - Wet,10 - No control,01 - Non intersection,07 - Dark,03 - P.D. only,07 - SMV other
7371,HUNT CLUB RD EB btwn 275 E OF HAWTHORNE RD/OC TRANSPO TURNAROUND & HWY417 HUNT CLUB IC108 RAMP25,375621.906,5026465.527,4/14/16,0:01,01 - Clear,01 - Dry,10 - No control,01 - Non intersection,07 - Dark,03 - P.D. only,03 - Rear end
7372,HUNT CLUB RD EB btwn ALBION RD & DUNSTON TER,371967.1126,5024335.839,9/17/16,17:11,02 - Rain,02 - Wet,10 - No control,01 - Non intersection,01 - Daylight,03 - P.D. only,03 - Rear end
7373,HUNT CLUB RD WB btwn 275 E OF HAWTHORNE RD/OC TRANSPO TURNAROUND & HAWTHORNE RD,375613.234,5026476.798,2/10/16,8:30,03 - Snow,03 - Loose snow,10 - No control,01 - Non intersection,01 - Daylight,03 - P.D. only,04 - Sideswipe
7374,HUNT CLUB RD WB btwn 275 E OF HAWTHORNE RD/OC TRANSPO TURNAROUND & HAWTHORNE RD,375613.234,5026476.798,9/9/16,17:57,01 - Clear,01 - Dry,10 - No control,01 - Non intersection,01 - Daylight,03 - P.D. only,03 - Rear end
7375,HUNTER'S GLEN CRES btwn LORRY GREENBERG DR & STREAMWOOD LANE,372581.5732,5025075.031,2/11/16,12:00,01 - Clear,03 - Loose snow,10 - No control,01 - Non intersection,01 - Daylight,03 - P.D. only,06 - SMV unattended vehicle
7376,HUNTER'S RUN DR @ JEANNE D'ARC BLVD,380567.5277,5036174.792,3/1/16,14:35,01 - Clear,01 - Dry,01 - Traffic signal,02 - Intersection related,01 - Daylight,03 - P.D. only,03 - Rear end
7377,HUNTER'S RUN DR @ JEANNE D'ARC BLVD,380567.0886,5036174.792,1/5/16,9:23,01 - Clear,01 - Dry,01 - Traffic signal,02 - Intersection related,01 - Daylight,03 - P.D. only,03 - Rear end
7378,HUNTER'S RUN DR @ JEANNE D'ARC BLVD,380568.4058,5036175.231,1/18/16,12:20,03 - Snow,03 - Loose snow,01 - Traffic signal,02 - Intersection related,01 - Daylight,03 - P.D. only,04 - Sideswipe
7379,HUNTER'S RUN DR @ JEANNE D'ARC BLVD,380567.5217,5036175.249,1/18/16,10:23,01 - Clear,04 - Slush,01 - Traffic signal,03 - At intersection,01 - Daylight,03 - P.D. only,02 - Angle
7380,HUNTER'S RUN DR @ JEANNE D'ARC BLVD,380568.4236,5036173.896,5/26/16,8:09,01 - Clear,01 - Dry,01 - Traffic signal,03 - At intersection,01 - Daylight,03 - P.D. only,02 - Angle
7381,HUNTER'S RUN DR @ JEANNE D'ARC BLVD,380567.0621,5036174.536,4/27/16,9:08,01 - Clear,01 - Dry,01 - Traffic signal,02 - Intersection related,01 - Daylight,03 - P.D. only,03 - Rear end
7382,HUNTER'S RUN DR @ JEANNE D'ARC BLVD,380569.9602,5036175.456,11/16/16,8:15,02 - Rain,02 - Wet,01 - Traffic signal,02 - Intersection related,01 - Daylight,03 - P.D. only,03 - Rear end
7383,HUNTER'S RUN DR @ JEANNE D'ARC BLVD,380568.2062,5036175.456,10/15/16,17:00,01 - Clear,01 - Dry,01 - Traffic signal,02 - Intersection related,05 - Dusk,03 - P.D. only,03 - Rear end
7384,HUNTER'S RUN DR @ JEANNE D'ARC BLVD,380567.0886,5036174.792,12/17/16,7:35,05 - Drifting Snow,05 - Packed snow,01 - Traffic signal,03 - At intersection,03 - Dawn,03 - P.D. only,07 - SMV other
7385,HUNTER'S RUN DR btwn BEAUSEJOUR DR & JEANNE D'ARC BLVD,380568.429,5036143.663,7/13/16,4:55,01 - Clear,01 - Dry,10 - No control,01 - Non intersection,07 - Dark,03 - P.D. only,07 - SMV other
7386,HUNTER'S RUN DR btwn BEAUSEJOUR DR & JEANNE D'ARC BLVD,380572.0436,5036127.051,12/31/16,13:30,03 - Snow,03 - Loose snow,10 - No control,01 - Non intersection,01 - Daylight,03 - P.D. only,04 - Sideswipe
7387,HUNTERSFIELD DR @ PIKE ST,373227.9686,5025207.514,8/17/16,0:59,02 - Rain,02 - Wet,01 - Traffic signal,03 - At intersection,07 - Dark,03 - P.D. only,03 - Rear end
7388,HUNTERSFIELD DR btwn BURLINGTON CRES & BURLINGTON CRES,373344.0574,5025287.786,1/5/16,14:54,01 - Clear,06 - Ice,10 - No control,01 - Non intersection,01 - Daylight,03 - P.D. only,06 - SMV unattended vehicle
7389,HUNTERSWOOD CRES btwn FOLKWAY GT (2) & HUNTERSWOOD CRES,375118.6519,5026780.629,9/28/16,21:00,01 - Clear,01 - Dry,10 - No control,01 - Non intersection,07 - Dark,03 - P.D. only,06 - SMV unattended vehicle
7390,HUNTERSWOOD CRES btwn FOLKWAY GT (2) & HUNTERSWOOD CRES,375243.1315,5026803.302,2/11/16,13:17,01 - Clear,05 - Packed snow,10 - No control,01 - Non intersection,01 - Daylight,03 - P.D. only,06 - SMV unattended vehicle
7391,HUNTLEY RD @ FALLOWFIELD RD,352403.5897,5009614.699,5/28/16,21:25,01 - Clear,01 - Dry,02 - Stop sign,03 - At intersection,07 - Dark,03 - P.D. only,02 - Angle
7392,HUNTLEY RD @ FALLOWFIELD RD,352402.7248,5009615.527,10/18/16,11:18,01 - Clear,01 - Dry,02 - Stop sign,03 - At intersection,01 - Daylight,03 - P.D. only,02 - Angle
7393,HUNTLEY RD @ PERTH ST,356891.0486,5006389.419,11/14/16,10:49,01 - Clear,01 - Dry,01 - Traffic signal,02 - Intersection related,01 - Daylight,03 - P.D. only,04 - Sideswipe
7394,HUNTLEY RD btwn BROWNLEE RD & GARVIN RD,355586.3269,5007924.084,4/1/16,14:34,01 - Clear,01 - Dry,10 - No control,01 - Non intersection,01 - Daylight,02 - Non-fatal injury,07 - SMV other
7395,HUNTLEY RD btwn FALLOWFIELD RD & MANSFIELD RD,353048.116,5008851.27,8/27/16,1:30,01 - Clear,01 - Dry,10 - No control,01 - Non intersection,07 - Dark,03 - P.D. only,07 - SMV other
7396,HUNTLEY RD btwn MANSFIELD RD & BROWNLEE RD,354432.5629,5008558.911,5/13/16,18:12,01 - Clear,01 - Dry,10 - No control,01 - Non intersection,01 - Daylight,03 - P.D. only,07 - SMV other
7397,HUNTMAR DR @ MAPLE GROVE RD,350267.3777,5016714.362,7/3/16,14:52,01 - Clear,01 - Dry,01 - Traffic signal,03 - At intersection,01 - Daylight,02 - Non-fatal injury,05 - Turning movement
7398,HUNTMAR DR @ MAPLE GROVE RD,350267.8245,5016714.112,2/25/16,15:30,02 - Rain,02 - Wet,01 - Traffic signal,02 - Intersection related,01 - Daylight,03 - P.D. only,05 - Turning movement
7399,HUNTMAR DR @ MAPLE GROVE RD,350267.605,5016713.039,10/19/16,13:50,01 - Clear,01 - Dry,01 - Traffic signal,02 - Intersection related,01 - Daylight,03 - P.D. only,03 - Rear end
7400,HUNTMAR DR @ MAPLE GROVE RD,350267.3803,5016713.004,5/11/16,16:53,01 - Clear,01 - Dry,01 - Traffic signal,02 - Intersection related,01 - Daylight,03 - P.D. only,03 - Rear end
7401,HUNTMAR DR @ MAPLE GROVE RD,350266.6864,5016713.515,10/2/16,11:05,02 - Rain,02 - Wet,01 - Traffic signal,02 - Intersection related,01 - Daylight,03 - P.D. only,03 - Rear end
7402,HUNTMAR DR @ MAPLE GROVE RD,350266.7768,5016712.211,12/16/16,9:19,01 - Clear,06 - Ice,01 - Traffic signal,02 - Intersection related,01 - Daylight,03 - P.D. only,03 - Rear end
7403,HUNTMAR DR @ MAPLE GROVE RD,350268.4332,5016713.867,12/26/16,10:17,04 - Freezing Rain,02 - Wet,01 - Traffic signal,02 - Intersection related,01 - Daylight,03 - P.D. only,03 - Rear end
7404,HUNTMAR DR @ MAPLE GROVE RD,350266.7768,5016714.696,12/30/16,16:38,01 - Clear,02 - Wet,01 - Traffic signal,02 - Intersection related,05 - Dusk,03 - P.D. only,07 - SMV other
7405,HUNTMAR DR @ OLD CARP RD,345200.7913,5022384.271,11/24/16,8:27,03 - Snow,03 - Loose snow,02 - Stop sign,03 - At intersection,01 - Daylight,03 - P.D. only,05 - Turning movement
7406,HUNTMAR DR @ PALLADIUM DR N,349073.3727,5017955.295,9/24/16,15:40,01 - Clear,01 - Dry,02 - Stop sign,02 - Intersection related,01 - Daylight,02 - Non-fatal injury,03 - Rear end
7407,HUNTMAR DR @ PALLADIUM DR N,349073.3727,5017957.972,10/7/16,11:08,01 - Clear,01 - Dry,02 - Stop sign,03 - At intersection,01 - Daylight,03 - P.D. only,03 - Rear end
7408,HUNTMAR DR @ PALLADIUM DR N,349074.7364,5017957.047,12/18/16,15:12,01 - Clear,04 - Slush,02 - Stop sign,02 - Intersection related,01 - Daylight,03 - P.D. only,07 - SMV other
7409,HUNTMAR DR @ PALLADIUM DR S,349675.8886,5017366.038,1/25/16,6:57,01 - Clear,02 - Wet,01 - Traffic signal,03 - At intersection,03 - Dawn,02 - Non-fatal injury,02 - Angle
7410,HUNTMAR DR @ PALLADIUM DR S,349675.445,5017366.381,10/22/16,14:13,02 - Rain,02 - Wet,01 - Traffic signal,03 - At intersection,01 - Daylight,03 - P.D. only,05 - Turning movement
7411,HUNTMAR DR @ PALLADIUM DR S,349675.3811,5017365.662,5/6/16,8:06,01 - Clear,01 - Dry,01 - Traffic signal,03 - At intersection,01 - Daylight,03 - P.D. only,05 - Turning movement
7412,HUNTMAR DR @ PALLADIUM DR S,349676.5427,5017364.976,1/27/16,8:32,01 - Clear,06 - Ice,01 - Traffic signal,02 - Intersection related,01 - Daylight,03 - P.D. only,03 - Rear end
7413,HUNTMAR DR @ PALLADIUM DR S,349676.2652,5017365.656,1/27/16,9:09,01 - Clear,06 - Ice,01 - Traffic signal,02 - Intersection related,01 - Daylight,03 - P.D. only,03 - Rear end
7414,HUNTMAR DR @ PALLADIUM DR S,349672.9962,5017371.257,4/21/16,15:18,01 - Clear,01 - Dry,01 - Traffic signal,03 - At intersection,01 - Daylight,03 - P.D. only,02 - Angle
7415,HUNTMAR DR @ PALLADIUM DR S,349675.3819,5017364.088,5/16/16,12:50,01 - Clear,01 - Dry,01 - Traffic signal,03 - At intersection,01 - Daylight,03 - P.D. only,05 - Turning movement
7416,HUNTMAR DR @ PALLADIUM DR S,349674.948,5017365.217,11/19/16,18:00,01 - Clear,01 - Dry,01 - Traffic signal,03 - At intersection,07 - Dark,03 - P.D. only,05 - Turning movement
7417,HUNTMAR DR @ PALLADIUM DR S,349675.3871,5017364.339,11/25/16,12:41,01 - Clear,02 - Wet,01 - Traffic signal,03 - At intersection,01 - Daylight,03 - P.D. only,05 - Turning movement
7418,HUNTMAR DR @ RICHARDSON SIDE RD,348208.3633,5018982.684,2/12/16,19:02,03 - Snow,06 - Ice,02 - Stop sign,02 - Intersection related,07 - Dark,03 - P.D. only,99 - Other
7419,HUNTMAR DR @ RICHARDSON SIDE RD,348207.7571,5018982.877,12/5/16,9:00,03 - Snow,04 - Slush,02 - Stop sign,02 - Intersection related,01 - Daylight,03 - P.D. only,03 - Rear end
7420,HUNTMAR DR @ RICHARDSON SIDE RD,348207.9267,5018982.243,11/28/16,19:45,01 - Clear,01 - Dry,02 - Stop sign,02 - Intersection related,07 - Dark,03 - P.D. only,02 - Angle
7421,HUNTMAR DR btwn HUNTMAR DR & AUTOPARK PRIV,349352.3577,5017728.013,5/13/16,23:10,01 - Clear,01 - Dry,10 - No control,01 - Non intersection,07 - Dark,03 - P.D. only,03 - Rear end
7422,HUNTMAR DR btwn HUNTMAR DR & PALLADIUM DR,349073.9082,5017995.971,11/15/16,19:41,01 - Clear,01 - Dry,10 - No control,01 - Non intersection,07 - Dark,03 - P.D. only,07 - SMV other
7423,HUNTMAR DR btwn OLD CARP RD & BRADLEY SIDE RD,346891.0757,5020495.545,8/27/16,2:24,01 - Clear,01 - Dry,10 - No control,01 - Non intersection,07 - Dark,02 - Non-fatal injury,07 - SMV other
7424,HUNTMAR DR btwn OLD CARP RD & BRADLEY SIDE RD,347442.9913,5019869.87,2/11/16,2:32,05 - Drifting Snow,03 - Loose snow,10 - No control,01 - Non intersection,07 - Dark,03 - P.D. only,07 - SMV other
7425,HUNTMAR DR btwn OLD CARP RD & BRADLEY SIDE RD,345335.3833,5022228.837,3/16/16,6:40,02 - Rain,02 - Wet,10 - No control,01 - Non intersection,03 - Dawn,03 - P.D. only,07 - SMV other
7426,HUNTMAR DR btwn OLD CARP RD & BRADLEY SIDE RD,346896.8603,5020496.758,12/28/16,19:50,01 - Clear,01 - Dry,10 - No control,01 - Non intersection,07 - Dark,03 - P.D. only,07 - SMV other
7427,HUNTMAR DR btwn PALLADIUM DR & HUNTMAR DR,349160.8768,5017923.271,11/17/16,22:42,01 - Clear,01 - Dry,10 - No control,01 - Non intersection,07 - Dark,02 - Non-fatal injury,03 - Rear end
7428,HUNTMAR DR btwn PALLADIUM DR & HUNTMAR DR,349089.5555,5017951.853,11/20/16,16:45,03 - Snow,03 - Loose snow,10 - No control,01 - Non intersection,05 - Dusk,03 - P.D. only,07 - SMV other
7429,HUNTMAR DR btwn PALLADIUM DR & MAPLE GROVE RD,350247.627,5016732.992,1/24/16,0:45,01 - Clear,01 - Dry,10 - No control,01 - Non intersection,07 - Dark,03 - P.D. only,07 - SMV other
7430,HUNTMAR DR btwn RICHARDSON SIDE RD & HUNTMAR DR,348248.673,5018940.556,8/11/16,18:02,01 - Clear,01 - Dry,10 - No control,01 - Non intersection,01 - Daylight,03 - P.D. only,07 - SMV other
7431,HUNTSMAN CRES btwn RIDING WAY & BLACKSMITH PL,354834.0682,5015667.394,1/15/16,6:42,01 - Clear,03 - Loose snow,10 - No control,04 - At/near private drive,07 - Dark,03 - P.D. only,06 - SMV unattended vehicle
7432,HUNTSVILLE DR btwn DRUMHELLER PL & HUNTSVILLE DR,348973.6286,5019788.976,7/25/16,7:40,02 - Rain,02 - Wet,10 - No control,01 - Non intersection,01 - Daylight,03 - P.D. only,06 - SMV unattended vehicle
7433,HURDMAN RD @ ROBINSON AVE,369889.6066,5031192.507,11/16/16,21:44,01 - Clear,01 - Dry,02 - Stop sign,02 - Intersection related,07 - Dark,03 - P.D. only,07 - SMV other
7434,HURON AVE @ SPENCER ST,364757.8248,5029339.012,5/18/16,8:02,01 - Clear,01 - Dry,02 - Stop sign,03 - At intersection,01 - Daylight,03 - P.D. only,02 - Angle
7435,HWY 416 ACRES IC75R24 @ HOLLY ACRES RD,358757.2679,5022869.442,2/12/16,13:48,01 - Clear,01 - Dry,01 - Traffic signal,02 - Intersection related,01 - Daylight,03 - P.D. only,99 - Other
7436,HWY 416 ACRES IC75R24 @ HOLLY ACRES RD,358756.3505,5022867.93,4/5/16,12:30,01 - Clear,01 - Dry,01 - Traffic signal,02 - Intersection related,01 - Daylight,03 - P.D. only,03 - Rear end
7437,HWY 416 ACRES IC75R24 @ HOLLY ACRES RD,358757.1035,5022868.079,6/27/16,7:09,01 - Clear,01 - Dry,01 - Traffic signal,02 - Intersection related,01 - Daylight,03 - P.D. only,03 - Rear end
7438,HWY 416 ACRES IC75R24 @ HOLLY ACRES RD,358757.2679,5022868.563,8/2/16,9:25,01 - Clear,01 - Dry,01 - Traffic signal,02 - Intersection related,01 - Daylight,03 - P.D. only,04 - Sideswipe
7439,HWY 416 WESTHUNT IC72R34 @ WEST HUNT CLUB RD,359369.7921,5019363.255,4/30/16,11:25,01 - Clear,01 - Dry,01 - Traffic signal,03 - At intersection,01 - Daylight,03 - P.D. only,05 - Turning movement
7440,HWY 416 WESTHUNT IC72R34 @ WEST HUNT CLUB RD,359371.0011,5019361.802,9/14/16,17:24,01 - Clear,01 - Dry,01 - Traffic signal,02 - Intersection related,01 - Daylight,03 - P.D. only,03 - Rear end
7441,HWY 416 WESTHUNT IC72R34 @ WEST HUNT CLUB RD,359370.7404,5019361.541,12/2/16,6:45,01 - Clear,01 - Dry,01 - Traffic signal,03 - At intersection,07 - Dark,03 - P.D. only,01 - Approaching
7442,HWY 417 CARLING IC124R57 @ CARLING AVE,364235.6014,5027185.449,2/12/16,14:15,01 - Clear,01 - Dry,10 - No control,02 - Intersection related,01 - Daylight,03 - P.D. only,03 - Rear end
7443,HWY 417 CASTLEFR IC139R61 @ KANATA AVE,351615.5301,5019225.168,8/11/16,14:30,01 - Clear,01 - Dry,01 - Traffic signal,03 - At intersection,01 - Daylight,02 - Non-fatal injury,02 - Angle
7444,HWY 417 CASTLEFR IC139R61 @ KANATA AVE,351616.0951,5019225.184,2/12/16,8:30,03 - Snow,03 - Loose snow,01 - Traffic signal,02 - Intersection related,01 - Daylight,03 - P.D. only,03 - Rear end
7445,HWY 417 CASTLEFR IC139R61 @ KANATA AVE,351615.4081,5019224.749,1/21/16,8:17,01 - Clear,01 - Dry,01 - Traffic signal,03 - At intersection,01 - Daylight,03 - P.D. only,02 - Angle
7446,HWY 417 CASTLEFR IC139R61 @ KANATA AVE,351614.7145,5019224.237,6/19/16,17:16,01 - Clear,01 - Dry,01 - Traffic signal,03 - At intersection,01 - Daylight,03 - P.D. only,02 - Angle
7447,HWY 417 CASTLEFR IC139R61 @ KANATA AVE,351615.0927,5019224.946,3/9/16,16:40,01 - Clear,01 - Dry,01 - Traffic signal,02 - Intersection related,01 - Daylight,03 - P.D. only,03 - Rear end
7448,HWY 417 CASTLEFR IC139R61 @ KANATA AVE,351616.8482,5019223.951,12/13/16,19:27,01 - Clear,03 - Loose snow,01 - Traffic signal,02 - Intersection related,07 - Dark,03 - P.D. only,03 - Rear end
7449,HWY 417 CASTLEFR IC139R61 @ KANATA AVE,351616.1322,5019224.523,7/12/16,12:45,01 - Clear,01 - Dry,01 - Traffic signal,02 - Intersection related,01 - Daylight,03 - P.D. only,03 - Rear end
7450,HWY 417 CASTLEFR IC139R61 @ KANATA AVE,351614.9365,5019226.125,12/14/16,15:45,01 - Clear,01 - Dry,01 - Traffic signal,02 - Intersection related,01 - Daylight,03 - P.D. only,03 - Rear end
7451,HWY 417 INNES IC112R57 @ INNES RD,374297.8246,5030755.708,6/14/16,7:31,01 - Clear,01 - Dry,01 - Traffic signal,03 - At intersection,01 - Daylight,02 - Non-fatal injury,02 - Angle
7452,HWY 417 INNES IC112R57 @ INNES RD,374298.9861,5030754.281,2/26/16,15:17,01 - Clear,06 - Ice,01 - Traffic signal,03 - At intersection,01 - Daylight,03 - P.D. only,03 - Rear end
7453,HWY 417 INNES IC112R57 @ INNES RD,374298.9013,5030752.546,10/11/16,15:15,01 - Clear,01 - Dry,01 - Traffic signal,02 - Intersection related,01 - Daylight,03 - P.D. only,03 - Rear end
7454,HWY 417 INNES IC112R57 @ INNES RD,374298.11,5030754.157,1/23/16,13:36,01 - Clear,01 - Dry,01 - Traffic signal,02 - Intersection related,01 - Daylight,03 - P.D. only,03 - Rear end
7455,HWY 417 INNES IC112R57 @ INNES RD,374299.6103,5030754.381,12/1/16,9:30,01 - Clear,01 - Dry,01 - Traffic signal,03 - At intersection,01 - Daylight,03 - P.D. only,04 - Sideswipe
7456,HWY 417 INNES IC112R58 @ INNES RD,374222.9775,5030710.64,10/3/16,17:51,01 - Clear,01 - Dry,03 - Yield sign,02 - Intersection related,01 - Daylight,03 - P.D. only,03 - Rear end