Record,Location,X,Y,Date,Time,Environment,Road_Surface,Traffic_Control,Collision_Location,Light,Collision_Classification,Impact_type
7457,HWY 417 INNES IC112R68 @ INNES RD,374641.2248,5030921.784,4/9/16,10:21,01 - Clear,01 - Dry,01 - Traffic signal,02 - Intersection related,01 - Daylight,03 - P.D. only,03 - Rear end
7458,HWY 417 INNES IC112R68 @ INNES RD,374641.557,5030922.123,6/1/16,8:10,01 - Clear,01 - Dry,01 - Traffic signal,02 - Intersection related,01 - Daylight,03 - P.D. only,04 - Sideswipe
7459,HWY 417 INNES IC112R68 @ INNES RD,374642.2864,5030922.28,4/20/16,23:32,01 - Clear,01 - Dry,01 - Traffic signal,03 - At intersection,07 - Dark,03 - P.D. only,07 - SMV other
7460,HWY 417 INNES IC112R68 @ INNES RD,374642.785,5030920.887,8/15/16,16:34,01 - Clear,01 - Dry,01 - Traffic signal,02 - Intersection related,01 - Daylight,03 - P.D. only,03 - Rear end
7461,HWY 417 INNES IC112R68 @ INNES RD,374639.2309,5030918.423,10/19/16,20:15,01 - Clear,01 - Dry,01 - Traffic signal,02 - Intersection related,07 - Dark,03 - P.D. only,03 - Rear end
7462,HWY 417 INNES IC112R68 @ INNES RD,374642.0207,5030920.396,10/4/16,17:55,01 - Clear,01 - Dry,01 - Traffic signal,02 - Intersection related,01 - Daylight,03 - P.D. only,03 - Rear end
7463,HWY 417 MAITLAND IC126R25 @ MAITLAND AVE,363252.1445,5025716.537,10/29/16,15:55,01 - Clear,01 - Dry,10 - No control,03 - At intersection,01 - Daylight,03 - P.D. only,03 - Rear end
7464,HWY 417 MAITLAND IC126R26/62 @ MAITLAND AVE,363145.5106,5025983.593,10/26/16,17:18,01 - Clear,01 - Dry,01 - Traffic signal,02 - Intersection related,05 - Dusk,03 - P.D. only,05 - Turning movement
7465,HWY 417 MAITLAND IC126R26/62 @ MAITLAND AVE,363145.1384,5025982.76,10/25/16,15:30,01 - Clear,01 - Dry,01 - Traffic signal,02 - Intersection related,01 - Daylight,03 - P.D. only,03 - Rear end
7466,HWY 417 MAITLAND IC126R26/62 @ MAITLAND AVE,363145.9735,5025983.603,3/31/16,18:37,02 - Rain,02 - Wet,01 - Traffic signal,03 - At intersection,05 - Dusk,03 - P.D. only,02 - Angle
7467,HWY 417 MAITLAND IC126R26/62 @ MAITLAND AVE,363145.8236,5025983.673,9/14/16,4:22,01 - Clear,01 - Dry,01 - Traffic signal,03 - At intersection,07 - Dark,03 - P.D. only,07 - SMV other
7468,HWY 417 MAITLAND IC126R26/62 @ MAITLAND AVE,363145.2321,5025983.47,8/19/16,15:44,01 - Clear,01 - Dry,01 - Traffic signal,03 - At intersection,01 - Daylight,03 - P.D. only,05 - Turning movement
7469,HWY 417 MAITLAND IC126R26/62 @ MAITLAND AVE,363145.8992,5025983.573,8/25/16,17:21,01 - Clear,01 - Dry,01 - Traffic signal,03 - At intersection,01 - Daylight,03 - P.D. only,05 - Turning movement
7470,HWY 417 MAITLAND IC126R26/62 @ MAITLAND AVE,363145.9556,5025983.914,5/6/16,14:00,01 - Clear,01 - Dry,01 - Traffic signal,02 - Intersection related,01 - Daylight,03 - P.D. only,99 - Other
7471,HWY 417 MAITLAND IC126R26/62 @ MAITLAND AVE,363145.6594,5025984.125,12/21/16,12:37,01 - Clear,01 - Dry,01 - Traffic signal,03 - At intersection,01 - Daylight,03 - P.D. only,02 - Angle
7472,HWY 417 MAITLAND IC126R26/62 @ MAITLAND AVE,363146.046,5025984.456,12/28/16,13:20,01 - Clear,01 - Dry,01 - Traffic signal,03 - At intersection,01 - Daylight,03 - P.D. only,05 - Turning movement
7473,HWY 417 MAITLAND IC126R63 @ MAITLAND AVE,363167.077,5025928.569,9/2/16,16:10,01 - Clear,01 - Dry,03 - Yield sign,03 - At intersection,01 - Daylight,02 - Non-fatal injury,05 - Turning movement
7474,HWY 417 MARCH IC138R36 @ MARCH RD,352853.3302,5020453.125,12/24/16,15:27,01 - Clear,02 - Wet,10 - No control,02 - Intersection related,01 - Daylight,03 - P.D. only,03 - Rear end
7475,HWY 417 MOODIE IC134R52 @ MOODIE DR,356459.4673,5022043.555,2/28/16,18:55,01 - Clear,01 - Dry,01 - Traffic signal,02 - Intersection related,07 - Dark,03 - P.D. only,07 - SMV other
7476,HWY 417 PALLADI IC142R36 @ PALLADIUM DR,348774.1912,5017374.909,5/7/16,14:32,01 - Clear,01 - Dry,01 - Traffic signal,03 - At intersection,01 - Daylight,03 - P.D. only,05 - Turning movement
7477,HWY 417 PALLADI IC142R36 @ PALLADIUM DR,348773.4675,5017374.755,9/21/16,17:30,01 - Clear,01 - Dry,01 - Traffic signal,02 - Intersection related,01 - Daylight,03 - P.D. only,04 - Sideswipe
7478,HWY 417 PALLADI IC142R36 @ PALLADIUM DR,348774.8134,5017374.516,12/19/16,16:35,01 - Clear,02 - Wet,01 - Traffic signal,02 - Intersection related,05 - Dusk,03 - P.D. only,99 - Other
7479,HWY 417 RIVERSID IC117R25 @ RIVERSIDE DR,370817.8702,5031035.869,9/11/16,16:11,01 - Clear,01 - Dry,10 - No control,02 - Intersection related,01 - Daylight,03 - P.D. only,03 - Rear end
7480,HWY 417 ST.LAURE IC115R36 @ ST. LAURENT BLVD,372393.6774,5031735.293,10/11/16,15:35,01 - Clear,01 - Dry,10 - No control,02 - Intersection related,01 - Daylight,03 - P.D. only,03 - Rear end
7481,HWY 417 ST.LAURE IC115R51 @ ST. LAURENT BLVD,372530.1853,5031410.244,2/15/16,16:47,03 - Snow,06 - Ice,01 - Traffic signal,02 - Intersection related,05 - Dusk,03 - P.D. only,03 - Rear end
7482,HWY 417 ST.LAURE IC115R51 @ ST. LAURENT BLVD,372531.3767,5031410.093,6/5/16,15:23,02 - Rain,02 - Wet,01 - Traffic signal,02 - Intersection related,01 - Daylight,03 - P.D. only,03 - Rear end
7483,HWY 417 TERRYFO IC140R52 @ TERRY FOX DR,351051.7885,5018433.601,2/12/16,15:27,01 - Clear,01 - Dry,01 - Traffic signal,02 - Intersection related,01 - Daylight,03 - P.D. only,03 - Rear end
7484,HWY 417 TERRYFO IC140R52 @ TERRY FOX DR,351052.9092,5018434.963,3/21/16,10:09,01 - Clear,01 - Dry,01 - Traffic signal,03 - At intersection,01 - Daylight,03 - P.D. only,02 - Angle
7485,HWY 417 TERRYFO IC140R52 @ TERRY FOX DR,351052.5648,5018433.328,5/22/16,15:08,01 - Clear,01 - Dry,01 - Traffic signal,02 - Intersection related,01 - Daylight,03 - P.D. only,03 - Rear end
7486,HWY 417 TERRYFO IC140R52 @ TERRY FOX DR,351052.6363,5018435.205,5/6/16,17:15,01 - Clear,01 - Dry,01 - Traffic signal,02 - Intersection related,01 - Daylight,03 - P.D. only,02 - Angle
7487,HWY 417 TERRYFO IC140R52 @ TERRY FOX DR,351053.7257,5018433.7,12/18/16,14:05,01 - Clear,01 - Dry,01 - Traffic signal,02 - Intersection related,01 - Daylight,03 - P.D. only,03 - Rear end
7488,HWY 417 TERRYFO IC140R52 @ TERRY FOX DR,351051.1877,5018436.303,12/3/16,11:57,01 - Clear,01 - Dry,01 - Traffic signal,02 - Intersection related,01 - Daylight,03 - P.D. only,03 - Rear end
7489,HWY 417 TERRYFO IC140R61 @ TERRY FOX DR,350807.535,5018711.519,8/30/16,9:03,01 - Clear,01 - Dry,01 - Traffic signal,02 - Intersection related,01 - Daylight,02 - Non-fatal injury,03 - Rear end
7490,HWY 417 TERRYFO IC140R61 @ TERRY FOX DR,350809.188,5018709.56,3/30/16,19:34,01 - Clear,01 - Dry,01 - Traffic signal,03 - At intersection,07 - Dark,03 - P.D. only,04 - Sideswipe
7491,HWY 417 TERRYFO IC140R61 @ TERRY FOX DR,350810.1525,5018709.464,2/27/16,13:58,01 - Clear,01 - Dry,01 - Traffic signal,02 - Intersection related,01 - Daylight,03 - P.D. only,03 - Rear end
7492,HWY 417 TERRYFO IC140R61 @ TERRY FOX DR,350808.8119,5018709.356,9/24/16,14:49,01 - Clear,01 - Dry,01 - Traffic signal,02 - Intersection related,01 - Daylight,03 - P.D. only,03 - Rear end
7493,HWY 417 TERRYFO IC140R61 @ TERRY FOX DR,350811.1781,5018708.768,11/12/16,14:30,01 - Clear,01 - Dry,01 - Traffic signal,02 - Intersection related,01 - Daylight,03 - P.D. only,03 - Rear end
7494,HWY 417 VANIER IC117R26 @ VANIER PKWY,370801.2995,5031359.539,12/30/16,13:33,01 - Clear,04 - Slush,10 - No control,02 - Intersection related,01 - Daylight,02 - Non-fatal injury,03 - Rear end
7495,HWY 417 VANIER IC117R26 @ VANIER PKWY,370801.721,5031358.857,8/24/16,17:55,01 - Clear,01 - Dry,10 - No control,03 - At intersection,01 - Daylight,03 - P.D. only,04 - Sideswipe
7496,HWY 417 VANIER IC117R63 @ VANIER PKWY,370799.4644,5031396.977,2/13/16,11:15,01 - Clear,02 - Wet,01 - Traffic signal,03 - At intersection,01 - Daylight,02 - Non-fatal injury,02 - Angle
7497,HWY 417 VANIER IC117R63 @ VANIER PKWY,370801.2664,5031397.51,9/20/16,15:30,01 - Clear,01 - Dry,01 - Traffic signal,02 - Intersection related,01 - Daylight,02 - Non-fatal injury,03 - Rear end
7498,HWY 417 VANIER IC117R63 @ VANIER PKWY,370800.2479,5031397.055,11/6/16,16:07,01 - Clear,01 - Dry,01 - Traffic signal,03 - At intersection,01 - Daylight,02 - Non-fatal injury,02 - Angle
7499,HWY 417 VANIER IC117R63 @ VANIER PKWY,370799.3867,5031398.384,2/14/16,11:50,01 - Clear,01 - Dry,01 - Traffic signal,02 - Intersection related,01 - Daylight,03 - P.D. only,03 - Rear end
7500,HWY 417 VANIER IC117R63 @ VANIER PKWY,370794.5174,5031393.981,11/1/16,15:19,01 - Clear,01 - Dry,01 - Traffic signal,02 - Intersection related,01 - Daylight,03 - P.D. only,03 - Rear end
7501,HWY 417 VANIER IC117R63 @ VANIER PKWY,370801.9524,5031399.111,1/9/16,16:20,02 - Rain,02 - Wet,01 - Traffic signal,02 - Intersection related,05 - Dusk,03 - P.D. only,04 - Sideswipe
7502,HWY 417 VANIER IC117R63 @ VANIER PKWY,370798.4019,5031397.103,7/22/16,15:21,01 - Clear,01 - Dry,01 - Traffic signal,02 - Intersection related,01 - Daylight,03 - P.D. only,03 - Rear end
7503,HWY 417 VANIER IC117R63 @ VANIER PKWY,370797.3411,5031396.317,10/6/16,12:40,01 - Clear,01 - Dry,01 - Traffic signal,02 - Intersection related,01 - Daylight,03 - P.D. only,03 - Rear end
7504,HWY 417 VANIER IC117R63 @ VANIER PKWY,370799.3815,5031397.445,9/12/16,11:53,01 - Clear,01 - Dry,01 - Traffic signal,03 - At intersection,01 - Daylight,03 - P.D. only,02 - Angle
7505,HWY 417 VANIER IC117R63 @ VANIER PKWY,370799.4303,5031398.715,12/26/16,17:18,04 - Freezing Rain,06 - Ice,01 - Traffic signal,03 - At intersection,07 - Dark,03 - P.D. only,02 - Angle
7506,HWY 417 WALKLEY IC110R57 @ WALKLEY EXTENSION R,375656.4938,5028998.003,8/2/16,11:38,01 - Clear,01 - Dry,02 - Stop sign,02 - Intersection related,01 - Daylight,02 - Non-fatal injury,03 - Rear end
7507,HWY 417 WALKLEY IC110R57 @ WALKLEY EXTENSION R,375656.8259,5028998.611,4/6/16,14:57,03 - Snow,04 - Slush,02 - Stop sign,03 - At intersection,01 - Daylight,03 - P.D. only,02 - Angle
7508,HWY 417 WALKLEY IC110R57 @ WALKLEY EXTENSION R,375655.6978,5028999.037,7/3/16,21:24,01 - Clear,01 - Dry,02 - Stop sign,03 - At intersection,07 - Dark,03 - P.D. only,02 - Angle
7509,HWY 417 WALKLEY IC110R57 @ WALKLEY EXTENSION R,375657.4801,5028999.818,12/7/16,16:12,01 - Clear,02 - Wet,02 - Stop sign,03 - At intersection,05 - Dusk,03 - P.D. only,02 - Angle
7510,HWY 417 WALKLEY IC110R64 @ WALKLEY EXTENSION R,375989.6681,5029175.504,7/4/16,13:34,01 - Clear,01 - Dry,02 - Stop sign,02 - Intersection related,01 - Daylight,03 - P.D. only,07 - SMV other
7511,HWY 417 WOODROFF IC127R36 @ WOODROFFE AVE,362031.5343,5025065.753,1/31/16,15:38,01 - Clear,02 - Wet,10 - No control,02 - Intersection related,01 - Daylight,03 - P.D. only,05 - Turning movement
7512,HWY 417 WOODROFF IC127R62 @ WOODROFFE AVE,362049.6903,5025020.101,3/9/16,8:03,01 - Clear,01 - Dry,03 - Yield sign,02 - Intersection related,01 - Daylight,03 - P.D. only,03 - Rear end
7513,HWY 417 WOODROFF IC127R62 @ WOODROFFE AVE,362050.7579,5025020.671,4/14/16,10:23,01 - Clear,01 - Dry,03 - Yield sign,03 - At intersection,01 - Daylight,03 - P.D. only,04 - Sideswipe
7514,HWY 417 WOODROFF IC127R62 @ WOODROFFE AVE,362050.6415,5025018.609,7/7/16,12:45,01 - Clear,01 - Dry,03 - Yield sign,03 - At intersection,01 - Daylight,03 - P.D. only,02 - Angle
7515,HWY 417 WOODROFF IC127R63 @ WOODROFFE AVE,362109.4707,5024871.9,1/29/16,15:22,01 - Clear,01 - Dry,10 - No control,02 - Intersection related,01 - Daylight,03 - P.D. only,03 - Rear end
7516,HWY 7 HAZELDEAN RD IC RAMP 24 btwn HIGHWAY 7 & HAZELDEAN RD,346330.8913,5011972.743,2/9/16,8:11,03 - Snow,03 - Loose snow,10 - No control,01 - Non intersection,01 - Daylight,03 - P.D. only,07 - SMV other
7517,HWY 7 HAZELDEAN RD IC RAMP 34 btwn HAZELDEAN RD & HIGHWAY 7,346317.8366,5012637.832,2/27/16,4:30,01 - Clear,01 - Dry,10 - No control,01 - Non intersection,07 - Dark,03 - P.D. only,07 - SMV other
7518,HWY 7 HAZELDEAN RD IC RAMP 52 btwn HAZELDEAN RD & HIGHWAY 7,346400.3717,5012198.277,3/3/16,8:10,01 - Clear,06 - Ice,10 - No control,01 - Non intersection,01 - Daylight,03 - P.D. only,07 - SMV other
7519,HWY416 IC42 RAMP34 btwn HIGHWAY 416 & DILWORTH RD,371259.7723,4995174.836,4/17/16,4:00,01 - Clear,01 - Dry,10 - No control,01 - Non intersection,07 - Dark,03 - P.D. only,07 - SMV other
7520,HWY416 IC42 RAMP43 btwn DILWORTH RD & HIGHWAY 416,371327.4536,4995246.663,4/1/16,12:55,01 - Clear,01 - Dry,10 - No control,01 - Non intersection,01 - Daylight,03 - P.D. only,07 - SMV other
7521,HWY416 IC49 RAMP43 btwn ROGER STEVENS DR & HIGHWAY 416,369050.1592,5000982.103,1/15/16,18:19,01 - Clear,06 - Ice,10 - No control,01 - Non intersection,07 - Dark,03 - P.D. only,07 - SMV other
7522,HWY416 IC57 RAMP43 btwn BROPHY DR & HIGHWAY 416,364523.3859,5008036.94,9/21/16,22:30,01 - Clear,01 - Dry,10 - No control,01 - Non intersection,07 - Dark,03 - P.D. only,07 - SMV other
7523,HWY416 IC66 RAMP34 btwn HIGHWAY 416 & FALLOWFIELD RD,359802.3877,5014870.276,2/24/16,15:00,04 - Freezing Rain,04 - Slush,10 - No control,01 - Non intersection,01 - Daylight,03 - P.D. only,04 - Sideswipe
7524,HWY416 IC66 RAMP34 btwn HIGHWAY 416 & FALLOWFIELD RD,359749.6579,5015232.694,9/17/16,16:50,02 - Rain,02 - Wet,10 - No control,01 - Non intersection,01 - Daylight,03 - P.D. only,07 - SMV other
7525,HWY416 IC66 RAMP62 btwn HIGHWAY 416 & FALLOWFIELD RD,359862.6291,5015149.193,12/5/16,10:00,01 - Clear,03 - Loose snow,10 - No control,01 - Non intersection,01 - Daylight,03 - P.D. only,06 - SMV unattended vehicle
7526,HWY416 IC66 RAMP63 btwn FALLOWFIELD RD & HIGHWAY 416,359960.6279,5014879.397,2/13/16,14:40,06 - Strong wind,05 - Packed snow,10 - No control,01 - Non intersection,01 - Daylight,03 - P.D. only,07 - SMV other
7527,HWY416 IC72 RAMP34 btwn HIGHWAY 416 & WEST HUNT CLUB RD,359349.8837,5019671.35,2/1/16,2:00,01 - Clear,01 - Dry,10 - No control,01 - Non intersection,"08 - Dark, artificial",02 - Non-fatal injury,07 - SMV other
7528,HWY416 IC75A RAMP26 btwn HIGHWAY 417 & HIGHWAY 416,358303.2911,5022702.397,1/6/16,8:13,00 - Unknown,00 - Unknown,10 - No control,01 - Non intersection,01 - Daylight,01 - Fatal injury,07 - SMV other
7529,HWY416 IC75A RAMP26 btwn HIGHWAY 417 & HIGHWAY 416,358702.5602,5022006.339,12/11/16,19:00,03 - Snow,03 - Loose snow,10 - No control,01 - Non intersection,07 - Dark,03 - P.D. only,07 - SMV other
7530,HWY416 IC75A RAMP26 btwn HIGHWAY 417 & HIGHWAY 416,358185.5969,5022769.034,12/27/16,20:35,01 - Clear,02 - Wet,10 - No control,01 - Non intersection,07 - Dark,03 - P.D. only,03 - Rear end
7531,HWY416 IC75A RAMP43 btwn HWY416 IC75A RAMP63 & HIGHWAY 416,358679.4928,5021953.38,12/7/16,20:20,01 - Clear,01 - Dry,10 - No control,01 - Non intersection,07 - Dark,03 - P.D. only,07 - SMV other
7532,HWY416 IC75B RAMP25 btwn HWY416 IC75C RAMP24 & HWY417 IC131 RAMP55,358637.488,5022847.408,9/15/16,17:15,01 - Clear,01 - Dry,10 - No control,01 - Non intersection,01 - Daylight,03 - P.D. only,04 - Sideswipe
7533,HWY416 IC75B RAMP25 btwn HWY416 IC75C RAMP24 & HWY417 IC131 RAMP55,358568.8194,5022739.635,11/1/16,15:15,01 - Clear,01 - Dry,10 - No control,01 - Non intersection,01 - Daylight,03 - P.D. only,04 - Sideswipe
7534,HWY417 HUNT CLUB IC108 RAMP26,376456.491,5027698.067,9/13/16,1:48,01 - Clear,01 - Dry,10 - No control,01 - Non intersection,07 - Dark,02 - Non-fatal injury,07 - SMV other
7535,HWY417 HUNT CLUB IC108 RAMP26,376456.491,5027698.067,1/29/16,19:13,01 - Clear,01 - Dry,10 - No control,01 - Non intersection,07 - Dark,03 - P.D. only,07 - SMV other
7536,HWY417 HUNT CLUB IC108 RAMP26,376456.491,5027698.067,6/15/16,1:59,01 - Clear,01 - Dry,10 - No control,01 - Non intersection,07 - Dark,03 - P.D. only,07 - SMV other
7537,HWY417 HUNT CLUB IC108 RAMP51,376355.0228,5027446.322,1/10/16,0:02,03 - Snow,06 - Ice,10 - No control,01 - Non intersection,"08 - Dark, artificial",03 - P.D. only,03 - Rear end
7538,HWY417 HUNT CLUB IC108 RAMP63 btwn HIGHWAY 417 WB & HWY417 HUNT CLUB IC108 RAMP52,376588.9651,5027751.497,1/29/16,14:50,01 - Clear,03 - Loose snow,10 - No control,01 - Non intersection,01 - Daylight,03 - P.D. only,07 - SMV other
7539,HWY417 IC104 RAMP16 btwn ANDERSON RD & HIGHWAY 417,380147.6897,5025985.995,4/14/16,5:40,01 - Clear,01 - Dry,10 - No control,01 - Non intersection,07 - Dark,03 - P.D. only,03 - Rear end
7540,HWY417 IC104 RAMP16 btwn ANDERSON RD & HIGHWAY 417,380052.9048,5026237.063,12/18/16,15:14,01 - Clear,03 - Loose snow,10 - No control,01 - Non intersection,01 - Daylight,03 - P.D. only,07 - SMV other
7541,HWY417 IC104 RAMP51 btwn HIGHWAY 417 & ANDERSON RD,379716.0068,5025965.301,10/4/16,0:30,01 - Clear,01 - Dry,10 - No control,01 - Non intersection,07 - Dark,03 - P.D. only,07 - SMV other
7542,HWY417 IC104 RAMP61 btwn ANDERSON RD & HIGHWAY 417,380236.7248,5026013.261,3/8/16,21:15,01 - Clear,01 - Dry,10 - No control,01 - Non intersection,"08 - Dark, artificial",03 - P.D. only,07 - SMV other
7543,HWY417 IC110 RAMP54 btwn HWY417 IC110 RAMP58 & HIGHWAY 417,375656.0942,5029229.562,3/12/16,10:57,01 - Clear,02 - Wet,10 - No control,01 - Non intersection,01 - Daylight,03 - P.D. only,07 - SMV other
7544,HWY417 IC110 RAMP54 btwn HWY417 IC110 RAMP58 & HIGHWAY 417,375610.297,5029139.854,5/17/16,18:30,01 - Clear,01 - Dry,10 - No control,01 - Non intersection,01 - Daylight,03 - P.D. only,04 - Sideswipe
7545,HWY417 IC110 RAMP56 btwn HIGHWAY 417 & WALKLEY EXTENSION RD,375926.7625,5028970.307,7/15/16,14:00,01 - Clear,01 - Dry,10 - No control,01 - Non intersection,01 - Daylight,02 - Non-fatal injury,07 - SMV other
7546,HWY417 IC110 RAMP56 btwn HIGHWAY 417 & WALKLEY EXTENSION RD,375868.3372,5029005.101,5/31/16,22:40,01 - Clear,01 - Dry,10 - No control,01 - Non intersection,07 - Dark,03 - P.D. only,07 - SMV other
7547,HWY417 IC110 RAMP56 btwn HIGHWAY 417 & WALKLEY EXTENSION RD,375988.1761,5028999.736,3/24/16,11:48,03 - Snow,03 - Loose snow,10 - No control,01 - Non intersection,01 - Daylight,03 - P.D. only,07 - SMV other
7548,HWY417 IC110 RAMP66 btwn HIGHWAY 417 & WALKLEY EXTENSION RD,375903.7113,5029256.671,1/23/16,16:45,01 - Clear,01 - Dry,10 - No control,01 - Non intersection,05 - Dusk,03 - P.D. only,04 - Sideswipe
7549,HWY417 IC112 RAMP64 btwn HWY417 IC112 RAMP68 & HIGHWAY 417,374814.6141,5030751.476,2/27/16,2:15,01 - Clear,01 - Dry,10 - No control,01 - Non intersection,07 - Dark,03 - P.D. only,04 - Sideswipe
7550,HWY417 IC112 RAMP66 btwn HIGHWAY 417 & INNES RD,374783.3036,5030973.143,4/7/16,4:50,03 - Snow,05 - Packed snow,10 - No control,01 - Non intersection,07 - Dark,03 - P.D. only,07 - SMV other
7551,HWY417 IC115 RAMP26 btwn ST. LAURENT BLVD & Continuation of HWY417 IC1,372493.5675,5031541.202,7/23/16,1:08,01 - Clear,01 - Dry,10 - No control,01 - Non intersection,07 - Dark,03 - P.D. only,07 - SMV other
7552,HWY417 IC115 RAMP36 btwn HIGHWAY 417 & TRANSIT,372050.2332,5031480.998,6/30/16,13:26,01 - Clear,01 - Dry,10 - No control,01 - Non intersection,01 - Daylight,03 - P.D. only,04 - Sideswipe
7553,HWY417 IC115 RAMP51 btwn HIGHWAY 417 & ST. LAURENT BLVD,372120.4773,5031453.676,1/3/16,17:15,03 - Snow,03 - Loose snow,10 - No control,01 - Non intersection,05 - Dusk,03 - P.D. only,04 - Sideswipe
7554,HWY417 IC115 RAMP61 btwn RAMP & HIGHWAY 417,372641.0965,5031562.54,1/31/16,3:00,01 - Clear,01 - Dry,10 - No control,01 - Non intersection,"08 - Dark, artificial",03 - P.D. only,07 - SMV other
7555,HWY417 IC115 RAMP61 btwn RAMP & HIGHWAY 417,372574.3133,5031620.326,8/29/16,16:50,01 - Clear,01 - Dry,10 - No control,01 - Non intersection,01 - Daylight,03 - P.D. only,04 - Sideswipe
7556,HWY417 IC117 RAMP26 btwn HIGHWAY 417 & VANIER PKWY,370924.496,5031372.325,1/17/16,9:35,01 - Clear,06 - Ice,10 - No control,01 - Non intersection,01 - Daylight,03 - P.D. only,07 - SMV other
7557,HWY417 IC117 RAMP26 btwn HIGHWAY 417 & VANIER PKWY,370817.1653,5031377.694,2/14/16,18:00,01 - Clear,01 - Dry,10 - No control,01 - Non intersection,"08 - Dark, artificial",03 - P.D. only,04 - Sideswipe
7558,HWY417 IC117 RAMP36 btwn HIGHWAY 417 & VANIER PKWY,370748.9771,5031285.549,9/14/16,19:00,01 - Clear,01 - Dry,10 - No control,01 - Non intersection,01 - Daylight,02 - Non-fatal injury,03 - Rear end
7559,HWY417 IC117 RAMP36 btwn HIGHWAY 417 & VANIER PKWY,370656.2991,5031200.895,7/5/16,0:33,01 - Clear,01 - Dry,10 - No control,01 - Non intersection,07 - Dark,03 - P.D. only,04 - Sideswipe
7560,HWY417 IC117 RAMP36 btwn HIGHWAY 417 & VANIER PKWY,370748.7683,5031285.483,3/24/16,16:25,03 - Snow,04 - Slush,10 - No control,01 - Non intersection,01 - Daylight,03 - P.D. only,03 - Rear end
7561,HWY417 IC117 RAMP51 btwn HIGHWAY 417 & HWY417 IC117 RAMP53,370573.6123,5031125.503,6/9/16,11:45,01 - Clear,01 - Dry,10 - No control,01 - Non intersection,01 - Daylight,03 - P.D. only,03 - Rear end
7562,HWY417 IC117 RAMP51 btwn HIGHWAY 417 & HWY417 IC117 RAMP53,370577.7141,5031126.141,3/2/16,8:15,03 - Snow,05 - Packed snow,10 - No control,,01 - Daylight,03 - P.D. only,07 - SMV other
7563,HWY417 IC117 RAMP51 btwn HIGHWAY 417 & HWY417 IC117 RAMP53,370700.7403,5031029.955,8/4/16,8:30,01 - Clear,01 - Dry,10 - No control,01 - Non intersection,01 - Daylight,03 - P.D. only,03 - Rear end
7564,HWY417 IC117 RAMP51 btwn HIGHWAY 417 & HWY417 IC117 RAMP53,370588.644,5031121.035,12/14/16,17:20,01 - Clear,01 - Dry,10 - No control,01 - Non intersection,07 - Dark,03 - P.D. only,03 - Rear end
7565,HWY417 IC117 RAMP51 btwn HIGHWAY 417 & HWY417 IC117 RAMP53,370451.9057,5031131.725,12/9/16,9:14,01 - Clear,01 - Dry,10 - No control,01 - Non intersection,01 - Daylight,03 - P.D. only,03 - Rear end
7566,HWY417 IC118 RAMP35 btwn NICHOLAS ST & HWY417 IC118 RAMP45,369487.473,5030987.139,1/22/16,6:35,01 - Clear,01 - Dry,10 - No control,01 - Non intersection,07 - Dark,02 - Non-fatal injury,03 - Rear end
7567,HWY417 IC118 RAMP35 btwn NICHOLAS ST & HWY417 IC118 RAMP45,369392.4442,5030961.24,6/5/16,2:45,01 - Clear,01 - Dry,10 - No control,01 - Non intersection,07 - Dark,03 - P.D. only,07 - SMV other
7568,HWY417 IC118 RAMP35 btwn NICHOLAS ST & HWY417 IC118 RAMP45,369492.3836,5030958.081,2/26/16,10:30,01 - Clear,01 - Dry,10 - No control,01 - Non intersection,01 - Daylight,03 - P.D. only,04 - Sideswipe
7569,HWY417 IC118 RAMP45 btwn HWY417 IC118 RAMP35 & LEES AVE,369526.1931,5031051.758,4/6/16,23:45,03 - Snow,03 - Loose snow,10 - No control,01 - Non intersection,"08 - Dark, artificial",02 - Non-fatal injury,04 - Sideswipe
7570,HWY417 IC118 RAMP45 btwn HWY417 IC118 RAMP35 & LEES AVE,369517.336,5030998.297,8/18/16,10:11,01 - Clear,01 - Dry,10 - No control,07 - Overpass or bridge,01 - Daylight,03 - P.D. only,03 - Rear end
7571,HWY417 IC118 RAMP45 btwn HWY417 IC118 RAMP35 & LEES AVE,369513.4664,5030997.283,1/23/16,3:00,01 - Clear,01 - Dry,10 - No control,01 - Non intersection,"08 - Dark, artificial",03 - P.D. only,07 - SMV other
7572,HWY417 IC118 RAMP52 btwn HWY417 IC118 RAMP57 & HWY417 IC118 RAMP62,369495.4284,5030892.368,3/25/16,3:30,02 - Rain,02 - Wet,10 - No control,01 - Non intersection,07 - Dark,03 - P.D. only,04 - Sideswipe
7573,HWY417 IC118 RAMP67 btwn HWY417 IC118 RAMP64 & HIGHWAY 417,369679.2916,5031163.202,2/1/16,18:52,01 - Clear,01 - Dry,10 - No control,01 - Non intersection,07 - Dark,03 - P.D. only,07 - SMV other
7574,HWY417 IC118 RAMP67 btwn HWY417 IC118 RAMP64 & HIGHWAY 417,369601.0748,5031165.072,8/12/16,7:30,01 - Clear,01 - Dry,10 - No control,01 - Non intersection,01 - Daylight,03 - P.D. only,04 - Sideswipe
7575,HWY417 IC118 RAMP67 btwn HWY417 IC118 RAMP64 & HIGHWAY 417,369707.0047,5031161.268,2/20/16,8:35,02 - Rain,04 - Slush,10 - No control,01 - Non intersection,01 - Daylight,03 - P.D. only,07 - SMV other
7576,HWY417 IC118 RAMP67 btwn HWY417 IC118 RAMP64 & HIGHWAY 417,369706.7895,5031161.639,12/12/16,0:15,03 - Snow,03 - Loose snow,10 - No control,01 - Non intersection,00 - Unknown,03 - P.D. only,07 - SMV other
7577,HWY417 IC118 RAMP67 btwn HWY417 IC118 RAMP64 & HIGHWAY 417,369647.6023,5031164.953,12/31/16,21:40,03 - Snow,03 - Loose snow,10 - No control,01 - Non intersection,07 - Dark,03 - P.D. only,03 - Rear end
7578,HWY417 IC118 RAMP76 btwn HIGHWAY 417 & HWY417 IC118 RAMP43,369354.4357,5031005.812,1/27/16,19:55,01 - Clear,01 - Dry,10 - No control,01 - Non intersection,"08 - Dark, artificial",03 - P.D. only,99 - Other