Record,Location,X,Y,Date,Time,Environment,Road_Surface,Traffic_Control,Collision_Location,Light,Collision_Classification,Impact_type
7579,HWY417 IC118 RAMP76 btwn HIGHWAY 417 & HWY417 IC118 RAMP43,369385.6953,5031077.96,1/21/16,21:13,01 - Clear,06 - Ice,10 - No control,01 - Non intersection,07 - Dark,03 - P.D. only,07 - SMV other
7580,HWY417 IC118 RAMP76 btwn HIGHWAY 417 & HWY417 IC118 RAMP43,369384.2662,5031067.238,2/13/16,17:00,01 - Clear,06 - Ice,10 - No control,01 - Non intersection,01 - Daylight,03 - P.D. only,07 - SMV other
7581,HWY417 IC119A RAMP67 btwn HWY417 IC119A RAMP66 & HIGHWAY 417,368587.4947,5030542.118,7/1/16,11:24,01 - Clear,01 - Dry,10 - No control,01 - Non intersection,01 - Daylight,03 - P.D. only,03 - Rear end
7582,HWY417 IC119A RAMP75 btwn METCALFE ST & HIGHWAY 417,368591.4679,5030506.324,2/13/16,21:35,01 - Clear,01 - Dry,10 - No control,01 - Non intersection,07 - Dark,02 - Non-fatal injury,07 - SMV other
7583,HWY417 IC119B RAMP76 btwn HIGHWAY 417 & O'CONNOR ST,368194.9764,5030311.512,9/16/16,14:50,01 - Clear,01 - Dry,10 - No control,01 - Non intersection,01 - Daylight,03 - P.D. only,04 - Sideswipe
7584,HWY417 IC121A RAMP16 btwn HIGHWAY 417 & RAYMOND ST,366975.7966,5029658.259,6/20/16,16:00,01 - Clear,01 - Dry,10 - No control,01 - Non intersection,01 - Daylight,03 - P.D. only,03 - Rear end
7585,HWY417 IC121A RAMP51 btwn HIGHWAY 417 & BRONSON AVE,367119.4743,5029668.866,7/29/16,18:35,01 - Clear,01 - Dry,10 - No control,01 - Non intersection,01 - Daylight,03 - P.D. only,03 - Rear end
7586,HWY417 IC121A RAMP51 btwn HIGHWAY 417 & BRONSON AVE,367082.1541,5029662.899,9/29/16,14:53,01 - Clear,01 - Dry,10 - No control,01 - Non intersection,01 - Daylight,03 - P.D. only,04 - Sideswipe
7587,HWY417 IC121A RAMP61 btwn CATHERINE ST & HIGHWAY 417,367456.2614,5029872.723,1/6/16,7:20,01 - Clear,06 - Ice,10 - No control,01 - Non intersection,03 - Dawn,03 - P.D. only,03 - Rear end
7588,HWY417 IC121A RAMP61 btwn CATHERINE ST & HIGHWAY 417,367503.7149,5029880.562,2/14/16,0:14,01 - Clear,06 - Ice,10 - No control,01 - Non intersection,00 - Unknown,03 - P.D. only,07 - SMV other
7589,HWY417 IC122 RAMP15 btwn HWY417 IC122 RAMP51 & HIGHWAY 417,365482.3481,5028960.152,4/13/16,16:30,01 - Clear,01 - Dry,10 - No control,01 - Non intersection,01 - Daylight,03 - P.D. only,03 - Rear end
7590,HWY417 IC122 RAMP15 btwn HWY417 IC122 RAMP51 & HIGHWAY 417,365632.2314,5029071.724,7/14/16,9:10,01 - Clear,01 - Dry,10 - No control,01 - Non intersection,01 - Daylight,03 - P.D. only,04 - Sideswipe
7591,HWY417 IC122 RAMP16 btwn HIGHWAY 417 & WESTMOUNT AVE,365161.5985,5028759.976,2/12/16,19:00,01 - Clear,03 - Loose snow,10 - No control,01 - Non intersection,"08 - Dark, artificial",03 - P.D. only,04 - Sideswipe
7592,HWY417 IC122 RAMP51 btwn HIGHWAY 417 & PARKDALE AVE,365324.1647,5028836.25,1/12/16,13:20,01 - Clear,04 - Slush,10 - No control,01 - Non intersection,01 - Daylight,03 - P.D. only,03 - Rear end
7593,HWY417 IC122 RAMP51 btwn HIGHWAY 417 & PARKDALE AVE,365194.7287,5028746.288,1/3/16,8:20,03 - Snow,03 - Loose snow,10 - No control,01 - Non intersection,01 - Daylight,03 - P.D. only,07 - SMV other
7594,HWY417 IC123 RAMP62 btwn ISLAND PARK DR & HIGHWAY 417,364558.9591,5028047.625,7/15/16,20:00,01 - Clear,01 - Dry,10 - No control,01 - Non intersection,01 - Daylight,02 - Non-fatal injury,07 - SMV other
7595,HWY417 IC124 RAMP55 btwn CARLING AVE EB & HIGHWAY 417,364434.2354,5027479.812,9/25/16,22:20,01 - Clear,01 - Dry,10 - No control,01 - Non intersection,07 - Dark,03 - P.D. only,03 - Rear end
7596,HWY417 IC126 RAMP16 btwn HIGHWAY 417 & HWY417 IC126 RAMP26,363082.278,5025801.28,3/24/16,15:31,04 - Freezing Rain,03 - Loose snow,10 - No control,01 - Non intersection,01 - Daylight,03 - P.D. only,04 - Sideswipe
7597,HWY417 IC126 RAMP25 btwn HWY417 IC126 RAMP55 & HIGHWAY 417,363316.1731,5025964.227,4/6/16,21:30,03 - Snow,03 - Loose snow,10 - No control,01 - Non intersection,07 - Dark,02 - Non-fatal injury,04 - Sideswipe
7598,HWY417 IC126 RAMP26 btwn HWY417 IC126 RAMP16 & HWY417 IC126 RAMP62,363118.4514,5025979.816,7/26/16,10:44,01 - Clear,01 - Dry,10 - No control,01 - Non intersection,01 - Daylight,03 - P.D. only,03 - Rear end
7599,HWY417 IC126 RAMP51 btwn HIGHWAY 417 & HWY417 IC126 RAMP52,363287.4543,5025931.117,7/25/16,18:17,01 - Clear,01 - Dry,10 - No control,01 - Non intersection,01 - Daylight,02 - Non-fatal injury,07 - SMV other
7600,HWY417 IC126 RAMP51 btwn HIGHWAY 417 & HWY417 IC126 RAMP52,363245.0118,5025920.672,4/13/16,9:24,01 - Clear,01 - Dry,10 - No control,01 - Non intersection,01 - Daylight,02 - Non-fatal injury,03 - Rear end
7601,HWY417 IC126 RAMP51 btwn HIGHWAY 417 & HWY417 IC126 RAMP52,363239.9036,5025917.337,7/10/16,6:30,02 - Rain,02 - Wet,10 - No control,01 - Non intersection,01 - Daylight,03 - P.D. only,07 - SMV other
7602,HWY417 IC126 RAMP52 btwn MAITLAND AVE & HWY417 IC126 RAMP51,363254.6381,5025802.844,2/13/16,14:50,01 - Clear,01 - Dry,10 - No control,01 - Non intersection,01 - Daylight,02 - Non-fatal injury,03 - Rear end
7603,HWY417 IC126 RAMP52 btwn MAITLAND AVE & HWY417 IC126 RAMP51,363228.085,5025814.056,2/13/16,9:00,01 - Clear,06 - Ice,10 - No control,01 - Non intersection,01 - Daylight,03 - P.D. only,03 - Rear end
7604,HWY417 IC126 RAMP61 btwn HWY417 IC126 RAMP63 & HIGHWAY 417,363104.8464,5025844.326,10/4/16,19:00,01 - Clear,01 - Dry,10 - No control,01 - Non intersection,05 - Dusk,03 - P.D. only,07 - SMV other
7605,HWY417 IC126 RAMP61 btwn HWY417 IC126 RAMP63 & HIGHWAY 417,363154.2926,5025866.509,6/15/16,7:45,01 - Clear,01 - Dry,10 - No control,01 - Non intersection,01 - Daylight,03 - P.D. only,03 - Rear end
7606,HWY417 IC127 RAMP25 btwn WOODROFFE AVE & HIGHWAY 417,362236.3327,5024881.911,7/17/16,14:00,01 - Clear,01 - Dry,10 - No control,01 - Non intersection,01 - Daylight,02 - Non-fatal injury,07 - SMV other
7607,HWY417 IC127 RAMP25 btwn WOODROFFE AVE & HIGHWAY 417,362183.1131,5024809.055,3/3/16,9:35,01 - Clear,02 - Wet,10 - No control,01 - Non intersection,01 - Daylight,03 - P.D. only,03 - Rear end
7608,HWY417 IC127 RAMP35 btwn HIGHWAY 417 & WOODROFFE AVE,362047.0678,5024690.342,6/10/16,22:10,01 - Clear,01 - Dry,10 - No control,01 - Non intersection,07 - Dark,03 - P.D. only,07 - SMV other
7609,HWY417 IC127 RAMP35 btwn HIGHWAY 417 & WOODROFFE AVE,362064.7273,5024770.562,9/23/16,13:06,01 - Clear,01 - Dry,10 - No control,01 - Non intersection,01 - Daylight,03 - P.D. only,04 - Sideswipe
7610,HWY417 IC127 RAMP35 btwn HIGHWAY 417 & WOODROFFE AVE,362091.3365,5024664.453,2/27/16,7:30,01 - Clear,01 - Dry,10 - No control,01 - Non intersection,01 - Daylight,03 - P.D. only,07 - SMV other
7611,HWY417 IC127 RAMP51 btwn HIGHWAY 417 & HWY417 IC127 RAMP53,361966.0353,5024665.279,4/9/16,13:30,01 - Clear,01 - Dry,10 - No control,01 - Non intersection,01 - Daylight,02 - Non-fatal injury,03 - Rear end
7612,HWY417 IC127 RAMP51 btwn HIGHWAY 417 & HWY417 IC127 RAMP53,362061.9166,5024658.688,5/30/16,0:01,01 - Clear,01 - Dry,10 - No control,01 - Non intersection,07 - Dark,03 - P.D. only,07 - SMV other
7613,HWY417 IC127 RAMP53 btwn HWY417 IC127 RAMP51 & WOODROFFE AVE,362202.3278,5024629.978,4/13/16,8:30,01 - Clear,01 - Dry,10 - No control,01 - Non intersection,01 - Daylight,02 - Non-fatal injury,03 - Rear end
7614,HWY417 IC127 RAMP53 btwn HWY417 IC127 RAMP51 & WOODROFFE AVE,362199.2379,5024633.549,9/7/16,18:50,01 - Clear,01 - Dry,10 - No control,01 - Non intersection,01 - Daylight,03 - P.D. only,03 - Rear end
7615,HWY417 IC127 RAMP53 btwn HWY417 IC127 RAMP51 & WOODROFFE AVE,362183.3373,5024648.605,6/8/16,11:00,01 - Clear,01 - Dry,10 - No control,01 - Non intersection,01 - Daylight,03 - P.D. only,03 - Rear end
7616,HWY417 IC127 RAMP53 btwn HWY417 IC127 RAMP51 & WOODROFFE AVE,362149.6811,5024665.375,3/1/16,7:35,01 - Clear,01 - Dry,10 - No control,01 - Non intersection,01 - Daylight,03 - P.D. only,03 - Rear end
7617,HWY417 IC127 RAMP62 btwn WOODROFFE AVE & HWY417 IC127 RAMP68,362054.7324,5025015.427,7/20/16,14:35,01 - Clear,01 - Dry,10 - No control,01 - Non intersection,01 - Daylight,03 - P.D. only,03 - Rear end
7618,HWY417 IC127 RAMP63 btwn HIGHWAY 417 & WOODROFFE AVE,361957.0931,5024840.698,9/4/16,16:19,01 - Clear,01 - Dry,10 - No control,01 - Non intersection,01 - Daylight,02 - Non-fatal injury,07 - SMV other
7619,HWY417 IC127 RAMP63 btwn HIGHWAY 417 & WOODROFFE AVE,361950.8013,5024883.104,12/3/16,17:20,01 - Clear,01 - Dry,10 - No control,01 - Non intersection,07 - Dark,03 - P.D. only,07 - SMV other
7620,HWY417 IC129 RAMP25 btwn GREENBANK RD & HIGHWAY 417,360864.5011,5023841.468,2/12/16,8:40,01 - Clear,02 - Wet,10 - No control,01 - Non intersection,01 - Daylight,03 - P.D. only,03 - Rear end
7621,HWY417 IC129 RAMP25 btwn GREENBANK RD & HIGHWAY 417,360711.332,5023709.211,2/16/16,11:12,03 - Snow,03 - Loose snow,10 - No control,01 - Non intersection,01 - Daylight,03 - P.D. only,03 - Rear end
7622,HWY417 IC129 RAMP26 btwn PINECREST RD & HIGHWAY 417,360476.1265,5023706.991,4/5/16,7:45,01 - Clear,01 - Dry,10 - No control,01 - Non intersection,01 - Daylight,02 - Non-fatal injury,03 - Rear end
7623,HWY417 IC129 RAMP35 btwn HIGHWAY 417 & GREENBANK RD,360483.5413,5023382.975,6/8/16,15:17,01 - Clear,01 - Dry,10 - No control,01 - Non intersection,01 - Daylight,03 - P.D. only,03 - Rear end
7624,HWY417 IC129 RAMP35 btwn HIGHWAY 417 & GREENBANK RD,360375.7612,5023445.349,4/30/16,9:21,01 - Clear,01 - Dry,10 - No control,01 - Non intersection,01 - Daylight,03 - P.D. only,07 - SMV other
7625,HWY417 IC129 RAMP51 btwn ASHLEY ST & HWY417 IC129 RAMP53,360477.435,5023291.827,5/24/16,18:00,01 - Clear,01 - Dry,10 - No control,01 - Non intersection,01 - Daylight,03 - P.D. only,03 - Rear end
7626,HWY417 IC129 RAMP51 btwn HIGHWAY 417 & ASHLEY ST,360176.2385,5023296.048,1/2/16,14:30,01 - Clear,02 - Wet,10 - No control,01 - Non intersection,01 - Daylight,03 - P.D. only,04 - Sideswipe
7627,HWY417 IC129 RAMP51 btwn HIGHWAY 417 & ASHLEY ST,360280.4188,5023335.571,8/21/16,13:40,01 - Clear,02 - Wet,10 - No control,01 - Non intersection,01 - Daylight,03 - P.D. only,04 - Sideswipe
7628,HWY417 IC129 RAMP51 btwn HIGHWAY 417 & ASHLEY ST,360196.5024,5023301.095,6/25/16,12:20,01 - Clear,01 - Dry,10 - No control,01 - Non intersection,01 - Daylight,03 - P.D. only,03 - Rear end
7629,HWY417 IC129 RAMP51 btwn HIGHWAY 417 & ASHLEY ST,360229.1937,5023317.483,6/29/16,12:40,01 - Clear,01 - Dry,10 - No control,01 - Non intersection,01 - Daylight,03 - P.D. only,04 - Sideswipe
7630,HWY417 IC130 RAMP26 btwn RICHMOND RD & HIGHWAY 417,359332.8038,5023243.825,2/1/16,12:26,01 - Clear,01 - Dry,10 - No control,01 - Non intersection,01 - Daylight,03 - P.D. only,04 - Sideswipe
7631,HWY417 IC130 RAMP26 btwn RICHMOND RD & HIGHWAY 417,359429.5549,5023167.81,2/12/16,14:50,01 - Clear,01 - Dry,10 - No control,01 - Non intersection,01 - Daylight,03 - P.D. only,07 - SMV other
7632,HWY417 IC130 RAMP26 btwn RICHMOND RD & HIGHWAY 417,359379.0846,5023249.271,3/4/16,22:50,01 - Clear,01 - Dry,10 - No control,01 - Non intersection,07 - Dark,03 - P.D. only,04 - Sideswipe
7633,HWY417 IC130 RAMP35 btwn HIGHWAY 417 & RICHMOND RD,359030.2271,5022891.526,1/24/16,16:40,03 - Snow,02 - Wet,10 - No control,01 - Non intersection,05 - Dusk,03 - P.D. only,07 - SMV other
7634,HWY417 IC130 RAMP36 btwn RICHMOND RD & HWY417 IC131 RAMP66,358577.5143,5022948.694,3/5/16,3:25,01 - Clear,01 - Dry,10 - No control,01 - Non intersection,"08 - Dark, artificial",03 - P.D. only,07 - SMV other
7635,HWY417 IC131 RAMP53 btwn HIGHWAY 417 & HWY417 IC131 RAMP63,358201.3002,5022651.434,5/20/16,13:00,01 - Clear,01 - Dry,10 - No control,01 - Non intersection,01 - Daylight,02 - Non-fatal injury,04 - Sideswipe
7636,HWY417 IC131 RAMP53 btwn HIGHWAY 417 & HWY417 IC131 RAMP63,358431.205,5022418.516,7/17/16,20:30,01 - Clear,01 - Dry,10 - No control,01 - Non intersection,05 - Dusk,03 - P.D. only,07 - SMV other
7637,HWY417 IC131 RAMP55 btwn HIGHWAY 417 & HWY416 IC75B RAMP25,358692.3513,5022915.707,3/24/16,16:10,04 - Freezing Rain,04 - Slush,10 - No control,01 - Non intersection,01 - Daylight,02 - Non-fatal injury,04 - Sideswipe
7638,HWY417 IC131 RAMP55 btwn HIGHWAY 417 & HWY416 IC75B RAMP25,358645.319,5022886.4,1/6/16,7:20,01 - Clear,06 - Ice,10 - No control,01 - Non intersection,03 - Dawn,03 - P.D. only,07 - SMV other
7639,HWY417 IC131 RAMP55 btwn HIGHWAY 417 & HWY416 IC75B RAMP25,358383.0555,5022764.451,1/6/16,9:55,01 - Clear,03 - Loose snow,10 - No control,01 - Non intersection,01 - Daylight,03 - P.D. only,04 - Sideswipe
7640,HWY417 IC131 RAMP55 btwn HIGHWAY 417 & HWY416 IC75B RAMP25,358684.5341,5022910.777,1/19/16,17:35,01 - Clear,01 - Dry,10 - No control,01 - Non intersection,05 - Dusk,03 - P.D. only,03 - Rear end
7641,HWY417 IC131 RAMP55 btwn HIGHWAY 417 & HWY416 IC75B RAMP25,358655.4906,5022895.916,1/21/16,6:45,01 - Clear,06 - Ice,10 - No control,01 - Non intersection,07 - Dark,03 - P.D. only,03 - Rear end
7642,HWY417 IC131 RAMP55 btwn HIGHWAY 417 & HWY416 IC75B RAMP25,358666.8399,5022899.312,9/7/16,21:20,02 - Rain,02 - Wet,10 - No control,01 - Non intersection,07 - Dark,03 - P.D. only,07 - SMV other
7643,HWY417 IC131 RAMP55 btwn HIGHWAY 417 & HWY416 IC75B RAMP25,358633.9134,5022882.603,8/21/16,9:20,02 - Rain,02 - Wet,10 - No control,01 - Non intersection,01 - Daylight,03 - P.D. only,07 - SMV other
7644,HWY417 IC131 RAMP55 btwn HIGHWAY 417 & HWY416 IC75B RAMP25,358428.5637,5022784.825,4/28/16,7:10,01 - Clear,01 - Dry,10 - No control,01 - Non intersection,01 - Daylight,03 - P.D. only,07 - SMV other
7645,HWY417 IC131 RAMP66 btwn HWY417 IC130 RAMP36 & HWY417 IC131 RAMP63,358612.4631,5022946.812,1/18/16,9:44,01 - Clear,02 - Wet,10 - No control,01 - Non intersection,01 - Daylight,03 - P.D. only,07 - SMV other
7646,HWY417 IC131 RAMP66 btwn HWY417 IC130 RAMP36 & HWY417 IC131 RAMP63,358361.1082,5022870.525,2/11/16,18:20,01 - Clear,01 - Dry,10 - No control,01 - Non intersection,"08 - Dark, artificial",03 - P.D. only,03 - Rear end
7647,HWY417 IC131 RAMP66 btwn HWY417 IC130 RAMP36 & HWY417 IC131 RAMP63,358578.1246,5022937.919,7/25/16,7:00,02 - Rain,02 - Wet,10 - No control,01 - Non intersection,01 - Daylight,03 - P.D. only,07 - SMV other
7648,HWY417 IC131 RAMP66 btwn TRANSIT & HWY417 IC130 RAMP36,358193.8157,5022837.646,2/11/16,18:15,01 - Clear,02 - Wet,10 - No control,01 - Non intersection,"08 - Dark, artificial",03 - P.D. only,03 - Rear end
7649,HWY417 IC131 RAMP66 btwn TRANSIT & HWY417 IC130 RAMP36,358233.811,5022843.744,7/7/16,19:45,01 - Clear,01 - Dry,10 - No control,01 - Non intersection,01 - Daylight,03 - P.D. only,07 - SMV other
7650,HWY417 IC131 RAMP66 btwn TRANSIT & HWY417 IC130 RAMP36,358200.3596,5022842.076,3/4/16,11:30,01 - Clear,01 - Dry,10 - No control,01 - Non intersection,01 - Daylight,03 - P.D. only,99 - Other
7651,HWY417 IC134 RAMP35 btwn HIGHWAY 417 & MOODIE DR,356334.3808,5022179.562,4/6/16,19:37,03 - Snow,04 - Slush,10 - No control,01 - Non intersection,07 - Dark,03 - P.D. only,04 - Sideswipe
7652,HWY417 IC134 RAMP36 btwn HIGHWAY 417 & HWY417 IC134 RAMP66,356265.2371,5022221.233,4/8/16,12:30,05 - Drifting Snow,01 - Dry,10 - No control,01 - Non intersection,01 - Daylight,03 - P.D. only,07 - SMV other
7653,HWY417 IC134 RAMP61 btwn HWY417 IC134 RAMP63 & HIGHWAY 417,356855.8839,5022529.657,4/6/16,21:15,03 - Snow,03 - Loose snow,10 - No control,01 - Non intersection,07 - Dark,03 - P.D. only,04 - Sideswipe
7654,HWY417 IC138 RAMP25 btwn EAGLESON RD & EAGLESON RD,353025.033,5020103.074,12/9/16,16:05,01 - Clear,01 - Dry,10 - No control,01 - Non intersection,05 - Dusk,03 - P.D. only,03 - Rear end
7655,HWY417 IC138 RAMP25 btwn EAGLESON RD & EAGLESON RD,353024.4122,5020102.925,12/9/16,16:05,01 - Clear,02 - Wet,10 - No control,01 - Non intersection,05 - Dusk,03 - P.D. only,03 - Rear end
7656,HWY417 IC138 RAMP26 btwn MARCH RD & HIGHWAY 417,353027.8589,5020431.87,3/9/16,20:15,01 - Clear,01 - Dry,10 - No control,01 - Non intersection,"08 - Dark, artificial",03 - P.D. only,07 - SMV other
7657,HWY417 IC138 RAMP36 btwn HIGHWAY 417 & MARCH RD,352680.5672,5020117.31,8/26/16,1:40,01 - Clear,01 - Dry,10 - No control,01 - Non intersection,07 - Dark,03 - P.D. only,07 - SMV other
7658,HWY417 IC138 RAMP61 btwn HWY417 IC138 RAMP62 & HIGHWAY 417,353381.2366,5020542.711,2/16/16,13:35,05 - Drifting Snow,03 - Loose snow,10 - No control,01 - Non intersection,01 - Daylight,03 - P.D. only,03 - Rear end
7659,HWY417 IC140 RAMP35 btwn TERRY FOX DR & HIGHWAY 417,350863.8414,5018469.584,12/31/16,19:14,03 - Snow,03 - Loose snow,10 - No control,01 - Non intersection,07 - Dark,03 - P.D. only,07 - SMV other
7660,HWY417 IC140 RAMP36 btwn TERRY FOX DR & HIGHWAY 417,350674.0546,5018458.775,1/15/16,17:25,01 - Clear,01 - Dry,10 - No control,01 - Non intersection,05 - Dusk,03 - P.D. only,07 - SMV other
7661,HWY417 IC140 RAMP51 btwn HIGHWAY 417 & HWY417 IC140 RAMP53,350942.9622,5018349.668,7/30/16,9:00,01 - Clear,01 - Dry,10 - No control,01 - Non intersection,01 - Daylight,03 - P.D. only,07 - SMV other
7662,HWY417 IC140 RAMP53 btwn HWY417 IC140 RAMP51 & TERRY FOX DR,351064.4839,5018409.175,7/4/16,14:53,01 - Clear,01 - Dry,10 - No control,01 - Non intersection,01 - Daylight,03 - P.D. only,03 - Rear end
7663,HWY417 IC142 RAMP16 btwn TO BE DETERMINED & HIGHWAY 417,348964.305,5017418.535,2/11/16,18:36,01 - Clear,06 - Ice,10 - No control,01 - Non intersection,07 - Dark,02 - Non-fatal injury,07 - SMV other
7664,HWY417 IC142 RAMP16 btwn TO BE DETERMINED & HIGHWAY 417,348882.3767,5017429.045,1/16/16,22:05,03 - Snow,03 - Loose snow,10 - No control,01 - Non intersection,"08 - Dark, artificial",03 - P.D. only,07 - SMV other
7665,HWY417 IC142 RAMP16 btwn TO BE DETERMINED & HIGHWAY 417,348909.4292,5017442.794,2/25/16,6:54,02 - Rain,06 - Ice,10 - No control,01 - Non intersection,"04 - Dawn, artificial",03 - P.D. only,07 - SMV other
7666,HWY417 IC142 RAMP25 btwn PALLADIUM DR & HIGHWAY 417,349120.2942,5017016.032,12/16/16,8:15,01 - Clear,06 - Ice,10 - No control,01 - Non intersection,01 - Daylight,02 - Non-fatal injury,07 - SMV other
7667,HWY417 IC142 RAMP51 btwn HIGHWAY 417 & HWY417 IC142 RAMP52,348740.3233,5016967.578,4/3/16,14:36,01 - Clear,01 - Dry,10 - No control,01 - Non intersection,01 - Daylight,03 - P.D. only,03 - Rear end
7668,HWY417 IC142 RAMP61 btwn HWY417 IC142 RAMP63 & HIGHWAY 417,349034.0981,5017457.696,2/19/16,22:15,01 - Clear,06 - Ice,10 - No control,01 - Non intersection,07 - Dark,03 - P.D. only,07 - SMV other
7669,HWY417 IC144 RAMP25 btwn CARP RD & HIGHWAY 417,347626.7642,5015983.872,12/12/16,7:00,03 - Snow,03 - Loose snow,10 - No control,01 - Non intersection,07 - Dark,02 - Non-fatal injury,03 - Rear end
7670,HWY417 IC144 RAMP61 btwn HWY417 IC144 RAMP63 & HIGHWAY 417,347479.531,5016039.019,1/9/16,18:18,01 - Clear,02 - Wet,10 - No control,01 - Non intersection,07 - Dark,03 - P.D. only,03 - Rear end
7671,HWY417 IC144 RAMP63 btwn CARP RD & HWY417 IC144 RAMP62,347368.7685,5015987.664,4/12/16,13:50,01 - Clear,02 - Wet,10 - No control,01 - Non intersection,01 - Daylight,03 - P.D. only,03 - Rear end
7672,HWY417 IC163 RAMP15 btwn PANMURE RD & HIGHWAY 417,331087.119,5021305.603,11/14/16,17:33,01 - Clear,01 - Dry,10 - No control,01 - Non intersection,07 - Dark,02 - Non-fatal injury,07 - SMV other
7673,HWY417 IC163 RAMP15 btwn PANMURE RD & HIGHWAY 417,331028.3122,5021451.576,1/18/16,14:18,01 - Clear,01 - Dry,10 - No control,01 - Non intersection,01 - Daylight,03 - P.D. only,07 - SMV other
7674,HWY417 IC169 RAMP25 btwn KINBURN SIDE RD & HIGHWAY 417,325713.844,5024603.721,1/4/16,6:40,01 - Clear,05 - Packed snow,10 - No control,01 - Non intersection,07 - Dark,03 - P.D. only,07 - SMV other
7675,HWY417 IC88 RAMP16 btwn HIGHWAY 417 & ROCKDALE RD,395347.2919,5022669.925,12/17/16,8:22,03 - Snow,03 - Loose snow,10 - No control,07 - Overpass or bridge,01 - Daylight,03 - P.D. only,07 - SMV other
7676,HWY417 IC96 RAMP15 btwn BOUNDARY RD & RAMP,387304.7614,5023695.352,1/3/16,6:30,03 - Snow,04 - Slush,10 - No control,01 - Non intersection,07 - Dark,03 - P.D. only,07 - SMV other
7677,HWY417 IC96 RAMP16 btwn BOUNDARY RD & RAMP,387331.9853,5024103.323,8/26/16,8:55,01 - Clear,01 - Dry,10 - No control,01 - Non intersection,01 - Daylight,03 - P.D. only,03 - Rear end
7678,HWY417 IC96 RAMP61 btwn BOUNDARY RD & HIGHWAY 417,387307.2021,5024119.354,11/4/16,15:55,01 - Clear,01 - Dry,10 - No control,01 - Non intersection,01 - Daylight,03 - P.D. only,03 - Rear end
7679,IBER RD btwn HUNTMAR DR & HARRY DOUGLAS DR,351580.4734,5015335.056,4/7/16,12:24,01 - Clear,01 - Dry,10 - No control,04 - At/near private drive,01 - Daylight,02 - Non-fatal injury,02 - Angle
7680,IBER RD btwn HUNTMAR DR & HARRY DOUGLAS DR,351125.2689,5015869.449,5/30/16,8:59,01 - Clear,01 - Dry,10 - No control,01 - Non intersection,01 - Daylight,02 - Non-fatal injury,05 - Turning movement
7681,IBER RD btwn HUNTMAR DR & HARRY DOUGLAS DR,351167.2346,5015814.767,4/29/16,19:38,01 - Clear,01 - Dry,10 - No control,04 - At/near private drive,01 - Daylight,03 - P.D. only,03 - Rear end
7682,IBER RD btwn HUNTMAR DR & HARRY DOUGLAS DR,351628.8264,5015280.892,7/16/16,12:56,01 - Clear,01 - Dry,10 - No control,01 - Non intersection,01 - Daylight,03 - P.D. only,07 - SMV other
7683,IMPERIAL AVE btwn CHAMBERLAIN AVE & RENFREW AVE,367418.3638,5029678.793,12/7/16,16:59,01 - Clear,02 - Wet,10 - No control,01 - Non intersection,05 - Dusk,03 - P.D. only,04 - Sideswipe
7684,INDIAN RD @ WITHROW AVE,363787.7764,5023701.278,2/12/16,16:00,03 - Snow,02 - Wet,02 - Stop sign,03 - At intersection,01 - Daylight,03 - P.D. only,02 - Angle
7685,INDUSTRIAL AVE @ ALTA VISTA DR/SANDFORD FLEMIN,370884.5043,5030556.911,10/26/16,16:36,01 - Clear,01 - Dry,01 - Traffic signal,02 - Intersection related,01 - Daylight,02 - Non-fatal injury,02 - Angle
7686,INDUSTRIAL AVE @ ALTA VISTA DR/SANDFORD FLEMIN,370885.552,5030555.5,10/14/16,10:45,01 - Clear,01 - Dry,01 - Traffic signal,02 - Intersection related,01 - Daylight,02 - Non-fatal injury,03 - Rear end
7687,INDUSTRIAL AVE @ ALTA VISTA DR/SANDFORD FLEMIN,370883.8956,5030557.156,9/7/16,12:19,01 - Clear,01 - Dry,01 - Traffic signal,02 - Intersection related,01 - Daylight,02 - Non-fatal injury,03 - Rear end
7688,INDUSTRIAL AVE @ ALTA VISTA DR/SANDFORD FLEMIN,370884.5043,5030557.35,11/3/16,7:50,02 - Rain,02 - Wet,01 - Traffic signal,03 - At intersection,03 - Dawn,02 - Non-fatal injury,05 - Turning movement
7689,INDUSTRIAL AVE @ ALTA VISTA DR/SANDFORD FLEMIN,370883.0675,5030557.156,12/15/16,21:22,01 - Clear,02 - Wet,01 - Traffic signal,03 - At intersection,07 - Dark,02 - Non-fatal injury,05 - Turning movement
7690,INDUSTRIAL AVE @ ALTA VISTA DR/SANDFORD FLEMIN,370885.1972,5030556.387,12/29/16,14:14,03 - Snow,03 - Loose snow,01 - Traffic signal,02 - Intersection related,01 - Daylight,02 - Non-fatal injury,05 - Turning movement
7691,INDUSTRIAL AVE @ ALTA VISTA DR/SANDFORD FLEMIN,370884.0993,5030558.122,2/9/16,12:40,03 - Snow,02 - Wet,01 - Traffic signal,02 - Intersection related,01 - Daylight,03 - P.D. only,03 - Rear end
7692,INDUSTRIAL AVE @ ALTA VISTA DR/SANDFORD FLEMIN,370884.5043,5030558.229,1/20/16,12:54,01 - Clear,01 - Dry,01 - Traffic signal,02 - Intersection related,01 - Daylight,03 - P.D. only,03 - Rear end
7693,INDUSTRIAL AVE @ ALTA VISTA DR/SANDFORD FLEMIN,370883.2229,5030557.945,1/11/16,13:05,02 - Rain,06 - Ice,01 - Traffic signal,02 - Intersection related,01 - Daylight,03 - P.D. only,04 - Sideswipe
7694,INDUSTRIAL AVE @ ALTA VISTA DR/SANDFORD FLEMIN,370884.9483,5030557.794,2/26/16,12:10,01 - Clear,01 - Dry,01 - Traffic signal,02 - Intersection related,01 - Daylight,03 - P.D. only,03 - Rear end
7695,INDUSTRIAL AVE @ ALTA VISTA DR/SANDFORD FLEMIN,370884.4575,5030557.304,4/5/16,9:28,01 - Clear,01 - Dry,01 - Traffic signal,02 - Intersection related,01 - Daylight,03 - P.D. only,04 - Sideswipe
7696,INDUSTRIAL AVE @ ALTA VISTA DR/SANDFORD FLEMIN,370885.3669,5030558.525,5/6/16,15:28,01 - Clear,01 - Dry,01 - Traffic signal,03 - At intersection,01 - Daylight,03 - P.D. only,05 - Turning movement