Record,Location,X,Y,Date,Time,Environment,Road_Surface,Traffic_Control,Collision_Location,Light,Collision_Classification,Impact_type
7697,INDUSTRIAL AVE @ ALTA VISTA DR/SANDFORD FLEMIN,370886.3302,5030557.838,8/23/16,11:09,01 - Clear,01 - Dry,01 - Traffic signal,02 - Intersection related,01 - Daylight,03 - P.D. only,03 - Rear end
7698,INDUSTRIAL AVE @ ALTA VISTA DR/SANDFORD FLEMIN,370884.5043,5030556.472,8/25/16,18:53,01 - Clear,01 - Dry,01 - Traffic signal,03 - At intersection,01 - Daylight,03 - P.D. only,05 - Turning movement
7699,INDUSTRIAL AVE @ ALTA VISTA DR/SANDFORD FLEMIN,370884.7238,5030557.838,8/18/16,12:53,01 - Clear,01 - Dry,01 - Traffic signal,02 - Intersection related,01 - Daylight,03 - P.D. only,03 - Rear end
7700,INDUSTRIAL AVE @ ALTA VISTA DR/SANDFORD FLEMIN,370885.7562,5030557.941,4/20/16,10:13,01 - Clear,01 - Dry,01 - Traffic signal,03 - At intersection,01 - Daylight,03 - P.D. only,02 - Angle
7701,INDUSTRIAL AVE @ ALTA VISTA DR/SANDFORD FLEMIN,370885.3824,5030557.35,9/1/16,15:52,01 - Clear,01 - Dry,01 - Traffic signal,03 - At intersection,01 - Daylight,03 - P.D. only,04 - Sideswipe
7702,INDUSTRIAL AVE @ ALTA VISTA DR/SANDFORD FLEMIN,370884.9433,5030556.911,10/27/16,7:19,01 - Clear,01 - Dry,01 - Traffic signal,03 - At intersection,01 - Daylight,03 - P.D. only,05 - Turning movement
7703,INDUSTRIAL AVE @ ALTA VISTA DR/SANDFORD FLEMIN,370883.8956,5030557.156,10/6/16,8:45,01 - Clear,01 - Dry,01 - Traffic signal,02 - Intersection related,01 - Daylight,03 - P.D. only,03 - Rear end
7704,INDUSTRIAL AVE @ ALTA VISTA DR/SANDFORD FLEMIN,370885.4505,5030556.114,10/28/16,13:23,02 - Rain,02 - Wet,01 - Traffic signal,02 - Intersection related,01 - Daylight,03 - P.D. only,03 - Rear end
7705,INDUSTRIAL AVE @ ALTA VISTA DR/SANDFORD FLEMIN,370884.2504,5030558.28,12/26/16,9:39,01 - Clear,01 - Dry,01 - Traffic signal,02 - Intersection related,01 - Daylight,03 - P.D. only,03 - Rear end
7706,INDUSTRIAL AVE @ NEIGHBORHOOD WAY,371092.4635,5030527.394,9/18/16,22:48,01 - Clear,01 - Dry,02 - Stop sign,02 - Intersection related,07 - Dark,02 - Non-fatal injury,05 - Turning movement
7707,INDUSTRIAL AVE @ NEIGHBORHOOD WAY,371093.4035,5030528.012,7/24/16,17:14,01 - Clear,01 - Dry,02 - Stop sign,03 - At intersection,01 - Daylight,03 - P.D. only,02 - Angle
7708,INDUSTRIAL AVE @ RIVERSIDE DR,370685.1092,5030590.991,9/22/16,19:42,02 - Rain,02 - Wet,01 - Traffic signal,03 - At intersection,07 - Dark,01 - Fatal injury,07 - SMV other
7709,INDUSTRIAL AVE @ RIVERSIDE DR,370685.8905,5030593.335,3/4/16,14:34,01 - Clear,02 - Wet,01 - Traffic signal,02 - Intersection related,01 - Daylight,02 - Non-fatal injury,03 - Rear end
7710,INDUSTRIAL AVE @ RIVERSIDE DR,370682.4672,5030592.929,1/14/16,16:45,01 - Clear,02 - Wet,01 - Traffic signal,02 - Intersection related,05 - Dusk,02 - Non-fatal injury,03 - Rear end
7711,INDUSTRIAL AVE @ RIVERSIDE DR,370684.9426,5030593.225,2/22/16,15:16,01 - Clear,01 - Dry,01 - Traffic signal,03 - At intersection,01 - Daylight,02 - Non-fatal injury,02 - Angle
7712,INDUSTRIAL AVE @ RIVERSIDE DR,370684.717,5030592.319,11/9/16,17:00,01 - Clear,01 - Dry,01 - Traffic signal,02 - Intersection related,05 - Dusk,02 - Non-fatal injury,03 - Rear end
7713,INDUSTRIAL AVE @ RIVERSIDE DR,370684.7186,5030592.553,7/13/16,14:28,01 - Clear,01 - Dry,01 - Traffic signal,02 - Intersection related,01 - Daylight,02 - Non-fatal injury,03 - Rear end
7714,INDUSTRIAL AVE @ RIVERSIDE DR,370685.3845,5030592.331,2/25/16,7:47,04 - Freezing Rain,06 - Ice,01 - Traffic signal,02 - Intersection related,01 - Daylight,03 - P.D. only,04 - Sideswipe
7715,INDUSTRIAL AVE @ RIVERSIDE DR,370686.3749,5030591.311,9/30/16,19:15,01 - Clear,01 - Dry,01 - Traffic signal,02 - Intersection related,07 - Dark,03 - P.D. only,03 - Rear end
7716,INDUSTRIAL AVE @ RIVERSIDE DR,370683.8904,5030592.139,9/21/16,9:30,01 - Clear,01 - Dry,01 - Traffic signal,02 - Intersection related,01 - Daylight,03 - P.D. only,03 - Rear end
7717,INDUSTRIAL AVE @ RIVERSIDE DR,370684.9381,5030591.895,1/22/16,16:34,01 - Clear,01 - Dry,01 - Traffic signal,02 - Intersection related,01 - Daylight,03 - P.D. only,03 - Rear end
7718,INDUSTRIAL AVE @ RIVERSIDE DR,370685.3772,5030592.773,6/23/16,18:08,01 - Clear,01 - Dry,01 - Traffic signal,02 - Intersection related,01 - Daylight,03 - P.D. only,04 - Sideswipe
7719,INDUSTRIAL AVE @ RIVERSIDE DR,370685.395,5030592.779,5/17/16,14:41,01 - Clear,01 - Dry,01 - Traffic signal,02 - Intersection related,01 - Daylight,03 - P.D. only,03 - Rear end
7720,INDUSTRIAL AVE @ RIVERSIDE DR,370684.4523,5030592.287,3/11/16,7:20,01 - Clear,01 - Dry,01 - Traffic signal,02 - Intersection related,01 - Daylight,03 - P.D. only,03 - Rear end
7721,INDUSTRIAL AVE @ RIVERSIDE DR,370684.0452,5030593.676,4/25/16,15:45,01 - Clear,01 - Dry,01 - Traffic signal,03 - At intersection,01 - Daylight,03 - P.D. only,02 - Angle
7722,INDUSTRIAL AVE @ RIVERSIDE DR,370686.6717,5030591.772,3/31/16,16:10,02 - Rain,02 - Wet,01 - Traffic signal,02 - Intersection related,01 - Daylight,03 - P.D. only,03 - Rear end
7723,INDUSTRIAL AVE @ RIVERSIDE DR,370684.0368,5030593.008,7/24/16,18:42,01 - Clear,01 - Dry,01 - Traffic signal,02 - Intersection related,01 - Daylight,03 - P.D. only,04 - Sideswipe
7724,INDUSTRIAL AVE @ RIVERSIDE DR,370685.6371,5030593.242,7/21/16,13:30,01 - Clear,01 - Dry,01 - Traffic signal,02 - Intersection related,01 - Daylight,03 - P.D. only,03 - Rear end
7725,INDUSTRIAL AVE @ RIVERSIDE DR,370683.0623,5030591.311,10/14/16,15:30,01 - Clear,01 - Dry,01 - Traffic signal,02 - Intersection related,01 - Daylight,03 - P.D. only,03 - Rear end
7726,INDUSTRIAL AVE @ RIVERSIDE DR,370684.7186,5030590.483,12/20/16,23:25,01 - Clear,05 - Packed snow,01 - Traffic signal,02 - Intersection related,07 - Dark,03 - P.D. only,04 - Sideswipe
7727,INDUSTRIAL AVE @ RIVERSIDE DR,370685.5468,5030590.483,6/26/16,4:29,01 - Clear,01 - Dry,01 - Traffic signal,03 - At intersection,07 - Dark,03 - P.D. only,04 - Sideswipe
7728,INDUSTRIAL AVE @ RUSSELL RD,372464.6309,5030279.334,1/18/16,12:17,01 - Clear,01 - Dry,01 - Traffic signal,02 - Intersection related,01 - Daylight,02 - Non-fatal injury,03 - Rear end
7729,INDUSTRIAL AVE @ RUSSELL RD,372465.0522,5030279.779,6/20/16,15:11,01 - Clear,01 - Dry,01 - Traffic signal,03 - At intersection,01 - Daylight,02 - Non-fatal injury,05 - Turning movement
7730,INDUSTRIAL AVE @ RUSSELL RD,372465.9533,5030279.553,5/17/16,13:02,01 - Clear,01 - Dry,01 - Traffic signal,03 - At intersection,01 - Daylight,02 - Non-fatal injury,05 - Turning movement
7731,INDUSTRIAL AVE @ RUSSELL RD,372464.6309,5030279.334,12/8/16,21:43,03 - Snow,06 - Ice,01 - Traffic signal,03 - At intersection,07 - Dark,02 - Non-fatal injury,02 - Angle
7732,INDUSTRIAL AVE @ RUSSELL RD,372466.4028,5030280.452,5/11/16,15:15,01 - Clear,01 - Dry,01 - Traffic signal,02 - Intersection related,01 - Daylight,03 - P.D. only,03 - Rear end
7733,INDUSTRIAL AVE @ RUSSELL RD,372465.9481,5030280.651,10/27/16,19:00,03 - Snow,02 - Wet,01 - Traffic signal,03 - At intersection,07 - Dark,03 - P.D. only,05 - Turning movement
7734,INDUSTRIAL AVE @ RUSSELL RD,372465.5091,5030278.894,11/3/16,7:13,02 - Rain,02 - Wet,01 - Traffic signal,02 - Intersection related,03 - Dawn,03 - P.D. only,04 - Sideswipe
7735,INDUSTRIAL AVE @ RUSSELL RD,372464.0723,5030278.311,12/11/16,0:43,01 - Clear,01 - Dry,01 - Traffic signal,03 - At intersection,07 - Dark,03 - P.D. only,07 - SMV other
7736,INDUSTRIAL AVE @ RUSSELL RD,372465.7286,5030279.967,12/18/16,0:43,03 - Snow,03 - Loose snow,01 - Traffic signal,03 - At intersection,07 - Dark,03 - P.D. only,07 - SMV other
7737,INDUSTRIAL AVE @ TRAINYARDS DR,371686.4285,5030540.662,12/7/16,9:30,01 - Clear,03 - Loose snow,01 - Traffic signal,02 - Intersection related,01 - Daylight,02 - Non-fatal injury,03 - Rear end
7738,INDUSTRIAL AVE @ TRAINYARDS DR,371683.538,5030539.32,1/20/16,20:10,01 - Clear,02 - Wet,01 - Traffic signal,02 - Intersection related,07 - Dark,03 - P.D. only,03 - Rear end
7739,INDUSTRIAL AVE @ TRAINYARDS DR,371686.677,5030539.479,11/2/16,8:56,02 - Rain,02 - Wet,01 - Traffic signal,03 - At intersection,01 - Daylight,03 - P.D. only,03 - Rear end
7740,INDUSTRIAL AVE btwn NEIGHBORHOOD WAY & TRAINYARDS DR,371446.5555,5030556.364,4/25/16,15:25,01 - Clear,01 - Dry,10 - No control,04 - At/near private drive,01 - Daylight,02 - Non-fatal injury,02 - Angle
7741,INDUSTRIAL AVE btwn NEIGHBORHOOD WAY & TRAINYARDS DR,371632.5165,5030545.567,5/24/16,13:31,01 - Clear,01 - Dry,10 - No control,04 - At/near private drive,01 - Daylight,02 - Non-fatal injury,03 - Rear end
7742,INDUSTRIAL AVE btwn NEIGHBORHOOD WAY & TRAINYARDS DR,371644.7459,5030545.77,2/13/16,12:18,01 - Clear,01 - Dry,10 - No control,04 - At/near private drive,01 - Daylight,03 - P.D. only,02 - Angle
7743,INDUSTRIAL AVE btwn NEIGHBORHOOD WAY & TRAINYARDS DR,371673.3025,5030541.477,3/18/16,20:58,01 - Clear,01 - Dry,10 - No control,01 - Non intersection,07 - Dark,03 - P.D. only,04 - Sideswipe
7744,INDUSTRIAL AVE btwn NEIGHBORHOOD WAY & TRAINYARDS DR,371233.8853,5030539.632,10/18/16,8:18,02 - Rain,02 - Wet,10 - No control,04 - At/near private drive,01 - Daylight,03 - P.D. only,02 - Angle
7745,INDUSTRIAL AVE btwn NEIGHBORHOOD WAY & TRAINYARDS DR,371336.0112,5030550.478,3/18/16,10:55,01 - Clear,01 - Dry,10 - No control,04 - At/near private drive,01 - Daylight,03 - P.D. only,02 - Angle
7746,INDUSTRIAL AVE btwn NEIGHBORHOOD WAY & TRAINYARDS DR,371659.7995,5030542.636,6/27/16,15:08,01 - Clear,01 - Dry,10 - No control,01 - Non intersection,01 - Daylight,03 - P.D. only,04 - Sideswipe
7747,INDUSTRIAL AVE btwn RIVERSIDE DR & SANDFORD FLEMING AVE,370874.8566,5030559.303,5/7/16,15:37,01 - Clear,01 - Dry,10 - No control,01 - Non intersection,01 - Daylight,03 - P.D. only,03 - Rear end
7748,INDUSTRIAL AVE btwn RIVERSIDE DR & SANDFORD FLEMING AVE,370783.253,5030574.741,6/15/16,11:54,01 - Clear,01 - Dry,10 - No control,01 - Non intersection,01 - Daylight,03 - P.D. only,03 - Rear end
7749,INDUSTRIAL AVE btwn RIVERSIDE DR & SANDFORD FLEMING AVE,370783.246,5030576.221,10/6/16,17:38,01 - Clear,01 - Dry,10 - No control,01 - Non intersection,01 - Daylight,03 - P.D. only,03 - Rear end
7750,INDUSTRIAL AVE btwn RUSSELL RD & ST. LAURENT BLVD,373010.375,5029962.318,9/29/16,21:20,01 - Clear,01 - Dry,10 - No control,01 - Non intersection,07 - Dark,02 - Non-fatal injury,07 - SMV other
7751,INDUSTRIAL AVE btwn RUSSELL RD & ST. LAURENT BLVD,372704.3816,5030070.331,1/12/16,8:45,03 - Snow,03 - Loose snow,10 - No control,01 - Non intersection,01 - Daylight,03 - P.D. only,03 - Rear end
7752,INDUSTRIAL AVE btwn RUSSELL RD & ST. LAURENT BLVD,372565.5013,5030227.28,8/6/16,17:12,01 - Clear,01 - Dry,10 - No control,04 - At/near private drive,01 - Daylight,03 - P.D. only,02 - Angle
7753,INDUSTRIAL AVE btwn RUSSELL RD & ST. LAURENT BLVD,373073.2715,5029990.054,9/1/16,21:31,01 - Clear,01 - Dry,10 - No control,04 - At/near private drive,07 - Dark,03 - P.D. only,99 - Other
7754,INDUSTRIAL AVE btwn RUSSELL RD & ST. LAURENT BLVD,373002.0048,5029957.948,9/9/16,11:30,01 - Clear,01 - Dry,10 - No control,01 - Non intersection,01 - Daylight,03 - P.D. only,03 - Rear end
7755,INDUSTRIAL AVE btwn RUSSELL RD & ST. LAURENT BLVD,372813.1891,5029973.157,7/7/16,16:06,01 - Clear,01 - Dry,10 - No control,04 - At/near private drive,01 - Daylight,03 - P.D. only,05 - Turning movement
7756,INDUSTRIAL AVE btwn RUSSELL RD & ST. LAURENT BLVD,372671.2944,5030116.185,1/15/16,16:07,01 - Clear,01 - Dry,10 - No control,04 - At/near private drive,01 - Daylight,03 - P.D. only,02 - Angle
7757,INDUSTRIAL AVE btwn RUSSELL RD & ST. LAURENT BLVD,373013.1124,5029963.208,4/13/16,16:30,01 - Clear,01 - Dry,10 - No control,04 - At/near private drive,01 - Daylight,03 - P.D. only,05 - Turning movement
7758,INDUSTRIAL AVE btwn RUSSELL RD & ST. LAURENT BLVD,372837.7688,5029965.66,6/2/16,8:25,01 - Clear,01 - Dry,10 - No control,04 - At/near private drive,01 - Daylight,03 - P.D. only,03 - Rear end
7759,INDUSTRIAL AVE btwn RUSSELL RD & ST. LAURENT BLVD,372934.0091,5029941.791,6/1/16,13:06,01 - Clear,01 - Dry,10 - No control,01 - Non intersection,01 - Daylight,03 - P.D. only,07 - SMV other
7760,INDUSTRIAL AVE btwn RUSSELL RD & ST. LAURENT BLVD,373072.3982,5029989.418,12/21/16,15:45,01 - Clear,02 - Wet,10 - No control,04 - At/near private drive,01 - Daylight,03 - P.D. only,05 - Turning movement
7761,INDUSTRIAL AVE btwn RUSSELL RD & ST. LAURENT BLVD,373001.5935,5029958.366,11/6/16,18:23,01 - Clear,01 - Dry,10 - No control,01 - Non intersection,07 - Dark,03 - P.D. only,04 - Sideswipe
7762,INDUSTRIAL AVE btwn SANDFORD FLEMING AVE & NEIGHBORHOOD WAY,370987.0816,5030538.308,3/8/16,8:06,01 - Clear,01 - Dry,10 - No control,01 - Non intersection,01 - Daylight,03 - P.D. only,03 - Rear end
7763,INDUSTRIAL AVE btwn SANDFORD FLEMING AVE & NEIGHBORHOOD WAY,370904.3405,5030553.286,1/29/16,8:59,01 - Clear,02 - Wet,10 - No control,01 - Non intersection,01 - Daylight,03 - P.D. only,04 - Sideswipe
7764,INDUSTRIAL AVE btwn SANDFORD FLEMING AVE & NEIGHBORHOOD WAY,370979.9985,5030540.084,11/14/16,14:51,01 - Clear,01 - Dry,10 - No control,01 - Non intersection,01 - Daylight,03 - P.D. only,04 - Sideswipe
7765,INDUSTRIAL AVE btwn TRAINYARDS DR & RUSSELL RD,371980.139,5030473.813,1/14/16,16:17,01 - Clear,02 - Wet,10 - No control,01 - Non intersection,05 - Dusk,02 - Non-fatal injury,01 - Approaching
7766,INDUSTRIAL AVE btwn TRAINYARDS DR & RUSSELL RD,372328.0675,5030347.316,8/12/16,13:14,01 - Clear,01 - Dry,10 - No control,04 - At/near private drive,01 - Daylight,03 - P.D. only,02 - Angle
7767,INDUSTRIAL AVE btwn TRAINYARDS DR & RUSSELL RD,371785.8429,5030523.093,2/19/16,13:30,01 - Clear,01 - Dry,10 - No control,01 - Non intersection,01 - Daylight,03 - P.D. only,04 - Sideswipe
7768,INDUSTRIAL AVE btwn TRAINYARDS DR & RUSSELL RD,372118.7969,5030425.475,2/18/16,7:22,01 - Clear,06 - Ice,10 - No control,04 - At/near private drive,01 - Daylight,03 - P.D. only,03 - Rear end
7769,INDUSTRIAL AVE btwn TRAINYARDS DR & RUSSELL RD,372220.7129,5030389.687,11/8/16,7:56,01 - Clear,01 - Dry,10 - No control,04 - At/near private drive,01 - Daylight,03 - P.D. only,02 - Angle
7770,INDUSTRIAL AVE btwn TRAINYARDS DR & RUSSELL RD,372194.9078,5030398.008,12/14/16,20:20,03 - Snow,03 - Loose snow,10 - No control,01 - Non intersection,07 - Dark,03 - P.D. only,99 - Other
7771,INDUSTRIAL AVE btwn TRAINYARDS DR & RUSSELL RD,372075.9207,5030440.165,12/3/16,1:14,01 - Clear,01 - Dry,10 - No control,01 - Non intersection,07 - Dark,03 - P.D. only,04 - Sideswipe
7772,INDUSTRIAL AVE/INNES RD @ ST. LAURENT BLVD,373098.8759,5030006.242,1/29/16,17:47,01 - Clear,02 - Wet,01 - Traffic signal,02 - Intersection related,07 - Dark,02 - Non-fatal injury,03 - Rear end
7773,INDUSTRIAL AVE/INNES RD @ ST. LAURENT BLVD,373100.5556,5030006.809,12/14/16,11:30,01 - Clear,01 - Dry,01 - Traffic signal,02 - Intersection related,01 - Daylight,02 - Non-fatal injury,03 - Rear end
7774,INDUSTRIAL AVE/INNES RD @ ST. LAURENT BLVD,373104.7932,5030005.557,5/26/16,6:45,01 - Clear,01 - Dry,01 - Traffic signal,02 - Intersection related,01 - Daylight,02 - Non-fatal injury,05 - Turning movement
7775,INDUSTRIAL AVE/INNES RD @ ST. LAURENT BLVD,373099.3348,5030006.522,2/5/16,14:54,01 - Clear,01 - Dry,01 - Traffic signal,02 - Intersection related,01 - Daylight,03 - P.D. only,04 - Sideswipe
7776,INDUSTRIAL AVE/INNES RD @ ST. LAURENT BLVD,373099.5571,5030005.517,2/26/16,11:29,01 - Clear,01 - Dry,01 - Traffic signal,02 - Intersection related,01 - Daylight,03 - P.D. only,03 - Rear end
7777,INDUSTRIAL AVE/INNES RD @ ST. LAURENT BLVD,373099.2883,5030006.445,9/13/16,18:18,01 - Clear,01 - Dry,01 - Traffic signal,02 - Intersection related,01 - Daylight,03 - P.D. only,04 - Sideswipe
7778,INDUSTRIAL AVE/INNES RD @ ST. LAURENT BLVD,373098.8992,5030005.981,9/30/16,7:47,01 - Clear,01 - Dry,01 - Traffic signal,02 - Intersection related,01 - Daylight,03 - P.D. only,03 - Rear end
7779,INDUSTRIAL AVE/INNES RD @ ST. LAURENT BLVD,373099.4705,5030004.921,2/16/16,13:13,03 - Snow,03 - Loose snow,01 - Traffic signal,02 - Intersection related,01 - Daylight,03 - P.D. only,03 - Rear end
7780,INDUSTRIAL AVE/INNES RD @ ST. LAURENT BLVD,373100.4707,5030006.608,3/8/16,8:20,01 - Clear,01 - Dry,01 - Traffic signal,02 - Intersection related,01 - Daylight,03 - P.D. only,03 - Rear end
7781,INDUSTRIAL AVE/INNES RD @ ST. LAURENT BLVD,373096.5638,5030008.237,3/6/16,11:30,01 - Clear,01 - Dry,01 - Traffic signal,02 - Intersection related,01 - Daylight,03 - P.D. only,03 - Rear end
7782,INDUSTRIAL AVE/INNES RD @ ST. LAURENT BLVD,373098.9464,5030007.353,2/22/16,20:42,01 - Clear,02 - Wet,01 - Traffic signal,03 - At intersection,07 - Dark,03 - P.D. only,05 - Turning movement
7783,INDUSTRIAL AVE/INNES RD @ ST. LAURENT BLVD,373103.2906,5030008.141,5/13/16,19:40,01 - Clear,01 - Dry,01 - Traffic signal,03 - At intersection,01 - Daylight,03 - P.D. only,05 - Turning movement
7784,INDUSTRIAL AVE/INNES RD @ ST. LAURENT BLVD,373100.4092,5030005.112,8/4/16,16:33,01 - Clear,01 - Dry,01 - Traffic signal,02 - Intersection related,01 - Daylight,03 - P.D. only,04 - Sideswipe
7785,INDUSTRIAL AVE/INNES RD @ ST. LAURENT BLVD,373098.591,5030005.567,8/23/16,9:00,01 - Clear,01 - Dry,01 - Traffic signal,02 - Intersection related,01 - Daylight,03 - P.D. only,03 - Rear end
7786,INDUSTRIAL AVE/INNES RD @ ST. LAURENT BLVD,373099.5001,5030005.567,7/29/16,12:52,01 - Clear,01 - Dry,01 - Traffic signal,02 - Intersection related,01 - Daylight,03 - P.D. only,03 - Rear end
7787,INDUSTRIAL AVE/INNES RD @ ST. LAURENT BLVD,373099.6237,5030005.912,6/2/16,7:39,01 - Clear,01 - Dry,01 - Traffic signal,02 - Intersection related,01 - Daylight,03 - P.D. only,03 - Rear end
7788,INDUSTRIAL AVE/INNES RD @ ST. LAURENT BLVD,373099.9547,5030005.112,7/12/16,22:18,01 - Clear,01 - Dry,01 - Traffic signal,03 - At intersection,07 - Dark,03 - P.D. only,03 - Rear end
7789,INDUSTRIAL AVE/INNES RD @ ST. LAURENT BLVD,373100.5556,5030003.496,11/9/16,7:41,01 - Clear,01 - Dry,01 - Traffic signal,02 - Intersection related,01 - Daylight,03 - P.D. only,03 - Rear end
7790,INDUSTRIAL AVE/INNES RD @ ST. LAURENT BLVD,373098.0711,5030005.153,12/14/16,19:55,03 - Snow,03 - Loose snow,01 - Traffic signal,02 - Intersection related,07 - Dark,03 - P.D. only,03 - Rear end
7791,INGERSOLL CRES btwn INGERSOLL CRES & INGERSOLL CRES,349309.5551,5019416.532,5/8/16,10:12,01 - Clear,01 - Dry,10 - No control,01 - Non intersection,01 - Daylight,02 - Non-fatal injury,07 - SMV other
7792,INGLEWOOD PL @ PARKDALE AVE,365568.3842,5028309.739,8/8/16,16:53,01 - Clear,01 - Dry,01 - Traffic signal,03 - At intersection,01 - Daylight,03 - P.D. only,03 - Rear end
7793,INNES RD @ 215 W OF CYRVILLE RD/HOME DEPOT W,374862.9885,5031001.719,4/9/16,17:38,01 - Clear,01 - Dry,01 - Traffic signal,02 - Intersection related,01 - Daylight,03 - P.D. only,03 - Rear end
7794,INNES RD @ 215 W OF CYRVILLE RD/HOME DEPOT W,374864.0568,5031001.004,4/6/16,19:00,03 - Snow,03 - Loose snow,01 - Traffic signal,02 - Intersection related,05 - Dusk,03 - P.D. only,03 - Rear end
7795,INNES RD @ 215 W OF CYRVILLE RD/HOME DEPOT W,374863.9857,5031000.737,6/27/16,20:23,01 - Clear,01 - Dry,01 - Traffic signal,02 - Intersection related,01 - Daylight,03 - P.D. only,03 - Rear end
7796,INNES RD @ 260 E OF BELCOURT BLVD/WALMART SC,382345.4823,5035398.794,12/23/16,12:23,01 - Clear,03 - Loose snow,01 - Traffic signal,02 - Intersection related,01 - Daylight,02 - Non-fatal injury,03 - Rear end
7797,INNES RD @ 260 E OF BELCOURT BLVD/WALMART SC,382346.9739,5035398.29,6/17/16,14:21,01 - Clear,01 - Dry,01 - Traffic signal,02 - Intersection related,01 - Daylight,03 - P.D. only,03 - Rear end
7798,INNES RD @ 298 E OF WILDFLOWER DR/LOBLAWS SC,383191.559,5035796.158,11/4/16,17:29,01 - Clear,01 - Dry,01 - Traffic signal,03 - At intersection,07 - Dark,02 - Non-fatal injury,05 - Turning movement
7799,INNES RD @ 298 E OF WILDFLOWER DR/LOBLAWS SC,383191.2044,5035796.152,10/15/16,17:49,01 - Clear,01 - Dry,01 - Traffic signal,03 - At intersection,05 - Dusk,03 - P.D. only,05 - Turning movement
7800,INNES RD @ 298 E OF WILDFLOWER DR/LOBLAWS SC,383190.2515,5035797.061,6/30/16,14:35,01 - Clear,01 - Dry,01 - Traffic signal,02 - Intersection related,01 - Daylight,03 - P.D. only,03 - Rear end
7801,INNES RD @ 473 E OF PAGE RD/BUILDERS' WAREHOUS,381300.4823,5034781.169,6/30/16,6:35,01 - Clear,01 - Dry,01 - Traffic signal,02 - Intersection related,01 - Daylight,02 - Non-fatal injury,03 - Rear end
7802,INNES RD @ BEARBROOK RD/GLEN PARK DR E,377994.7336,5032843.01,2/1/16,15:38,01 - Clear,01 - Dry,01 - Traffic signal,02 - Intersection related,01 - Daylight,03 - P.D. only,03 - Rear end
7803,INNES RD @ BEARBROOK RD/GLEN PARK DR E,377993.671,5032844.597,8/26/16,18:58,01 - Clear,01 - Dry,01 - Traffic signal,03 - At intersection,01 - Daylight,03 - P.D. only,02 - Angle
7804,INNES RD @ JEANNE D'ARC BLVD/MER BLEUE RD,382637.9809,5035567.554,8/3/16,21:20,01 - Clear,01 - Dry,01 - Traffic signal,03 - At intersection,07 - Dark,02 - Non-fatal injury,05 - Turning movement
7805,INNES RD @ JEANNE D'ARC BLVD/MER BLEUE RD,382639.4248,5035565.217,8/28/16,12:20,01 - Clear,01 - Dry,01 - Traffic signal,02 - Intersection related,01 - Daylight,02 - Non-fatal injury,03 - Rear end
7806,INNES RD @ JEANNE D'ARC BLVD/MER BLEUE RD,382638.5815,5035567.985,9/11/16,19:30,01 - Clear,01 - Dry,01 - Traffic signal,03 - At intersection,07 - Dark,02 - Non-fatal injury,05 - Turning movement
7807,INNES RD @ JEANNE D'ARC BLVD/MER BLEUE RD,382637.095,5035567.334,5/31/16,18:38,01 - Clear,01 - Dry,01 - Traffic signal,03 - At intersection,01 - Daylight,02 - Non-fatal injury,05 - Turning movement
7808,INNES RD @ JEANNE D'ARC BLVD/MER BLEUE RD,382638.4195,5035567.332,3/5/16,15:15,01 - Clear,01 - Dry,01 - Traffic signal,02 - Intersection related,01 - Daylight,03 - P.D. only,03 - Rear end
7809,INNES RD @ JEANNE D'ARC BLVD/MER BLEUE RD,382639.4099,5035569.624,9/9/16,11:37,01 - Clear,01 - Dry,01 - Traffic signal,02 - Intersection related,01 - Daylight,03 - P.D. only,03 - Rear end
7810,INNES RD @ JEANNE D'ARC BLVD/MER BLEUE RD,382638.2128,5035567.324,2/10/16,23:53,05 - Drifting Snow,03 - Loose snow,01 - Traffic signal,02 - Intersection related,07 - Dark,03 - P.D. only,07 - SMV other
7811,INNES RD @ JEANNE D'ARC BLVD/MER BLEUE RD,382638.43,5035567.328,3/21/16,9:16,01 - Clear,01 - Dry,01 - Traffic signal,03 - At intersection,01 - Daylight,03 - P.D. only,05 - Turning movement
7812,INNES RD @ JEANNE D'ARC BLVD/MER BLEUE RD,382638.43,5035568.681,5/22/16,17:20,01 - Clear,01 - Dry,01 - Traffic signal,02 - Intersection related,01 - Daylight,03 - P.D. only,03 - Rear end
7813,INNES RD @ JEANNE D'ARC BLVD/MER BLEUE RD,382637.3184,5035569.248,1/28/16,13:14,01 - Clear,02 - Wet,01 - Traffic signal,03 - At intersection,01 - Daylight,03 - P.D. only,02 - Angle
7814,INNES RD @ JEANNE D'ARC BLVD/MER BLEUE RD,382637.5316,5035567.776,2/17/16,8:29,01 - Clear,02 - Wet,01 - Traffic signal,03 - At intersection,01 - Daylight,03 - P.D. only,05 - Turning movement
7815,INNES RD @ JEANNE D'ARC BLVD/MER BLEUE RD,382636.6869,5035567.985,8/28/16,23:10,01 - Clear,01 - Dry,01 - Traffic signal,03 - At intersection,07 - Dark,03 - P.D. only,05 - Turning movement
7816,INNES RD @ JEANNE D'ARC BLVD/MER BLEUE RD,382638.1485,5035566.153,8/22/16,20:31,01 - Clear,01 - Dry,01 - Traffic signal,02 - Intersection related,07 - Dark,03 - P.D. only,03 - Rear end
7817,INNES RD @ JEANNE D'ARC BLVD/MER BLEUE RD,382637.96,5035567.664,8/28/16,17:41,01 - Clear,01 - Dry,01 - Traffic signal,02 - Intersection related,01 - Daylight,03 - P.D. only,03 - Rear end
7818,INNES RD @ JEANNE D'ARC BLVD/MER BLEUE RD,382637.5341,5035567.773,7/5/16,13:36,01 - Clear,01 - Dry,01 - Traffic signal,02 - Intersection related,01 - Daylight,03 - P.D. only,03 - Rear end
7819,INNES RD @ JEANNE D'ARC BLVD/MER BLEUE RD,382635.2691,5035569.624,8/21/16,15:50,01 - Clear,01 - Dry,01 - Traffic signal,02 - Intersection related,01 - Daylight,03 - P.D. only,03 - Rear end