Record,Location,X,Y,Date,Time,Environment,Road_Surface,Traffic_Control,Collision_Location,Light,Collision_Classification,Impact_type
7820,INNES RD @ JEANNE D'ARC BLVD/MER BLEUE RD,382638.4203,5035566.887,1/29/16,7:20,02 - Rain,02 - Wet,01 - Traffic signal,02 - Intersection related,03 - Dawn,03 - P.D. only,04 - Sideswipe
7821,INNES RD @ JEANNE D'ARC BLVD/MER BLEUE RD,382639.4099,5035567.14,12/15/16,12:06,01 - Clear,01 - Dry,01 - Traffic signal,02 - Intersection related,01 - Daylight,03 - P.D. only,04 - Sideswipe
7822,INNES RD @ JEANNE D'ARC BLVD/MER BLEUE RD,382638.5818,5035566.311,12/16/16,17:22,01 - Clear,06 - Ice,01 - Traffic signal,02 - Intersection related,07 - Dark,03 - P.D. only,03 - Rear end
7823,INNES RD @ ORCHARDVIEW AVE/ESPRIT DR,384843.6937,5036560.292,8/20/16,21:35,01 - Clear,01 - Dry,01 - Traffic signal,02 - Intersection related,07 - Dark,02 - Non-fatal injury,03 - Rear end
7824,INNES RD @ ORCHARDVIEW AVE/ESPRIT DR,384845.4365,5036561.231,3/28/16,15:45,02 - Rain,02 - Wet,01 - Traffic signal,02 - Intersection related,01 - Daylight,02 - Non-fatal injury,03 - Rear end
7825,INNES RD @ ORCHARDVIEW AVE/ESPRIT DR,384845.2704,5036562.088,12/19/16,13:52,01 - Clear,01 - Dry,01 - Traffic signal,03 - At intersection,01 - Daylight,02 - Non-fatal injury,05 - Turning movement
7826,INNES RD @ ORCHARDVIEW AVE/ESPRIT DR,384844.5451,5036560.34,1/7/16,9:20,02 - Rain,02 - Wet,01 - Traffic signal,02 - Intersection related,01 - Daylight,03 - P.D. only,03 - Rear end
7827,INNES RD @ ORCHARDVIEW AVE/ESPRIT DR,384844.5401,5036560.335,2/16/16,13:09,03 - Snow,03 - Loose snow,01 - Traffic signal,02 - Intersection related,01 - Daylight,03 - P.D. only,03 - Rear end
7828,INNES RD @ ORCHARDVIEW AVE/ESPRIT DR,384845.5928,5036560.974,10/4/16,15:06,01 - Clear,01 - Dry,01 - Traffic signal,02 - Intersection related,01 - Daylight,03 - P.D. only,03 - Rear end
7829,INNES RD @ ORCHARDVIEW AVE/ESPRIT DR,384845.2238,5036561.248,7/19/16,13:56,01 - Clear,01 - Dry,01 - Traffic signal,03 - At intersection,01 - Daylight,03 - P.D. only,05 - Turning movement
7830,INNES RD @ ORCHARDVIEW AVE/ESPRIT DR,384844.5373,5036559.65,7/17/16,16:38,01 - Clear,01 - Dry,01 - Traffic signal,02 - Intersection related,01 - Daylight,03 - P.D. only,03 - Rear end
7831,INNES RD @ ORCHARDVIEW AVE/ESPRIT DR,384846.8232,5036556.287,11/20/16,23:35,03 - Snow,04 - Slush,01 - Traffic signal,02 - Intersection related,07 - Dark,03 - P.D. only,07 - SMV other
7832,INNES RD @ ORIENT PARK DR,378321.2756,5033035.963,9/8/16,8:45,01 - Clear,01 - Dry,01 - Traffic signal,02 - Intersection related,01 - Daylight,03 - P.D. only,03 - Rear end
7833,INNES RD @ ORLEANS BLVD,380461.0191,5034296.179,2/23/16,19:59,01 - Clear,05 - Packed snow,01 - Traffic signal,02 - Intersection related,07 - Dark,02 - Non-fatal injury,03 - Rear end
7834,INNES RD @ ORLEANS BLVD,380461.682,5034295.073,4/12/16,18:41,01 - Clear,01 - Dry,01 - Traffic signal,02 - Intersection related,01 - Daylight,02 - Non-fatal injury,03 - Rear end
7835,INNES RD @ ORLEANS BLVD,380461.4769,5034297.767,7/21/16,13:08,01 - Clear,01 - Dry,01 - Traffic signal,02 - Intersection related,01 - Daylight,02 - Non-fatal injury,03 - Rear end
7836,INNES RD @ ORLEANS BLVD,380460.7951,5034296.166,10/13/16,9:41,02 - Rain,02 - Wet,01 - Traffic signal,03 - At intersection,01 - Daylight,02 - Non-fatal injury,05 - Turning movement
7837,INNES RD @ ORLEANS BLVD,380460.1365,5034296.623,11/2/16,17:03,01 - Clear,01 - Dry,01 - Traffic signal,03 - At intersection,05 - Dusk,02 - Non-fatal injury,02 - Angle
7838,INNES RD @ ORLEANS BLVD,380461.4537,5034296.183,12/8/16,19:01,03 - Snow,04 - Slush,01 - Traffic signal,03 - At intersection,07 - Dark,02 - Non-fatal injury,05 - Turning movement
7839,INNES RD @ ORLEANS BLVD,380461.0198,5034295.954,1/19/16,18:45,01 - Clear,01 - Dry,01 - Traffic signal,02 - Intersection related,07 - Dark,03 - P.D. only,03 - Rear end
7840,INNES RD @ ORLEANS BLVD,380460.1365,5034296.183,10/26/16,11:22,01 - Clear,01 - Dry,01 - Traffic signal,03 - At intersection,01 - Daylight,03 - P.D. only,05 - Turning movement
7841,INNES RD @ ORLEANS BLVD,380461.6233,5034295.989,10/22/16,1:34,01 - Clear,01 - Dry,01 - Traffic signal,02 - Intersection related,07 - Dark,03 - P.D. only,03 - Rear end
7842,INNES RD @ ORLEANS BLVD,380460.1365,5034295.305,1/25/16,18:40,01 - Clear,01 - Dry,01 - Traffic signal,02 - Intersection related,07 - Dark,03 - P.D. only,03 - Rear end
7843,INNES RD @ ORLEANS BLVD,380461.4715,5034296.178,5/22/16,11:04,01 - Clear,01 - Dry,01 - Traffic signal,03 - At intersection,01 - Daylight,03 - P.D. only,05 - Turning movement
7844,INNES RD @ ORLEANS BLVD,380460.5704,5034296.403,4/28/16,10:30,01 - Clear,01 - Dry,01 - Traffic signal,03 - At intersection,01 - Daylight,03 - P.D. only,05 - Turning movement
7845,INNES RD @ ORLEANS BLVD,380460.5288,5034296.669,3/12/16,21:07,01 - Clear,01 - Dry,01 - Traffic signal,02 - Intersection related,07 - Dark,03 - P.D. only,02 - Angle
7846,INNES RD @ ORLEANS BLVD,380461.4769,5034297.767,7/28/16,16:00,01 - Clear,01 - Dry,01 - Traffic signal,02 - Intersection related,01 - Daylight,03 - P.D. only,03 - Rear end
7847,INNES RD @ ORLEANS BLVD,380460.5696,5034296.178,6/9/16,19:16,01 - Clear,01 - Dry,01 - Traffic signal,02 - Intersection related,01 - Daylight,03 - P.D. only,03 - Rear end
7848,INNES RD @ ORLEANS BLVD,380460.356,5034297.281,10/14/16,8:16,01 - Clear,01 - Dry,01 - Traffic signal,02 - Intersection related,01 - Daylight,03 - P.D. only,02 - Angle
7849,INNES RD @ ORLEANS BLVD,380461.0224,5034296.858,7/10/16,21:52,01 - Clear,01 - Dry,01 - Traffic signal,03 - At intersection,07 - Dark,03 - P.D. only,05 - Turning movement
7850,INNES RD @ O'TOOLE RD,389105.4436,5038307.223,2/16/16,15:19,03 - Snow,05 - Packed snow,02 - Stop sign,03 - At intersection,01 - Daylight,03 - P.D. only,02 - Angle
7851,INNES RD @ PAGE RD,380887.0904,5034540.774,11/3/16,7:05,01 - Clear,01 - Dry,01 - Traffic signal,03 - At intersection,03 - Dawn,02 - Non-fatal injury,07 - SMV other
7852,INNES RD @ PAGE RD,380887.9685,5034540.774,10/22/16,11:07,02 - Rain,02 - Wet,01 - Traffic signal,02 - Intersection related,01 - Daylight,03 - P.D. only,04 - Sideswipe
7853,INNES RD @ PAGE RD,380887.973,5034540.331,3/23/16,10:52,01 - Clear,01 - Dry,01 - Traffic signal,02 - Intersection related,01 - Daylight,03 - P.D. only,03 - Rear end
7854,INNES RD @ PAGE RD,380889.4053,5034539.312,11/23/16,6:45,01 - Clear,01 - Dry,01 - Traffic signal,02 - Intersection related,03 - Dawn,03 - P.D. only,03 - Rear end
7855,INNES RD @ PAGE RD,380887.0904,5034541.213,11/4/16,21:47,01 - Clear,01 - Dry,01 - Traffic signal,03 - At intersection,07 - Dark,03 - P.D. only,05 - Turning movement
7856,INNES RD @ PORTOBELLO BLVD,385631.0933,5036891.875,6/21/16,17:39,01 - Clear,01 - Dry,01 - Traffic signal,03 - At intersection,01 - Daylight,02 - Non-fatal injury,05 - Turning movement
7857,INNES RD @ PORTOBELLO BLVD,385631.5502,5036893.21,2/25/16,8:04,02 - Rain,06 - Ice,01 - Traffic signal,02 - Intersection related,01 - Daylight,03 - P.D. only,03 - Rear end
7858,INNES RD @ PORTOBELLO BLVD,385631.1111,5036891.893,8/30/16,19:21,01 - Clear,01 - Dry,01 - Traffic signal,02 - Intersection related,05 - Dusk,03 - P.D. only,02 - Angle
7859,INNES RD @ PROVENCE AVE,386110.1887,5037084.197,10/23/16,17:29,01 - Clear,01 - Dry,01 - Traffic signal,03 - At intersection,01 - Daylight,02 - Non-fatal injury,02 - Angle
7860,INNES RD @ PROVENCE AVE,386109.964,5037083.96,3/18/16,16:40,01 - Clear,01 - Dry,01 - Traffic signal,03 - At intersection,01 - Daylight,03 - P.D. only,04 - Sideswipe
7861,INNES RD @ PROVENCE AVE,386111.0169,5037083.546,12/19/16,16:48,01 - Clear,01 - Dry,01 - Traffic signal,02 - Intersection related,05 - Dusk,03 - P.D. only,04 - Sideswipe
7862,INNES RD @ SOUTHPARK DR,377839.2151,5032754.098,10/6/16,9:17,01 - Clear,01 - Dry,01 - Traffic signal,03 - At intersection,01 - Daylight,02 - Non-fatal injury,05 - Turning movement
7863,INNES RD @ STAR TOP RD/WINDMILL LANE,374146.0367,5030667.186,2/26/16,13:55,01 - Clear,01 - Dry,01 - Traffic signal,03 - At intersection,01 - Daylight,02 - Non-fatal injury,05 - Turning movement
7864,INNES RD @ STAR TOP RD/WINDMILL LANE,374146.6281,5030666.341,9/2/16,7:08,01 - Clear,01 - Dry,01 - Traffic signal,02 - Intersection related,01 - Daylight,02 - Non-fatal injury,07 - SMV other
7865,INNES RD @ STAR TOP RD/WINDMILL LANE,374147.9453,5030666.341,2/16/16,7:58,03 - Snow,05 - Packed snow,01 - Traffic signal,02 - Intersection related,01 - Daylight,03 - P.D. only,03 - Rear end
7866,INNES RD @ STAR TOP RD/WINDMILL LANE,374147.5003,5030666.335,6/7/16,10:42,01 - Clear,01 - Dry,01 - Traffic signal,02 - Intersection related,01 - Daylight,03 - P.D. only,03 - Rear end
7867,INNES RD @ STAR TOP RD/WINDMILL LANE,374147.0494,5030667.237,6/7/16,16:11,02 - Rain,02 - Wet,01 - Traffic signal,02 - Intersection related,01 - Daylight,03 - P.D. only,04 - Sideswipe
7868,INNES RD @ STAR TOP RD/WINDMILL LANE,374148.185,5030666.331,2/16/16,13:00,03 - Snow,05 - Packed snow,01 - Traffic signal,02 - Intersection related,01 - Daylight,03 - P.D. only,04 - Sideswipe
7869,INNES RD @ STAR TOP RD/WINDMILL LANE,374148.8494,5030667.01,4/11/16,9:04,02 - Rain,02 - Wet,01 - Traffic signal,02 - Intersection related,01 - Daylight,03 - P.D. only,02 - Angle
7870,INNES RD @ STAR TOP RD/WINDMILL LANE,374147.044,5030667.47,8/5/16,15:00,01 - Clear,01 - Dry,01 - Traffic signal,02 - Intersection related,01 - Daylight,03 - P.D. only,03 - Rear end
7871,INNES RD @ STAR TOP RD/WINDMILL LANE,374147.7258,5030665.318,12/16/16,9:13,01 - Clear,06 - Ice,01 - Traffic signal,02 - Intersection related,01 - Daylight,03 - P.D. only,03 - Rear end
7872,INNES RD @ STAR TOP RD/WINDMILL LANE,374147.2524,5030667.271,11/23/16,8:22,01 - Clear,01 - Dry,01 - Traffic signal,03 - At intersection,01 - Daylight,03 - P.D. only,05 - Turning movement
7873,INNES RD @ STAR TOP RD/WINDMILL LANE,374147.5063,5030665.902,11/17/16,9:31,01 - Clear,01 - Dry,01 - Traffic signal,03 - At intersection,01 - Daylight,03 - P.D. only,05 - Turning movement
7874,INNES RD @ STONEHENGE CRES E,375363.1128,5031314.25,2/1/16,7:25,01 - Clear,02 - Wet,01 - Traffic signal,02 - Intersection related,01 - Daylight,02 - Non-fatal injury,03 - Rear end
7875,INNES RD @ STONEHENGE CRES E,375362.5957,5031313.733,1/23/16,8:24,01 - Clear,01 - Dry,01 - Traffic signal,02 - Intersection related,01 - Daylight,03 - P.D. only,03 - Rear end
7876,INNES RD @ STONEHENGE CRES E,375364.8444,5031315.25,1/4/16,17:42,01 - Clear,01 - Dry,01 - Traffic signal,02 - Intersection related,07 - Dark,03 - P.D. only,03 - Rear end
7877,INNES RD @ STONEHENGE CRES E,375363.0691,5031314.675,4/27/16,13:53,01 - Clear,01 - Dry,01 - Traffic signal,03 - At intersection,01 - Daylight,03 - P.D. only,04 - Sideswipe
7878,INNES RD @ STONEHENGE CRES E,375363.7368,5031313.38,8/17/16,21:39,01 - Clear,01 - Dry,01 - Traffic signal,02 - Intersection related,07 - Dark,03 - P.D. only,02 - Angle
7879,INNES RD @ STONEHENGE CRES E,375363.0839,5031313.333,9/10/16,15:38,01 - Clear,01 - Dry,01 - Traffic signal,02 - Intersection related,01 - Daylight,03 - P.D. only,04 - Sideswipe
7880,INNES RD @ STONEHENGE CRES E,375363.0839,5031312.894,12/1/16,14:45,02 - Rain,02 - Wet,01 - Traffic signal,03 - At intersection,01 - Daylight,03 - P.D. only,02 - Angle
7881,INNES RD @ STONEHENGE CRES W,375199.7412,5031216.809,11/23/16,8:33,01 - Clear,01 - Dry,01 - Traffic signal,02 - Intersection related,01 - Daylight,02 - Non-fatal injury,03 - Rear end
7882,INNES RD @ STONEHENGE CRES W,375199.7412,5031217.881,3/7/16,16:27,01 - Clear,02 - Wet,01 - Traffic signal,02 - Intersection related,01 - Daylight,03 - P.D. only,03 - Rear end
7883,INNES RD @ STONEHENGE CRES W,375198.9907,5031216.939,1/14/16,13:29,01 - Clear,06 - Ice,01 - Traffic signal,02 - Intersection related,01 - Daylight,03 - P.D. only,03 - Rear end
7884,INNES RD @ TENTH LINE RD,383951.9823,5036159.783,2/17/16,20:43,01 - Clear,06 - Ice,01 - Traffic signal,02 - Intersection related,07 - Dark,02 - Non-fatal injury,03 - Rear end
7885,INNES RD @ TENTH LINE RD,383952.0266,5036159.294,3/14/16,14:07,02 - Rain,02 - Wet,01 - Traffic signal,02 - Intersection related,01 - Daylight,02 - Non-fatal injury,03 - Rear end
7886,INNES RD @ TENTH LINE RD,383950.6329,5036160.237,6/9/16,7:32,01 - Clear,01 - Dry,01 - Traffic signal,03 - At intersection,01 - Daylight,02 - Non-fatal injury,05 - Turning movement
7887,INNES RD @ TENTH LINE RD,383951.1017,5036159.78,5/27/16,17:01,01 - Clear,01 - Dry,01 - Traffic signal,02 - Intersection related,01 - Daylight,02 - Non-fatal injury,03 - Rear end
7888,INNES RD @ TENTH LINE RD,383950.9321,5036158.319,10/4/16,19:19,01 - Clear,01 - Dry,01 - Traffic signal,02 - Intersection related,07 - Dark,02 - Non-fatal injury,03 - Rear end
7889,INNES RD @ TENTH LINE RD,383950.9321,5036157.49,10/22/16,18:56,02 - Rain,02 - Wet,01 - Traffic signal,02 - Intersection related,07 - Dark,02 - Non-fatal injury,03 - Rear end
7890,INNES RD @ TENTH LINE RD,383950.9321,5036158.319,11/26/16,10:05,01 - Clear,02 - Wet,01 - Traffic signal,02 - Intersection related,01 - Daylight,02 - Non-fatal injury,03 - Rear end
7891,INNES RD @ TENTH LINE RD,383952.4189,5036159.78,1/24/16,10:30,01 - Clear,01 - Dry,01 - Traffic signal,02 - Intersection related,01 - Daylight,03 - P.D. only,03 - Rear end
7892,INNES RD @ TENTH LINE RD,383951.0785,5036159.106,8/25/16,15:15,01 - Clear,01 - Dry,01 - Traffic signal,02 - Intersection related,01 - Daylight,03 - P.D. only,04 - Sideswipe
7893,INNES RD @ TENTH LINE RD,383952.4262,5036159.339,3/4/16,20:22,01 - Clear,01 - Dry,01 - Traffic signal,02 - Intersection related,07 - Dark,03 - P.D. only,03 - Rear end
7894,INNES RD @ TENTH LINE RD,383953.714,5036156.057,8/11/16,17:28,01 - Clear,01 - Dry,01 - Traffic signal,02 - Intersection related,01 - Daylight,03 - P.D. only,03 - Rear end
7895,INNES RD @ TENTH LINE RD,383952.5885,5036158.319,10/31/16,15:08,01 - Clear,01 - Dry,01 - Traffic signal,02 - Intersection related,01 - Daylight,03 - P.D. only,03 - Rear end
7896,INNES RD @ TENTH LINE RD,383952.4367,5036160.688,4/24/16,15:35,01 - Clear,01 - Dry,01 - Traffic signal,02 - Intersection related,01 - Daylight,03 - P.D. only,03 - Rear end
7897,INNES RD @ TENTH LINE RD,383951.5348,5036159.335,6/20/16,9:21,01 - Clear,01 - Dry,01 - Traffic signal,02 - Intersection related,01 - Daylight,03 - P.D. only,03 - Rear end
7898,INNES RD @ TENTH LINE RD,383951.5383,5036159.339,2/16/16,6:10,03 - Snow,05 - Packed snow,01 - Traffic signal,02 - Intersection related,07 - Dark,03 - P.D. only,03 - Rear end
7899,INNES RD @ TENTH LINE RD,383950.638,5036160.234,4/28/16,16:18,01 - Clear,01 - Dry,01 - Traffic signal,03 - At intersection,01 - Daylight,03 - P.D. only,02 - Angle
7900,INNES RD @ TENTH LINE RD,383951.0884,5036158.889,2/17/16,8:15,01 - Clear,05 - Packed snow,01 - Traffic signal,03 - At intersection,01 - Daylight,03 - P.D. only,03 - Rear end
7901,INNES RD @ TENTH LINE RD,383951.5408,5036158.902,9/16/16,15:49,01 - Clear,01 - Dry,01 - Traffic signal,03 - At intersection,01 - Daylight,03 - P.D. only,04 - Sideswipe
7902,INNES RD @ TENTH LINE RD,383951.3697,5036160.342,4/19/16,13:48,01 - Clear,01 - Dry,01 - Traffic signal,02 - Intersection related,01 - Daylight,03 - P.D. only,03 - Rear end
7903,INNES RD @ TENTH LINE RD,383952.1994,5036159.122,3/23/16,21:30,01 - Clear,01 - Dry,01 - Traffic signal,02 - Intersection related,07 - Dark,03 - P.D. only,99 - Other
7904,INNES RD @ TENTH LINE RD,383951.9858,5036160.237,5/17/16,7:01,01 - Clear,01 - Dry,01 - Traffic signal,02 - Intersection related,01 - Daylight,03 - P.D. only,03 - Rear end
7905,INNES RD @ TENTH LINE RD,383951.7603,5036157.49,11/14/16,17:20,01 - Clear,01 - Dry,01 - Traffic signal,02 - Intersection related,07 - Dark,03 - P.D. only,03 - Rear end
7906,INNES RD @ TENTH LINE RD,383951.7603,5036160.803,11/16/16,11:30,01 - Clear,01 - Dry,01 - Traffic signal,02 - Intersection related,01 - Daylight,03 - P.D. only,03 - Rear end
7907,INNES RD @ TENTH LINE RD,383952.5885,5036158.319,10/31/16,16:59,01 - Clear,01 - Dry,01 - Traffic signal,02 - Intersection related,01 - Daylight,03 - P.D. only,03 - Rear end
7908,INNES RD @ TENTH LINE RD,383952.2958,5036158.758,9/30/16,12:11,01 - Clear,01 - Dry,01 - Traffic signal,03 - At intersection,01 - Daylight,03 - P.D. only,03 - Rear end
7909,INNES RD @ TENTH LINE RD,383950.104,5036158.319,4/28/16,17:15,01 - Clear,01 - Dry,01 - Traffic signal,03 - At intersection,01 - Daylight,03 - P.D. only,03 - Rear end
7910,INNES RD @ TENTH LINE RD,383954.2448,5036158.319,12/26/16,13:34,04 - Freezing Rain,06 - Ice,01 - Traffic signal,02 - Intersection related,01 - Daylight,03 - P.D. only,03 - Rear end
7911,INNES RD @ TENTH LINE RD,383951.7603,5036158.319,12/31/16,15:10,03 - Snow,05 - Packed snow,01 - Traffic signal,02 - Intersection related,01 - Daylight,03 - P.D. only,03 - Rear end
7912,INNES RD @ TENTH LINE RD,383954.2448,5036160.803,11/30/16,23:00,02 - Rain,02 - Wet,01 - Traffic signal,02 - Intersection related,07 - Dark,03 - P.D. only,04 - Sideswipe
7913,INNES RD @ TRIM RD,386566.3815,5037273.556,12/30/16,19:09,01 - Clear,01 - Dry,01 - Traffic signal,03 - At intersection,07 - Dark,02 - Non-fatal injury,05 - Turning movement
7914,INNES RD @ TRIM RD,386566.9941,5037273.778,2/27/16,9:29,01 - Clear,01 - Dry,01 - Traffic signal,03 - At intersection,01 - Daylight,03 - P.D. only,05 - Turning movement
7915,INNES RD @ TRIM RD,386567.8698,5037273.336,1/8/16,16:55,01 - Clear,01 - Dry,01 - Traffic signal,03 - At intersection,05 - Dusk,03 - P.D. only,05 - Turning movement
7916,INNES RD @ TRIM RD,386566.0987,5037272.434,4/25/16,22:08,01 - Clear,01 - Dry,01 - Traffic signal,03 - At intersection,07 - Dark,03 - P.D. only,05 - Turning movement
7917,INNES RD @ TRIM RD,386566.5448,5037273.556,8/9/16,16:29,01 - Clear,01 - Dry,01 - Traffic signal,02 - Intersection related,01 - Daylight,03 - P.D. only,03 - Rear end
7918,INNES RD @ TRIM RD,386567.4448,5037273.107,4/2/16,10:32,01 - Clear,01 - Dry,01 - Traffic signal,03 - At intersection,01 - Daylight,03 - P.D. only,05 - Turning movement
7919,INNES RD @ TRIM RD,386566.5448,5037272.192,7/1/16,14:02,01 - Clear,01 - Dry,01 - Traffic signal,03 - At intersection,01 - Daylight,03 - P.D. only,02 - Angle
7920,INNES RD @ TRIM RD,386566.0979,5037274.904,5/17/16,11:58,01 - Clear,01 - Dry,01 - Traffic signal,02 - Intersection related,01 - Daylight,03 - P.D. only,03 - Rear end
7921,INNES RD @ TRIM RD,386566.9994,5037273.101,8/4/16,12:00,01 - Clear,01 - Dry,01 - Traffic signal,02 - Intersection related,01 - Daylight,03 - P.D. only,03 - Rear end
7922,INNES RD @ TRIM RD,386565.6744,5037273.775,11/13/16,18:46,01 - Clear,01 - Dry,01 - Traffic signal,03 - At intersection,07 - Dark,03 - P.D. only,05 - Turning movement
7923,INNES RD @ VISENEAU DR,381798.5291,5035073.778,2/27/16,12:30,01 - Clear,01 - Dry,01 - Traffic signal,02 - Intersection related,01 - Daylight,02 - Non-fatal injury,03 - Rear end
7924,INNES RD @ VISENEAU DR,381798.7511,5035074.798,11/26/16,11:30,01 - Clear,01 - Dry,01 - Traffic signal,02 - Intersection related,01 - Daylight,02 - Non-fatal injury,03 - Rear end
7925,INNES RD @ VISENEAU DR,381798.9706,5035073.336,11/1/16,11:00,01 - Clear,01 - Dry,01 - Traffic signal,02 - Intersection related,01 - Daylight,03 - P.D. only,02 - Angle
7926,INNES RD @ VISENEAU DR,381797.6237,5035072.429,6/21/16,15:20,01 - Clear,01 - Dry,01 - Traffic signal,02 - Intersection related,01 - Daylight,03 - P.D. only,03 - Rear end
7927,INNES RD @ VISENEAU DR,381798.5316,5035072.897,2/5/16,18:00,01 - Clear,01 - Dry,01 - Traffic signal,02 - Intersection related,05 - Dusk,03 - P.D. only,99 - Other
7928,INNES RD @ VISENEAU DR,381799.8221,5035073.288,8/24/16,18:35,01 - Clear,01 - Dry,01 - Traffic signal,02 - Intersection related,01 - Daylight,03 - P.D. only,03 - Rear end
7929,INNES RD @ VISENEAU DR,381798.9751,5035074.676,4/4/16,13:34,01 - Clear,01 - Dry,01 - Traffic signal,02 - Intersection related,01 - Daylight,03 - P.D. only,03 - Rear end
7930,INNES RD @ VISENEAU DR,381799.199,5035074.004,4/6/16,20:10,03 - Snow,03 - Loose snow,01 - Traffic signal,02 - Intersection related,07 - Dark,03 - P.D. only,02 - Angle
7931,INNES RD @ VISENEAU DR,381797.6534,5035073.336,4/30/16,11:41,01 - Clear,01 - Dry,01 - Traffic signal,02 - Intersection related,01 - Daylight,03 - P.D. only,03 - Rear end
7932,INNES RD @ VISENEAU DR,381797.0948,5035073.142,12/23/16,11:55,01 - Clear,02 - Wet,01 - Traffic signal,02 - Intersection related,01 - Daylight,03 - P.D. only,03 - Rear end
7933,INNES RD @ VISENEAU DR,381799.5793,5035073.142,12/29/16,18:05,03 - Snow,05 - Packed snow,01 - Traffic signal,02 - Intersection related,07 - Dark,03 - P.D. only,05 - Turning movement
7934,INNES RD @ WILDFLOWER DR,382936.9807,5035689.879,5/24/16,18:27,01 - Clear,01 - Dry,01 - Traffic signal,02 - Intersection related,01 - Daylight,03 - P.D. only,03 - Rear end
7935,INNES RD @ WILDFLOWER DR,382937.5834,5035689.313,11/11/16,15:41,01 - Clear,01 - Dry,01 - Traffic signal,02 - Intersection related,01 - Daylight,03 - P.D. only,03 - Rear end
7936,INNES RD @ WILDFLOWER DR,382937.5834,5035690.141,10/12/16,7:13,01 - Clear,01 - Dry,01 - Traffic signal,02 - Intersection related,01 - Daylight,03 - P.D. only,03 - Rear end
7937,INNES RD @ WILDFLOWER DR,382938.4115,5035689.313,12/16/16,12:45,01 - Clear,01 - Dry,01 - Traffic signal,03 - At intersection,01 - Daylight,03 - P.D. only,03 - Rear end
7938,INNES RD btwn 173 W OF ORIENT PARK DR & ORIENT PARK DR,378183.9673,5032955.559,2/14/16,11:04,01 - Clear,01 - Dry,10 - No control,04 - At/near private drive,01 - Daylight,02 - Non-fatal injury,02 - Angle
7939,INNES RD btwn 260 E OF BELCOURT BLVD/WALMART SC & JEANNE D'ARC BLVD/ME,382377.7762,5035417.159,6/21/16,16:58,01 - Clear,01 - Dry,10 - No control,01 - Non intersection,01 - Daylight,02 - Non-fatal injury,03 - Rear end
7940,INNES RD btwn 260 E OF BELCOURT BLVD/WALMART SC & JEANNE D'ARC BLVD/ME,382396.5065,5035426.448,1/5/16,17:26,01 - Clear,02 - Wet,10 - No control,01 - Non intersection,05 - Dusk,02 - Non-fatal injury,03 - Rear end
7941,INNES RD btwn 260 E OF BELCOURT BLVD/WALMART SC & JEANNE D'ARC BLVD/ME,382379.7834,5035414.371,3/23/16,12:04,01 - Clear,01 - Dry,10 - No control,01 - Non intersection,01 - Daylight,02 - Non-fatal injury,03 - Rear end
7942,INNES RD btwn 260 E OF BELCOURT BLVD/WALMART SC & JEANNE D'ARC BLVD/ME,382374.6994,5035415.784,6/27/16,16:50,01 - Clear,01 - Dry,10 - No control,01 - Non intersection,01 - Daylight,02 - Non-fatal injury,03 - Rear end
7943,INNES RD btwn 260 E OF BELCOURT BLVD/WALMART SC & JEANNE D'ARC BLVD/ME,382460.4502,5035466.43,5/19/16,21:41,01 - Clear,01 - Dry,10 - No control,01 - Non intersection,07 - Dark,03 - P.D. only,03 - Rear end
7944,INNES RD btwn 260 E OF BELCOURT BLVD/WALMART SC & JEANNE D'ARC BLVD/ME,382629.1916,5035562.943,10/23/16,12:38,01 - Clear,01 - Dry,10 - No control,04 - At/near private drive,01 - Daylight,03 - P.D. only,02 - Angle
7945,INNES RD btwn 298 E OF WILDFLOWER DR & LANTHIER DR/PRESTWICK DR,383472.033,5035959.994,6/16/16,16:24,01 - Clear,01 - Dry,10 - No control,04 - At/near private drive,01 - Daylight,03 - P.D. only,02 - Angle
7946,INNES RD btwn 298 E OF WILDFLOWER DR & LANTHIER DR/PRESTWICK DR,383499.7475,5035972.158,4/1/16,12:26,01 - Clear,01 - Dry,10 - No control,01 - Non intersection,01 - Daylight,03 - P.D. only,03 - Rear end
7947,INNES RD btwn 298 E OF WILDFLOWER DR & LANTHIER DR/PRESTWICK DR,383404.4952,5035931.149,3/17/16,17:37,02 - Rain,02 - Wet,10 - No control,04 - At/near private drive,01 - Daylight,03 - P.D. only,02 - Angle
7948,INNES RD btwn 473 E OF PAGE RD/BUILDERS' WAREHOUSE SC & GREENVALE LANE,381511.166,5034904.977,5/2/16,13:53,01 - Clear,01 - Dry,10 - No control,04 - At/near private drive,01 - Daylight,03 - P.D. only,02 - Angle
7949,INNES RD btwn ANDERSON RD & INNES RD,376326.2898,5031865.995,9/22/16,8:20,01 - Clear,01 - Dry,10 - No control,01 - Non intersection,01 - Daylight,02 - Non-fatal injury,03 - Rear end