Record,Location,X,Y,Date,Time,Environment,Road_Surface,Traffic_Control,Collision_Location,Light,Collision_Classification,Impact_type
7950,INNES RD btwn ANDERSON RD & INNES RD,376361.2176,5031884.768,2/9/16,6:05,03 - Snow,03 - Loose snow,10 - No control,01 - Non intersection,07 - Dark,02 - Non-fatal injury,07 - SMV other
7951,INNES RD btwn ANDERSON RD & INNES RD,376446.7101,5031935.473,3/13/16,8:43,01 - Clear,01 - Dry,10 - No control,01 - Non intersection,01 - Daylight,02 - Non-fatal injury,03 - Rear end
7952,INNES RD btwn ANDERSON RD & INNES RD,376294.133,5031848.37,2/24/16,10:31,03 - Snow,03 - Loose snow,10 - No control,01 - Non intersection,01 - Daylight,03 - P.D. only,07 - SMV other
7953,INNES RD btwn ANDERSON RD & INNES RD,376543.267,5031993.531,11/20/16,22:49,03 - Snow,03 - Loose snow,10 - No control,01 - Non intersection,07 - Dark,03 - P.D. only,07 - SMV other
7954,INNES RD btwn ANDERSON RD & INNES RD,376413.5519,5031915.248,3/25/16,2:27,04 - Freezing Rain,06 - Ice,10 - No control,01 - Non intersection,07 - Dark,03 - P.D. only,07 - SMV other
7955,INNES RD btwn ANDERSON RD & INNES RD,376341.2201,5031872.527,7/11/16,13:53,01 - Clear,01 - Dry,10 - No control,01 - Non intersection,01 - Daylight,03 - P.D. only,04 - Sideswipe
7956,INNES RD btwn ANDERSON RD & INNES RD,376540.4931,5031993.988,6/13/16,8:00,01 - Clear,01 - Dry,10 - No control,01 - Non intersection,01 - Daylight,03 - P.D. only,03 - Rear end
7957,INNES RD btwn BANTREE ST & STAR TOP RD,374017.6481,5030589.757,2/21/16,15:06,01 - Clear,01 - Dry,10 - No control,01 - Non intersection,01 - Daylight,02 - Non-fatal injury,03 - Rear end
7958,INNES RD btwn BANTREE ST & STAR TOP RD,374120.7882,5030654.295,10/7/16,12:15,01 - Clear,01 - Dry,10 - No control,01 - Non intersection,01 - Daylight,03 - P.D. only,03 - Rear end
7959,INNES RD btwn BEARBROOK RD & 173 W OF ORIENT PARK DR,378029.6403,5032861.67,1/20/16,18:01,01 - Clear,01 - Dry,10 - No control,04 - At/near private drive,07 - Dark,03 - P.D. only,02 - Angle
7960,INNES RD btwn BELCOURT BLVD & 260 E OF BELCOURT BLVD/WALMART SC,382136.9644,5035275.558,5/16/16,23:54,01 - Clear,01 - Dry,10 - No control,01 - Non intersection,07 - Dark,03 - P.D. only,07 - SMV other
7961,INNES RD btwn BELCOURT BLVD & 260 E OF BELCOURT BLVD/WALMART SC,382136.8426,5035276.038,5/3/16,15:45,01 - Clear,01 - Dry,10 - No control,01 - Non intersection,01 - Daylight,03 - P.D. only,04 - Sideswipe
7962,INNES RD btwn BELCOURT BLVD & 260 E OF BELCOURT BLVD/WALMART SC,382254.4,5035344.986,11/10/16,9:30,01 - Clear,01 - Dry,10 - No control,04 - At/near private drive,01 - Daylight,03 - P.D. only,05 - Turning movement
7963,INNES RD btwn BLAIR RD & ANDERSON RD,376192.9564,5031794.359,10/20/16,8:56,02 - Rain,02 - Wet,10 - No control,01 - Non intersection,01 - Daylight,02 - Non-fatal injury,03 - Rear end
7964,INNES RD btwn BLAIR RD & ANDERSON RD,375748.6957,5031557.473,6/3/16,14:47,01 - Clear,01 - Dry,10 - No control,01 - Non intersection,01 - Daylight,02 - Non-fatal injury,03 - Rear end
7965,INNES RD btwn BLAIR RD & ANDERSON RD,375840.9545,5031610.727,4/22/16,10:19,01 - Clear,02 - Wet,10 - No control,01 - Non intersection,01 - Daylight,02 - Non-fatal injury,07 - SMV other
7966,INNES RD btwn BLAIR RD & ANDERSON RD,375741.0779,5031552.539,3/8/16,0:20,01 - Clear,01 - Dry,10 - No control,01 - Non intersection,07 - Dark,03 - P.D. only,07 - SMV other
7967,INNES RD btwn BLAIR RD & ANDERSON RD,376012.6756,5031692.508,1/9/16,21:25,02 - Rain,02 - Wet,10 - No control,01 - Non intersection,07 - Dark,03 - P.D. only,03 - Rear end
7968,INNES RD btwn BLAIR RD & ANDERSON RD,375584.8228,5031443.388,6/7/16,10:11,01 - Clear,01 - Dry,10 - No control,01 - Non intersection,01 - Daylight,03 - P.D. only,03 - Rear end
7969,INNES RD btwn BLAIR RD & ANDERSON RD,376155.2781,5031774.592,12/7/16,7:23,03 - Snow,06 - Ice,10 - No control,01 - Non intersection,03 - Dawn,03 - P.D. only,03 - Rear end
7970,INNES RD btwn CASABELLA DR & ORCHARDVIEW AVE,384835.2197,5036556.786,2/18/16,7:49,01 - Clear,05 - Packed snow,10 - No control,01 - Non intersection,01 - Daylight,02 - Non-fatal injury,03 - Rear end
7971,INNES RD btwn CHAPELIER PRIV & DU GRAND BOIS AVE,383104.1184,5035760.082,6/22/16,12:10,01 - Clear,01 - Dry,10 - No control,04 - At/near private drive,01 - Daylight,03 - P.D. only,03 - Rear end
7972,INNES RD btwn CLEROUX CRES & KEYSTONE CRT,379020.6966,5033442.489,11/25/16,8:31,02 - Rain,02 - Wet,10 - No control,01 - Non intersection,01 - Daylight,02 - Non-fatal injury,07 - SMV other
7973,INNES RD btwn CLEROUX CRES & TO BE DETERMINED,379697.4964,5033808.978,3/3/16,9:15,01 - Clear,06 - Ice,10 - No control,01 - Non intersection,01 - Daylight,03 - P.D. only,03 - Rear end
7974,INNES RD btwn CLEROUX CRES & TO BE DETERMINED,379598.7934,5033779.747,7/5/16,17:48,01 - Clear,01 - Dry,10 - No control,01 - Non intersection,01 - Daylight,03 - P.D. only,05 - Turning movement
7975,INNES RD btwn CLEROUX CRES & TO BE DETERMINED,379694.8535,5033809.308,11/13/16,20:20,01 - Clear,01 - Dry,10 - No control,01 - Non intersection,07 - Dark,03 - P.D. only,03 - Rear end
7976,INNES RD btwn CYRVILLE RD & STONEHENGE CRES,375114.6006,5031165.426,1/21/16,8:29,01 - Clear,01 - Dry,10 - No control,01 - Non intersection,01 - Daylight,03 - P.D. only,03 - Rear end
7977,INNES RD btwn CYRVILLE RD & STONEHENGE CRES,375074.3603,5031137.059,5/17/16,16:22,01 - Clear,01 - Dry,10 - No control,01 - Non intersection,01 - Daylight,03 - P.D. only,03 - Rear end
7978,INNES RD btwn DU GRAND BOIS AVE & 298 E OF WILDFLOWER DR,383111.2234,5035762.964,2/17/16,20:02,03 - Snow,06 - Ice,10 - No control,01 - Non intersection,07 - Dark,03 - P.D. only,03 - Rear end
7979,INNES RD btwn FRANK KENNY RD & O'TOOLE RD,387893.3374,5037743.125,4/23/16,21:45,02 - Rain,02 - Wet,10 - No control,01 - Non intersection,07 - Dark,03 - P.D. only,07 - SMV other
7980,INNES RD btwn GRAVELLE CRES & SOUTHPARK DR,377778.523,5032717.787,1/29/16,14:24,01 - Clear,01 - Dry,10 - No control,01 - Non intersection,01 - Daylight,03 - P.D. only,06 - SMV unattended vehicle
7981,INNES RD btwn GRAVELLE CRES & SOUTHPARK DR,377762.2394,5032709.108,7/6/16,12:22,01 - Clear,01 - Dry,10 - No control,04 - At/near private drive,01 - Daylight,03 - P.D. only,03 - Rear end
7982,INNES RD btwn GREENVALE LANE & VISENEAU DR,381709.5985,5035020.539,8/26/16,17:09,01 - Clear,01 - Dry,10 - No control,01 - Non intersection,01 - Daylight,02 - Non-fatal injury,03 - Rear end
7983,INNES RD btwn GREENVALE LANE & VISENEAU DR,381656.4738,5034993.511,6/18/16,14:50,01 - Clear,01 - Dry,10 - No control,04 - At/near private drive,01 - Daylight,03 - P.D. only,02 - Angle
7984,INNES RD btwn HWY417 IC112 RAMP65 & HWY417 IC112 RAMP56,374421.5973,5030828.592,6/14/16,18:20,01 - Clear,01 - Dry,10 - No control,01 - Non intersection,01 - Daylight,03 - P.D. only,03 - Rear end
7985,INNES RD btwn HWY417 IC112 RAMP66 & 215 W OF CYRVILLE RD/HOME DEPOT W,374830.1671,5030986.427,9/19/16,22:37,01 - Clear,01 - Dry,10 - No control,01 - Non intersection,07 - Dark,03 - P.D. only,04 - Sideswipe
7986,INNES RD btwn HWY417 IC112 RAMP66 & CYRVILLE RD,375006.3168,5031091.821,10/20/16,20:00,02 - Rain,02 - Wet,10 - No control,04 - At/near private drive,07 - Dark,03 - P.D. only,03 - Rear end
7987,INNES RD btwn HWY417 IC112 RAMP66 & CYRVILLE RD,375022.4841,5031102.319,1/19/16,16:57,03 - Snow,02 - Wet,10 - No control,01 - Non intersection,05 - Dusk,03 - P.D. only,04 - Sideswipe
7988,INNES RD btwn HWY417 IC112 RAMP66 & CYRVILLE RD,374964.5229,5031063.42,6/1/16,7:45,01 - Clear,01 - Dry,10 - No control,01 - Non intersection,01 - Daylight,03 - P.D. only,04 - Sideswipe
7989,INNES RD btwn HWY417 IC112 RAMP66 & CYRVILLE RD,374998.5304,5031091.13,12/13/16,13:47,01 - Clear,02 - Wet,10 - No control,01 - Non intersection,01 - Daylight,03 - P.D. only,04 - Sideswipe
7990,INNES RD btwn INDUSTRIAL AVE & BANTREE ST,373682.8244,5030392.313,8/2/16,17:04,01 - Clear,01 - Dry,10 - No control,01 - Non intersection,01 - Daylight,02 - Non-fatal injury,03 - Rear end
7991,INNES RD btwn INDUSTRIAL AVE & BANTREE ST,373502.9359,5030283.644,2/23/16,8:18,01 - Clear,01 - Dry,10 - No control,01 - Non intersection,01 - Daylight,02 - Non-fatal injury,03 - Rear end
7992,INNES RD btwn INDUSTRIAL AVE & BANTREE ST,373686.332,5030394.83,5/24/16,17:09,01 - Clear,01 - Dry,10 - No control,01 - Non intersection,01 - Daylight,03 - P.D. only,03 - Rear end
7993,INNES RD btwn INDUSTRIAL AVE & BANTREE ST,373144.3558,5030029.242,6/21/16,17:25,01 - Clear,01 - Dry,10 - No control,01 - Non intersection,01 - Daylight,03 - P.D. only,04 - Sideswipe
7994,INNES RD btwn ORCHARDVIEW AVE & PORTOBELLO BLVD,385617.6124,5036887.158,5/10/16,10:20,01 - Clear,01 - Dry,10 - No control,01 - Non intersection,01 - Daylight,03 - P.D. only,04 - Sideswipe
7995,INNES RD btwn ORCHARDVIEW AVE & PORTOBELLO BLVD,385228.6452,5036733.294,9/14/16,19:47,01 - Clear,01 - Dry,10 - No control,01 - Non intersection,07 - Dark,03 - P.D. only,03 - Rear end
7996,INNES RD btwn O'TOOLE RD & DUNNING RD,391464.5854,5039278.051,6/23/16,18:35,01 - Clear,01 - Dry,10 - No control,01 - Non intersection,01 - Daylight,03 - P.D. only,07 - SMV other
7997,INNES RD btwn O'TOOLE RD & DUNNING RD,389294.6123,5038377.972,1/18/16,6:45,03 - Snow,04 - Slush,10 - No control,01 - Non intersection,07 - Dark,03 - P.D. only,07 - SMV other
7998,INNES RD btwn O'TOOLE RD & DUNNING RD,391563.1737,5039302.832,7/20/16,7:50,01 - Clear,01 - Dry,10 - No control,01 - Non intersection,01 - Daylight,03 - P.D. only,07 - SMV other
7999,INNES RD btwn PAGE RD & 473 E OF PAGE RD/BUILDERS' WAREHOUSE SC,380931.6413,5034565.813,9/30/16,18:25,01 - Clear,01 - Dry,10 - No control,01 - Non intersection,01 - Daylight,02 - Non-fatal injury,03 - Rear end
8000,INNES RD btwn PAGE RD & 473 E OF PAGE RD/BUILDERS' WAREHOUSE SC,380902.8972,5034549.556,10/19/16,17:00,01 - Clear,01 - Dry,10 - No control,04 - At/near private drive,01 - Daylight,02 - Non-fatal injury,02 - Angle
8001,INNES RD btwn PAGE RD & 473 E OF PAGE RD/BUILDERS' WAREHOUSE SC,380974.0975,5034591.387,2/17/16,20:46,01 - Clear,05 - Packed snow,10 - No control,04 - At/near private drive,07 - Dark,03 - P.D. only,02 - Angle
8002,INNES RD btwn PAGE RD & 473 E OF PAGE RD/BUILDERS' WAREHOUSE SC,380896.5032,5034546.166,4/20/16,16:58,01 - Clear,01 - Dry,10 - No control,01 - Non intersection,01 - Daylight,03 - P.D. only,04 - Sideswipe
8003,INNES RD btwn PRESTWICK DR & TENTH LINE RD,383765.0788,5036082.535,1/10/16,15:32,02 - Rain,02 - Wet,10 - No control,04 - At/near private drive,01 - Daylight,02 - Non-fatal injury,03 - Rear end
8004,INNES RD btwn PRESTWICK DR & TENTH LINE RD,383859.0067,5036121.88,11/16/16,17:13,01 - Clear,01 - Dry,10 - No control,01 - Non intersection,07 - Dark,02 - Non-fatal injury,03 - Rear end
8005,INNES RD btwn PRESTWICK DR & TENTH LINE RD,383935.1972,5036152.936,10/22/16,8:45,02 - Rain,02 - Wet,10 - No control,04 - At/near private drive,01 - Daylight,02 - Non-fatal injury,07 - SMV other
8006,INNES RD btwn PRESTWICK DR & TENTH LINE RD,383704.1291,5036059.375,8/2/16,17:26,01 - Clear,01 - Dry,10 - No control,01 - Non intersection,01 - Daylight,03 - P.D. only,03 - Rear end
8007,INNES RD btwn PRESTWICK DR & TENTH LINE RD,383822.0974,5036106.078,5/7/16,9:42,01 - Clear,01 - Dry,10 - No control,04 - At/near private drive,01 - Daylight,03 - P.D. only,05 - Turning movement
8008,INNES RD btwn PRESTWICK DR & TENTH LINE RD,383860.6516,5036122.898,2/9/16,18:26,03 - Snow,02 - Wet,10 - No control,04 - At/near private drive,07 - Dark,03 - P.D. only,05 - Turning movement
8009,INNES RD btwn PRESTWICK DR & TENTH LINE RD,383849.6965,5036117.91,1/15/16,18:31,01 - Clear,02 - Wet,10 - No control,01 - Non intersection,07 - Dark,03 - P.D. only,03 - Rear end
8010,INNES RD btwn PRESTWICK DR & TENTH LINE RD,383815.1425,5036100.706,3/22/16,18:16,01 - Clear,01 - Dry,10 - No control,04 - At/near private drive,05 - Dusk,03 - P.D. only,02 - Angle
8011,INNES RD btwn PRESTWICK DR & TENTH LINE RD,383766.6419,5036083.574,6/12/16,14:23,01 - Clear,01 - Dry,10 - No control,01 - Non intersection,01 - Daylight,03 - P.D. only,03 - Rear end
8012,INNES RD btwn PRESTWICK DR & TENTH LINE RD,383882.5382,5036131.376,6/16/16,16:24,01 - Clear,01 - Dry,10 - No control,01 - Non intersection,01 - Daylight,03 - P.D. only,05 - Turning movement
8013,INNES RD btwn SOUTHPARK DR & BEARBROOK RD,377890.6724,5032783.98,2/6/16,14:30,01 - Clear,01 - Dry,10 - No control,04 - At/near private drive,01 - Daylight,03 - P.D. only,07 - SMV other
8014,INNES RD btwn STAR TOP RD & HWY417 IC112 RAMP55,374169.1463,5030681.217,6/6/16,16:48,01 - Clear,01 - Dry,10 - No control,01 - Non intersection,01 - Daylight,03 - P.D. only,04 - Sideswipe
8015,INNES RD btwn STONEHENGE CRES & BLAIR RD,375535.0057,5031416.248,2/19/16,19:40,03 - Snow,03 - Loose snow,10 - No control,01 - Non intersection,07 - Dark,03 - P.D. only,04 - Sideswipe
8016,INNES RD btwn STONEHENGE CRES & STONEHENGE CRES,375288.9593,5031269.018,3/8/16,8:20,01 - Clear,01 - Dry,10 - No control,01 - Non intersection,01 - Daylight,02 - Non-fatal injury,03 - Rear end
8017,INNES RD btwn STONEHENGE CRES & STONEHENGE CRES,375322.6651,5031290.882,4/29/16,15:59,01 - Clear,01 - Dry,10 - No control,01 - Non intersection,01 - Daylight,03 - P.D. only,04 - Sideswipe
8018,INNES RD btwn TENTH LINE RD & 240 E OF TENTH LINE RD/HOME DEPOT E,383962.2866,5036164.712,2/17/16,11:57,01 - Clear,04 - Slush,10 - No control,01 - Non intersection,01 - Daylight,03 - P.D. only,04 - Sideswipe
8019,INNES RD btwn TENTH LINE RD & 240 E OF TENTH LINE RD/HOME DEPOT E,384043.6858,5036203.039,11/4/16,18:49,01 - Clear,01 - Dry,10 - No control,01 - Non intersection,07 - Dark,03 - P.D. only,03 - Rear end
8020,INNES RD btwn TENTH LINE RD & 240 E OF TENTH LINE RD/HOME DEPOT E,384107.4539,5036231.196,12/18/16,14:52,01 - Clear,04 - Slush,10 - No control,01 - Non intersection,01 - Daylight,03 - P.D. only,04 - Sideswipe
8021,INNES RD btwn TRIM RD & VALIN ST,386588.2035,5037282.208,7/3/16,7:13,01 - Clear,01 - Dry,10 - No control,01 - Non intersection,01 - Daylight,03 - P.D. only,07 - SMV other
8022,INNES RD btwn VISENEAU DR & BELCOURT BLVD,382115.1467,5035263.95,10/16/16,21:02,01 - Clear,02 - Wet,10 - No control,04 - At/near private drive,07 - Dark,02 - Non-fatal injury,03 - Rear end
8023,INNES RD btwn VISENEAU DR & BELCOURT BLVD,382031.7875,5035211.945,9/10/16,15:45,01 - Clear,01 - Dry,10 - No control,01 - Non intersection,01 - Daylight,02 - Non-fatal injury,04 - Sideswipe
8024,INNES RD btwn VISENEAU DR & BELCOURT BLVD,382085.4397,5035245.286,5/1/16,17:41,02 - Rain,02 - Wet,10 - No control,01 - Non intersection,01 - Daylight,03 - P.D. only,04 - Sideswipe
8025,INNES RD btwn VISENEAU DR & BELCOURT BLVD,381924.5809,5035150.241,12/27/16,12:20,01 - Clear,02 - Wet,10 - No control,01 - Non intersection,01 - Daylight,03 - P.D. only,04 - Sideswipe
8026,INNES RD EB btwn INNES RD & INNES RD W,376758.1661,5032114.836,2/25/16,17:45,03 - Snow,06 - Ice,10 - No control,01 - Non intersection,05 - Dusk,02 - Non-fatal injury,99 - Other
8027,INNES RD EB btwn INNES RD E & ORLEANS BLVD,380450.5678,5034273.676,8/2/16,15:03,01 - Clear,01 - Dry,10 - No control,01 - Non intersection,01 - Daylight,03 - P.D. only,07 - SMV other
8028,INNES RD EB btwn INNES RD E & ORLEANS BLVD,379812.5138,5033781.552,1/22/16,16:45,01 - Clear,01 - Dry,10 - No control,01 - Non intersection,05 - Dusk,03 - P.D. only,03 - Rear end
8029,INNES RD EB btwn INNES RD E & ORLEANS BLVD,380439.886,5034267.312,7/12/16,17:31,01 - Clear,01 - Dry,10 - No control,01 - Non intersection,01 - Daylight,03 - P.D. only,04 - Sideswipe
8030,INNES RD EB btwn ORLEANS BLVD & INNES RD,380553.4999,5034333.889,3/20/16,16:55,01 - Clear,01 - Dry,10 - No control,01 - Non intersection,01 - Daylight,03 - P.D. only,03 - Rear end
8031,INNES RD WB btwn INNES RD E/BLACKBURN BYPASS & ORLEANS BLVD,380452.0135,5034291.573,10/13/16,16:30,01 - Clear,01 - Dry,10 - No control,01 - Non intersection,01 - Daylight,03 - P.D. only,04 - Sideswipe
8032,INNES RD WB btwn INNES RD E/BLACKBURN BYPASS & ORLEANS BLVD,380066.9171,5034062.176,12/26/16,23:15,04 - Freezing Rain,06 - Ice,10 - No control,01 - Non intersection,07 - Dark,03 - P.D. only,03 - Rear end
8033,INNES RD WB btwn ORLEANS BLVD & INNES RD,380478.608,5034307.001,5/21/16,16:15,01 - Clear,01 - Dry,10 - No control,01 - Non intersection,01 - Daylight,03 - P.D. only,03 - Rear end
8034,INNES RD WB btwn ORLEANS BLVD & INNES RD,380548.9194,5034347.679,1/19/16,18:20,03 - Snow,04 - Slush,10 - No control,01 - Non intersection,07 - Dark,03 - P.D. only,03 - Rear end
8035,INNES RD WB btwn ORLEANS BLVD & INNES RD,380597.62,5034383.231,12/4/16,6:02,01 - Clear,01 - Dry,10 - No control,01 - Non intersection,07 - Dark,03 - P.D. only,07 - SMV other
8036,INNES RD/PRESTWICK DR @ LANTHIER DR,383541.3312,5035988.249,4/2/16,18:16,01 - Clear,01 - Dry,01 - Traffic signal,03 - At intersection,01 - Daylight,02 - Non-fatal injury,02 - Angle
8037,INNES RD/PRESTWICK DR @ LANTHIER DR,383541.1942,5035988.563,10/27/16,16:45,02 - Rain,02 - Wet,01 - Traffic signal,02 - Intersection related,01 - Daylight,03 - P.D. only,03 - Rear end
8038,INNES RD/PRESTWICK DR @ LANTHIER DR,383540.1008,5035988.409,11/9/16,15:41,01 - Clear,01 - Dry,01 - Traffic signal,03 - At intersection,01 - Daylight,03 - P.D. only,05 - Turning movement
8039,INNES RD/PRESTWICK DR @ LANTHIER DR,383539.6398,5035989.331,11/4/16,19:46,01 - Clear,01 - Dry,01 - Traffic signal,03 - At intersection,07 - Dark,03 - P.D. only,02 - Angle
8040,INNES RD/PRESTWICK DR @ LANTHIER DR,383542.2061,5035989.402,12/8/16,20:05,01 - Clear,01 - Dry,01 - Traffic signal,03 - At intersection,07 - Dark,03 - P.D. only,02 - Angle
8041,INNOVATION DR btwn FLAMBOROUGH WAY & FLAMBOROUGH WAY,349582.1161,5022451.692,6/20/16,13:10,01 - Clear,01 - Dry,10 - No control,01 - Non intersection,01 - Daylight,02 - Non-fatal injury,07 - SMV other
8042,INSMILL CRES btwn CHELTONIA WAY & GOLDRIDGE DR S,349521.0754,5019257.737,6/21/16,6:12,01 - Clear,01 - Dry,10 - No control,04 - At/near private drive,01 - Daylight,03 - P.D. only,06 - SMV unattended vehicle
8043,INVERKIP AVE btwn PENNARD WAY & PENNARD WAY,372613.841,5025595.359,1/12/16,0:00,03 - Snow,03 - Loose snow,10 - No control,01 - Non intersection,07 - Dark,03 - P.D. only,06 - SMV unattended vehicle
8044,INVERKIP AVE btwn PENNARD WAY & PENNARD WAY,372513.9718,5025751.847,9/9/16,16:45,01 - Clear,01 - Dry,10 - No control,04 - At/near private drive,01 - Daylight,03 - P.D. only,06 - SMV unattended vehicle
8045,INVERNESS AVE @ MEADOWLANDS DR,365747.7283,5024717.152,1/22/16,15:10,01 - Clear,02 - Wet,01 - Traffic signal,02 - Intersection related,01 - Daylight,02 - Non-fatal injury,03 - Rear end
8046,IONA ST @ ISLAND PARK DR,364349.7223,5028385.872,6/4/16,14:00,01 - Clear,01 - Dry,01 - Traffic signal,03 - At intersection,01 - Daylight,02 - Non-fatal injury,02 - Angle
8047,IONA ST @ ISLAND PARK DR,364348.577,5028384.874,6/24/16,16:32,01 - Clear,01 - Dry,01 - Traffic signal,03 - At intersection,01 - Daylight,03 - P.D. only,02 - Angle
8048,IONA ST @ ISLAND PARK DR,364349.2415,5028384.91,8/22/16,18:08,01 - Clear,01 - Dry,01 - Traffic signal,03 - At intersection,01 - Daylight,03 - P.D. only,02 - Angle
8049,IONA ST @ ISLAND PARK DR,364350.2031,5028385.872,8/31/16,11:24,01 - Clear,01 - Dry,01 - Traffic signal,03 - At intersection,01 - Daylight,03 - P.D. only,05 - Turning movement
8050,IPSWICH TER btwn BEACON WAY & BEACON WAY,349130.7416,5023023.952,2/17/16,12:30,03 - Snow,03 - Loose snow,10 - No control,01 - Non intersection,01 - Daylight,03 - P.D. only,01 - Approaching
8051,IRIS ST @ SOUTHWOOD DR,360845.8928,5023442.9,4/8/16,9:17,02 - Rain,02 - Wet,02 - Stop sign,02 - Intersection related,01 - Daylight,03 - P.D. only,03 - Rear end
8052,IRIS ST @ TRANSITWAY,362011.6586,5024239.78,2/9/16,8:10,03 - Snow,02 - Wet,01 - Traffic signal,03 - At intersection,01 - Daylight,02 - Non-fatal injury,07 - SMV other
8053,IRIS ST @ WOODROFFE AVE,362281.5822,5024441.298,3/1/16,18:45,03 - Snow,03 - Loose snow,01 - Traffic signal,02 - Intersection related,05 - Dusk,02 - Non-fatal injury,03 - Rear end
8054,IRIS ST @ WOODROFFE AVE,362282.4726,5024441.739,7/11/16,15:52,01 - Clear,01 - Dry,01 - Traffic signal,03 - At intersection,01 - Daylight,02 - Non-fatal injury,02 - Angle
8055,IRIS ST @ WOODROFFE AVE,362282.0335,5024441.3,9/17/16,17:22,02 - Rain,02 - Wet,01 - Traffic signal,03 - At intersection,01 - Daylight,03 - P.D. only,05 - Turning movement
8056,IRIS ST @ WOODROFFE AVE,362284.3484,5024439.449,10/24/16,12:45,01 - Clear,01 - Dry,01 - Traffic signal,02 - Intersection related,01 - Daylight,03 - P.D. only,03 - Rear end
8057,IRIS ST @ WOODROFFE AVE,362282.5637,5024441.732,1/18/16,9:25,06 - Strong wind,06 - Ice,01 - Traffic signal,02 - Intersection related,01 - Daylight,03 - P.D. only,03 - Rear end
8058,IRIS ST @ WOODROFFE AVE,362282.9194,5024440.61,7/1/16,19:11,01 - Clear,01 - Dry,01 - Traffic signal,02 - Intersection related,01 - Daylight,03 - P.D. only,03 - Rear end
8059,IRIS ST @ WOODROFFE AVE,362283.8195,5024441.294,6/29/16,15:31,01 - Clear,01 - Dry,01 - Traffic signal,02 - Intersection related,01 - Daylight,03 - P.D. only,03 - Rear end
8060,IRIS ST @ WOODROFFE AVE,362282.9176,5024441.294,6/1/16,18:24,01 - Clear,01 - Dry,01 - Traffic signal,02 - Intersection related,01 - Daylight,03 - P.D. only,99 - Other
8061,IRIS ST @ WOODROFFE AVE,362282.6921,5024440.716,10/5/16,9:47,01 - Clear,01 - Dry,01 - Traffic signal,02 - Intersection related,01 - Daylight,03 - P.D. only,03 - Rear end
8062,IRIS ST btwn GREENBANK RD & TO BE DETERMINED,360541.7788,5023315.321,7/14/16,8:30,01 - Clear,01 - Dry,10 - No control,01 - Non intersection,01 - Daylight,03 - P.D. only,04 - Sideswipe
8063,IRIS ST btwn HIGHGATE RD & GATEWAY RD,361640.0008,5023941.251,5/25/16,0:00,01 - Clear,01 - Dry,10 - No control,01 - Non intersection,00 - Unknown,03 - P.D. only,06 - SMV unattended vehicle
8064,IRIS ST btwn HIGHGATE RD & GATEWAY RD,361672.9235,5023968.511,4/15/16,19:58,01 - Clear,01 - Dry,10 - No control,01 - Non intersection,07 - Dark,03 - P.D. only,01 - Approaching
8065,IRIS ST btwn IRIS ST W & IRIS ST E,360636.8085,5023349.752,1/5/16,13:39,01 - Clear,01 - Dry,10 - No control,01 - Non intersection,01 - Daylight,03 - P.D. only,04 - Sideswipe
8066,IRIS ST btwn LAZARD ST & FIELD ST,362584.0002,5024627.768,2/17/16,12:19,03 - Snow,03 - Loose snow,10 - No control,04 - At/near private drive,01 - Daylight,03 - P.D. only,99 - Other
8067,IRIS ST btwn WOODROFFE AVE & CHECKERS RD,362326.9121,5024467.333,4/25/16,23:50,01 - Clear,01 - Dry,10 - No control,01 - Non intersection,07 - Dark,03 - P.D. only,07 - SMV other
8068,IRVING AVE @ LAUREL ST,365712.5799,5029607.832,2/17/16,18:10,01 - Clear,03 - Loose snow,10 - No control,03 - At intersection,07 - Dark,03 - P.D. only,05 - Turning movement
8069,IRVING AVE @ WELLINGTON ST,365625.9141,5029803.348,9/12/16,6:01,01 - Clear,01 - Dry,02 - Stop sign,03 - At intersection,03 - Dawn,02 - Non-fatal injury,05 - Turning movement
8070,IRVING AVE btwn WELLINGTON ST W & LAUREL ST,365643.1946,5029762.204,7/25/16,0:00,01 - Clear,01 - Dry,10 - No control,01 - Non intersection,00 - Unknown,03 - P.D. only,06 - SMV unattended vehicle
8071,IRVING AVE btwn WELLINGTON ST W & LAUREL ST,365691.5614,5029653.467,7/22/16,19:00,01 - Clear,01 - Dry,10 - No control,04 - At/near private drive,01 - Daylight,03 - P.D. only,06 - SMV unattended vehicle
8072,IRVING AVE btwn WELLINGTON ST W & LAUREL ST,365705.2444,5029629.504,12/23/16,17:25,01 - Clear,02 - Wet,10 - No control,04 - At/near private drive,07 - Dark,03 - P.D. only,06 - SMV unattended vehicle
8073,IRVING PL btwn LAURENTIAN PL & BOTANICA PRIV,366127.6801,5028655.255,2/22/16,14:00,01 - Clear,01 - Dry,10 - No control,01 - Non intersection,01 - Daylight,03 - P.D. only,06 - SMV unattended vehicle
8074,ISABELLA ST btwn CHAMBERLAIN AVE & O'CONNOR ST,368126.8394,5030205.86,8/18/16,12:05,01 - Clear,01 - Dry,10 - No control,01 - Non intersection,01 - Daylight,03 - P.D. only,04 - Sideswipe