Record,Location,X,Y,Date,Time,Environment,Road_Surface,Traffic_Control,Collision_Location,Light,Collision_Classification,Impact_type
8075,ISABELLA ST btwn METCALFE ST & ELGIN ST,368599.9313,5030482.191,6/14/16,13:00,01 - Clear,01 - Dry,10 - No control,01 - Non intersection,01 - Daylight,03 - P.D. only,04 - Sideswipe
8076,ISABELLA ST btwn METCALFE ST & ELGIN ST,368486.5926,5030419.745,3/29/16,11:26,01 - Clear,01 - Dry,10 - No control,04 - At/near private drive,01 - Daylight,03 - P.D. only,05 - Turning movement
8077,ISABELLA ST btwn METCALFE ST & ELGIN ST,368589.599,5030477.757,11/10/16,21:30,01 - Clear,01 - Dry,10 - No control,01 - Non intersection,07 - Dark,03 - P.D. only,04 - Sideswipe
8078,ISABELLA ST btwn O'CONNOR ST & METCALFE ST,368307.2251,5030315.431,5/13/16,20:57,01 - Clear,01 - Dry,10 - No control,01 - Non intersection,07 - Dark,02 - Non-fatal injury,03 - Rear end
8079,ISABELLA ST btwn O'CONNOR ST & METCALFE ST,368339.6623,5030334.035,3/11/16,20:17,01 - Clear,01 - Dry,10 - No control,01 - Non intersection,07 - Dark,03 - P.D. only,04 - Sideswipe
8080,ISABELLA ST btwn O'CONNOR ST & METCALFE ST,368363.5987,5030349.32,1/6/16,15:35,01 - Clear,01 - Dry,10 - No control,01 - Non intersection,01 - Daylight,03 - P.D. only,04 - Sideswipe
8081,ISABELLA ST btwn O'CONNOR ST & METCALFE ST,368361.6647,5030348.097,6/29/16,17:50,01 - Clear,01 - Dry,10 - No control,01 - Non intersection,01 - Daylight,03 - P.D. only,03 - Rear end
8082,ISABELLA ST/HWY 417 O'CONN IC119BR57 @ O'CONNO,368296.9638,5030308.85,7/4/16,8:01,01 - Clear,01 - Dry,01 - Traffic signal,03 - At intersection,01 - Daylight,03 - P.D. only,05 - Turning movement
8083,ISABELLA ST/HWY 417 O'CONN IC119BR57 @ O'CONNO,368298.0786,5030309.566,4/8/16,14:30,01 - Clear,01 - Dry,01 - Traffic signal,02 - Intersection related,01 - Daylight,03 - P.D. only,03 - Rear end
8084,ISABELLA ST/HWY 417 O'CONN IC119BR57 @ O'CONNO,368297.7422,5030310.125,12/27/16,2:59,02 - Rain,02 - Wet,01 - Traffic signal,02 - Intersection related,07 - Dark,03 - P.D. only,03 - Rear end
8085,ISABELLA ST/HWY 417 O'CONN IC119BR57 @ O'CONNO,368297.9609,5030309.259,11/28/16,14:26,01 - Clear,01 - Dry,01 - Traffic signal,03 - At intersection,01 - Daylight,03 - P.D. only,04 - Sideswipe
8086,ISABELLA ST/HWY 417 O'CONN IC119BR57 @ O'CONNO,368298.8603,5030310.125,12/2/16,14:26,01 - Clear,01 - Dry,01 - Traffic signal,02 - Intersection related,01 - Daylight,03 - P.D. only,03 - Rear end
8087,ISABELLA ST/HWY417 IC119AR75 @ METCALFE ST,368448.5253,5030400.567,5/5/16,18:25,01 - Clear,01 - Dry,01 - Traffic signal,03 - At intersection,01 - Daylight,02 - Non-fatal injury,05 - Turning movement
8088,ISABELLA ST/HWY417 IC119AR75 @ METCALFE ST,368449.2935,5030399.268,11/10/16,21:14,01 - Clear,01 - Dry,01 - Traffic signal,02 - Intersection related,07 - Dark,02 - Non-fatal injury,03 - Rear end
8089,ISABELLA ST/HWY417 IC119AR75 @ METCALFE ST,368448.6672,5030399.643,6/29/16,17:20,01 - Clear,01 - Dry,01 - Traffic signal,02 - Intersection related,01 - Daylight,02 - Non-fatal injury,03 - Rear end
8090,ISABELLA ST/HWY417 IC119AR75 @ METCALFE ST,368448.1886,5030399.606,8/2/16,17:07,01 - Clear,01 - Dry,01 - Traffic signal,02 - Intersection related,01 - Daylight,03 - P.D. only,03 - Rear end
8091,ISABELLA ST/HWY417 IC119AR75 @ METCALFE ST,368448.2948,5030399.209,5/6/16,16:57,01 - Clear,01 - Dry,01 - Traffic signal,02 - Intersection related,01 - Daylight,03 - P.D. only,03 - Rear end
8092,ISABELLA ST/HWY417 IC119AR75 @ METCALFE ST,368448.6054,5030400.297,4/23/16,5:28,01 - Clear,01 - Dry,01 - Traffic signal,02 - Intersection related,03 - Dawn,03 - P.D. only,04 - Sideswipe
8093,ISABELLA ST/HWY417 IC119AR75 @ METCALFE ST,368448.2948,5030399.675,2/26/16,13:55,01 - Clear,01 - Dry,01 - Traffic signal,02 - Intersection related,01 - Daylight,03 - P.D. only,03 - Rear end
8094,ISABELLA ST/HWY417 IC119AR75 @ METCALFE ST,368448.6054,5030399.52,4/15/16,7:26,01 - Clear,01 - Dry,01 - Traffic signal,02 - Intersection related,01 - Daylight,03 - P.D. only,03 - Rear end
8095,ISABELLA ST/HWY417 IC119AR75 @ METCALFE ST,368448.1944,5030399.645,10/6/16,21:58,01 - Clear,01 - Dry,01 - Traffic signal,03 - At intersection,07 - Dark,03 - P.D. only,04 - Sideswipe
8096,ISABELLA ST/HWY417 IC119AR75 @ METCALFE ST,368450.3528,5030400.126,10/27/16,15:45,01 - Clear,01 - Dry,01 - Traffic signal,02 - Intersection related,01 - Daylight,03 - P.D. only,04 - Sideswipe
8097,ISABELLA ST/HWY417 IC119AR75 @ METCALFE ST,368449.2935,5030399.268,12/22/16,12:20,01 - Clear,02 - Wet,01 - Traffic signal,02 - Intersection related,01 - Daylight,03 - P.D. only,04 - Sideswipe
8098,ISIDORE ST/LAWSON AVE @ KING GEORGE ST,371667.2543,5032175.735,10/6/16,14:22,01 - Clear,01 - Dry,03 - Yield sign,03 - At intersection,01 - Daylight,03 - P.D. only,02 - Angle
8099,ISLAND PARK CRES @ ISLAND PARK DR,364465.7005,5028110.737,11/18/16,21:59,01 - Clear,01 - Dry,02 - Stop sign,03 - At intersection,07 - Dark,02 - Non-fatal injury,01 - Approaching
8100,ISLAND PARK CRES @ ISLAND PARK DR,364465.7718,5028109.579,9/14/16,10:59,01 - Clear,01 - Dry,02 - Stop sign,02 - Intersection related,01 - Daylight,03 - P.D. only,99 - Other
8101,ISLAND PARK DR @ BYNG DR,364829.9209,5028095.918,8/19/16,18:46,01 - Clear,01 - Dry,02 - Stop sign,02 - Intersection related,01 - Daylight,03 - P.D. only,03 - Rear end
8102,ISLAND PARK DR @ MERIVALE RD,364653.9239,5028022.887,1/28/16,8:31,01 - Clear,02 - Wet,01 - Traffic signal,02 - Intersection related,01 - Daylight,03 - P.D. only,03 - Rear end
8103,ISLAND PARK DR @ MERIVALE RD,364653.9693,5028023.538,4/8/16,15:30,01 - Clear,01 - Dry,01 - Traffic signal,02 - Intersection related,01 - Daylight,03 - P.D. only,03 - Rear end
8104,ISLAND PARK DR @ RICHMOND RD,364130.0281,5028868.215,9/2/16,7:27,01 - Clear,01 - Dry,01 - Traffic signal,03 - At intersection,01 - Daylight,02 - Non-fatal injury,02 - Angle
8105,ISLAND PARK DR @ RICHMOND RD,364131.6395,5028867.215,10/13/16,20:10,01 - Clear,01 - Dry,01 - Traffic signal,03 - At intersection,07 - Dark,02 - Non-fatal injury,05 - Turning movement
8106,ISLAND PARK DR @ RICHMOND RD,364130.7257,5028866.898,1/9/16,12:37,02 - Rain,02 - Wet,01 - Traffic signal,02 - Intersection related,01 - Daylight,03 - P.D. only,03 - Rear end
8107,ISLAND PARK DR @ RICHMOND RD,364130.4301,5028865.494,6/4/16,14:00,01 - Clear,01 - Dry,01 - Traffic signal,02 - Intersection related,01 - Daylight,03 - P.D. only,04 - Sideswipe
8108,ISLAND PARK DR @ RICHMOND RD,364130.6867,5028866.219,6/7/16,18:37,02 - Rain,02 - Wet,01 - Traffic signal,03 - At intersection,01 - Daylight,03 - P.D. only,05 - Turning movement
8109,ISLAND PARK DR @ RICHMOND RD,364130.8554,5028867.271,10/28/16,17:30,02 - Rain,02 - Wet,01 - Traffic signal,02 - Intersection related,01 - Daylight,03 - P.D. only,03 - Rear end
8110,ISLAND PARK DR @ RICHMOND RD,364130.7886,5028867.447,12/11/16,3:04,01 - Clear,06 - Ice,01 - Traffic signal,02 - Intersection related,07 - Dark,03 - P.D. only,07 - SMV other
8111,ISLAND PARK DR @ RICHMOND RD,364131.3705,5028867.025,8/31/16,15:30,01 - Clear,01 - Dry,01 - Traffic signal,02 - Intersection related,01 - Daylight,03 - P.D. only,03 - Rear end
8112,ISLAND PARK DR @ SCOTT ST,363833.8102,5029040.818,12/26/16,18:39,01 - Clear,04 - Slush,01 - Traffic signal,03 - At intersection,07 - Dark,02 - Non-fatal injury,02 - Angle
8113,ISLAND PARK DR @ SCOTT ST,363833.47,5029040.334,8/31/16,15:25,01 - Clear,01 - Dry,01 - Traffic signal,03 - At intersection,01 - Daylight,03 - P.D. only,04 - Sideswipe
8114,ISLAND PARK DR @ SCOTT ST,363833.6895,5029040.139,9/21/16,16:00,01 - Clear,01 - Dry,01 - Traffic signal,02 - Intersection related,01 - Daylight,03 - P.D. only,03 - Rear end
8115,ISLAND PARK DR @ SCOTT ST,363833.909,5029040.773,1/21/16,16:43,01 - Clear,01 - Dry,01 - Traffic signal,02 - Intersection related,05 - Dusk,03 - P.D. only,03 - Rear end
8116,ISLAND PARK DR @ SCOTT ST,363833.4183,5029040.426,6/4/16,16:20,01 - Clear,01 - Dry,01 - Traffic signal,02 - Intersection related,01 - Daylight,03 - P.D. only,04 - Sideswipe
8117,ISLAND PARK DR @ SCOTT ST,363833.2989,5029041.335,3/14/16,16:39,02 - Rain,02 - Wet,01 - Traffic signal,02 - Intersection related,01 - Daylight,03 - P.D. only,04 - Sideswipe
8118,ISLAND PARK DR @ SCOTT ST,363833.47,5029040.334,9/7/16,17:45,01 - Clear,01 - Dry,01 - Traffic signal,02 - Intersection related,01 - Daylight,03 - P.D. only,04 - Sideswipe
8119,ISLAND PARK DR @ SCOTT ST,363832.746,5029040.917,7/15/16,16:04,02 - Rain,02 - Wet,01 - Traffic signal,02 - Intersection related,01 - Daylight,03 - P.D. only,04 - Sideswipe
8120,ISLAND PARK DR @ SCOTT ST,363834.3713,5029041.008,7/15/16,16:00,02 - Rain,02 - Wet,01 - Traffic signal,03 - At intersection,01 - Daylight,03 - P.D. only,04 - Sideswipe
8121,ISLAND PARK DR @ SCOTT ST,363834.5939,5029040.818,8/25/16,11:53,01 - Clear,01 - Dry,01 - Traffic signal,03 - At intersection,01 - Daylight,03 - P.D. only,02 - Angle
8122,ISLAND PARK DR @ SUNNYMEDE AVE,363664.691,5029250.854,5/20/16,9:52,01 - Clear,01 - Dry,02 - Stop sign,02 - Intersection related,01 - Daylight,02 - Non-fatal injury,05 - Turning movement
8123,ISLAND PARK DR btwn BASSETT LANE & BYRON AVE,364247.3935,5028625.151,7/23/16,11:15,01 - Clear,01 - Dry,10 - No control,01 - Non intersection,01 - Daylight,02 - Non-fatal injury,03 - Rear end
8124,ISLAND PARK DR btwn BYRON AVE & IONA ST,364273.8461,5028562.71,3/26/16,14:15,01 - Clear,02 - Wet,10 - No control,01 - Non intersection,01 - Daylight,03 - P.D. only,03 - Rear end
8125,ISLAND PARK DR btwn BYRON AVE & IONA ST,364282.9523,5028540.856,8/22/16,12:05,01 - Clear,00 - Unknown,10 - No control,01 - Non intersection,01 - Daylight,03 - P.D. only,01 - Approaching
8126,ISLAND PARK DR btwn BYRON AVE & IONA ST,364262.5684,5028587.731,11/26/16,0:00,00 - Unknown,01 - Dry,10 - No control,04 - At/near private drive,00 - Unknown,03 - P.D. only,02 - Angle
8127,ISLAND PARK DR btwn BYRON AVE & IONA ST,364313.4703,5028469.27,11/8/16,18:00,01 - Clear,01 - Dry,10 - No control,01 - Non intersection,07 - Dark,03 - P.D. only,03 - Rear end
8128,ISLAND PARK DR btwn BYRON AVE & IONA ST,364327.8468,5028431.627,8/31/16,11:26,01 - Clear,01 - Dry,10 - No control,01 - Non intersection,01 - Daylight,03 - P.D. only,03 - Rear end
8129,ISLAND PARK DR btwn BYRON AVE & IONA ST,364344.0188,5028401.604,7/14/16,13:10,00 - Unknown,00 - Unknown,10 - No control,04 - At/near private drive,01 - Daylight,03 - P.D. only,03 - Rear end
8130,ISLAND PARK DR btwn CLEARVIEW AVE & OTTAWA RIVER PKWY,363544.7121,5029365.66,5/4/16,16:07,01 - Clear,01 - Dry,10 - No control,01 - Non intersection,01 - Daylight,02 - Non-fatal injury,04 - Sideswipe
8131,ISLAND PARK DR btwn CLEARVIEW AVE & OTTAWA RIVER PKWY,363451.583,5029400.099,10/10/16,12:35,01 - Clear,01 - Dry,10 - No control,01 - Non intersection,01 - Daylight,03 - P.D. only,03 - Rear end
8132,ISLAND PARK DR btwn CLEARVIEW AVE & OTTAWA RIVER PKWY,363446.0204,5029399.347,7/17/16,12:23,01 - Clear,01 - Dry,10 - No control,01 - Non intersection,01 - Daylight,03 - P.D. only,03 - Rear end
8133,ISLAND PARK DR btwn CLEARVIEW AVE & SUNNYMEDE AVE,363564.9336,5029356.713,7/25/16,8:00,02 - Rain,02 - Wet,10 - No control,01 - Non intersection,01 - Daylight,03 - P.D. only,03 - Rear end
8134,ISLAND PARK DR btwn HARMER AVE S & HURON AVE S,365290.5651,5028069.695,11/4/16,12:45,01 - Clear,01 - Dry,10 - No control,04 - At/near private drive,01 - Daylight,03 - P.D. only,99 - Other
8135,ISLAND PARK DR btwn IONA ST & HELENA ST,364362.8879,5028357.051,5/4/16,17:50,01 - Clear,01 - Dry,10 - No control,01 - Non intersection,01 - Daylight,03 - P.D. only,04 - Sideswipe
8136,ISLAND PARK DR btwn ISLAND PARK DR NB/SB SPLIT & BYNG DR,364824.4264,5028093.171,1/19/16,10:15,03 - Snow,02 - Wet,10 - No control,01 - Non intersection,01 - Daylight,03 - P.D. only,03 - Rear end
8137,ISLAND PARK DR btwn MAILES AVE & RICHMOND RD,364093.1962,5028886.404,5/18/16,9:57,01 - Clear,01 - Dry,10 - No control,01 - Non intersection,01 - Daylight,03 - P.D. only,03 - Rear end
8138,ISLAND PARK DR btwn OTTAWA RIVER PKWY & TURN LANE,363302.9507,5029451.808,4/27/16,15:50,01 - Clear,01 - Dry,10 - No control,01 - Non intersection,01 - Daylight,03 - P.D. only,05 - Turning movement
8139,ISLAND PARK DR btwn RICHMOND RD & BASSETT LANE,364153.0776,5028829.644,5/17/16,15:10,01 - Clear,01 - Dry,10 - No control,01 - Non intersection,01 - Daylight,03 - P.D. only,03 - Rear end
8140,ISLAND PARK DR btwn RICHMOND RD & BASSETT LANE,364187.6784,5028757.489,6/15/16,16:49,01 - Clear,01 - Dry,10 - No control,01 - Non intersection,01 - Daylight,03 - P.D. only,03 - Rear end
8141,ISLAND PARK DR btwn RICHMOND RD & BASSETT LANE,364215.5801,5028693.374,6/19/16,14:02,01 - Clear,01 - Dry,10 - No control,01 - Non intersection,01 - Daylight,03 - P.D. only,03 - Rear end
8142,ISLAND PARK DR btwn RICHMOND RD & BASSETT LANE,364144.8226,5028848.144,1/30/16,17:30,01 - Clear,02 - Wet,10 - No control,01 - Non intersection,05 - Dusk,03 - P.D. only,03 - Rear end
8143,ISLAND PARK DR btwn TURN LANE & TURN LANE,363148.019,5029567.506,2/5/16,16:07,01 - Clear,01 - Dry,10 - No control,01 - Non intersection,01 - Daylight,03 - P.D. only,03 - Rear end
8144,ISLAND VIEW DR N @ MANOTICK MAIN ST,369787.4899,5009020.167,3/2/16,7:37,03 - Snow,05 - Packed snow,02 - Stop sign,03 - At intersection,01 - Daylight,03 - P.D. only,05 - Turning movement
8145,IVANHOE AVE btwn CARLING AVE & ELMHURST ST,360438.9121,5024863.846,9/28/16,22:30,01 - Clear,01 - Dry,10 - No control,01 - Non intersection,07 - Dark,03 - P.D. only,06 - SMV unattended vehicle
8146,JACKMAN TER btwn AIRD PL & AIRD PL,351894.3168,5019088.671,1/2/16,11:00,01 - Clear,02 - Wet,10 - No control,01 - Non intersection,01 - Daylight,03 - P.D. only,06 - SMV unattended vehicle
8147,JAMES ST @ KENT ST,367659.0416,5030599.694,3/3/16,17:12,01 - Clear,05 - Packed snow,02 - Stop sign,03 - At intersection,01 - Daylight,02 - Non-fatal injury,02 - Angle
8148,JAMES ST @ KENT ST,367659.0371,5030598.799,5/2/16,13:52,01 - Clear,01 - Dry,02 - Stop sign,02 - Intersection related,01 - Daylight,03 - P.D. only,04 - Sideswipe
8149,JAMES ST @ KENT ST,367660.3953,5030599.028,6/26/16,11:00,01 - Clear,01 - Dry,02 - Stop sign,03 - At intersection,01 - Daylight,03 - P.D. only,05 - Turning movement
8150,JAMES ST @ KENT ST,367660.2275,5030597.65,12/31/16,14:12,03 - Snow,03 - Loose snow,02 - Stop sign,02 - Intersection related,01 - Daylight,03 - P.D. only,04 - Sideswipe
8151,JAMES ST @ LYON ST,367496.0517,5030502.345,6/22/16,17:34,01 - Clear,01 - Dry,01 - Traffic signal,02 - Intersection related,01 - Daylight,02 - Non-fatal injury,05 - Turning movement
8152,JAMES ST btwn KENT ST & BANK ST,367724.2993,5030636.633,6/23/16,12:07,01 - Clear,01 - Dry,10 - No control,04 - At/near private drive,01 - Daylight,03 - P.D. only,02 - Angle
8153,JAMIE AVE @ SUNDERLAND ST,366064.2439,5022023.195,4/19/16,12:23,01 - Clear,01 - Dry,02 - Stop sign,02 - Intersection related,01 - Daylight,03 - P.D. only,02 - Angle
8154,JANSEN RD btwn GRADY CRES & HOBART CRES,360234.9943,5021063.583,8/6/16,0:00,01 - Clear,01 - Dry,10 - No control,01 - Non intersection,00 - Unknown,03 - P.D. only,06 - SMV unattended vehicle
8155,JASMINE CRES btwn ARROWSMITH DR & BEAVERHILL DR,375650.0698,5033828.027,1/24/16,21:17,01 - Clear,02 - Wet,10 - No control,01 - Non intersection,07 - Dark,03 - P.D. only,07 - SMV other
8156,JASMINE CRES btwn OGILVIE RD & ARROWSMITH DR,375473.5926,5033658.97,6/8/16,15:20,01 - Clear,01 - Dry,10 - No control,04 - At/near private drive,01 - Daylight,02 - Non-fatal injury,02 - Angle
8157,JASMINE CRES S @ OGILVIE RD,375353.8962,5033722.614,1/14/16,8:08,01 - Clear,01 - Dry,02 - Stop sign,02 - Intersection related,01 - Daylight,03 - P.D. only,07 - SMV other
8158,JASMINE CRES S @ OGILVIE RD,375354.2563,5033720.134,1/13/16,15:45,01 - Clear,02 - Wet,02 - Stop sign,03 - At intersection,01 - Daylight,03 - P.D. only,02 - Angle
8159,JASMINE CRES S @ OGILVIE RD,375354.2614,5033719.339,11/10/16,17:52,01 - Clear,01 - Dry,02 - Stop sign,03 - At intersection,07 - Dark,03 - P.D. only,02 - Angle
8160,JASMINE CRES S @ OGILVIE RD,375348.5735,5033721.334,4/16/16,11:57,01 - Clear,01 - Dry,02 - Stop sign,02 - Intersection related,01 - Daylight,03 - P.D. only,04 - Sideswipe
8161,JASPER AVE @ WALKLEY RD,370850.7242,5026248.717,9/15/16,11:09,01 - Clear,01 - Dry,02 - Stop sign,02 - Intersection related,01 - Daylight,02 - Non-fatal injury,03 - Rear end
8162,JASPER AVE @ WALKLEY RD,370851.4006,5026247.759,6/18/16,18:15,01 - Clear,01 - Dry,02 - Stop sign,02 - Intersection related,01 - Daylight,03 - P.D. only,05 - Turning movement
8163,JASPER AVE btwn NOTTING HILL AVE & PAARDEBURGH AVE,371005.3697,5025983.394,6/23/16,0:00,01 - Clear,01 - Dry,10 - No control,01 - Non intersection,00 - Unknown,03 - P.D. only,06 - SMV unattended vehicle
8164,JEANNE D'ARC BLVD  N btwn AVIGNON CRT & DECARIE DR,380696.3917,5038499.538,4/22/16,23:54,01 - Clear,01 - Dry,10 - No control,01 - Non intersection,07 - Dark,03 - P.D. only,07 - SMV other
8165,JEANNE D'ARC BLVD  N btwn MILLWOOD CRT & BILBERRY DR,380193.6455,5038176.978,6/23/16,18:01,01 - Clear,01 - Dry,10 - No control,04 - At/near private drive,01 - Daylight,03 - P.D. only,05 - Turning movement
8166,JEANNE D'ARC BLVD  N btwn PADDLER WAY & ORLEANS BLVD,379835.3395,5038046.198,8/11/16,17:29,01 - Clear,01 - Dry,10 - No control,01 - Non intersection,01 - Daylight,03 - P.D. only,07 - SMV other
8167,JEANNE D'ARC BLVD  N btwn VINEYARD DR & OR174 IC105 RAMP36,379267.996,5037290.391,6/28/16,17:55,01 - Clear,01 - Dry,10 - No control,01 - Non intersection,01 - Daylight,02 - Non-fatal injury,03 - Rear end
8168,JEANNE D'ARC BLVD  N btwn VINEYARD DR & OR174 IC105 RAMP36,379241.1119,5037367.062,11/8/16,7:16,01 - Clear,01 - Dry,10 - No control,01 - Non intersection,01 - Daylight,03 - P.D. only,01 - Approaching
8169,JEANNE D'ARC BLVD  S btwn BELCOURT BLVD & DES EPINETTES AVE,382200.9054,5035961.268,4/6/16,21:09,03 - Snow,04 - Slush,10 - No control,01 - Non intersection,07 - Dark,03 - P.D. only,04 - Sideswipe
8170,JEANNE D'ARC BLVD  S btwn BOYER RD & ORLEANS BLVD,380784.0718,5036215.255,4/12/16,7:27,01 - Clear,01 - Dry,10 - No control,01 - Non intersection,01 - Daylight,03 - P.D. only,03 - Rear end
8171,JEANNE D'ARC BLVD  S btwn HENRI LAUZON ST & BOYER RD,380673.7323,5036191.132,3/1/16,7:47,01 - Clear,01 - Dry,10 - No control,01 - Non intersection,01 - Daylight,03 - P.D. only,03 - Rear end
8172,JEANNE D'ARC BLVD  S btwn JEANNE D'ARC BLVD N & OR174 IC105 RAMP35,379411.5355,5036993.717,5/23/16,18:58,01 - Clear,01 - Dry,10 - No control,01 - Non intersection,01 - Daylight,03 - P.D. only,03 - Rear end
8173,JEANNE D'ARC BLVD  S btwn OR174 IC105 RAMP52 & OR174 IC105 RAMP53,379460.4595,5036907.969,2/16/16,19:25,03 - Snow,05 - Packed snow,10 - No control,01 - Non intersection,07 - Dark,02 - Non-fatal injury,03 - Rear end
8174,JEANNE D'ARC BLVD  S btwn OR174 IC105 RAMP53 & YOUVILLE DR,379669.0131,5036702.172,1/20/16,19:37,01 - Clear,01 - Dry,10 - No control,01 - Non intersection,07 - Dark,02 - Non-fatal injury,05 - Turning movement
8175,JEANNE D'ARC BLVD  S btwn SAPINIER ST & INNES RD,382635.9354,5035572.554,7/3/16,14:38,01 - Clear,01 - Dry,10 - No control,01 - Non intersection,01 - Daylight,02 - Non-fatal injury,03 - Rear end
8176,JEANNE D'ARC BLVD  S btwn SAPINIER ST & INNES RD,382621.0439,5035606.367,9/27/16,17:39,01 - Clear,01 - Dry,10 - No control,01 - Non intersection,01 - Daylight,03 - P.D. only,07 - SMV other
8177,JEANNE D'ARC BLVD  S btwn ST. JOSEPH BLVD & WOODCLIFFE PRIV,379887.9416,5036431.897,11/2/16,8:53,01 - Clear,01 - Dry,11 - Roundabout,01 - Non intersection,01 - Daylight,03 - P.D. only,03 - Rear end
8178,JEANNE D'ARC BLVD  S btwn ST. JOSEPH BLVD & WOODCLIFFE PRIV,379919.4497,5036384.638,2/25/16,18:52,03 - Snow,03 - Loose snow,10 - No control,01 - Non intersection,07 - Dark,03 - P.D. only,99 - Other
8179,JEANNE D'ARC BLVD  S btwn WOODCLIFFE PRIV & HENRI LAUZON ST,380249.9765,5036208.641,11/20/16,14:57,03 - Snow,06 - Ice,10 - No control,01 - Non intersection,01 - Daylight,02 - Non-fatal injury,07 - SMV other
8180,JEANNE D'ARC BLVD  S btwn WOODCLIFFE PRIV & HENRI LAUZON ST,380467.8295,5036182.946,6/28/16,10:10,01 - Clear,01 - Dry,10 - No control,01 - Non intersection,01 - Daylight,03 - P.D. only,07 - SMV other
8181,JEANNE D'ARC BLVD  S btwn YOUVILLE DR & ST. JOSEPH BLVD,379833.7256,5036513.982,5/9/16,8:18,01 - Clear,01 - Dry,10 - No control,04 - At/near private drive,01 - Daylight,02 - Non-fatal injury,05 - Turning movement
8182,JEANNE D'ARC BLVD  S btwn YOUVILLE DR & ST. JOSEPH BLVD,379744.2695,5036641.516,6/28/16,0:08,01 - Clear,01 - Dry,10 - No control,01 - Non intersection,07 - Dark,03 - P.D. only,07 - SMV other
8183,JEANNE D'ARC BLVD @ CEDAR MILLS RD/CHAMPNEUF D,381214.9235,5036277.34,10/21/16,15:25,02 - Rain,02 - Wet,02 - Stop sign,02 - Intersection related,01 - Daylight,03 - P.D. only,03 - Rear end
8184,JEANNE D'ARC BLVD @ CEDAR MILLS RD/CHAMPNEUF D,381214.9235,5036276.512,12/18/16,5:43,03 - Snow,05 - Packed snow,02 - Stop sign,02 - Intersection related,07 - Dark,03 - P.D. only,07 - SMV other
8185,JEANNE D'ARC BLVD @ FORTUNE DR/VINEYARD DR,379237.9004,5037375.184,11/6/16,14:31,01 - Clear,01 - Dry,01 - Traffic signal,03 - At intersection,01 - Daylight,02 - Non-fatal injury,07 - SMV other
8186,JEANNE D'ARC BLVD @ FORTUNE DR/VINEYARD DR,379241.477,5037378.408,10/25/16,7:36,01 - Clear,01 - Dry,01 - Traffic signal,03 - At intersection,01 - Daylight,03 - P.D. only,05 - Turning movement
8187,JEANNE D'ARC BLVD @ FORTUNE DR/VINEYARD DR,379237.9004,5037375.184,11/26/16,9:47,01 - Clear,01 - Dry,01 - Traffic signal,02 - Intersection related,01 - Daylight,03 - P.D. only,03 - Rear end
8188,JEANNE D'ARC BLVD @ GREY NUNS DR/YOUVILLE DR,379671.4895,5036702.629,2/18/16,8:22,01 - Clear,06 - Ice,01 - Traffic signal,02 - Intersection related,01 - Daylight,02 - Non-fatal injury,07 - SMV other
8189,JEANNE D'ARC BLVD @ GREY NUNS DR/YOUVILLE DR,379670.0839,5036701.879,6/8/16,8:10,01 - Clear,01 - Dry,01 - Traffic signal,03 - At intersection,01 - Daylight,02 - Non-fatal injury,07 - SMV other
8190,JEANNE D'ARC BLVD @ GREY NUNS DR/YOUVILLE DR,379670.7425,5036700.583,10/21/16,19:51,02 - Rain,02 - Wet,01 - Traffic signal,03 - At intersection,07 - Dark,02 - Non-fatal injury,07 - SMV other
8191,JEANNE D'ARC BLVD @ GREY NUNS DR/YOUVILLE DR,379671.0665,5036699.38,3/4/16,9:05,01 - Clear,01 - Dry,01 - Traffic signal,02 - Intersection related,01 - Daylight,03 - P.D. only,03 - Rear end
8192,JEANNE D'ARC BLVD @ GREY NUNS DR/YOUVILLE DR,379672.3327,5036701.605,2/18/16,7:47,01 - Clear,06 - Ice,01 - Traffic signal,02 - Intersection related,01 - Daylight,03 - P.D. only,03 - Rear end
8193,JEANNE D'ARC BLVD @ GREY NUNS DR/YOUVILLE DR,379669.0674,5036701.447,1/7/16,12:07,01 - Clear,01 - Dry,01 - Traffic signal,03 - At intersection,01 - Daylight,03 - P.D. only,05 - Turning movement
8194,JEANNE D'ARC BLVD @ GREY NUNS DR/YOUVILLE DR,379671.278,5036700.315,9/18/16,17:30,01 - Clear,01 - Dry,01 - Traffic signal,02 - Intersection related,01 - Daylight,03 - P.D. only,03 - Rear end
8195,JEANNE D'ARC BLVD @ GREY NUNS DR/YOUVILLE DR,379670.7425,5036700.169,9/10/16,16:21,01 - Clear,02 - Wet,01 - Traffic signal,02 - Intersection related,01 - Daylight,03 - P.D. only,03 - Rear end
8196,JEANNE D'ARC BLVD @ GREY NUNS DR/YOUVILLE DR,379670.4101,5036701.515,4/22/16,14:45,01 - Clear,01 - Dry,01 - Traffic signal,02 - Intersection related,01 - Daylight,03 - P.D. only,03 - Rear end
8197,JEANNE D'ARC BLVD @ GREY NUNS DR/YOUVILLE DR,379669.7145,5036693.83,11/3/16,16:24,01 - Clear,02 - Wet,01 - Traffic signal,02 - Intersection related,05 - Dusk,03 - P.D. only,03 - Rear end
8198,JEANNE D'ARC BLVD @ MONTCERF CRT,381117.26,5036287.084,2/12/16,8:35,01 - Clear,01 - Dry,01 - Traffic signal,03 - At intersection,01 - Daylight,02 - Non-fatal injury,03 - Rear end
8199,JEANNE D'ARC BLVD @ MONTCERF CRT,381117.8074,5036286.842,7/17/16,14:38,01 - Clear,01 - Dry,01 - Traffic signal,03 - At intersection,01 - Daylight,02 - Non-fatal injury,02 - Angle