Record,Location,X,Y,Date,Time,Environment,Road_Surface,Traffic_Control,Collision_Location,Light,Collision_Classification,Impact_type
8200,JEANNE D'ARC BLVD @ MONTCERF CRT,381117.8068,5036286.902,10/12/16,11:58,01 - Clear,01 - Dry,01 - Traffic signal,02 - Intersection related,01 - Daylight,02 - Non-fatal injury,04 - Sideswipe
8201,JEANNE D'ARC BLVD @ MONTCERF CRT,381117.4195,5036286.499,8/2/16,11:17,01 - Clear,01 - Dry,01 - Traffic signal,02 - Intersection related,01 - Daylight,03 - P.D. only,07 - SMV other
8202,JEANNE D'ARC BLVD @ MONTCERF CRT,381117.4871,5036285.252,3/10/16,10:36,01 - Clear,01 - Dry,01 - Traffic signal,02 - Intersection related,01 - Daylight,03 - P.D. only,03 - Rear end
8203,JEANNE D'ARC BLVD @ OR174 IC105 RAMP36,379266.955,5037282.69,10/20/16,7:38,01 - Clear,01 - Dry,10 - No control,02 - Intersection related,03 - Dawn,03 - P.D. only,03 - Rear end
8204,JEANNE D'ARC BLVD @ OR174 IC105 RAMP36,379270.8489,5037282.906,11/24/16,7:45,03 - Snow,04 - Slush,10 - No control,02 - Intersection related,01 - Daylight,03 - P.D. only,03 - Rear end
8205,JEANNE D'ARC BLVD @ OR174 IC105 RAMP36,379268.8684,5037280.164,10/3/16,7:50,01 - Clear,01 - Dry,01 - Traffic signal,03 - At intersection,01 - Daylight,03 - P.D. only,03 - Rear end
8206,JEANNE D'ARC BLVD @ OR174 IC105 RAMP36,379270.6888,5037286.063,10/17/16,7:07,01 - Clear,01 - Dry,03 - Yield sign,02 - Intersection related,01 - Daylight,03 - P.D. only,03 - Rear end
8207,JEANNE D'ARC BLVD @ OR174 IC105 RAMP36,379271.0215,5037284.253,10/17/16,9:13,01 - Clear,01 - Dry,03 - Yield sign,02 - Intersection related,01 - Daylight,03 - P.D. only,03 - Rear end
8208,JEANNE D'ARC BLVD @ OR174 IC105 RAMP52,379457.0173,5036919.078,8/10/16,8:33,01 - Clear,01 - Dry,01 - Traffic signal,02 - Intersection related,01 - Daylight,02 - Non-fatal injury,03 - Rear end
8209,JEANNE D'ARC BLVD @ OR174 IC105 RAMP52,379457.1495,5036918.915,8/25/16,14:03,01 - Clear,01 - Dry,01 - Traffic signal,02 - Intersection related,01 - Daylight,02 - Non-fatal injury,03 - Rear end
8210,JEANNE D'ARC BLVD @ OR174 IC105 RAMP52,379455.2384,5036917.441,9/27/16,22:29,01 - Clear,01 - Dry,01 - Traffic signal,02 - Intersection related,07 - Dark,02 - Non-fatal injury,02 - Angle
8211,JEANNE D'ARC BLVD @ OR174 IC105 RAMP52,379456.8295,5036916.099,10/20/16,7:25,01 - Clear,01 - Dry,01 - Traffic signal,02 - Intersection related,01 - Daylight,03 - P.D. only,03 - Rear end
8212,JEANNE D'ARC BLVD @ ORLEANS BLVD N,380029.5488,5038104.93,5/5/16,14:49,01 - Clear,01 - Dry,01 - Traffic signal,03 - At intersection,01 - Daylight,02 - Non-fatal injury,02 - Angle
8213,JEANNE D'ARC BLVD @ ORLEANS BLVD N,380028.8744,5038104.282,12/24/16,12:02,01 - Clear,02 - Wet,01 - Traffic signal,03 - At intersection,01 - Daylight,02 - Non-fatal injury,02 - Angle
8214,JEANNE D'ARC BLVD @ ORLEANS BLVD N,380029.5278,5038106.251,1/14/16,15:39,03 - Snow,03 - Loose snow,01 - Traffic signal,03 - At intersection,01 - Daylight,03 - P.D. only,05 - Turning movement
8215,JEANNE D'ARC BLVD @ ORLEANS BLVD N,380028.8799,5038105.599,9/6/16,11:42,01 - Clear,01 - Dry,01 - Traffic signal,02 - Intersection related,01 - Daylight,03 - P.D. only,03 - Rear end
8216,JEANNE D'ARC BLVD @ ORLEANS BLVD N,380028.3497,5038106.031,5/8/16,16:27,01 - Clear,01 - Dry,01 - Traffic signal,02 - Intersection related,01 - Daylight,03 - P.D. only,03 - Rear end
8217,JEANNE D'ARC BLVD @ ORLEANS BLVD N,380029.4099,5038105.868,8/9/16,18:31,01 - Clear,01 - Dry,01 - Traffic signal,02 - Intersection related,01 - Daylight,03 - P.D. only,03 - Rear end
8218,JEANNE D'ARC BLVD @ ORLEANS BLVD N,380030.2177,5038105.599,11/11/16,14:03,01 - Clear,01 - Dry,01 - Traffic signal,02 - Intersection related,01 - Daylight,03 - P.D. only,03 - Rear end
8219,JEANNE D'ARC BLVD @ ORLEANS BLVD S,380940.6345,5036250.193,2/17/16,20:33,03 - Snow,03 - Loose snow,01 - Traffic signal,03 - At intersection,07 - Dark,02 - Non-fatal injury,02 - Angle
8220,JEANNE D'ARC BLVD @ ORLEANS BLVD S,380941.2545,5036250.749,6/27/16,13:58,01 - Clear,01 - Dry,01 - Traffic signal,03 - At intersection,01 - Daylight,02 - Non-fatal injury,02 - Angle
8221,JEANNE D'ARC BLVD @ ORLEANS BLVD S,380939.947,5036250.343,10/3/16,19:22,01 - Clear,01 - Dry,01 - Traffic signal,03 - At intersection,07 - Dark,02 - Non-fatal injury,05 - Turning movement
8222,JEANNE D'ARC BLVD @ ORLEANS BLVD S,380939.8571,5036250.101,6/26/16,11:59,01 - Clear,01 - Dry,01 - Traffic signal,02 - Intersection related,01 - Daylight,03 - P.D. only,03 - Rear end
8223,JEANNE D'ARC BLVD @ ORLEANS BLVD S,380940.2887,5036250.558,1/7/16,13:54,01 - Clear,01 - Dry,01 - Traffic signal,03 - At intersection,01 - Daylight,03 - P.D. only,02 - Angle
8224,JEANNE D'ARC BLVD @ ORLEANS BLVD S,380939.5495,5036249.771,7/16/16,21:37,01 - Clear,01 - Dry,01 - Traffic signal,03 - At intersection,07 - Dark,03 - P.D. only,05 - Turning movement
8225,JEANNE D'ARC BLVD @ ORLEANS BLVD S,380939.9167,5036250.08,2/17/16,20:00,03 - Snow,06 - Ice,01 - Traffic signal,03 - At intersection,07 - Dark,03 - P.D. only,02 - Angle
8226,JEANNE D'ARC BLVD @ ORLEANS BLVD S,380939.2478,5036250.08,6/10/16,12:40,01 - Clear,01 - Dry,01 - Traffic signal,02 - Intersection related,01 - Daylight,03 - P.D. only,03 - Rear end
8227,JEANNE D'ARC BLVD @ ORLEANS BLVD S,380941.2545,5036250.08,8/21/16,11:34,02 - Rain,02 - Wet,01 - Traffic signal,02 - Intersection related,01 - Daylight,03 - P.D. only,99 - Other
8228,JEANNE D'ARC BLVD @ ORLEANS BLVD S,380939.2478,5036251.418,7/13/16,16:50,02 - Rain,02 - Wet,01 - Traffic signal,02 - Intersection related,01 - Daylight,03 - P.D. only,03 - Rear end
8229,JEANNE D'ARC BLVD @ ORLEANS BLVD S,380940.7445,5036249.337,9/11/16,16:33,01 - Clear,01 - Dry,01 - Traffic signal,02 - Intersection related,01 - Daylight,03 - P.D. only,04 - Sideswipe
8230,JEANNE D'ARC BLVD @ ORLEANS BLVD S,380939.9163,5036251.822,12/30/16,17:56,01 - Clear,02 - Wet,01 - Traffic signal,03 - At intersection,07 - Dark,03 - P.D. only,05 - Turning movement
8231,JEANNE D'ARC BLVD @ PADDLER WAY/VORLAGE DR E,379612.2113,5037995.437,6/21/16,17:48,01 - Clear,01 - Dry,01 - Traffic signal,03 - At intersection,01 - Daylight,03 - P.D. only,05 - Turning movement
8232,JEANNE D'ARC BLVD @ PADDLER WAY/VORLAGE DR E,379612.9908,5037996.053,11/21/16,18:09,03 - Snow,04 - Slush,01 - Traffic signal,03 - At intersection,07 - Dark,03 - P.D. only,05 - Turning movement
8233,JEANNE D'ARC BLVD @ VORLAGE DR W/VOYAGEUR WAY,379265.7511,5037741.31,7/21/16,8:33,01 - Clear,01 - Dry,01 - Traffic signal,03 - At intersection,01 - Daylight,02 - Non-fatal injury,05 - Turning movement
8234,JEANNE D'ARC BLVD @ VORLAGE DR W/VOYAGEUR WAY,379268.3488,5037739.578,7/29/16,17:27,01 - Clear,01 - Dry,01 - Traffic signal,03 - At intersection,01 - Daylight,03 - P.D. only,05 - Turning movement
8235,JEANNE D'ARC BLVD btwn JEANNE D'ARC BLVD N & BALSAM DR,381448.0538,5038749.802,2/12/16,11:13,01 - Clear,04 - Slush,10 - No control,04 - At/near private drive,01 - Daylight,03 - P.D. only,99 - Other
8236,JEANNE D'ARC BLVD N/OR174 IC105 RAMP63 @ TRANS,379342.1961,5037115.553,4/20/16,8:10,01 - Clear,01 - Dry,01 - Traffic signal,02 - Intersection related,01 - Daylight,03 - P.D. only,03 - Rear end
8237,JEANNE D'ARC BLVD N/OR174 IC105 RAMP63 @ TRANS,379341.0753,5037117.007,11/1/16,18:55,01 - Clear,01 - Dry,01 - Traffic signal,02 - Intersection related,07 - Dark,03 - P.D. only,03 - Rear end
8238,JEANNE D'ARC BLVD N/OR174 IC105 RAMP63 @ TRANS,379341.1753,5037115.918,11/22/16,17:23,01 - Clear,03 - Loose snow,01 - Traffic signal,02 - Intersection related,07 - Dark,03 - P.D. only,03 - Rear end
8239,JEFFREY AVE @ ST. LAURENT BLVD,370955.8787,5035237.844,12/15/16,9:30,01 - Clear,02 - Wet,02 - Stop sign,02 - Intersection related,01 - Daylight,03 - P.D. only,01 - Approaching
8240,JINKINSON RD btwn FERNBANK RD & HAZELDEAN RD,345189.5901,5009781.974,8/31/16,13:48,01 - Clear,01 - Dry,10 - No control,01 - Non intersection,01 - Daylight,01 - Fatal injury,07 - SMV other
8241,JINKINSON RD btwn FERNBANK RD & HAZELDEAN RD,345374.6985,5009390.918,12/12/16,6:46,03 - Snow,03 - Loose snow,10 - No control,04 - At/near private drive,07 - Dark,02 - Non-fatal injury,02 - Angle
8242,JINKINSON RD btwn FERNBANK RD & HAZELDEAN RD,345932.7621,5011436.74,8/31/16,14:33,01 - Clear,01 - Dry,10 - No control,01 - Non intersection,01 - Daylight,03 - P.D. only,07 - SMV other
8243,JINKINSON RD btwn FERNBANK RD & HAZELDEAN RD,346827.2231,5012233.446,9/30/16,9:26,01 - Clear,01 - Dry,10 - No control,01 - Non intersection,01 - Daylight,03 - P.D. only,07 - SMV other
8244,JOBIN CRES btwn TONILEE DR & TONILEE DR,373763.8274,5032535.048,4/15/16,18:16,01 - Clear,01 - Dry,10 - No control,04 - At/near private drive,01 - Daylight,03 - P.D. only,02 - Angle
8245,JOCK TR btwn MUNSTER RD & GREEN'S RD,352775.4513,5000814.008,1/19/16,10:05,05 - Drifting Snow,06 - Ice,10 - No control,04 - At/near private drive,01 - Daylight,03 - P.D. only,02 - Angle
8246,JOCKVALE RD @ CAMBRIAN RD/GOLFLINKS DR W,365382.4713,5013223.197,1/24/16,19:28,03 - Snow,03 - Loose snow,11 - Roundabout,02 - Intersection related,07 - Dark,02 - Non-fatal injury,01 - Approaching
8247,JOCKVALE RD @ CAMBRIAN RD/GOLFLINKS DR W,365382.2316,5013223.187,5/10/16,17:31,01 - Clear,01 - Dry,11 - Roundabout,03 - At intersection,01 - Daylight,03 - P.D. only,04 - Sideswipe
8248,JOCKVALE RD @ CAMBRIAN RD/GOLFLINKS DR W,365382.9103,5013223.636,2/17/16,20:17,01 - Clear,01 - Dry,11 - Roundabout,02 - Intersection related,07 - Dark,03 - P.D. only,03 - Rear end
8249,JOCKVALE RD @ CAMBRIAN RD/GOLFLINKS DR W,365382.4688,5013223.195,2/25/16,20:00,04 - Freezing Rain,06 - Ice,11 - Roundabout,02 - Intersection related,07 - Dark,03 - P.D. only,03 - Rear end
8250,JOCKVALE RD @ CAMBRIAN RD/GOLFLINKS DR W,365382.4713,5013223.636,11/2/16,17:39,01 - Clear,01 - Dry,11 - Roundabout,02 - Intersection related,07 - Dark,03 - P.D. only,04 - Sideswipe
8251,JOCKVALE RD @ CAMBRIAN RD/GOLFLINKS DR W,365383.4413,5013224.542,1/5/16,8:45,01 - Clear,05 - Packed snow,11 - Roundabout,02 - Intersection related,01 - Daylight,03 - P.D. only,04 - Sideswipe
8252,JOCKVALE RD @ CAMBRIAN RD/GOLFLINKS DR W,365383.3627,5013222.745,4/4/16,17:08,01 - Clear,01 - Dry,11 - Roundabout,03 - At intersection,01 - Daylight,03 - P.D. only,03 - Rear end
8253,JOCKVALE RD @ CAMBRIAN RD/GOLFLINKS DR W,365382.9163,5013222.74,6/11/16,7:56,02 - Rain,02 - Wet,11 - Roundabout,02 - Intersection related,01 - Daylight,03 - P.D. only,07 - SMV other
8254,JOCKVALE RD @ CAMBRIAN RD/GOLFLINKS DR W,365382.6908,5013223.002,10/20/16,20:32,02 - Rain,02 - Wet,11 - Roundabout,02 - Intersection related,07 - Dark,03 - P.D. only,03 - Rear end
8255,JOCKVALE RD @ CAMBRIAN RD/GOLFLINKS DR W,365382.4713,5013224.075,10/8/16,14:26,02 - Rain,02 - Wet,11 - Roundabout,02 - Intersection related,01 - Daylight,03 - P.D. only,07 - SMV other
8256,JOCKVALE RD @ CAMBRIAN RD/GOLFLINKS DR W,365381.4852,5013223.249,10/6/16,21:11,01 - Clear,01 - Dry,11 - Roundabout,03 - At intersection,07 - Dark,03 - P.D. only,02 - Angle
8257,JOCKVALE RD @ CAMBRIAN RD/GOLFLINKS DR W,365381.9946,5013223.249,12/4/16,14:13,01 - Clear,01 - Dry,11 - Roundabout,03 - At intersection,01 - Daylight,03 - P.D. only,04 - Sideswipe
8258,JOCKVALE RD @ EXETER DR/TARTAN DR,363325.3358,5014773.002,10/28/16,16:17,01 - Clear,02 - Wet,11 - Roundabout,02 - Intersection related,01 - Daylight,03 - P.D. only,03 - Rear end
8259,JOCKVALE RD @ FABLE ST/WEYBRIDGE DR E,362513.4789,5015143.698,3/24/16,8:59,03 - Snow,03 - Loose snow,11 - Roundabout,02 - Intersection related,01 - Daylight,03 - P.D. only,03 - Rear end
8260,JOCKVALE RD @ FABLE ST/WEYBRIDGE DR E,362513.5985,5015143.202,4/25/16,16:06,01 - Clear,01 - Dry,11 - Roundabout,02 - Intersection related,01 - Daylight,03 - P.D. only,03 - Rear end
8261,JOCKVALE RD @ FABLE ST/WEYBRIDGE DR E,362511.8518,5015142.19,11/24/16,13:49,03 - Snow,04 - Slush,11 - Roundabout,03 - At intersection,01 - Daylight,03 - P.D. only,02 - Angle
8262,JOCKVALE RD @ LAMING ST/WEYBRIDGE DR W,361914.3314,5015397.284,3/11/16,13:30,01 - Clear,01 - Dry,02 - Stop sign,03 - At intersection,01 - Daylight,02 - Non-fatal injury,07 - SMV other
8263,JOCKVALE RD @ LAMING ST/WEYBRIDGE DR W,361915.9795,5015396.558,3/19/16,9:01,01 - Clear,01 - Dry,02 - Stop sign,03 - At intersection,01 - Daylight,03 - P.D. only,05 - Turning movement
8264,JOCKVALE RD @ LONGFIELDS DR,364829.2929,5014001.028,2/24/16,7:56,03 - Snow,03 - Loose snow,02 - Stop sign,03 - At intersection,01 - Daylight,03 - P.D. only,02 - Angle
8265,JOCKVALE RD @ LONGFIELDS DR,364829.2929,5014001.028,8/25/16,12:54,01 - Clear,01 - Dry,02 - Stop sign,03 - At intersection,01 - Daylight,03 - P.D. only,02 - Angle
8266,JOCKVALE RD @ LONGFIELDS DR,364829.2929,5014001.028,11/9/16,19:06,01 - Clear,01 - Dry,02 - Stop sign,03 - At intersection,07 - Dark,03 - P.D. only,02 - Angle
8267,JOCKVALE RD @ STRANDHERD DR,363560.7,5014578.057,9/7/16,10:22,01 - Clear,01 - Dry,01 - Traffic signal,03 - At intersection,01 - Daylight,02 - Non-fatal injury,05 - Turning movement
8268,JOCKVALE RD @ STRANDHERD DR,363558.9796,5014578.212,1/13/16,13:50,01 - Clear,02 - Wet,01 - Traffic signal,02 - Intersection related,01 - Daylight,02 - Non-fatal injury,03 - Rear end
8269,JOCKVALE RD @ STRANDHERD DR,363560.261,5014578.496,8/17/16,11:32,01 - Clear,01 - Dry,01 - Traffic signal,03 - At intersection,01 - Daylight,02 - Non-fatal injury,05 - Turning movement
8270,JOCKVALE RD @ STRANDHERD DR,363559.911,5014577.962,7/14/16,0:05,01 - Clear,01 - Dry,01 - Traffic signal,02 - Intersection related,07 - Dark,02 - Non-fatal injury,03 - Rear end
8271,JOCKVALE RD @ STRANDHERD DR,363561.3087,5014576.595,10/20/16,18:50,02 - Rain,02 - Wet,01 - Traffic signal,03 - At intersection,07 - Dark,02 - Non-fatal injury,07 - SMV other
8272,JOCKVALE RD @ STRANDHERD DR,363559.8063,5014577.388,5/14/16,15:03,02 - Rain,02 - Wet,01 - Traffic signal,03 - At intersection,01 - Daylight,03 - P.D. only,05 - Turning movement
8273,JOCKVALE RD @ STRANDHERD DR,363560.4805,5014575.767,8/31/16,16:41,01 - Clear,01 - Dry,01 - Traffic signal,02 - Intersection related,01 - Daylight,03 - P.D. only,03 - Rear end
8274,JOCKVALE RD @ STRANDHERD DR,363561.8582,5014578.526,1/12/16,12:22,03 - Snow,03 - Loose snow,01 - Traffic signal,02 - Intersection related,01 - Daylight,03 - P.D. only,03 - Rear end
8275,JOCKVALE RD @ STRANDHERD DR,363561.6169,5014577.383,8/5/16,8:40,01 - Clear,01 - Dry,01 - Traffic signal,02 - Intersection related,01 - Daylight,03 - P.D. only,03 - Rear end
8276,JOCKVALE RD @ STRANDHERD DR,363560.261,5014576.74,8/5/16,8:39,01 - Clear,01 - Dry,01 - Traffic signal,02 - Intersection related,01 - Daylight,03 - P.D. only,03 - Rear end
8277,JOCKVALE RD @ STRANDHERD DR,363559.562,5014576.689,7/20/16,7:46,01 - Clear,01 - Dry,01 - Traffic signal,02 - Intersection related,01 - Daylight,03 - P.D. only,04 - Sideswipe
8278,JOCKVALE RD @ STRANDHERD DR,363561.016,5014579.176,10/6/16,15:52,01 - Clear,01 - Dry,01 - Traffic signal,02 - Intersection related,01 - Daylight,03 - P.D. only,03 - Rear end
8279,JOCKVALE RD @ STRANDHERD DR,363560.9539,5014578.074,10/6/16,20:15,01 - Clear,01 - Dry,01 - Traffic signal,03 - At intersection,07 - Dark,03 - P.D. only,05 - Turning movement
8280,JOCKVALE RD @ STRANDHERD DR,363560.4805,5014579.079,12/14/16,14:47,01 - Clear,01 - Dry,01 - Traffic signal,02 - Intersection related,01 - Daylight,03 - P.D. only,03 - Rear end
8281,JOCKVALE RD @ STRANDHERD DR,363560.4819,5014578.562,12/14/16,18:55,01 - Clear,01 - Dry,01 - Traffic signal,02 - Intersection related,07 - Dark,03 - P.D. only,03 - Rear end
8282,JOCKVALE RD @ STRANDHERD DR,363560.4805,5014577.423,11/9/16,16:45,01 - Clear,01 - Dry,01 - Traffic signal,02 - Intersection related,05 - Dusk,03 - P.D. only,03 - Rear end
8283,JOCKVALE RD @ STRANDHERD DR,363560.2545,5014577.614,11/25/16,7:30,"07 - Fog, mist, smoke, dust",02 - Wet,01 - Traffic signal,03 - At intersection,01 - Daylight,03 - P.D. only,05 - Turning movement
8284,JOCKVALE RD @ STRANDHERD DR,363560.0071,5014578.074,12/9/16,18:41,03 - Snow,06 - Ice,01 - Traffic signal,02 - Intersection related,07 - Dark,03 - P.D. only,03 - Rear end
8285,JOCKVALE RD @ STRANDHERD DR,363561.3087,5014579.908,12/10/16,12:43,01 - Clear,01 - Dry,01 - Traffic signal,02 - Intersection related,01 - Daylight,03 - P.D. only,03 - Rear end
8286,JOCKVALE RD btwn BLACKLEAF DR & GOLFLINKS DR,365977.6574,5012632.34,2/13/16,6:34,06 - Strong wind,05 - Packed snow,10 - No control,01 - Non intersection,03 - Dawn,02 - Non-fatal injury,07 - SMV other
8287,JOCKVALE RD btwn BLACKLEAF DR & GOLFLINKS DR,365664.7984,5012788.071,2/12/16,22:01,03 - Snow,03 - Loose snow,10 - No control,01 - Non intersection,07 - Dark,03 - P.D. only,07 - SMV other
8288,JOCKVALE RD btwn BREN-MAUR RD & RIVERSTONE DR,364933.9002,5013860.319,8/22/16,8:46,01 - Clear,01 - Dry,10 - No control,01 - Non intersection,01 - Daylight,03 - P.D. only,04 - Sideswipe
8289,JOCKVALE RD btwn CEDARVIEW RD & JENNIFER LANE,361490.6793,5015259.422,6/3/16,18:01,01 - Clear,01 - Dry,10 - No control,01 - Non intersection,01 - Daylight,03 - P.D. only,03 - Rear end
8290,JOCKVALE RD btwn GOLFLINKS DR & PRINCE OF WALES DR,366635.5997,5012207.61,2/15/16,16:25,03 - Snow,04 - Slush,10 - No control,01 - Non intersection,01 - Daylight,03 - P.D. only,07 - SMV other
8291,JOCKVALE RD btwn GREENBANK RD & BREN-MAUR RD,364169.7209,5014304.74,10/14/16,20:20,01 - Clear,01 - Dry,10 - No control,01 - Non intersection,07 - Dark,03 - P.D. only,03 - Rear end
8292,JOCKVALE RD/RIDEAU VALLEY DR @ PRINCE OF WALES,366707.977,5012198.395,3/8/16,8:35,01 - Clear,01 - Dry,01 - Traffic signal,03 - At intersection,01 - Daylight,02 - Non-fatal injury,05 - Turning movement
8293,JOCKVALE RD/RIDEAU VALLEY DR @ PRINCE OF WALES,366706.8782,5012198.598,2/12/16,18:30,03 - Snow,03 - Loose snow,01 - Traffic signal,02 - Intersection related,07 - Dark,03 - P.D. only,03 - Rear end
8294,JOCKVALE RD/RIDEAU VALLEY DR @ PRINCE OF WALES,366714.8081,5012195.412,10/21/16,19:25,02 - Rain,02 - Wet,01 - Traffic signal,02 - Intersection related,07 - Dark,03 - P.D. only,03 - Rear end
8295,JOCKVALE RD/RIDEAU VALLEY DR @ PRINCE OF WALES,366707.8524,5012197.713,2/16/16,12:15,03 - Snow,03 - Loose snow,01 - Traffic signal,03 - At intersection,01 - Daylight,03 - P.D. only,99 - Other
8296,JOCKVALE RD/RIDEAU VALLEY DR @ PRINCE OF WALES,366708.9729,5012195.879,6/14/16,15:51,01 - Clear,01 - Dry,01 - Traffic signal,03 - At intersection,01 - Daylight,03 - P.D. only,05 - Turning movement
8297,JOHN ASELFORD DRWY btwn JOHN ASELFORD DRWY & MARCHURST RD,341733.0802,5027348.325,12/5/16,15:52,01 - Clear,05 - Packed snow,10 - No control,01 - Non intersection,01 - Daylight,03 - P.D. only,01 - Approaching
8298,JOHN QUINN RD btwn COOPER HILL RD & STONE SCHOOL RD,382489.6799,5013194.505,2/8/16,6:39,01 - Clear,01 - Dry,10 - No control,01 - Non intersection,03 - Dawn,02 - Non-fatal injury,07 - SMV other
8299,JOHN QUINN RD btwn IVESON DR & COOPER HILL RD,382132.1338,5014061.558,12/23/16,6:17,01 - Clear,01 - Dry,10 - No control,01 - Non intersection,07 - Dark,03 - P.D. only,07 - SMV other
8300,JOHN QUINN RD btwn MITCH OWENS RD & PARKWAY RD,380960.9032,5016828.537,1/12/16,17:35,03 - Snow,05 - Packed snow,10 - No control,01 - Non intersection,05 - Dusk,03 - P.D. only,07 - SMV other
8301,JOHN QUINN RD btwn MITCH OWENS RD & PARKWAY RD,380983.7883,5016779.101,2/26/16,20:58,03 - Snow,06 - Ice,10 - No control,01 - Non intersection,07 - Dark,03 - P.D. only,07 - SMV other
8302,JOHN QUINN RD btwn PARKWAY RD & IVESON DR,381704.7022,5015114.289,4/9/16,14:10,01 - Clear,01 - Dry,10 - No control,01 - Non intersection,01 - Daylight,02 - Non-fatal injury,07 - SMV other
8303,JOHN QUINN RD btwn PARKWAY RD & IVESON DR,381579.6853,5015379.837,2/26/16,14:09,01 - Clear,06 - Ice,10 - No control,01 - Non intersection,01 - Daylight,03 - P.D. only,07 - SMV other
8304,JOHN QUINN RD btwn STONE SCHOOL RD & BANK ST,383033.3289,5011846.984,12/28/16,18:43,01 - Clear,01 - Dry,10 - No control,01 - Non intersection,07 - Dark,03 - P.D. only,07 - SMV other
8305,JOHN SUTHERLAND DR @ RICHMOND RD,358786.1898,5022148.27,10/25/16,14:45,01 - Clear,01 - Dry,01 - Traffic signal,02 - Intersection related,01 - Daylight,03 - P.D. only,03 - Rear end
8306,JOHN SUTHERLAND DR @ RICHMOND RD,358786.8869,5022150.716,2/29/16,20:13,05 - Drifting Snow,02 - Wet,01 - Traffic signal,03 - At intersection,07 - Dark,03 - P.D. only,05 - Turning movement
8307,JOHN SUTHERLAND DR @ RICHMOND RD,358786.8889,5022150.718,3/14/16,18:18,02 - Rain,02 - Wet,01 - Traffic signal,02 - Intersection related,05 - Dusk,03 - P.D. only,03 - Rear end
8308,JOHN SUTHERLAND DR btwn RICHMOND RD & TO BE DETERMINED,358982.1833,5022111.178,2/1/16,19:28,01 - Clear,02 - Wet,10 - No control,04 - At/near private drive,07 - Dark,03 - P.D. only,04 - Sideswipe
8309,JOHNSTON RD @ MACOUN CIRC,372130.42,5025598.581,11/22/16,0:26,03 - Snow,03 - Loose snow,02 - Stop sign,02 - Intersection related,07 - Dark,03 - P.D. only,07 - SMV other
8310,JOHNSTON RD @ SOUTHGATE RD,371021.6406,5024941.288,4/23/16,15:03,01 - Clear,01 - Dry,02 - Stop sign,03 - At intersection,01 - Daylight,02 - Non-fatal injury,02 - Angle
8311,JOHNSTON RD @ TAPIOLA CRES E,372256.816,5025672.777,2/3/16,17:11,01 - Clear,02 - Wet,02 - Stop sign,02 - Intersection related,07 - Dark,03 - P.D. only,03 - Rear end
8312,JOHNSTON RD btwn BANK ST & BANK PL,370861.0487,5024845.437,6/29/16,16:11,01 - Clear,01 - Dry,10 - No control,04 - At/near private drive,01 - Daylight,03 - P.D. only,02 - Angle
8313,JOHNSTON RD btwn BANK ST & BANK PL,370865.5941,5024848.619,7/8/16,16:23,01 - Clear,01 - Dry,10 - No control,01 - Non intersection,01 - Daylight,03 - P.D. only,03 - Rear end
8314,JOHNSTON RD btwn CELLINI CRT & BLOHM DR,374523.7468,5026512.691,4/4/16,23:12,01 - Clear,01 - Dry,10 - No control,01 - Non intersection,07 - Dark,03 - P.D. only,07 - SMV other
8315,JOHNSTON RD btwn GRANDPARK CIRC & BASLAW DR,373673.4117,5026439.723,11/21/16,21:25,03 - Snow,03 - Loose snow,10 - No control,01 - Non intersection,07 - Dark,02 - Non-fatal injury,03 - Rear end
8316,JOHNSTON RD btwn GRANDPARK CIRC & BASLAW DR,373644.3658,5026424.429,12/26/16,13:19,04 - Freezing Rain,06 - Ice,10 - No control,01 - Non intersection,01 - Daylight,03 - P.D. only,03 - Rear end
8317,JOHNSTON RD btwn KIWANIS CRT & PENNARD WAY,372425.8408,5025779.582,1/22/16,23:23,01 - Clear,01 - Dry,10 - No control,01 - Non intersection,07 - Dark,03 - P.D. only,07 - SMV other
8318,JOHNSTON RD btwn SOUTHGATE RD & ALBION RD S,371196.4945,5025045.587,2/29/16,8:50,01 - Clear,04 - Slush,10 - No control,04 - At/near private drive,01 - Daylight,02 - Non-fatal injury,03 - Rear end
8319,JOHNSTON RD btwn SOUTHGATE RD & ALBION RD S,371196.3387,5025047.509,5/3/16,10:38,01 - Clear,01 - Dry,10 - No control,04 - At/near private drive,01 - Daylight,03 - P.D. only,99 - Other
8320,JOLIFFE ST btwn TAWNEY RD & TUPPER AVE,374116.9662,5028559.349,12/23/16,18:36,01 - Clear,05 - Packed snow,10 - No control,01 - Non intersection,07 - Dark,03 - P.D. only,06 - SMV unattended vehicle
8321,JOSEPH CYR ST @ LEMIEUX ST,372494.4466,5031752.452,5/1/16,18:28,01 - Clear,01 - Dry,02 - Stop sign,03 - At intersection,01 - Daylight,02 - Non-fatal injury,07 - SMV other
8322,JOSEPH CYR ST @ LEMIEUX ST,372494.722,5031752.502,11/4/16,17:01,01 - Clear,01 - Dry,02 - Stop sign,03 - At intersection,05 - Dusk,03 - P.D. only,02 - Angle
8323,JOSEPH CYR ST @ LEMIEUX ST,372494.3706,5031752.175,12/10/16,12:49,01 - Clear,01 - Dry,02 - Stop sign,02 - Intersection related,01 - Daylight,03 - P.D. only,99 - Other
8324,JOSEPH DROUIN AVE btwn PARC DU VILLAGE ST & END,380908.3966,5037574.795,5/2/16,16:50,01 - Clear,01 - Dry,10 - No control,01 - Non intersection,01 - Daylight,03 - P.D. only,06 - SMV unattended vehicle
8325,JOSHUA ST @ RENAUD RD,381156.3734,5032327.872,5/28/16,11:25,01 - Clear,01 - Dry,02 - Stop sign,02 - Intersection related,01 - Daylight,03 - P.D. only,02 - Angle
8326,JOSHUA ST @ RENAUD RD,381157.0732,5032327.473,11/26/16,3:00,02 - Rain,02 - Wet,02 - Stop sign,02 - Intersection related,07 - Dark,03 - P.D. only,03 - Rear end