Record,Location,X,Y,Date,Time,Environment,Road_Surface,Traffic_Control,Collision_Location,Light,Collision_Classification,Impact_type
8327,JOSHUA ST btwn LUCINDA CRES & LUCINDA CRES,381350.4752,5032223.887,2/8/16,7:00,01 - Clear,01 - Dry,10 - No control,04 - At/near private drive,03 - Dawn,03 - P.D. only,06 - SMV unattended vehicle
8328,JULIAN AVE btwn WELLINGTON ST W & END,364699.8369,5029059.829,8/31/16,0:00,01 - Clear,01 - Dry,10 - No control,01 - Non intersection,00 - Unknown,03 - P.D. only,06 - SMV unattended vehicle
8329,JUSTIN AVE btwn DUNLOE AVE & HEMLOCK RD,370515.566,5034769.785,3/11/16,7:41,01 - Clear,02 - Wet,10 - No control,01 - Non intersection,01 - Daylight,03 - P.D. only,03 - Rear end
8330,KAKULU RD @ CASTLEFRANK RD,352179.0191,5018498.705,1/8/16,17:18,01 - Clear,01 - Dry,01 - Traffic signal,02 - Intersection related,05 - Dusk,03 - P.D. only,03 - Rear end
8331,KAKULU RD @ CASTLEFRANK RD,352180.5156,5018499.572,4/5/16,17:23,01 - Clear,01 - Dry,01 - Traffic signal,02 - Intersection related,01 - Daylight,03 - P.D. only,03 - Rear end
8332,KAKULU RD @ CASTLEFRANK RD,352181.2312,5018499.31,12/29/16,23:19,01 - Clear,06 - Ice,01 - Traffic signal,02 - Intersection related,07 - Dark,03 - P.D. only,04 - Sideswipe
8333,KAKULU RD @ PICKFORD DR E,353239.9622,5019049.127,1/20/16,7:50,01 - Clear,02 - Wet,02 - Stop sign,03 - At intersection,03 - Dawn,03 - P.D. only,02 - Angle
8334,KAKULU RD btwn CASTLEFRANK RD & DRAINIE DR,352225.1235,5018504.279,7/14/16,12:45,02 - Rain,02 - Wet,10 - No control,01 - Non intersection,01 - Daylight,03 - P.D. only,03 - Rear end
8335,KALADAR AVE btwn GREGG ST & BROOKFIELD RD,369704.4938,5026651.065,1/26/16,19:28,01 - Clear,02 - Wet,10 - No control,01 - Non intersection,07 - Dark,03 - P.D. only,06 - SMV unattended vehicle
8336,KALADAR AVE btwn GREGG ST & BROOKFIELD RD,369733.6207,5026409.871,9/22/16,11:55,01 - Clear,01 - Dry,10 - No control,01 - Non intersection,01 - Daylight,03 - P.D. only,99 - Other
8337,KALADAR AVE btwn HERON RD & GREGG ST,369688.9825,5026774.545,1/5/16,12:26,01 - Clear,02 - Wet,10 - No control,04 - At/near private drive,01 - Daylight,02 - Non-fatal injury,03 - Rear end
8338,KANATA AVE @ EARL GREY DR,350950.926,5019284.242,8/12/16,16:08,01 - Clear,01 - Dry,01 - Traffic signal,02 - Intersection related,01 - Daylight,03 - P.D. only,03 - Rear end
8339,KANATA AVE @ EARL GREY DR,350950.6357,5019285.7,3/22/16,18:45,02 - Rain,02 - Wet,01 - Traffic signal,02 - Intersection related,05 - Dusk,03 - P.D. only,03 - Rear end
8340,KANATA AVE @ EARL GREY DR,350953.4105,5019284.242,12/17/16,11:46,03 - Snow,06 - Ice,01 - Traffic signal,02 - Intersection related,01 - Daylight,03 - P.D. only,03 - Rear end
8341,KANATA AVE @ EARL GREY DR,350951.5347,5019284.436,11/25/16,16:40,02 - Rain,02 - Wet,01 - Traffic signal,03 - At intersection,05 - Dusk,03 - P.D. only,05 - Turning movement
8342,KANATA AVE @ GOLDRIDGE DR/EVANSHEN PL,350287.2512,5019729.044,2/5/16,8:00,01 - Clear,01 - Dry,02 - Stop sign,02 - Intersection related,01 - Daylight,03 - P.D. only,03 - Rear end
8343,KANATA AVE @ HWY 417 CASTLEFR IC139R15,351714.8223,5019145.744,11/25/16,10:40,01 - Clear,04 - Slush,01 - Traffic signal,02 - Intersection related,01 - Daylight,03 - P.D. only,02 - Angle
8344,KANATA AVE @ TERRY FOX DR,349305.6428,5019211.585,2/22/16,13:49,01 - Clear,01 - Dry,01 - Traffic signal,03 - At intersection,01 - Daylight,02 - Non-fatal injury,05 - Turning movement
8345,KANATA AVE @ TERRY FOX DR,349306.087,5019211.365,10/15/16,14:00,01 - Clear,01 - Dry,01 - Traffic signal,02 - Intersection related,01 - Daylight,02 - Non-fatal injury,02 - Angle
8346,KANATA AVE @ TERRY FOX DR,349314.838,5019207.735,9/11/16,16:35,01 - Clear,01 - Dry,01 - Traffic signal,03 - At intersection,01 - Daylight,02 - Non-fatal injury,05 - Turning movement
8347,KANATA AVE @ TERRY FOX DR,349307.5238,5019211.999,9/16/16,8:36,01 - Clear,01 - Dry,01 - Traffic signal,02 - Intersection related,01 - Daylight,03 - P.D. only,03 - Rear end
8348,KANATA AVE @ TERRY FOX DR,349306.6592,5019211.306,1/17/16,11:21,01 - Clear,02 - Wet,01 - Traffic signal,02 - Intersection related,01 - Daylight,03 - P.D. only,04 - Sideswipe
8349,KANATA AVE @ TERRY FOX DR,349305.648,5019211.804,6/29/16,15:52,02 - Rain,02 - Wet,01 - Traffic signal,02 - Intersection related,01 - Daylight,03 - P.D. only,03 - Rear end
8350,KANATA AVE @ TERRY FOX DR,349305.2089,5019210.926,11/30/16,18:06,02 - Rain,02 - Wet,01 - Traffic signal,03 - At intersection,07 - Dark,03 - P.D. only,05 - Turning movement
8351,KANATA AVE @ TERRY FOX DR,349305.8675,5019211.999,12/12/16,14:16,03 - Snow,03 - Loose snow,01 - Traffic signal,02 - Intersection related,01 - Daylight,03 - P.D. only,07 - SMV other
8352,KANATA AVE @ TERRY FOX DR,349306.6957,5019213.655,10/27/16,16:44,03 - Snow,02 - Wet,01 - Traffic signal,02 - Intersection related,05 - Dusk,03 - P.D. only,07 - SMV other
8353,KANATA AVE btwn CAMPEAU DR & EARL GREY DR,350929.7173,5019282.401,12/5/16,12:45,03 - Snow,03 - Loose snow,10 - No control,01 - Non intersection,01 - Daylight,03 - P.D. only,03 - Rear end
8354,KANATA AVE btwn HWY417 IC139 RAMP15 & AIRD PL,351751.8721,5019117.288,9/2/16,11:17,01 - Clear,01 - Dry,10 - No control,01 - Non intersection,01 - Daylight,03 - P.D. only,03 - Rear end
8355,KANATA AVE btwn MARITIME WAY & HWY417 IC139 RAMP61,351609.1982,5019229.343,5/13/16,18:09,01 - Clear,01 - Dry,10 - No control,01 - Non intersection,01 - Daylight,02 - Non-fatal injury,03 - Rear end
8356,KANATA AVE/CASTLEFRANK RD @ AIRD PL,351811.3351,5019070.524,9/10/16,11:20,01 - Clear,01 - Dry,01 - Traffic signal,02 - Intersection related,01 - Daylight,03 - P.D. only,03 - Rear end
8357,KANATA AVE/CASTLEFRANK RD @ AIRD PL,351811.1951,5019070.112,1/21/16,13:09,01 - Clear,01 - Dry,01 - Traffic signal,03 - At intersection,01 - Daylight,03 - P.D. only,03 - Rear end
8358,KANATA AVE/CASTLEFRANK RD @ AIRD PL,351811.5196,5019069.992,4/5/16,16:19,01 - Clear,01 - Dry,01 - Traffic signal,02 - Intersection related,01 - Daylight,03 - P.D. only,03 - Rear end
8359,KANATA RD @ LORD BYNG WAY/MARITIME WAY,351430.5934,5019331.192,9/22/16,9:19,01 - Clear,01 - Dry,01 - Traffic signal,03 - At intersection,01 - Daylight,02 - Non-fatal injury,07 - SMV other
8360,KANATA RD @ LORD BYNG WAY/MARITIME WAY,351431.3252,5019333.249,12/14/16,18:33,01 - Clear,02 - Wet,01 - Traffic signal,02 - Intersection related,07 - Dark,02 - Non-fatal injury,03 - Rear end
8361,KANATA RD @ LORD BYNG WAY/MARITIME WAY,351429.4539,5019331.652,2/25/16,21:40,01 - Clear,06 - Ice,01 - Traffic signal,02 - Intersection related,07 - Dark,03 - P.D. only,03 - Rear end
8362,KANATA RD @ LORD BYNG WAY/MARITIME WAY,351429.3154,5019331.529,2/25/16,20:00,04 - Freezing Rain,06 - Ice,01 - Traffic signal,02 - Intersection related,07 - Dark,03 - P.D. only,04 - Sideswipe
8363,KANATA RD @ LORD BYNG WAY/MARITIME WAY,351428.8055,5019330.962,2/19/16,11:45,01 - Clear,01 - Dry,01 - Traffic signal,02 - Intersection related,01 - Daylight,03 - P.D. only,03 - Rear end
8364,KANATA RD @ LORD BYNG WAY/MARITIME WAY,351429.7191,5019331.772,9/13/16,13:52,01 - Clear,01 - Dry,01 - Traffic signal,02 - Intersection related,01 - Daylight,03 - P.D. only,07 - SMV other
8365,KANATA RD @ LORD BYNG WAY/MARITIME WAY,351429.8919,5019331.894,10/2/16,13:52,02 - Rain,02 - Wet,01 - Traffic signal,03 - At intersection,01 - Daylight,03 - P.D. only,02 - Angle
8366,KARSH DR @ FARDON WAY/TOPLEY CRES E,374093.6409,5026247.865,7/27/16,11:12,01 - Clear,01 - Dry,02 - Stop sign,03 - At intersection,01 - Daylight,03 - P.D. only,05 - Turning movement
8367,KARSH DR btwn LORRY GREENBERG DR & WALLACK PRIV,373683.8501,5025963.467,9/3/16,0:00,01 - Clear,01 - Dry,10 - No control,01 - Non intersection,00 - Unknown,03 - P.D. only,06 - SMV unattended vehicle
8368,KATIMAVIK RD @ AIRD PL/CHIMO DR W,352170.1018,5019158.16,5/30/16,16:59,01 - Clear,01 - Dry,01 - Traffic signal,02 - Intersection related,01 - Daylight,03 - P.D. only,03 - Rear end
8369,KATIMAVIK RD @ CHIMO DR E/HEARST WAY,352959.6219,5019608.401,10/8/16,19:34,01 - Clear,01 - Dry,01 - Traffic signal,02 - Intersection related,07 - Dark,02 - Non-fatal injury,03 - Rear end
8370,KATIMAVIK RD @ CHIMO DR E/HEARST WAY,352960.2878,5019610.249,2/25/16,7:59,02 - Rain,02 - Wet,01 - Traffic signal,02 - Intersection related,01 - Daylight,03 - P.D. only,03 - Rear end
8371,KATIMAVIK RD @ CHIMO DR E/HEARST WAY,352958.7937,5019612.541,11/8/16,8:51,01 - Clear,01 - Dry,01 - Traffic signal,02 - Intersection related,01 - Daylight,03 - P.D. only,07 - SMV other
8372,KATIMAVIK RD @ CHIMO DR E/HEARST WAY,352961.2782,5019609.229,12/13/16,14:30,01 - Clear,02 - Wet,01 - Traffic signal,02 - Intersection related,01 - Daylight,03 - P.D. only,03 - Rear end
8373,KATIMAVIK RD @ CURRAN ST/DAVIS AVE,351460.9483,5018494.675,1/22/16,20:39,01 - Clear,01 - Dry,02 - Stop sign,02 - Intersection related,07 - Dark,03 - P.D. only,03 - Rear end
8374,KATIMAVIK RD @ WHITNEY DR,352356.0154,5019381.264,8/19/16,6:28,01 - Clear,01 - Dry,01 - Traffic signal,02 - Intersection related,01 - Daylight,03 - P.D. only,03 - Rear end
8375,KATIMAVIK RD btwn DAVIS AVE & MCGIBBON DR,351606.5044,5018631.183,9/6/16,16:53,01 - Clear,01 - Dry,10 - No control,01 - Non intersection,01 - Daylight,03 - P.D. only,99 - Other
8376,KATIMAVIK RD btwn MCGIBBON DR & CASTLEFRANK RD,351913.1858,5018909.147,9/8/16,12:52,01 - Clear,02 - Wet,10 - No control,01 - Non intersection,01 - Daylight,03 - P.D. only,03 - Rear end
8377,KATIMAVIK RD btwn PALLADIUM DR & DAVIS AVE,351301.188,5018226.91,11/6/16,12:53,01 - Clear,01 - Dry,10 - No control,01 - Non intersection,01 - Daylight,02 - Non-fatal injury,03 - Rear end
8378,KAYMAR DR btwn DELONG DR & QUINCY AVE,374136.2975,5036213.193,7/14/16,12:52,02 - Rain,02 - Wet,10 - No control,01 - Non intersection,01 - Daylight,03 - P.D. only,07 - SMV other
8379,KEITH CRES btwn JODI CRT & AMELIA PL,381436.2206,5032115.127,2/7/16,22:42,01 - Clear,01 - Dry,10 - No control,04 - At/near private drive,07 - Dark,03 - P.D. only,06 - SMV unattended vehicle
8380,KELLY AVE @ PINECREST RD,360276.0262,5023953.926,10/10/16,19:29,01 - Clear,01 - Dry,02 - Stop sign,02 - Intersection related,07 - Dark,03 - P.D. only,03 - Rear end
8381,KELLY FARM DR btwn Continuation of KELLY FARM DR & CRESTON VALLEY WAY,374756.3351,5020204.152,11/23/16,20:37,01 - Clear,01 - Dry,10 - No control,01 - Non intersection,07 - Dark,03 - P.D. only,06 - SMV unattended vehicle
8382,KELLY FARM DR btwn CRESTON VALLEY WAY & BRADWELL WAY,374981.991,5020202.063,12/13/16,15:07,03 - Snow,03 - Loose snow,10 - No control,04 - At/near private drive,01 - Daylight,03 - P.D. only,06 - SMV unattended vehicle
8383,KEMPSTER AVE btwn WALTER ST & CARLING AVE,359201.3674,5024140.818,3/29/16,23:59,01 - Clear,01 - Dry,10 - No control,01 - Non intersection,07 - Dark,03 - P.D. only,04 - Sideswipe
8384,KENNEVALE DR btwn BOURNE ST & CONSTABLE ST,362442.4807,5014748.059,3/19/16,21:30,01 - Clear,01 - Dry,10 - No control,01 - Non intersection,07 - Dark,03 - P.D. only,06 - SMV unattended vehicle
8385,KENNEVALE DR btwn PICKWICK DR & WHEELER ST,362339.3948,5014529.526,7/23/16,12:15,01 - Clear,01 - Dry,10 - No control,04 - At/near private drive,01 - Daylight,03 - P.D. only,02 - Angle
8386,KENSINGTON AVE btwn BYRON AVE & WESLEY AVE,364120.0268,5028489.879,7/7/16,14:00,01 - Clear,01 - Dry,10 - No control,04 - At/near private drive,01 - Daylight,03 - P.D. only,06 - SMV unattended vehicle
8387,KENSINGTON AVE btwn BYRON AVE & WESLEY AVE,364104.8284,5028521.546,11/4/16,8:34,01 - Clear,01 - Dry,10 - No control,01 - Non intersection,01 - Daylight,03 - P.D. only,06 - SMV unattended vehicle
8388,KENT ST @ FLORENCE ST,367703.0057,5030527.501,4/19/16,9:06,01 - Clear,01 - Dry,02 - Stop sign,02 - Intersection related,01 - Daylight,03 - P.D. only,04 - Sideswipe
8389,KENT ST @ LAURIER AVE,367316.699,5031164.818,5/26/16,9:11,01 - Clear,01 - Dry,01 - Traffic signal,03 - At intersection,01 - Daylight,02 - Non-fatal injury,03 - Rear end
8390,KENT ST @ LAURIER AVE,367316.0226,5031163.461,5/31/16,7:20,01 - Clear,01 - Dry,01 - Traffic signal,03 - At intersection,01 - Daylight,02 - Non-fatal injury,05 - Turning movement
8391,KENT ST @ LAURIER AVE,367316.9185,5031165.686,11/14/16,21:43,01 - Clear,01 - Dry,01 - Traffic signal,03 - At intersection,07 - Dark,02 - Non-fatal injury,05 - Turning movement
8392,KENT ST @ LAURIER AVE,367316.4717,5031165.043,8/8/16,13:22,01 - Clear,01 - Dry,01 - Traffic signal,02 - Intersection related,01 - Daylight,03 - P.D. only,04 - Sideswipe
8393,KENT ST @ LAURIER AVE,367316.4717,5031165.498,7/16/16,1:30,01 - Clear,02 - Wet,01 - Traffic signal,02 - Intersection related,07 - Dark,03 - P.D. only,04 - Sideswipe
8394,KENT ST @ LISGAR ST,367437.9213,5030963.35,3/27/16,0:05,01 - Clear,01 - Dry,02 - Stop sign,02 - Intersection related,07 - Dark,03 - P.D. only,05 - Turning movement
8395,KENT ST @ NEPEAN ST,367398.4842,5031029.356,6/5/16,10:05,02 - Rain,02 - Wet,01 - Traffic signal,03 - At intersection,01 - Daylight,03 - P.D. only,02 - Angle
8396,KENT ST @ QUEEN ST,367179.4689,5031387.256,5/12/16,14:25,01 - Clear,01 - Dry,01 - Traffic signal,03 - At intersection,01 - Daylight,03 - P.D. only,05 - Turning movement
8397,KENT ST @ SLATER ST,367261.0415,5031252.809,3/12/16,21:45,01 - Clear,01 - Dry,01 - Traffic signal,02 - Intersection related,07 - Dark,02 - Non-fatal injury,04 - Sideswipe
8398,KENT ST @ SLATER ST,367261.0332,5031253.037,4/28/16,14:03,01 - Clear,01 - Dry,01 - Traffic signal,02 - Intersection related,01 - Daylight,02 - Non-fatal injury,03 - Rear end
8399,KENT ST @ SLATER ST,367263.0407,5031253.254,6/10/16,11:01,01 - Clear,01 - Dry,01 - Traffic signal,03 - At intersection,01 - Daylight,02 - Non-fatal injury,07 - SMV other
8400,KENT ST @ SLATER ST,367262.5356,5031253.001,10/14/16,8:31,01 - Clear,01 - Dry,01 - Traffic signal,03 - At intersection,01 - Daylight,02 - Non-fatal injury,07 - SMV other
8401,KENT ST @ SLATER ST,367264.1919,5031252.173,12/13/16,8:10,01 - Clear,01 - Dry,01 - Traffic signal,03 - At intersection,01 - Daylight,02 - Non-fatal injury,07 - SMV other
8402,KENT ST @ SLATER ST,367260.0511,5031252.173,8/23/16,8:06,01 - Clear,01 - Dry,01 - Traffic signal,02 - Intersection related,01 - Daylight,03 - P.D. only,03 - Rear end
8403,KENT ST @ SLATER ST,367260.8792,5031252.173,7/9/16,22:04,01 - Clear,01 - Dry,01 - Traffic signal,02 - Intersection related,07 - Dark,03 - P.D. only,03 - Rear end
8404,KENT ST @ SLATER ST,367260.8792,5031252.173,12/15/16,6:38,01 - Clear,04 - Slush,01 - Traffic signal,02 - Intersection related,07 - Dark,03 - P.D. only,07 - SMV other
8405,KENT ST @ SOMERSET ST,367527.4517,5030817.441,1/9/16,15:55,02 - Rain,02 - Wet,01 - Traffic signal,03 - At intersection,01 - Daylight,02 - Non-fatal injury,07 - SMV other
8406,KENT ST @ SOMERSET ST,367528.2021,5030817.441,2/3/16,17:37,01 - Clear,02 - Wet,01 - Traffic signal,03 - At intersection,07 - Dark,02 - Non-fatal injury,07 - SMV other
8407,KENT ST @ SOMERSET ST,367527.8235,5030816.238,4/27/16,14:11,01 - Clear,01 - Dry,01 - Traffic signal,03 - At intersection,01 - Daylight,02 - Non-fatal injury,05 - Turning movement
8408,KENT ST @ SOMERSET ST,367526.9285,5030816.474,7/10/16,18:52,01 - Clear,01 - Dry,01 - Traffic signal,03 - At intersection,01 - Daylight,03 - P.D. only,02 - Angle
8409,KENT ST @ WELLINGTON ST,367097.4705,5031526.574,7/25/16,7:30,02 - Rain,02 - Wet,01 - Traffic signal,03 - At intersection,01 - Daylight,02 - Non-fatal injury,05 - Turning movement
8410,KENT ST @ WELLINGTON ST,367097.016,5031526.574,7/26/16,16:57,01 - Clear,01 - Dry,01 - Traffic signal,02 - Intersection related,01 - Daylight,02 - Non-fatal injury,04 - Sideswipe
8411,KENT ST @ WELLINGTON ST,367096.6269,5031527.377,6/9/16,15:31,01 - Clear,01 - Dry,01 - Traffic signal,02 - Intersection related,01 - Daylight,03 - P.D. only,03 - Rear end
8412,KENT ST @ WELLINGTON ST,367097.016,5031526.574,7/2/16,11:08,01 - Clear,01 - Dry,01 - Traffic signal,02 - Intersection related,01 - Daylight,03 - P.D. only,04 - Sideswipe
8413,KENT ST btwn ALBERT ST & SLATER ST,367241.2903,5031286.177,10/6/16,9:34,01 - Clear,01 - Dry,10 - No control,01 - Non intersection,01 - Daylight,03 - P.D. only,04 - Sideswipe
8414,KENT ST btwn ALBERT ST & SLATER ST,367255.6195,5031262.734,5/11/16,14:17,01 - Clear,01 - Dry,10 - No control,01 - Non intersection,01 - Daylight,03 - P.D. only,04 - Sideswipe
8415,KENT ST btwn COOPER ST & SOMERSET ST W,367511.1139,5030842.568,9/17/16,14:37,01 - Clear,02 - Wet,10 - No control,04 - At/near private drive,01 - Daylight,03 - P.D. only,07 - SMV other
8416,KENT ST btwn COOPER ST & SOMERSET ST W,367490.112,5030876.767,4/16/16,8:42,01 - Clear,01 - Dry,10 - No control,04 - At/near private drive,01 - Daylight,03 - P.D. only,07 - SMV other
8417,KENT ST btwn GLADSTONE AVE & MCLEOD ST,367755.4616,5030441.349,1/30/16,13:30,01 - Clear,01 - Dry,10 - No control,01 - Non intersection,01 - Daylight,03 - P.D. only,04 - Sideswipe
8418,KENT ST btwn JAMES ST & FLORENCE ST,367683.2921,5030560.565,7/13/16,16:42,01 - Clear,01 - Dry,10 - No control,01 - Non intersection,01 - Daylight,02 - Non-fatal injury,03 - Rear end
8419,KENT ST btwn LAURIER AVE W & GLOUCESTER ST,367324.1524,5031152.58,12/16/16,19:34,01 - Clear,01 - Dry,10 - No control,01 - Non intersection,07 - Dark,03 - P.D. only,02 - Angle
8420,KENT ST btwn MACLAREN ST & GILMOUR ST,367577.8963,5030732.421,6/17/16,14:04,01 - Clear,01 - Dry,10 - No control,01 - Non intersection,01 - Daylight,03 - P.D. only,03 - Rear end
8421,KENT ST btwn MCLEOD ST & FLORA ST,367796.8685,5030374.11,2/18/16,6:55,01 - Clear,06 - Ice,10 - No control,01 - Non intersection,03 - Dawn,03 - P.D. only,07 - SMV other
8422,KENT ST btwn MCLEOD ST & FLORA ST,367790.0173,5030384.353,12/11/16,0:00,03 - Snow,03 - Loose snow,10 - No control,01 - Non intersection,00 - Unknown,03 - P.D. only,06 - SMV unattended vehicle
8423,KENT ST btwn QUEEN ST & ALBERT ST,367189.1346,5031370.115,5/24/16,19:50,01 - Clear,01 - Dry,10 - No control,01 - Non intersection,01 - Daylight,03 - P.D. only,04 - Sideswipe
8424,KENT ST btwn QUEEN ST & ALBERT ST,367187.649,5031374.762,7/14/16,9:42,02 - Rain,02 - Wet,10 - No control,01 - Non intersection,01 - Daylight,03 - P.D. only,99 - Other
8425,KENT ST btwn WELLINGTON ST & SPARKS ST,367123.225,5031483.732,3/2/16,16:38,01 - Clear,06 - Ice,10 - No control,01 - Non intersection,01 - Daylight,03 - P.D. only,07 - SMV other
8426,KENT ST btwn WELLINGTON ST & SPARKS ST,367127.8342,5031474.517,6/3/16,17:21,01 - Clear,01 - Dry,10 - No control,01 - Non intersection,01 - Daylight,03 - P.D. only,06 - SMV unattended vehicle
8427,KENT ST btwn WELLINGTON ST & SPARKS ST,367111.9678,5031503.961,11/24/16,18:30,01 - Clear,01 - Dry,10 - No control,04 - At/near private drive,07 - Dark,03 - P.D. only,05 - Turning movement
8428,KEPPLER CRES btwn LAMBERT DR & CANFIELD RD,360631.2019,5021387.295,12/5/16,18:00,01 - Clear,05 - Packed snow,10 - No control,04 - At/near private drive,07 - Dark,03 - P.D. only,06 - SMV unattended vehicle
8429,KERWIN RD btwn MOWBRAY ST & FIFTH LINE RD,346960.5433,5027787.745,1/20/16,7:02,01 - Clear,01 - Dry,10 - No control,01 - Non intersection,03 - Dawn,03 - P.D. only,07 - SMV other
8430,KEYROCK DR @ KATNICK WAY,349172.1158,5020424.878,11/21/16,13:24,05 - Drifting Snow,05 - Packed snow,10 - No control,02 - Intersection related,01 - Daylight,03 - P.D. only,07 - SMV other
8431,KEYROCK DR btwn AKENHEAD CRES & TORBEC AVE,349325.79,5020116.517,12/16/16,8:52,01 - Clear,01 - Dry,10 - No control,01 - Non intersection,01 - Daylight,03 - P.D. only,03 - Rear end
8432,KEYROCK DR btwn BRUNSKILL WAY & FLETCHER CIRC,349570.7397,5020246.399,12/12/16,6:03,03 - Snow,03 - Loose snow,10 - No control,01 - Non intersection,07 - Dark,02 - Non-fatal injury,07 - SMV other
8433,KEYROCK DR btwn LAUGHLIN CIRC & LAUGHLIN CIRC,349132.1207,5020373.925,3/13/16,13:23,01 - Clear,01 - Dry,10 - No control,01 - Non intersection,01 - Daylight,03 - P.D. only,06 - SMV unattended vehicle
8434,KEYWORTH AVE btwn PONTIAC ST & CLEARVIEW AVE,363729.8495,5029662.193,2/18/16,10:03,01 - Clear,05 - Packed snow,10 - No control,04 - At/near private drive,01 - Daylight,03 - P.D. only,06 - SMV unattended vehicle
8435,KILBIRNIE DR btwn BLACKLEAF DR & CAIRNSMORE CIRC,365377.1336,5012720.856,10/19/16,11:45,01 - Clear,01 - Dry,10 - No control,04 - At/near private drive,01 - Daylight,03 - P.D. only,99 - Other
8436,KILBIRNIE DR btwn CAIRNSMORE CIRC & DUNDONALD DR,365535.2291,5012371.459,5/26/16,13:26,01 - Clear,01 - Dry,10 - No control,04 - At/near private drive,01 - Daylight,03 - P.D. only,02 - Angle
8437,KILBIRNIE DR btwn GREENBANK RD & KILMARNOCK WAY,365289.1612,5011659.072,6/14/16,10:27,01 - Clear,01 - Dry,10 - No control,01 - Non intersection,01 - Daylight,03 - P.D. only,06 - SMV unattended vehicle
8438,KILBORN AVE btwn BANK ST & ROONEY'S LANE,369724.4023,5027517.878,1/13/16,15:58,01 - Clear,02 - Wet,10 - No control,01 - Non intersection,01 - Daylight,03 - P.D. only,99 - Other
8439,KILBORN AVE btwn BEAUMONT RD & DELMAR DR,371985.8182,5027931.352,6/1/16,18:58,01 - Clear,01 - Dry,10 - No control,04 - At/near private drive,01 - Daylight,03 - P.D. only,06 - SMV unattended vehicle
8440,KILBORN AVE btwn OLD LILAC LANE & CROCUS AVE,370254.9545,5027738.296,12/12/16,9:12,05 - Drifting Snow,03 - Loose snow,10 - No control,01 - Non intersection,01 - Daylight,03 - P.D. only,06 - SMV unattended vehicle
8441,KILBORN PL btwn KILBORN AVE & END,369722.4012,5027684.169,5/2/16,11:48,01 - Clear,01 - Dry,10 - No control,04 - At/near private drive,01 - Daylight,03 - P.D. only,02 - Angle
8442,KILSPINDIE RIDGE btwn FERGUSLEA LANE & LOCHHOUSE WALK,366436.7173,5012781.395,7/7/16,14:17,01 - Clear,01 - Dry,10 - No control,01 - Non intersection,01 - Daylight,03 - P.D. only,06 - SMV unattended vehicle
8443,KIMBERLEY RD btwn RICHMOND RD & VIRGIL RD,357761.2634,5020533.848,8/28/16,12:10,01 - Clear,01 - Dry,10 - No control,04 - At/near private drive,01 - Daylight,03 - P.D. only,02 - Angle
8444,KIMBERLEY RD btwn RICHMOND RD & VIRGIL RD,357685.3063,5020514.608,2/2/16,11:57,01 - Clear,01 - Dry,10 - No control,01 - Non intersection,01 - Daylight,03 - P.D. only,01 - Approaching
8445,KIMBERWICK CRES S @ RIVERSIDE DR,368147.0316,5022532.523,1/18/16,9:35,01 - Clear,03 - Loose snow,02 - Stop sign,02 - Intersection related,01 - Daylight,03 - P.D. only,03 - Rear end
8446,KINBURN SIDE RD @ STONECREST RD,334899.7956,5033078.272,2/5/16,8:33,01 - Clear,01 - Dry,02 - Stop sign,03 - At intersection,01 - Daylight,03 - P.D. only,02 - Angle
8447,KINBURN SIDE RD @ UPPER DWYER HILL RD,325038.4303,5024357.148,2/19/16,8:32,01 - Clear,01 - Dry,02 - Stop sign,03 - At intersection,01 - Daylight,02 - Non-fatal injury,02 - Angle
8448,KINBURN SIDE RD btwn BECKS RD & STONECREST RD,334497.5092,5032688.821,12/6/16,21:07,01 - Clear,01 - Dry,10 - No control,01 - Non intersection,07 - Dark,03 - P.D. only,07 - SMV other
8449,KINBURN SIDE RD btwn CARP RD & LIMESTONE RD,332842.241,5031272.398,1/24/16,14:25,01 - Clear,01 - Dry,10 - No control,01 - Non intersection,01 - Daylight,03 - P.D. only,07 - SMV other
8450,KINBURN SIDE RD btwn DOMINION SPRINGS RD & UPPER DWYER HILL RD,324890.0212,5024222.591,8/8/16,18:22,01 - Clear,01 - Dry,10 - No control,01 - Non intersection,01 - Daylight,03 - P.D. only,07 - SMV other
8451,KINBURN SIDE RD btwn DONALD B. MUNRO DR & MARY ST,328952.5781,5027826.762,11/6/16,17:25,01 - Clear,01 - Dry,10 - No control,04 - At/near private drive,07 - Dark,02 - Non-fatal injury,03 - Rear end
8452,KINBURN SIDE RD btwn FARMVIEW RD & MOHRS RD,328108.8603,5027068.19,2/24/16,6:53,03 - Snow,03 - Loose snow,10 - No control,01 - Non intersection,03 - Dawn,02 - Non-fatal injury,07 - SMV other
8453,KINBURN SIDE RD btwn TIMMINS RD & DOMINION SPRINGS RD,323024.1277,5022557.239,8/23/16,7:37,01 - Clear,01 - Dry,10 - No control,01 - Non intersection,01 - Daylight,03 - P.D. only,07 - SMV other