Record,Location,X,Y,Date,Time,Environment,Road_Surface,Traffic_Control,Collision_Location,Light,Collision_Classification,Impact_type
8454,KINBURN SIDE RD btwn TIMMINS RD & DOMINION SPRINGS RD,323122.9461,5022639.19,11/22/16,1:47,03 - Snow,05 - Packed snow,10 - No control,01 - Non intersection,07 - Dark,03 - P.D. only,07 - SMV other
8455,KINBURN SIDE RD btwn WOODKILTON RD & DUNROBIN RD,337520.8575,5035487.637,5/21/16,1:36,01 - Clear,01 - Dry,10 - No control,01 - Non intersection,07 - Dark,01 - Fatal injury,07 - SMV other
8456,KING EDWARD AVE @ GEORGE ST,368462.6986,5032481.928,2/1/16,14:44,01 - Clear,01 - Dry,02 - Stop sign,02 - Intersection related,01 - Daylight,02 - Non-fatal injury,03 - Rear end
8457,KING EDWARD AVE @ GEORGE ST,368462.7082,5032481.586,10/26/16,16:35,01 - Clear,01 - Dry,02 - Stop sign,02 - Intersection related,01 - Daylight,03 - P.D. only,03 - Rear end
8458,KING EDWARD AVE @ GEORGE ST,368463.3841,5032481.82,3/3/16,20:41,01 - Clear,02 - Wet,02 - Stop sign,02 - Intersection related,07 - Dark,03 - P.D. only,04 - Sideswipe
8459,KING EDWARD AVE @ GEORGE ST,368463.5404,5032480.353,7/16/16,7:27,01 - Clear,01 - Dry,02 - Stop sign,02 - Intersection related,01 - Daylight,03 - P.D. only,03 - Rear end
8460,KING EDWARD AVE @ LAURIER AVE,368739.4852,5032034.805,2/22/16,22:28,01 - Clear,01 - Dry,01 - Traffic signal,03 - At intersection,07 - Dark,02 - Non-fatal injury,05 - Turning movement
8461,KING EDWARD AVE @ LAURIER AVE,368739.9267,5032033.924,8/25/16,13:55,01 - Clear,01 - Dry,01 - Traffic signal,02 - Intersection related,01 - Daylight,02 - Non-fatal injury,07 - SMV other
8462,KING EDWARD AVE @ LAURIER AVE,368738.0509,5032034.169,11/20/16,2:00,02 - Rain,02 - Wet,01 - Traffic signal,03 - At intersection,07 - Dark,02 - Non-fatal injury,07 - SMV other
8463,KING EDWARD AVE @ LAURIER AVE,368737.2227,5032034.997,10/22/16,20:49,01 - Clear,01 - Dry,01 - Traffic signal,03 - At intersection,07 - Dark,02 - Non-fatal injury,07 - SMV other
8464,KING EDWARD AVE @ LAURIER AVE,368741.0405,5032035.249,12/6/16,9:09,01 - Clear,01 - Dry,01 - Traffic signal,03 - At intersection,01 - Daylight,02 - Non-fatal injury,07 - SMV other
8465,KING EDWARD AVE @ LAURIER AVE,368740.3806,5032034.358,5/5/16,8:25,01 - Clear,01 - Dry,01 - Traffic signal,03 - At intersection,01 - Daylight,03 - P.D. only,02 - Angle
8466,KING EDWARD AVE @ LAURIER AVE,368739.4799,5032034.128,7/26/16,13:04,01 - Clear,01 - Dry,01 - Traffic signal,02 - Intersection related,01 - Daylight,03 - P.D. only,04 - Sideswipe
8467,KING EDWARD AVE @ LAURIER AVE,368739.7072,5032033.34,11/29/16,15:17,01 - Clear,01 - Dry,01 - Traffic signal,03 - At intersection,01 - Daylight,03 - P.D. only,04 - Sideswipe
8468,KING EDWARD AVE @ LAURIER AVE,368739.7072,5032034.997,12/1/16,19:22,01 - Clear,01 - Dry,01 - Traffic signal,02 - Intersection related,07 - Dark,03 - P.D. only,03 - Rear end
8469,KING EDWARD AVE @ MURRAY ST,368289.7467,5032754.363,6/4/16,15:50,01 - Clear,01 - Dry,01 - Traffic signal,02 - Intersection related,01 - Daylight,02 - Non-fatal injury,03 - Rear end
8470,KING EDWARD AVE @ MURRAY ST,368291.5128,5032754.624,1/2/16,19:42,01 - Clear,01 - Dry,01 - Traffic signal,02 - Intersection related,07 - Dark,02 - Non-fatal injury,04 - Sideswipe
8471,KING EDWARD AVE @ MURRAY ST,368291.0339,5032754.248,2/17/16,6:49,01 - Clear,06 - Ice,01 - Traffic signal,02 - Intersection related,03 - Dawn,02 - Non-fatal injury,03 - Rear end
8472,KING EDWARD AVE @ MURRAY ST,368291.9238,5032753.806,3/19/16,21:41,01 - Clear,01 - Dry,01 - Traffic signal,02 - Intersection related,07 - Dark,02 - Non-fatal injury,03 - Rear end
8473,KING EDWARD AVE @ MURRAY ST,368291.9218,5032753.804,2/22/16,11:53,01 - Clear,01 - Dry,01 - Traffic signal,02 - Intersection related,01 - Daylight,03 - P.D. only,04 - Sideswipe
8474,KING EDWARD AVE @ MURRAY ST,368290.3469,5032753.131,4/23/16,17:02,01 - Clear,01 - Dry,01 - Traffic signal,03 - At intersection,01 - Daylight,03 - P.D. only,03 - Rear end
8475,KING EDWARD AVE @ MURRAY ST,368291.4803,5032753.802,1/22/16,15:11,01 - Clear,01 - Dry,01 - Traffic signal,02 - Intersection related,01 - Daylight,03 - P.D. only,03 - Rear end
8476,KING EDWARD AVE @ MURRAY ST,368291.209,5032754.318,5/26/16,17:57,01 - Clear,01 - Dry,01 - Traffic signal,02 - Intersection related,01 - Daylight,03 - P.D. only,04 - Sideswipe
8477,KING EDWARD AVE @ MURRAY ST,368291.6998,5032753.957,1/6/16,16:45,02 - Rain,02 - Wet,01 - Traffic signal,03 - At intersection,05 - Dusk,03 - P.D. only,02 - Angle
8478,KING EDWARD AVE @ MURRAY ST,368292.3732,5032754.704,3/20/16,16:40,01 - Clear,01 - Dry,01 - Traffic signal,02 - Intersection related,01 - Daylight,03 - P.D. only,03 - Rear end
8479,KING EDWARD AVE @ MURRAY ST,368290.0435,5032753.996,9/24/16,9:31,01 - Clear,01 - Dry,01 - Traffic signal,03 - At intersection,01 - Daylight,03 - P.D. only,03 - Rear end
8480,KING EDWARD AVE @ MURRAY ST,368291.9253,5032753.357,6/5/16,8:48,02 - Rain,02 - Wet,01 - Traffic signal,03 - At intersection,01 - Daylight,03 - P.D. only,02 - Angle
8481,KING EDWARD AVE @ MURRAY ST,368291.5863,5032753.984,10/12/16,10:44,01 - Clear,01 - Dry,01 - Traffic signal,03 - At intersection,01 - Daylight,03 - P.D. only,02 - Angle
8482,KING EDWARD AVE @ MURRAY ST,368293.3561,5032754.824,11/14/16,1:54,01 - Clear,01 - Dry,01 - Traffic signal,03 - At intersection,07 - Dark,03 - P.D. only,07 - SMV other
8483,KING EDWARD AVE @ MURRAY ST,368291.5581,5032753.473,11/18/16,15:43,01 - Clear,01 - Dry,01 - Traffic signal,02 - Intersection related,01 - Daylight,03 - P.D. only,03 - Rear end
8484,KING EDWARD AVE @ MURRAY ST,368291.1007,5032753.402,11/23/16,16:50,01 - Clear,01 - Dry,01 - Traffic signal,03 - At intersection,05 - Dusk,03 - P.D. only,04 - Sideswipe
8485,KING EDWARD AVE @ OSGOODE ST/THOMAS MORE PRIV,368849.7724,5031854.151,1/25/16,9:21,01 - Clear,02 - Wet,01 - Traffic signal,03 - At intersection,01 - Daylight,03 - P.D. only,05 - Turning movement
8486,KING EDWARD AVE @ OSGOODE ST/THOMAS MORE PRIV,368848.5778,5031852.182,2/19/16,22:00,03 - Snow,03 - Loose snow,01 - Traffic signal,03 - At intersection,07 - Dark,03 - P.D. only,05 - Turning movement
8487,KING EDWARD AVE @ OSGOODE ST/THOMAS MORE PRIV,368850.3654,5031852.355,8/5/16,5:41,01 - Clear,01 - Dry,01 - Traffic signal,03 - At intersection,07 - Dark,03 - P.D. only,05 - Turning movement
8488,KING EDWARD AVE @ OSGOODE ST/THOMAS MORE PRIV,368850.132,5031852.579,10/1/16,8:55,01 - Clear,01 - Dry,01 - Traffic signal,02 - Intersection related,01 - Daylight,03 - P.D. only,03 - Rear end
8489,KING EDWARD AVE @ OSGOODE ST/THOMAS MORE PRIV,368848.587,5031853.695,3/21/16,13:07,01 - Clear,01 - Dry,01 - Traffic signal,02 - Intersection related,01 - Daylight,03 - P.D. only,03 - Rear end
8490,KING EDWARD AVE @ RIDEAU ST,368512.0978,5032414.37,8/26/16,7:17,01 - Clear,01 - Dry,01 - Traffic signal,03 - At intersection,01 - Daylight,02 - Non-fatal injury,02 - Angle
8491,KING EDWARD AVE @ RIDEAU ST,368513.3635,5032414.831,12/19/16,15:20,01 - Clear,03 - Loose snow,01 - Traffic signal,03 - At intersection,01 - Daylight,02 - Non-fatal injury,07 - SMV other
8492,KING EDWARD AVE @ RIDEAU ST,368511.7072,5032413.36,3/11/16,10:20,01 - Clear,01 - Dry,01 - Traffic signal,02 - Intersection related,01 - Daylight,03 - P.D. only,04 - Sideswipe
8493,KING EDWARD AVE @ RIDEAU ST,368510.2063,5032413.214,1/5/16,12:07,01 - Clear,01 - Dry,01 - Traffic signal,03 - At intersection,01 - Daylight,03 - P.D. only,05 - Turning movement
8494,KING EDWARD AVE @ RIDEAU ST,368512.3731,5032412.923,3/2/16,15:00,01 - Clear,02 - Wet,01 - Traffic signal,02 - Intersection related,01 - Daylight,03 - P.D. only,04 - Sideswipe
8495,KING EDWARD AVE @ RIDEAU ST,368513.3635,5032411.933,11/2/16,10:54,01 - Clear,01 - Dry,01 - Traffic signal,02 - Intersection related,01 - Daylight,03 - P.D. only,03 - Rear end
8496,KING EDWARD AVE @ RIDEAU ST,368510.879,5032414.003,12/31/16,21:57,03 - Snow,04 - Slush,01 - Traffic signal,02 - Intersection related,07 - Dark,03 - P.D. only,05 - Turning movement
8497,KING EDWARD AVE @ SOMERSET ST/MARIE CURIE PRIV,368958.3921,5031673.123,7/22/16,17:36,01 - Clear,01 - Dry,01 - Traffic signal,02 - Intersection related,01 - Daylight,02 - Non-fatal injury,03 - Rear end
8498,KING EDWARD AVE @ SOMERSET ST/MARIE CURIE PRIV,368957.9141,5031673.7,7/2/16,1:34,01 - Clear,01 - Dry,01 - Traffic signal,03 - At intersection,07 - Dark,02 - Non-fatal injury,07 - SMV other
8499,KING EDWARD AVE @ SOMERSET ST/MARIE CURIE PRIV,368957.0285,5031673.578,8/4/16,14:35,01 - Clear,01 - Dry,01 - Traffic signal,02 - Intersection related,01 - Daylight,03 - P.D. only,03 - Rear end
8500,KING EDWARD AVE @ SOMERSET ST/MARIE CURIE PRIV,368957.9298,5031673.797,2/1/16,6:50,01 - Clear,02 - Wet,01 - Traffic signal,02 - Intersection related,03 - Dawn,03 - P.D. only,05 - Turning movement
8501,KING EDWARD AVE @ SOMERSET ST/MARIE CURIE PRIV,368957.0444,5031673.8,3/2/16,8:46,01 - Clear,05 - Packed snow,01 - Traffic signal,02 - Intersection related,01 - Daylight,03 - P.D. only,03 - Rear end
8502,KING EDWARD AVE @ SOMERSET ST/MARIE CURIE PRIV,368957.9766,5031672.779,4/1/16,9:04,01 - Clear,01 - Dry,01 - Traffic signal,02 - Intersection related,01 - Daylight,03 - P.D. only,04 - Sideswipe
8503,KING EDWARD AVE @ SOMERSET ST/MARIE CURIE PRIV,368958.3921,5031673.578,7/27/16,18:50,01 - Clear,01 - Dry,01 - Traffic signal,02 - Intersection related,01 - Daylight,03 - P.D. only,01 - Approaching
8504,KING EDWARD AVE @ SOMERSET ST/MARIE CURIE PRIV,368957.9298,5031673.797,6/22/16,7:14,01 - Clear,01 - Dry,01 - Traffic signal,02 - Intersection related,01 - Daylight,03 - P.D. only,03 - Rear end
8505,KING EDWARD AVE @ SOMERSET ST/MARIE CURIE PRIV,368957.7103,5031673.992,7/5/16,9:19,01 - Clear,01 - Dry,01 - Traffic signal,02 - Intersection related,01 - Daylight,03 - P.D. only,03 - Rear end
8506,KING EDWARD AVE @ ST. ANDREW ST,368160.4727,5032968.128,8/9/16,13:45,01 - Clear,01 - Dry,01 - Traffic signal,03 - At intersection,01 - Daylight,02 - Non-fatal injury,05 - Turning movement
8507,KING EDWARD AVE @ ST. ANDREW ST,368160.922,5032968.361,1/30/16,10:34,02 - Rain,02 - Wet,01 - Traffic signal,02 - Intersection related,01 - Daylight,03 - P.D. only,03 - Rear end
8508,KING EDWARD AVE @ ST. PATRICK ST,368248.4773,5032824.261,2/16/16,18:36,03 - Snow,05 - Packed snow,01 - Traffic signal,02 - Intersection related,07 - Dark,02 - Non-fatal injury,03 - Rear end
8509,KING EDWARD AVE @ ST. PATRICK ST,368249.3755,5032823.139,3/18/16,16:10,01 - Clear,01 - Dry,01 - Traffic signal,02 - Intersection related,01 - Daylight,03 - P.D. only,03 - Rear end
8510,KING EDWARD AVE @ ST. PATRICK ST,368248.4766,5032824.488,4/4/16,7:15,01 - Clear,01 - Dry,01 - Traffic signal,02 - Intersection related,01 - Daylight,03 - P.D. only,03 - Rear end
8511,KING EDWARD AVE @ ST. PATRICK ST,368249.3672,5032824.255,2/26/16,11:41,01 - Clear,01 - Dry,01 - Traffic signal,02 - Intersection related,01 - Daylight,03 - P.D. only,03 - Rear end
8512,KING EDWARD AVE @ ST. PATRICK ST,368248.7013,5032824.003,8/19/16,23:27,01 - Clear,01 - Dry,01 - Traffic signal,02 - Intersection related,07 - Dark,03 - P.D. only,02 - Angle
8513,KING EDWARD AVE @ ST. PATRICK ST,368249.1605,5032823.818,8/6/16,9:39,01 - Clear,01 - Dry,01 - Traffic signal,03 - At intersection,01 - Daylight,03 - P.D. only,05 - Turning movement
8514,KING EDWARD AVE @ ST. PATRICK ST,368248.4818,5032823.808,1/9/16,4:26,03 - Snow,03 - Loose snow,01 - Traffic signal,02 - Intersection related,07 - Dark,03 - P.D. only,07 - SMV other
8515,KING EDWARD AVE @ ST. PATRICK ST,368248.0427,5032824.686,2/2/16,16:45,01 - Clear,01 - Dry,01 - Traffic signal,02 - Intersection related,01 - Daylight,03 - P.D. only,03 - Rear end
8516,KING EDWARD AVE @ ST. PATRICK ST,368248.0427,5032823.369,1/14/16,14:13,01 - Clear,01 - Dry,01 - Traffic signal,03 - At intersection,01 - Daylight,03 - P.D. only,04 - Sideswipe
8517,KING EDWARD AVE @ ST. PATRICK ST,368249.3599,5032822.93,1/11/16,15:01,01 - Clear,01 - Dry,01 - Traffic signal,02 - Intersection related,01 - Daylight,03 - P.D. only,03 - Rear end
8518,KING EDWARD AVE @ ST. PATRICK ST,368249.5882,5032823.145,1/11/16,21:00,01 - Clear,01 - Dry,01 - Traffic signal,03 - At intersection,07 - Dark,03 - P.D. only,02 - Angle
8519,KING EDWARD AVE @ ST. PATRICK ST,368248.7604,5032823.614,7/6/16,16:19,01 - Clear,01 - Dry,01 - Traffic signal,02 - Intersection related,01 - Daylight,03 - P.D. only,04 - Sideswipe
8520,KING EDWARD AVE @ ST. PATRICK ST,368248.4758,5032823.814,4/20/16,17:00,01 - Clear,01 - Dry,01 - Traffic signal,02 - Intersection related,01 - Daylight,03 - P.D. only,04 - Sideswipe
8521,KING EDWARD AVE @ ST. PATRICK ST,368248.1658,5032823.321,9/20/16,15:29,01 - Clear,01 - Dry,01 - Traffic signal,02 - Intersection related,01 - Daylight,03 - P.D. only,03 - Rear end
8522,KING EDWARD AVE @ ST. PATRICK ST,368248.9208,5032823.808,5/28/16,8:38,01 - Clear,01 - Dry,01 - Traffic signal,03 - At intersection,01 - Daylight,03 - P.D. only,02 - Angle
8523,KING EDWARD AVE @ ST. PATRICK ST,368248.0427,5032823.808,10/13/16,12:15,01 - Clear,01 - Dry,01 - Traffic signal,03 - At intersection,01 - Daylight,03 - P.D. only,05 - Turning movement
8524,KING EDWARD AVE @ ST. PATRICK ST,368248.7013,5032823.175,12/16/16,7:01,01 - Clear,01 - Dry,01 - Traffic signal,02 - Intersection related,07 - Dark,03 - P.D. only,03 - Rear end
8525,KING EDWARD AVE @ ST. PATRICK ST,368247.8731,5032824.003,12/21/16,17:18,01 - Clear,04 - Slush,01 - Traffic signal,02 - Intersection related,07 - Dark,03 - P.D. only,04 - Sideswipe
8526,KING EDWARD AVE @ ST. PATRICK ST,368248.0427,5032823.369,11/22/16,13:00,01 - Clear,01 - Dry,01 - Traffic signal,03 - At intersection,01 - Daylight,03 - P.D. only,99 - Other
8527,KING EDWARD AVE @ ST. PATRICK ST,368249.5295,5032822.347,12/9/16,11:09,01 - Clear,01 - Dry,01 - Traffic signal,02 - Intersection related,01 - Daylight,03 - P.D. only,04 - Sideswipe
8528,KING EDWARD AVE @ STEWART ST,368634.9399,5032206.256,5/26/16,21:15,02 - Rain,02 - Wet,01 - Traffic signal,03 - At intersection,07 - Dark,03 - P.D. only,02 - Angle
8529,KING EDWARD AVE @ STEWART ST,368633.8862,5032205.165,11/24/16,17:07,01 - Clear,01 - Dry,01 - Traffic signal,02 - Intersection related,05 - Dusk,03 - P.D. only,03 - Rear end
8530,KING EDWARD AVE @ SUSSEX DR,367664.3764,5033503.822,4/27/16,17:42,01 - Clear,01 - Dry,01 - Traffic signal,03 - At intersection,01 - Daylight,03 - P.D. only,05 - Turning movement
8531,KING EDWARD AVE @ SUSSEX DR,367663.9255,5033502.921,5/12/16,17:03,01 - Clear,01 - Dry,01 - Traffic signal,02 - Intersection related,01 - Daylight,03 - P.D. only,05 - Turning movement
8532,KING EDWARD AVE @ SUSSEX DR,367663.7,5033503.367,2/4/16,18:06,01 - Clear,01 - Dry,01 - Traffic signal,02 - Intersection related,05 - Dusk,03 - P.D. only,05 - Turning movement
8533,KING EDWARD AVE @ SUSSEX DR,367663.0414,5033503.817,9/7/16,8:53,01 - Clear,01 - Dry,01 - Traffic signal,02 - Intersection related,01 - Daylight,03 - P.D. only,04 - Sideswipe
8534,KING EDWARD AVE @ SUSSEX DR,367663.0281,5033503.821,4/4/16,16:00,01 - Clear,01 - Dry,01 - Traffic signal,02 - Intersection related,01 - Daylight,03 - P.D. only,03 - Rear end
8535,KING EDWARD AVE @ SUSSEX DR,367664.0906,5033502.816,4/9/16,13:42,01 - Clear,01 - Dry,01 - Traffic signal,03 - At intersection,01 - Daylight,03 - P.D. only,05 - Turning movement
8536,KING EDWARD AVE @ SUSSEX DR,367663.492,5033503.447,9/19/16,18:53,01 - Clear,01 - Dry,01 - Traffic signal,02 - Intersection related,01 - Daylight,03 - P.D. only,03 - Rear end
8537,KING EDWARD AVE @ TEMPLETON ST,369057.2245,5031507.996,10/23/16,14:01,01 - Clear,01 - Dry,01 - Traffic signal,03 - At intersection,01 - Daylight,02 - Non-fatal injury,07 - SMV other
8538,KING EDWARD AVE @ TEMPLETON ST,369060.3908,5031507.127,7/2/16,21:34,01 - Clear,01 - Dry,01 - Traffic signal,02 - Intersection related,07 - Dark,03 - P.D. only,04 - Sideswipe
8539,KING EDWARD AVE @ WILBROD ST,368675.0351,5032138.909,3/1/16,8:45,01 - Clear,01 - Dry,01 - Traffic signal,02 - Intersection related,01 - Daylight,03 - P.D. only,03 - Rear end
8540,KING EDWARD AVE @ WILBROD ST,368676.5367,5032139.997,11/6/16,11:47,01 - Clear,01 - Dry,01 - Traffic signal,03 - At intersection,01 - Daylight,03 - P.D. only,03 - Rear end
8541,KING EDWARD AVE @ YORK ST,368396.9497,5032621.956,2/10/16,11:19,01 - Clear,06 - Ice,01 - Traffic signal,02 - Intersection related,01 - Daylight,03 - P.D. only,03 - Rear end
8542,KING EDWARD AVE btwn BESSERER ST & DALY AVE,368560.1454,5032326.312,9/17/16,0:08,01 - Clear,01 - Dry,10 - No control,01 - Non intersection,07 - Dark,02 - Non-fatal injury,07 - SMV other
8543,KING EDWARD AVE btwn BESSERER ST & DALY AVE,368568.6607,5032307.179,3/10/16,21:15,02 - Rain,02 - Wet,10 - No control,01 - Non intersection,07 - Dark,03 - P.D. only,04 - Sideswipe
8544,KING EDWARD AVE btwn DALY AVE & STEWART ST,368622.141,5032225.203,8/16/16,5:51,01 - Clear,01 - Dry,10 - No control,01 - Non intersection,07 - Dark,03 - P.D. only,06 - SMV unattended vehicle
8545,KING EDWARD AVE btwn DALY AVE & STEWART ST,368595.2202,5032267.878,10/22/16,3:03,02 - Rain,02 - Wet,10 - No control,01 - Non intersection,07 - Dark,03 - P.D. only,04 - Sideswipe
8546,KING EDWARD AVE btwn LAURIER AVE E & THOMAS MORE PRIV,368742.4416,5032025.208,9/9/16,0:09,01 - Clear,01 - Dry,10 - No control,01 - Non intersection,07 - Dark,02 - Non-fatal injury,07 - SMV other
8547,KING EDWARD AVE btwn LAURIER AVE E & THOMAS MORE PRIV,368748.2815,5032020.65,9/5/16,11:38,01 - Clear,01 - Dry,10 - No control,01 - Non intersection,01 - Daylight,03 - P.D. only,03 - Rear end
8548,KING EDWARD AVE btwn LAURIER AVE E & THOMAS MORE PRIV,368791.8811,5031948.04,12/1/16,0:00,01 - Clear,01 - Dry,10 - No control,01 - Non intersection,00 - Unknown,03 - P.D. only,06 - SMV unattended vehicle
8549,KING EDWARD AVE btwn LAURIER AVE E & THOMAS MORE PRIV,368835.2967,5031875.548,12/11/16,9:08,01 - Clear,01 - Dry,10 - No control,01 - Non intersection,01 - Daylight,03 - P.D. only,03 - Rear end
8550,KING EDWARD AVE btwn MANN AVE & TEMPLETON ST,369164.556,5031345.463,6/16/16,6:22,01 - Clear,01 - Dry,10 - No control,04 - At/near private drive,01 - Daylight,03 - P.D. only,02 - Angle
8551,KING EDWARD AVE btwn MANN AVE & TEMPLETON ST,369113.4173,5031417.756,1/3/16,20:00,01 - Clear,03 - Loose snow,10 - No control,01 - Non intersection,07 - Dark,03 - P.D. only,03 - Rear end
8552,KING EDWARD AVE btwn MANN AVE & TEMPLETON ST,369149.0375,5031363.988,4/17/16,3:39,01 - Clear,01 - Dry,10 - No control,01 - Non intersection,07 - Dark,03 - P.D. only,07 - SMV other
8553,KING EDWARD AVE btwn MANN AVE & TEMPLETON ST,369091.1569,5031456.32,12/22/16,12:06,03 - Snow,03 - Loose snow,10 - No control,01 - Non intersection,01 - Daylight,03 - P.D. only,06 - SMV unattended vehicle
8554,KING EDWARD AVE btwn MARIE CURIE PRIV & TEMPLETON ST,369047.3633,5031524.417,4/1/16,9:40,01 - Clear,01 - Dry,10 - No control,01 - Non intersection,01 - Daylight,03 - P.D. only,03 - Rear end
8555,KING EDWARD AVE btwn MARIE CURIE PRIV & TEMPLETON ST,369031.2017,5031549.557,5/6/16,8:45,01 - Clear,01 - Dry,10 - No control,01 - Non intersection,01 - Daylight,03 - P.D. only,01 - Approaching
8556,KING EDWARD AVE btwn RAMP & BOLTON ST,368002.5742,5033232.405,2/17/16,16:45,03 - Snow,06 - Ice,10 - No control,01 - Non intersection,01 - Daylight,03 - P.D. only,07 - SMV other
8557,KING EDWARD AVE btwn RIDEAU ST & BESSERER ST,368522.9037,5032396.246,8/14/16,9:12,01 - Clear,01 - Dry,10 - No control,01 - Non intersection,01 - Daylight,03 - P.D. only,04 - Sideswipe
8558,KING EDWARD AVE btwn STEWART ST & WILBROD ST,368665.1586,5032155.52,3/1/16,18:30,03 - Snow,04 - Slush,10 - No control,01 - Non intersection,07 - Dark,03 - P.D. only,06 - SMV unattended vehicle
8559,KING EDWARD AVE btwn WILBROD ST & LAURIER AVE E,368736.4239,5032040.077,6/25/16,18:19,01 - Clear,01 - Dry,10 - No control,01 - Non intersection,01 - Daylight,03 - P.D. only,03 - Rear end
8560,KING EDWARD AVE NB btwn BRUYERE ST & ST. ANDREW ST,368151.3848,5033023.228,5/27/16,15:29,01 - Clear,01 - Dry,10 - No control,01 - Non intersection,01 - Daylight,03 - P.D. only,99 - Other
8561,KING EDWARD AVE NB btwn BRUYERE ST & ST. ANDREW ST,368147.9478,5033026.2,9/6/16,15:00,01 - Clear,01 - Dry,10 - No control,01 - Non intersection,01 - Daylight,03 - P.D. only,99 - Other
8562,KING EDWARD AVE NB btwn CLARENCE ST & YORK ST,368381.9364,5032647.953,6/26/16,11:00,01 - Clear,01 - Dry,10 - No control,01 - Non intersection,01 - Daylight,03 - P.D. only,06 - SMV unattended vehicle
8563,KING EDWARD AVE NB btwn GUIGUES AVE & ST. PATRICK ST,368258.0344,5032848.946,1/28/16,1:09,03 - Snow,03 - Loose snow,10 - No control,01 - Non intersection,07 - Dark,03 - P.D. only,07 - SMV other
8564,KING EDWARD AVE NB btwn MURRAY ST & CLARENCE ST,368326.7802,5032737.86,8/25/16,14:44,01 - Clear,01 - Dry,10 - No control,01 - Non intersection,01 - Daylight,03 - P.D. only,04 - Sideswipe
8565,KING EDWARD AVE NB btwn RAMP & CATHCART ST,368031.2452,5033243.019,2/25/16,2:18,03 - Snow,02 - Wet,10 - No control,01 - Non intersection,07 - Dark,03 - P.D. only,07 - SMV other
8566,KING EDWARD AVE NB btwn ST. PATRICK ST & MURRAY ST,368293.7453,5032790.4,5/19/16,17:30,01 - Clear,01 - Dry,10 - No control,01 - Non intersection,01 - Daylight,03 - P.D. only,04 - Sideswipe
8567,KING EDWARD AVE NB btwn YORK ST & RIDEAU ST,368511.4827,5032427.731,4/11/16,6:41,04 - Freezing Rain,02 - Wet,10 - No control,01 - Non intersection,01 - Daylight,02 - Non-fatal injury,99 - Other
8568,KING EDWARD AVE NB btwn YORK ST & RIDEAU ST,368510.0509,5032439.676,12/13/16,15:03,01 - Clear,02 - Wet,10 - No control,01 - Non intersection,01 - Daylight,02 - Non-fatal injury,07 - SMV other
8569,KING EDWARD AVE NB btwn YORK ST & RIDEAU ST,368485.0764,5032479.712,3/30/16,17:42,01 - Clear,01 - Dry,10 - No control,01 - Non intersection,01 - Daylight,03 - P.D. only,04 - Sideswipe
8570,KING EDWARD AVE NB btwn YORK ST & RIDEAU ST,368426.1143,5032573.329,2/22/16,13:30,01 - Clear,01 - Dry,10 - No control,04 - At/near private drive,01 - Daylight,03 - P.D. only,02 - Angle
8571,KING EDWARD AVE NB btwn YORK ST & RIDEAU ST,368418.2412,5032590.533,11/5/16,15:44,01 - Clear,01 - Dry,10 - No control,01 - Non intersection,01 - Daylight,03 - P.D. only,06 - SMV unattended vehicle
8572,KING EDWARD AVE NB btwn YORK ST & RIDEAU ST,368407.9559,5032603.924,12/2/16,10:37,01 - Clear,02 - Wet,10 - No control,04 - At/near private drive,01 - Daylight,03 - P.D. only,02 - Angle
8573,KING EDWARD AVE SB btwn GUIGUES AVE & ST. PATRICK ST,368240.1009,5032838.149,7/31/16,10:02,01 - Clear,01 - Dry,10 - No control,01 - Non intersection,01 - Daylight,03 - P.D. only,04 - Sideswipe
8574,KING EDWARD AVE SB btwn MURRAY ST & CLARENCE ST,368308.7522,5032727.228,6/10/16,8:11,01 - Clear,01 - Dry,10 - No control,01 - Non intersection,01 - Daylight,02 - Non-fatal injury,07 - SMV other
8575,KING EDWARD AVE SB btwn ST. PATRICK ST & MURRAY ST,368256.5576,5032810.345,4/12/16,10:29,01 - Clear,01 - Dry,10 - No control,01 - Non intersection,01 - Daylight,03 - P.D. only,04 - Sideswipe
8576,KING EDWARD AVE SB btwn SUSSEX DR & __3ZA3LO,367705.9116,5033468.429,11/9/16,16:43,01 - Clear,01 - Dry,10 - No control,07 - Overpass or bridge,05 - Dusk,03 - P.D. only,03 - Rear end
8577,KING EDWARD AVE SB btwn UNION ST & BOTELER ST,367940.9495,5033258.89,10/4/16,8:02,01 - Clear,01 - Dry,10 - No control,01 - Non intersection,01 - Daylight,02 - Non-fatal injury,07 - SMV other
8578,KING EDWARD AVE SB btwn YORK ST & GEORGE ST,368420.6389,5032548.483,9/8/16,9:25,02 - Rain,02 - Wet,10 - No control,01 - Non intersection,01 - Daylight,02 - Non-fatal injury,07 - SMV other
8579,KING EDWARD AVE SB btwn YORK ST & GEORGE ST,368408.3447,5032567.802,10/21/16,17:42,02 - Rain,02 - Wet,10 - No control,01 - Non intersection,07 - Dark,02 - Non-fatal injury,99 - Other
8580,KINGHAVEN CRES btwn Continuation of KINGHAVEN CRES & STONEHAVEN DR,355404.8835,5017095.273,2/16/16,16:30,03 - Snow,03 - Loose snow,10 - No control,04 - At/near private drive,01 - Daylight,03 - P.D. only,02 - Angle