Record,Location,X,Y,Date,Time,Environment,Road_Surface,Traffic_Control,Collision_Location,Light,Collision_Classification,Impact_type
8581,KINGHAVEN CRES btwn Continuation of KINGHAVEN CRES & STONEHAVEN DR,355404.8835,5017095.273,8/18/16,18:23,01 - Clear,01 - Dry,10 - No control,04 - At/near private drive,01 - Daylight,03 - P.D. only,06 - SMV unattended vehicle
8582,KINGHAVEN CRES E @ STONEHAVEN DR,355407.9441,5016989.148,10/11/16,10:20,01 - Clear,01 - Dry,02 - Stop sign,03 - At intersection,01 - Daylight,03 - P.D. only,05 - Turning movement
8583,KIPPEWA DR btwn DOW'S LAKE RD & BRONSON AVE,367506.8815,5029073.142,5/21/16,10:47,01 - Clear,01 - Dry,10 - No control,01 - Non intersection,01 - Daylight,03 - P.D. only,03 - Rear end
8584,KIRKWOOD AVE @ LAPERRIERE AVE,364519.9213,5026958.543,7/9/16,15:26,02 - Rain,02 - Wet,01 - Traffic signal,02 - Intersection related,01 - Daylight,02 - Non-fatal injury,02 - Angle
8585,KIRKWOOD AVE @ LAPERRIERE AVE,364519.4745,5026959.201,2/17/16,20:09,03 - Snow,06 - Ice,01 - Traffic signal,03 - At intersection,07 - Dark,03 - P.D. only,02 - Angle
8586,KIRKWOOD AVE @ LAPERRIERE AVE,364519.694,5026959.785,10/16/16,12:22,02 - Rain,02 - Wet,01 - Traffic signal,02 - Intersection related,01 - Daylight,03 - P.D. only,03 - Rear end
8587,KIRKWOOD AVE @ LAPERRIERE AVE,364519.0354,5026958.323,9/27/16,10:27,01 - Clear,01 - Dry,01 - Traffic signal,03 - At intersection,01 - Daylight,03 - P.D. only,05 - Turning movement
8588,KIRKWOOD AVE @ LAROSE AVE,364646.9007,5026842.21,2/26/16,18:29,01 - Clear,01 - Dry,02 - Stop sign,03 - At intersection,07 - Dark,03 - P.D. only,02 - Angle
8589,KIRKWOOD AVE @ LAROSE AVE,364647.9191,5026843.761,12/11/16,20:49,03 - Snow,03 - Loose snow,02 - Stop sign,03 - At intersection,07 - Dark,03 - P.D. only,04 - Sideswipe
8590,KIRKWOOD AVE @ LEPAGE AVE,364790.3708,5026653.318,6/16/16,13:59,01 - Clear,01 - Dry,02 - Stop sign,02 - Intersection related,01 - Daylight,03 - P.D. only,03 - Rear end
8591,KIRKWOOD AVE @ MERIVALE RD,364853.9209,5026646.762,1/27/16,11:48,01 - Clear,02 - Wet,01 - Traffic signal,03 - At intersection,01 - Daylight,02 - Non-fatal injury,05 - Turning movement
8592,KIRKWOOD AVE @ MERIVALE RD,364853.4794,5026646.764,2/17/16,18:50,01 - Clear,04 - Slush,01 - Traffic signal,02 - Intersection related,07 - Dark,03 - P.D. only,03 - Rear end
8593,KIRKWOOD AVE @ MERIVALE RD,364852.6037,5026647.201,2/4/16,7:43,01 - Clear,02 - Wet,01 - Traffic signal,03 - At intersection,01 - Daylight,03 - P.D. only,07 - SMV other
8594,KIRKWOOD AVE @ MERIVALE RD,364853.9234,5026646.32,2/17/16,20:14,01 - Clear,06 - Ice,01 - Traffic signal,02 - Intersection related,07 - Dark,03 - P.D. only,07 - SMV other
8595,KIRKWOOD AVE @ MERIVALE RD,364853.4819,5026646.323,7/26/16,16:08,01 - Clear,01 - Dry,01 - Traffic signal,02 - Intersection related,01 - Daylight,03 - P.D. only,02 - Angle
8596,KIRKWOOD AVE @ MERIVALE RD,364853.2422,5026646.313,4/30/16,19:32,01 - Clear,01 - Dry,01 - Traffic signal,02 - Intersection related,07 - Dark,03 - P.D. only,03 - Rear end
8597,KIRKWOOD AVE @ MERIVALE RD,364855.3577,5026646.956,9/24/16,13:49,01 - Clear,01 - Dry,01 - Traffic signal,02 - Intersection related,01 - Daylight,03 - P.D. only,03 - Rear end
8598,KIRKWOOD AVE @ MERIVALE RD,364854.5296,5026647.785,10/15/16,14:50,01 - Clear,01 - Dry,01 - Traffic signal,02 - Intersection related,01 - Daylight,03 - P.D. only,03 - Rear end
8599,KIRKWOOD AVE @ MERIVALE RD,364853.7014,5026644.472,12/20/16,20:15,01 - Clear,02 - Wet,01 - Traffic signal,02 - Intersection related,07 - Dark,03 - P.D. only,03 - Rear end
8600,KIRKWOOD AVE @ RICHMOND RD,363779.5179,5028641.969,10/8/16,19:37,01 - Clear,01 - Dry,01 - Traffic signal,02 - Intersection related,07 - Dark,02 - Non-fatal injury,03 - Rear end
8601,KIRKWOOD AVE @ RICHMOND RD,363778.0133,5028641.78,6/11/16,20:41,01 - Clear,01 - Dry,01 - Traffic signal,03 - At intersection,05 - Dusk,02 - Non-fatal injury,07 - SMV other
8602,KIRKWOOD AVE @ RICHMOND RD,363778.6848,5028642.023,2/12/16,14:42,01 - Clear,02 - Wet,01 - Traffic signal,03 - At intersection,01 - Daylight,03 - P.D. only,02 - Angle
8603,KIRKWOOD AVE @ RICHMOND RD,363778.2305,5028642.703,7/19/16,16:21,01 - Clear,01 - Dry,01 - Traffic signal,02 - Intersection related,01 - Daylight,03 - P.D. only,04 - Sideswipe
8604,KIRKWOOD AVE @ RICHMOND RD,363777.0334,5028642.797,12/18/16,18:00,03 - Snow,04 - Slush,01 - Traffic signal,02 - Intersection related,07 - Dark,03 - P.D. only,05 - Turning movement
8605,KIRKWOOD AVE @ SEBRING AVE,364212.0412,5027636.318,2/3/16,10:04,04 - Freezing Rain,06 - Ice,02 - Stop sign,02 - Intersection related,01 - Daylight,03 - P.D. only,03 - Rear end
8606,KIRKWOOD AVE @ SWITZER AVE,364234.8274,5027587.759,5/28/16,19:16,02 - Rain,02 - Wet,01 - Traffic signal,03 - At intersection,01 - Daylight,03 - P.D. only,03 - Rear end
8607,KIRKWOOD AVE @ SWITZER AVE,364233.8081,5027586.726,11/16/16,9:10,01 - Clear,02 - Wet,01 - Traffic signal,03 - At intersection,01 - Daylight,03 - P.D. only,02 - Angle
8608,KIRKWOOD AVE btwn CARLING AVE & COLDREY AVE,364417.1639,5027182.489,2/18/16,7:46,01 - Clear,06 - Ice,10 - No control,01 - Non intersection,01 - Daylight,03 - P.D. only,04 - Sideswipe
8609,KIRKWOOD AVE btwn CHATELAIN AVE & LEPAGE AVE,364760.6076,5026670.905,4/15/16,13:07,01 - Clear,01 - Dry,10 - No control,01 - Non intersection,01 - Daylight,03 - P.D. only,04 - Sideswipe
8610,KIRKWOOD AVE btwn COLDREY AVE & LAPERRIERE AVE,364513.3773,5026969.277,2/4/16,7:28,01 - Clear,01 - Dry,10 - No control,01 - Non intersection,01 - Daylight,03 - P.D. only,04 - Sideswipe
8611,KIRKWOOD AVE btwn LAPERRIERE AVE & WOODWARD AVE,364523.6896,5026953.659,3/1/16,19:14,03 - Snow,03 - Loose snow,10 - No control,01 - Non intersection,07 - Dark,03 - P.D. only,03 - Rear end
8612,KIRKWOOD AVE btwn LYMAN ST & MULVIHILL AVE,363814.9136,5028550.446,8/18/16,12:03,01 - Clear,01 - Dry,10 - No control,01 - Non intersection,01 - Daylight,02 - Non-fatal injury,04 - Sideswipe
8613,KIRKWOOD AVE btwn RICHMOND RD & LYMAN ST,363786.1897,5028612.464,7/21/16,13:51,01 - Clear,01 - Dry,10 - No control,04 - At/near private drive,01 - Daylight,02 - Non-fatal injury,03 - Rear end
8614,KIRKWOOD AVE btwn WILBER AVE & RICHMOND RD,363763.6121,5028695.214,3/22/16,15:57,01 - Clear,01 - Dry,10 - No control,04 - At/near private drive,01 - Daylight,03 - P.D. only,06 - SMV unattended vehicle
8615,KIRKWOOD AVE N @ CARLING AVE,364275.5629,5027492.71,3/12/16,0:15,01 - Clear,06 - Ice,01 - Traffic signal,02 - Intersection related,07 - Dark,02 - Non-fatal injury,03 - Rear end
8616,KIRKWOOD AVE N @ CARLING AVE,364276.3099,5027494.58,5/6/16,8:43,01 - Clear,01 - Dry,01 - Traffic signal,02 - Intersection related,01 - Daylight,02 - Non-fatal injury,03 - Rear end
8617,KIRKWOOD AVE N @ CARLING AVE,364275.7005,5027494.216,2/22/16,7:00,01 - Clear,02 - Wet,01 - Traffic signal,03 - At intersection,03 - Dawn,02 - Non-fatal injury,07 - SMV other
8618,KIRKWOOD AVE N @ CARLING AVE,364275.5641,5027493.913,8/24/16,12:05,01 - Clear,01 - Dry,01 - Traffic signal,02 - Intersection related,01 - Daylight,03 - P.D. only,03 - Rear end
8619,KIRKWOOD AVE N @ CARLING AVE,364276.0367,5027494.755,2/26/16,14:54,01 - Clear,01 - Dry,01 - Traffic signal,03 - At intersection,01 - Daylight,03 - P.D. only,04 - Sideswipe
8620,KIRKWOOD AVE N @ CARLING AVE,364275.1994,5027492.393,2/18/16,6:45,01 - Clear,06 - Ice,01 - Traffic signal,02 - Intersection related,03 - Dawn,03 - P.D. only,03 - Rear end
8621,KIRKWOOD AVE N @ CARLING AVE,364274.6423,5027493.641,9/5/16,13:20,01 - Clear,01 - Dry,01 - Traffic signal,03 - At intersection,01 - Daylight,03 - P.D. only,05 - Turning movement
8622,KIRKWOOD AVE N @ CARLING AVE,364274.5866,5027492.679,6/18/16,9:27,01 - Clear,01 - Dry,01 - Traffic signal,03 - At intersection,01 - Daylight,03 - P.D. only,05 - Turning movement
8623,KIRKWOOD AVE N @ CARLING AVE,364275.2631,5027492.904,6/29/16,14:06,01 - Clear,01 - Dry,01 - Traffic signal,02 - Intersection related,01 - Daylight,03 - P.D. only,04 - Sideswipe
8624,KIRKWOOD AVE N @ CARLING AVE,364275.0814,5027493.641,2/4/16,9:00,01 - Clear,02 - Wet,01 - Traffic signal,02 - Intersection related,01 - Daylight,03 - P.D. only,04 - Sideswipe
8625,KIRKWOOD AVE N @ CARLING AVE,364275.5205,5027493.641,1/29/16,18:44,01 - Clear,02 - Wet,01 - Traffic signal,02 - Intersection related,07 - Dark,03 - P.D. only,03 - Rear end
8626,KIRKWOOD AVE N @ CARLING AVE,364275.9363,5027492.858,1/20/16,17:40,01 - Clear,01 - Dry,01 - Traffic signal,03 - At intersection,07 - Dark,03 - P.D. only,05 - Turning movement
8627,KIRKWOOD AVE N @ CARLING AVE,364275.3818,5027493.778,4/8/16,10:24,01 - Clear,01 - Dry,01 - Traffic signal,03 - At intersection,01 - Daylight,03 - P.D. only,05 - Turning movement
8628,KIRKWOOD AVE N @ CARLING AVE,364277.4041,5027492.521,1/11/16,17:50,01 - Clear,01 - Dry,01 - Traffic signal,02 - Intersection related,07 - Dark,03 - P.D. only,99 - Other
8629,KIRKWOOD AVE N @ CARLING AVE,364275.8017,5027493.874,3/18/16,10:15,01 - Clear,01 - Dry,01 - Traffic signal,02 - Intersection related,01 - Daylight,03 - P.D. only,04 - Sideswipe
8630,KIRKWOOD AVE N @ CARLING AVE,364274.6423,5027492.763,8/19/16,16:36,01 - Clear,01 - Dry,01 - Traffic signal,03 - At intersection,01 - Daylight,03 - P.D. only,04 - Sideswipe
8631,KIRKWOOD AVE N @ CARLING AVE,364276.0187,5027493.004,3/6/16,10:58,01 - Clear,01 - Dry,01 - Traffic signal,02 - Intersection related,01 - Daylight,03 - P.D. only,03 - Rear end
8632,KIRKWOOD AVE N @ CARLING AVE,364276.9638,5027493.885,11/21/16,17:26,03 - Snow,03 - Loose snow,01 - Traffic signal,02 - Intersection related,07 - Dark,03 - P.D. only,04 - Sideswipe
8633,KIRKWOOD AVE N @ CARLING AVE,364276.3125,5027494.09,3/2/16,15:48,01 - Clear,02 - Wet,01 - Traffic signal,02 - Intersection related,01 - Daylight,03 - P.D. only,04 - Sideswipe
8634,KIRKWOOD AVE N @ CARLING AVE,364275.2631,5027493.806,6/15/16,14:21,01 - Clear,01 - Dry,01 - Traffic signal,02 - Intersection related,01 - Daylight,03 - P.D. only,03 - Rear end
8635,KIRKWOOD AVE N @ CARLING AVE,364275.4727,5027494.193,7/27/16,8:46,01 - Clear,01 - Dry,01 - Traffic signal,02 - Intersection related,01 - Daylight,03 - P.D. only,03 - Rear end
8636,KIRKWOOD AVE N @ CARLING AVE,364275.2182,5027493.471,7/15/16,17:07,02 - Rain,02 - Wet,01 - Traffic signal,02 - Intersection related,01 - Daylight,03 - P.D. only,03 - Rear end
8637,KIRKWOOD AVE N @ CARLING AVE,364276.1791,5027494.3,9/22/16,12:47,01 - Clear,01 - Dry,01 - Traffic signal,03 - At intersection,01 - Daylight,03 - P.D. only,04 - Sideswipe
8638,KIRKWOOD AVE N @ CARLING AVE,364276.246,5027493.458,6/13/16,13:04,01 - Clear,01 - Dry,01 - Traffic signal,02 - Intersection related,01 - Daylight,03 - P.D. only,04 - Sideswipe
8639,KIRKWOOD AVE N @ CARLING AVE,364275.7914,5027492.549,7/21/16,19:49,01 - Clear,01 - Dry,01 - Traffic signal,02 - Intersection related,01 - Daylight,03 - P.D. only,04 - Sideswipe
8640,KIRKWOOD AVE N @ CARLING AVE,364275.0814,5027492.763,10/10/16,10:20,01 - Clear,01 - Dry,01 - Traffic signal,03 - At intersection,01 - Daylight,03 - P.D. only,02 - Angle
8641,KIRKWOOD AVE N @ CARLING AVE,364275.5205,5027493.641,11/26/16,12:00,01 - Clear,01 - Dry,01 - Traffic signal,02 - Intersection related,01 - Daylight,03 - P.D. only,04 - Sideswipe
8642,KIRKWOOD AVE N @ CARLING AVE,364276.0267,5027493.534,2/18/16,10:39,03 - Snow,05 - Packed snow,01 - Traffic signal,02 - Intersection related,01 - Daylight,03 - P.D. only,07 - SMV other
8643,KITCHENER AVE @ BANK ST,370541.0956,5025499.752,9/17/16,15:25,01 - Clear,02 - Wet,01 - Traffic signal,03 - At intersection,01 - Daylight,02 - Non-fatal injury,02 - Angle
8644,KITCHENER AVE @ BANK ST,370540.2175,5025499.752,2/13/16,10:14,01 - Clear,03 - Loose snow,01 - Traffic signal,03 - At intersection,01 - Daylight,02 - Non-fatal injury,05 - Turning movement
8645,KITCHENER AVE @ BANK ST,370540.8761,5025500.386,12/18/16,16:56,01 - Clear,04 - Slush,01 - Traffic signal,02 - Intersection related,07 - Dark,02 - Non-fatal injury,02 - Angle
8646,KITCHENER AVE @ BANK ST,370541.5347,5025499.62,1/21/16,12:00,01 - Clear,01 - Dry,01 - Traffic signal,02 - Intersection related,01 - Daylight,03 - P.D. only,03 - Rear end
8647,KITCHENER AVE @ BANK ST,370540.6488,5025500.426,8/26/16,15:54,01 - Clear,01 - Dry,01 - Traffic signal,03 - At intersection,01 - Daylight,03 - P.D. only,02 - Angle
8648,KITCHENER AVE @ BANK ST,370539.7784,5025500.191,10/20/16,19:38,02 - Rain,02 - Wet,01 - Traffic signal,03 - At intersection,07 - Dark,03 - P.D. only,05 - Turning movement
8649,KITCHENER AVE @ BANK ST,370540.4251,5025500.874,6/5/16,18:12,01 - Clear,01 - Dry,01 - Traffic signal,02 - Intersection related,01 - Daylight,03 - P.D. only,03 - Rear end
8650,KITCHENER AVE @ BANK ST,370541.7043,5025499.558,10/10/16,15:22,01 - Clear,01 - Dry,01 - Traffic signal,03 - At intersection,01 - Daylight,03 - P.D. only,03 - Rear end
8651,KITCHENER AVE @ BANK ST,370540.6566,5025499.313,11/5/16,16:59,01 - Clear,01 - Dry,01 - Traffic signal,03 - At intersection,05 - Dusk,03 - P.D. only,05 - Turning movement
8652,KITCHENER AVE @ BANK ST,370540.0479,5025500.386,12/29/16,20:57,03 - Snow,03 - Loose snow,01 - Traffic signal,03 - At intersection,07 - Dark,03 - P.D. only,07 - SMV other
8653,KITTIWAKE DR btwn DEW GT & SMOKETREE CRES,348410.7924,5013949.35,3/4/16,7:40,01 - Clear,01 - Dry,10 - No control,01 - Non intersection,01 - Daylight,03 - P.D. only,03 - Rear end
8654,KLONDIKE RD @ MARCH RD,349262.2205,5024062.747,1/5/16,10:48,01 - Clear,01 - Dry,01 - Traffic signal,02 - Intersection related,01 - Daylight,03 - P.D. only,02 - Angle
8655,KLONDIKE RD @ MARCH RD,349263.6429,5024061.397,2/16/16,9:08,03 - Snow,03 - Loose snow,01 - Traffic signal,03 - At intersection,01 - Daylight,03 - P.D. only,07 - SMV other
8656,KLONDIKE RD @ MARCH RD,349263.1905,5024061.841,9/10/16,14:55,01 - Clear,01 - Dry,01 - Traffic signal,02 - Intersection related,01 - Daylight,03 - P.D. only,02 - Angle
8657,KLONDIKE RD @ MARCH RD,349262.1428,5024062.035,12/13/16,10:43,03 - Snow,06 - Ice,01 - Traffic signal,03 - At intersection,01 - Daylight,03 - P.D. only,03 - Rear end
8658,KLONDIKE RD @ MARCH RD,349262.1428,5024060.379,12/17/16,10:39,03 - Snow,03 - Loose snow,01 - Traffic signal,02 - Intersection related,01 - Daylight,03 - P.D. only,04 - Sideswipe
8659,KLONDIKE RD @ MARCH VALLEY RD,350278.3945,5024992.745,2/21/16,2:00,01 - Clear,01 - Dry,02 - Stop sign,02 - Intersection related,07 - Dark,03 - P.D. only,07 - SMV other
8660,KLONDIKE RD @ SECOND LINE RD,348189.2751,5023075.384,2/17/16,17:55,03 - Snow,06 - Ice,02 - Stop sign,02 - Intersection related,07 - Dark,03 - P.D. only,03 - Rear end
8661,KNIGHTSBRIDGE RD @ WOODROFFE AVE,361623.0258,5026560.305,12/6/16,17:20,01 - Clear,01 - Dry,02 - Stop sign,03 - At intersection,07 - Dark,03 - P.D. only,02 - Angle
8662,KNOTRIDGE ST btwn ROLLING MEADOW CRES & SPRING VALLEY DR,381938.0525,5032526.822,9/28/16,8:45,01 - Clear,01 - Dry,10 - No control,04 - At/near private drive,01 - Daylight,03 - P.D. only,06 - SMV unattended vehicle
8663,KNOXDALE RD @ NEWHAVEN ST,362538.0051,5021324.58,7/18/16,9:25,01 - Clear,01 - Dry,02 - Stop sign,02 - Intersection related,01 - Daylight,03 - P.D. only,05 - Turning movement
8664,KNOXDALE RD @ WEST HUNT CLUB RD,361864.3205,5020584.593,9/3/16,17:42,01 - Clear,01 - Dry,01 - Traffic signal,02 - Intersection related,01 - Daylight,03 - P.D. only,03 - Rear end
8665,KNOXDALE RD @ WEST HUNT CLUB RD,361864.1449,5020584.247,3/24/16,17:31,03 - Snow,03 - Loose snow,01 - Traffic signal,02 - Intersection related,01 - Daylight,03 - P.D. only,04 - Sideswipe
8666,KNOXDALE RD btwn TURN LANE & WOODROFFE AVE,363392.9483,5021813.903,5/12/16,11:40,01 - Clear,01 - Dry,10 - No control,01 - Non intersection,01 - Daylight,03 - P.D. only,03 - Rear end
8667,KNUDSON DR btwn SHERK CRES & SHERK CRES,351322.124,5020355.09,5/17/16,7:18,01 - Clear,01 - Dry,10 - No control,01 - Non intersection,01 - Daylight,02 - Non-fatal injury,03 - Rear end
8668,LA VERENDRYE DR btwn DEERHURST CRT & GATINEAU VIEW CRES,375003.2692,5035156.412,8/30/16,0:00,01 - Clear,01 - Dry,10 - No control,01 - Non intersection,00 - Unknown,03 - P.D. only,06 - SMV unattended vehicle
8669,LA VERENDRYE DR btwn GATINEAU VIEW CRES & OGILVIE RD,375223.3329,5035116.596,2/22/16,7:26,01 - Clear,01 - Dry,10 - No control,01 - Non intersection,01 - Daylight,03 - P.D. only,03 - Rear end
8670,LA VERENDRYE DR btwn OAKDEAN CRES & GLENFERN AVE,374719.3173,5035677.188,11/9/16,8:13,01 - Clear,01 - Dry,10 - No control,04 - At/near private drive,01 - Daylight,03 - P.D. only,02 - Angle
8671,LABELLE ST btwn MICHAEL ST & CYRVILLE RD,372846.039,5031835.671,8/21/16,0:00,01 - Clear,02 - Wet,10 - No control,01 - Non intersection,00 - Unknown,03 - P.D. only,06 - SMV unattended vehicle
8672,LABELLE ST/RAMP @ LEMIEUX ST/HWY417 IC115 RAMP,372540.5731,5031689.278,1/14/16,16:35,01 - Clear,02 - Wet,02 - Stop sign,03 - At intersection,05 - Dusk,02 - Non-fatal injury,02 - Angle
8673,LABELLE ST/RAMP @ LEMIEUX ST/HWY417 IC115 RAMP,372542.379,5031688.789,2/26/16,22:20,01 - Clear,01 - Dry,02 - Stop sign,03 - At intersection,07 - Dark,03 - P.D. only,02 - Angle
8674,LABELLE ST/RAMP @ LEMIEUX ST/HWY417 IC115 RAMP,372541.0618,5031689.228,9/29/16,8:57,01 - Clear,01 - Dry,02 - Stop sign,02 - Intersection related,01 - Daylight,03 - P.D. only,04 - Sideswipe
8675,LABELLE ST/RAMP @ LEMIEUX ST/HWY417 IC115 RAMP,372541.9459,5031688.344,6/9/16,8:00,01 - Clear,01 - Dry,02 - Stop sign,03 - At intersection,01 - Daylight,03 - P.D. only,02 - Angle
8676,LABELLE ST/RAMP @ LEMIEUX ST/HWY417 IC115 RAMP,372541.0386,5031689.478,8/11/16,17:47,01 - Clear,01 - Dry,02 - Stop sign,02 - Intersection related,01 - Daylight,03 - P.D. only,02 - Angle
8677,LABELLE ST/RAMP @ LEMIEUX ST/HWY417 IC115 RAMP,372541.0618,5031688.35,1/22/16,13:15,01 - Clear,01 - Dry,02 - Stop sign,03 - At intersection,01 - Daylight,03 - P.D. only,02 - Angle
8678,LABELLE ST/RAMP @ LEMIEUX ST/HWY417 IC115 RAMP,372541.9444,5031689.689,2/23/16,16:15,01 - Clear,01 - Dry,02 - Stop sign,03 - At intersection,01 - Daylight,03 - P.D. only,02 - Angle
8679,LABELLE ST/RAMP @ LEMIEUX ST/HWY417 IC115 RAMP,372541.9459,5031688.344,6/3/16,15:30,01 - Clear,01 - Dry,02 - Stop sign,02 - Intersection related,01 - Daylight,03 - P.D. only,99 - Other
8680,LACASSE AVE @ LEVIS AVE,370763.2326,5033221.001,10/19/16,14:21,01 - Clear,01 - Dry,02 - Stop sign,03 - At intersection,01 - Daylight,02 - Non-fatal injury,07 - SMV other
8681,LACASSE AVE @ MCARTHUR AVE,370824.782,5032755.769,9/4/16,17:25,01 - Clear,01 - Dry,02 - Stop sign,02 - Intersection related,01 - Daylight,03 - P.D. only,03 - Rear end
8682,LACASSE AVE @ MONTREAL RD,370686.6859,5033406.588,8/1/16,11:59,01 - Clear,01 - Dry,01 - Traffic signal,03 - At intersection,01 - Daylight,02 - Non-fatal injury,07 - SMV other
8683,LACASSE AVE @ MONTREAL RD,370687.8428,5033406.595,8/25/16,17:50,01 - Clear,01 - Dry,01 - Traffic signal,02 - Intersection related,01 - Daylight,03 - P.D. only,03 - Rear end
8684,LACASSE AVE @ MONTREAL RD,370687.5346,5033407.009,10/23/16,1:43,01 - Clear,01 - Dry,01 - Traffic signal,03 - At intersection,07 - Dark,03 - P.D. only,07 - SMV other
8685,LADOUCEUR ST btwn MERTON ST & GARLAND ST,365510.9232,5029895.137,3/29/16,12:53,01 - Clear,01 - Dry,10 - No control,01 - Non intersection,01 - Daylight,03 - P.D. only,06 - SMV unattended vehicle
8686,LAFONTAINE AVE @ MCARTHUR AVE,370950.375,5032772.776,3/20/16,14:40,01 - Clear,01 - Dry,01 - Traffic signal,03 - At intersection,01 - Daylight,02 - Non-fatal injury,05 - Turning movement
8687,LAFONTAINE AVE @ MCARTHUR AVE,370949.4928,5032771.354,8/15/16,12:32,01 - Clear,01 - Dry,01 - Traffic signal,03 - At intersection,01 - Daylight,03 - P.D. only,05 - Turning movement
8688,LAFONTAINE AVE @ MCARTHUR AVE,370949.0537,5032771.793,10/23/16,11:14,01 - Clear,01 - Dry,01 - Traffic signal,03 - At intersection,01 - Daylight,03 - P.D. only,05 - Turning movement
8689,LAFONTAINE AVE @ MCARTHUR AVE,370949.2531,5032771.803,1/4/16,16:42,01 - Clear,01 - Dry,01 - Traffic signal,02 - Intersection related,05 - Dusk,03 - P.D. only,07 - SMV other
8690,LAFONTAINE AVE @ MCARTHUR AVE,370949.7123,5032771.198,1/8/16,15:41,01 - Clear,02 - Wet,01 - Traffic signal,03 - At intersection,01 - Daylight,03 - P.D. only,05 - Turning movement
8691,LAFONTAINE AVE @ MCARTHUR AVE,370948.8841,5032772.816,12/30/16,15:25,01 - Clear,02 - Wet,01 - Traffic signal,03 - At intersection,01 - Daylight,03 - P.D. only,05 - Turning movement
8692,LAFONTAINE AVE @ MCARTHUR AVE,370951.3686,5032771.16,11/25/16,16:35,01 - Clear,02 - Wet,01 - Traffic signal,02 - Intersection related,05 - Dusk,03 - P.D. only,03 - Rear end
8693,LAJOIE ST @ MONTREAL RD,370534.0487,5033326.809,1/29/16,19:13,01 - Clear,02 - Wet,01 - Traffic signal,02 - Intersection related,07 - Dark,02 - Non-fatal injury,03 - Rear end
8694,LAKE FOREST WALK @ OLD PRESCOTT RD,377556.1965,5014456.695,7/23/16,10:50,01 - Clear,01 - Dry,02 - Stop sign,02 - Intersection related,01 - Daylight,03 - P.D. only,03 - Rear end
8695,LAKERIDGE DR btwn HARVEST VALLEY AVE E & LAKERIDGE DR N,385056.7432,5034600.596,2/18/16,15:50,01 - Clear,01 - Dry,10 - No control,01 - Non intersection,01 - Daylight,03 - P.D. only,04 - Sideswipe
8696,LAKERIDGE DR btwn HARVEST VALLEY AVE E & LAKERIDGE DR N,385097.7888,5034580.002,10/28/16,8:43,03 - Snow,02 - Wet,10 - No control,01 - Non intersection,01 - Daylight,03 - P.D. only,06 - SMV unattended vehicle
8697,LAKERIDGE DR btwn HARVEST VALLEY AVE W & LAKERIDGE DR N,385004.6668,5034576.916,7/4/16,20:38,01 - Clear,01 - Dry,10 - No control,01 - Non intersection,05 - Dusk,03 - P.D. only,04 - Sideswipe
8698,LAKESIDE AVE @ QUEEN ELIZABETH DRWY,367456.379,5028711.274,1/21/16,9:30,01 - Clear,01 - Dry,02 - Stop sign,02 - Intersection related,01 - Daylight,03 - P.D. only,03 - Rear end
8699,LAKEVIEW TER btwn QUEEN ELIZABETH DRWY & BRONSON AVE,367645.3373,5028737.178,2/11/16,15:18,01 - Clear,03 - Loose snow,10 - No control,01 - Non intersection,01 - Daylight,03 - P.D. only,04 - Sideswipe
8700,L'ALLEMAND ST @ MONTREAL RD,370571.4889,5033348.37,9/9/16,11:16,01 - Clear,01 - Dry,02 - Stop sign,03 - At intersection,01 - Daylight,02 - Non-fatal injury,02 - Angle
8701,L'ALLEMAND ST @ MONTREAL RD,370571.9946,5033349.113,3/23/16,13:59,01 - Clear,01 - Dry,02 - Stop sign,02 - Intersection related,01 - Daylight,03 - P.D. only,02 - Angle
8702,LAMIRA ST btwn KILBORN AVE & END,369740.2899,5027941.503,1/17/16,13:59,03 - Snow,03 - Loose snow,10 - No control,01 - Non intersection,01 - Daylight,03 - P.D. only,06 - SMV unattended vehicle
8703,LAMIRA ST btwn KILBORN AVE & END,369755.8479,5027852.05,5/6/16,15:34,01 - Clear,01 - Dry,10 - No control,04 - At/near private drive,01 - Daylight,03 - P.D. only,06 - SMV unattended vehicle
8704,LANARK AVE btwn BRIARWAY PRIV & METROPOLE PRIV,363433.2004,5029076.04,8/8/16,17:53,01 - Clear,01 - Dry,10 - No control,01 - Non intersection,01 - Daylight,03 - P.D. only,04 - Sideswipe
8705,LANCASTER RD @ WALKLEY RD,374908.516,5028602.766,4/25/16,11:43,01 - Clear,01 - Dry,01 - Traffic signal,03 - At intersection,01 - Daylight,02 - Non-fatal injury,02 - Angle
8706,LANCASTER RD @ WALKLEY RD,374908.521,5028603.639,9/11/16,11:00,01 - Clear,01 - Dry,01 - Traffic signal,02 - Intersection related,01 - Daylight,03 - P.D. only,04 - Sideswipe
8707,LANCASTER RD @ WALKLEY RD,374908.96,5028603.639,1/18/16,9:45,01 - Clear,04 - Slush,01 - Traffic signal,02 - Intersection related,01 - Daylight,03 - P.D. only,04 - Sideswipe
8708,LANCASTER RD @ WALKLEY RD,374909.4169,5028603.218,5/19/16,16:15,01 - Clear,01 - Dry,01 - Traffic signal,02 - Intersection related,01 - Daylight,03 - P.D. only,03 - Rear end
8709,LANCASTER RD @ WALKLEY RD,374908.7405,5028601.393,7/28/16,8:52,01 - Clear,01 - Dry,01 - Traffic signal,02 - Intersection related,01 - Daylight,03 - P.D. only,03 - Rear end
8710,LANCASTER RD @ WALKLEY RD,374908.521,5028603.2,12/17/16,12:45,03 - Snow,03 - Loose snow,01 - Traffic signal,03 - At intersection,01 - Daylight,03 - P.D. only,05 - Turning movement