Record,Location,X,Y,Date,Time,Environment,Road_Surface,Traffic_Control,Collision_Location,Light,Collision_Classification,Impact_type
8711,LANCASTER RD btwn BARBERRY LANE & WALKLEY RD,374883.4935,5028674.33,9/16/16,20:45,01 - Clear,01 - Dry,10 - No control,01 - Non intersection,07 - Dark,03 - P.D. only,05 - Turning movement
8712,LANCASTER RD btwn DELRIDGE LANE & BARRYMORE LANE,374478.4157,5029106.367,12/15/16,8:27,01 - Clear,06 - Ice,10 - No control,04 - At/near private drive,01 - Daylight,02 - Non-fatal injury,03 - Rear end
8713,LANCASTER RD btwn SHELBOURN LANE & DELRIDGE LANE,374012.6187,5029500.353,9/19/16,16:41,01 - Clear,01 - Dry,10 - No control,04 - At/near private drive,01 - Daylight,03 - P.D. only,03 - Rear end
8714,LANDRY ST btwn CHARLEVOIX ST & LOYER ST,369481.9066,5033485.373,10/31/16,15:39,01 - Clear,01 - Dry,10 - No control,01 - Non intersection,01 - Daylight,03 - P.D. only,99 - Other
8715,LANDRY ST btwn ST. AMBROISE ST & BARIBEAU ST,369932.6576,5033547.912,5/30/16,13:00,01 - Clear,01 - Dry,10 - No control,04 - At/near private drive,01 - Daylight,03 - P.D. only,02 - Angle
8716,LANDRY ST btwn ST. CHARLES ST & ST. AMBROISE ST,369833.7994,5033533.647,12/13/16,0:00,01 - Clear,01 - Dry,10 - No control,01 - Non intersection,00 - Unknown,03 - P.D. only,06 - SMV unattended vehicle
8717,LANDSWOOD WAY btwn WEST RIDGE DR & WEST RIDGE DR,350206.4754,5011745.307,10/8/16,10:58,02 - Rain,02 - Wet,10 - No control,04 - At/near private drive,01 - Daylight,03 - P.D. only,06 - SMV unattended vehicle
8718,LANGHOLM CRES btwn ST. REMY DR & ST. REMY DR,361926.8922,5015960.028,5/8/16,14:00,01 - Clear,01 - Dry,10 - No control,01 - Non intersection,01 - Daylight,03 - P.D. only,06 - SMV unattended vehicle
8719,LANGSTROM CRES btwn JOHNSTON RD & JOHNSTON RD,373624.6057,5026309.663,2/16/16,9:30,03 - Snow,03 - Loose snow,10 - No control,04 - At/near private drive,01 - Daylight,03 - P.D. only,06 - SMV unattended vehicle
8720,LANTHIER DR @ VANTAGE DR,383600.0872,5035849.909,1/14/16,14:00,01 - Clear,06 - Ice,02 - Stop sign,02 - Intersection related,01 - Daylight,03 - P.D. only,03 - Rear end
8721,LANTHIER DR @ VANTAGE DR,383601.8591,5035848.341,1/14/16,12:52,01 - Clear,06 - Ice,02 - Stop sign,02 - Intersection related,01 - Daylight,03 - P.D. only,03 - Rear end
8722,LANTHIER DR @ VANTAGE DR,383599.2605,5035850.437,1/11/16,17:15,01 - Clear,06 - Ice,02 - Stop sign,02 - Intersection related,05 - Dusk,03 - P.D. only,03 - Rear end
8723,LANTHIER DR @ VANTAGE DR,383600.0109,5035849.687,1/12/16,15:17,04 - Freezing Rain,06 - Ice,02 - Stop sign,02 - Intersection related,01 - Daylight,03 - P.D. only,03 - Rear end
8724,LANTHIER DR @ VANTAGE DR,383600.088,5035848.336,1/14/16,11:41,01 - Clear,06 - Ice,02 - Stop sign,02 - Intersection related,01 - Daylight,03 - P.D. only,03 - Rear end
8725,LANTHIER DR @ VANTAGE DR,383601.5896,5035848.975,12/9/16,17:42,01 - Clear,01 - Dry,02 - Stop sign,02 - Intersection related,07 - Dark,03 - P.D. only,03 - Rear end
8726,LANTHIER DR @ VANTAGE DR,383599.9333,5035849.389,12/9/16,15:30,01 - Clear,06 - Ice,02 - Stop sign,02 - Intersection related,01 - Daylight,03 - P.D. only,03 - Rear end
8727,LAPERRIERE AVE btwn CHURCHILL AVE S & MCBRIDE ST,364049.5418,5026660.22,3/10/16,17:15,01 - Clear,01 - Dry,10 - No control,04 - At/near private drive,01 - Daylight,03 - P.D. only,02 - Angle
8728,LAPERRIERE AVE btwn CLYDE AVE & BELLEVUE AVE,363821.8033,5026522.97,4/28/16,10:03,01 - Clear,01 - Dry,10 - No control,04 - At/near private drive,01 - Daylight,03 - P.D. only,02 - Angle
8729,LAPERRIERE AVE btwn LARKIN ST & COLDREY AVE,364299.1244,5026820.529,10/11/16,13:40,01 - Clear,01 - Dry,10 - No control,04 - At/near private drive,01 - Daylight,03 - P.D. only,03 - Rear end
8730,LAPERRIERE AVE btwn MCBRIDE ST & LADY ELLEN PL,364078.1464,5026681.501,1/18/16,9:45,01 - Clear,04 - Slush,10 - No control,04 - At/near private drive,01 - Daylight,03 - P.D. only,02 - Angle
8731,LARCH ST @ PRESTON ST,366437.4648,5029831.469,7/16/16,13:04,01 - Clear,01 - Dry,02 - Stop sign,03 - At intersection,01 - Daylight,02 - Non-fatal injury,05 - Turning movement
8732,LARGO CRES btwn DALLAS PL & SPRING GARDEN AVE,364746.686,5022927.332,9/17/16,1:55,00 - Unknown,01 - Dry,10 - No control,01 - Non intersection,07 - Dark,03 - P.D. only,07 - SMV other
8733,LARKIN DR btwn LAMING ST & CARROLL CRT,362041.2462,5015661.473,12/14/16,19:27,01 - Clear,06 - Ice,10 - No control,01 - Non intersection,07 - Dark,03 - P.D. only,06 - SMV unattended vehicle
8734,LARKIN DR btwn LAMING ST & CARROLL CRT,362046.6613,5015667.096,11/22/16,18:54,01 - Clear,01 - Dry,10 - No control,01 - Non intersection,07 - Dark,03 - P.D. only,06 - SMV unattended vehicle
8735,LAROSE AVE @ MERIVALE RD,364846.04,5026967.324,1/29/16,11:35,03 - Snow,02 - Wet,02 - Stop sign,02 - Intersection related,01 - Daylight,03 - P.D. only,05 - Turning movement
8736,LAROUCHE ST btwn MCARTHUR AVE & STEVENS AVE,370416.1759,5032551.422,2/17/16,16:18,01 - Clear,03 - Loose snow,10 - No control,01 - Non intersection,01 - Daylight,03 - P.D. only,06 - SMV unattended vehicle
8737,LASIANDRA LANE btwn LADY SLIPPER WAY & WHITETAIL DR,344020.4707,5012153.55,4/3/16,7:23,01 - Clear,01 - Dry,10 - No control,01 - Non intersection,01 - Daylight,02 - Non-fatal injury,07 - SMV other
8738,LASSITER TER S @ OGILVIE RD,375509.1078,5034863.703,10/17/16,10:45,01 - Clear,01 - Dry,02 - Stop sign,02 - Intersection related,01 - Daylight,03 - P.D. only,05 - Turning movement
8739,LATOUR CRES btwn GARDENWAY DR & GARDENWAY DR,383907.0023,5036811.833,1/22/16,7:32,01 - Clear,01 - Dry,10 - No control,04 - At/near private drive,03 - Dawn,03 - P.D. only,02 - Angle
8740,LAUREL ST btwn PRESTON ST & END,366401.0832,5029899.097,4/25/16,12:36,01 - Clear,01 - Dry,10 - No control,04 - At/near private drive,01 - Daylight,03 - P.D. only,99 - Other
8741,LAUREL ST btwn PRESTON ST & END,366316.2778,5029862.559,4/24/16,0:00,01 - Clear,01 - Dry,10 - No control,01 - Non intersection,00 - Unknown,03 - P.D. only,06 - SMV unattended vehicle
8742,LAURIER AVE   E btwn COPERNICUS ST & RING LANE,368683.1237,5032000.192,3/12/16,19:15,02 - Rain,02 - Wet,10 - No control,01 - Non intersection,07 - Dark,03 - P.D. only,06 - SMV unattended vehicle
8743,LAURIER AVE   E btwn CUMBERLAND ST & COPERNICUS ST,368659.1206,5031986.851,8/9/16,16:12,01 - Clear,01 - Dry,10 - No control,01 - Non intersection,01 - Daylight,03 - P.D. only,04 - Sideswipe
8744,LAURIER AVE   E btwn GOULBURN AVE & MARLBOROUGH AVE,369289.2749,5032368.017,4/3/16,23:54,01 - Clear,01 - Dry,10 - No control,04 - At/near private drive,07 - Dark,03 - P.D. only,05 - Turning movement
8745,LAURIER AVE   E btwn HENDERSON AVE & NELSON ST,368831.3427,5032090.668,7/2/16,12:11,01 - Clear,01 - Dry,10 - No control,04 - At/near private drive,01 - Daylight,02 - Non-fatal injury,02 - Angle
8746,LAURIER AVE   E btwn HENDERSON AVE & NELSON ST,368823.9363,5032086.228,1/30/16,23:37,01 - Clear,01 - Dry,10 - No control,01 - Non intersection,07 - Dark,03 - P.D. only,06 - SMV unattended vehicle
8747,LAURIER AVE   E btwn LAURIER AVE W & NICHOLAS ST,368288.7432,5031747.188,9/14/16,16:22,01 - Clear,01 - Dry,10 - No control,01 - Non intersection,01 - Daylight,02 - Non-fatal injury,05 - Turning movement
8748,LAURIER AVE   E btwn LAURIER AVE W & NICHOLAS ST,368285.8523,5031744.854,7/5/16,15:56,01 - Clear,01 - Dry,10 - No control,07 - Overpass or bridge,01 - Daylight,02 - Non-fatal injury,03 - Rear end
8749,LAURIER AVE   E btwn LAURIER AVE W & NICHOLAS ST,368355.4153,5031786.195,9/6/16,14:16,01 - Clear,01 - Dry,10 - No control,01 - Non intersection,01 - Daylight,03 - P.D. only,04 - Sideswipe
8750,LAURIER AVE   E btwn NELSON ST & SWEETLAND AVE,368930.1665,5032150.659,10/21/16,19:29,01 - Clear,01 - Dry,10 - No control,01 - Non intersection,07 - Dark,03 - P.D. only,02 - Angle
8751,LAURIER AVE   E btwn RUSSELL AVE & CHAPEL ST,369111.9035,5032260.853,2/16/16,8:30,03 - Snow,05 - Packed snow,10 - No control,01 - Non intersection,01 - Daylight,03 - P.D. only,06 - SMV unattended vehicle
8752,LAURIER AVE   E btwn RUSSELL AVE & CHAPEL ST,369109.6338,5032259.275,4/9/16,23:09,01 - Clear,01 - Dry,10 - No control,01 - Non intersection,07 - Dark,03 - P.D. only,07 - SMV other
8753,LAURIER AVE   E btwn RUSSELL AVE & CHAPEL ST,369114.886,5032262.014,5/18/16,19:59,01 - Clear,01 - Dry,10 - No control,01 - Non intersection,01 - Daylight,03 - P.D. only,04 - Sideswipe
8754,LAURIER AVE   W btwn BANK ST & O'CONNOR ST,367542.8121,5031300.785,10/24/16,13:16,01 - Clear,01 - Dry,10 - No control,01 - Non intersection,01 - Daylight,03 - P.D. only,03 - Rear end
8755,LAURIER AVE   W btwn BANK ST & O'CONNOR ST,367617.7294,5031346.99,4/16/16,18:45,01 - Clear,01 - Dry,10 - No control,01 - Non intersection,05 - Dusk,03 - P.D. only,06 - SMV unattended vehicle
8756,LAURIER AVE   W btwn BAY ST & LYON ST N,367141.9887,5031063.503,5/27/16,11:20,01 - Clear,01 - Dry,10 - No control,04 - At/near private drive,01 - Daylight,02 - Non-fatal injury,05 - Turning movement
8757,LAURIER AVE   W btwn BRONSON AVE & PERCY ST,366850.5846,5030887.694,11/7/16,10:15,01 - Clear,01 - Dry,10 - No control,04 - At/near private drive,01 - Daylight,02 - Non-fatal injury,02 - Angle
8758,LAURIER AVE   W btwn ELGIN ST & QUEEN ELIZABETH DRWY/LAURIER AVE WB ON,368045.4035,5031607.871,3/10/16,17:13,02 - Rain,02 - Wet,10 - No control,01 - Non intersection,01 - Daylight,03 - P.D. only,01 - Approaching
8759,LAURIER AVE   W btwn ELGIN ST & QUEEN ELIZABETH DRWY/LAURIER AVE WB ON,367975.1377,5031565.701,3/3/16,8:58,01 - Clear,02 - Wet,10 - No control,01 - Non intersection,01 - Daylight,03 - P.D. only,99 - Other
8760,LAURIER AVE   W btwn ELGIN ST & QUEEN ELIZABETH DRWY/LAURIER AVE WB ON,367994.2586,5031573.178,11/2/16,18:08,01 - Clear,01 - Dry,10 - No control,01 - Non intersection,07 - Dark,03 - P.D. only,03 - Rear end
8761,LAURIER AVE   W btwn KENT ST & BANK ST,367404.0812,5031219.266,10/29/16,19:08,01 - Clear,01 - Dry,10 - No control,01 - Non intersection,07 - Dark,02 - Non-fatal injury,05 - Turning movement
8762,LAURIER AVE   W btwn KENT ST & BANK ST,367462.8875,5031253.187,6/9/16,9:54,01 - Clear,01 - Dry,10 - No control,01 - Non intersection,01 - Daylight,03 - P.D. only,04 - Sideswipe
8763,LAURIER AVE   W btwn KENT ST & BANK ST,367404.1975,5031219.433,9/26/16,13:27,01 - Clear,01 - Dry,10 - No control,01 - Non intersection,01 - Daylight,03 - P.D. only,06 - SMV unattended vehicle
8764,LAURIER AVE   W btwn LYON ST N & KENT ST,367263.9727,5031134.066,5/25/16,16:15,01 - Clear,01 - Dry,10 - No control,04 - At/near private drive,01 - Daylight,02 - Non-fatal injury,99 - Other
8765,LAURIER AVE   W btwn METCALFE ST & ELGIN ST,367854.7085,5031490.925,5/12/16,14:50,01 - Clear,01 - Dry,10 - No control,04 - At/near private drive,01 - Daylight,02 - Non-fatal injury,05 - Turning movement
8766,LAURIER AVE   W btwn METCALFE ST & ELGIN ST,367889.5104,5031511.766,9/13/16,16:15,01 - Clear,01 - Dry,10 - No control,04 - At/near private drive,01 - Daylight,02 - Non-fatal injury,05 - Turning movement
8767,LAURIER AVE   W btwn METCALFE ST & ELGIN ST,367870.5379,5031500.578,7/15/16,8:41,01 - Clear,01 - Dry,10 - No control,01 - Non intersection,01 - Daylight,03 - P.D. only,04 - Sideswipe
8768,LAURIER AVE   W btwn METCALFE ST & ELGIN ST,367937.474,5031541.935,4/5/16,16:09,01 - Clear,01 - Dry,10 - No control,01 - Non intersection,01 - Daylight,03 - P.D. only,03 - Rear end
8769,LAURIER AVE   W btwn METCALFE ST & ELGIN ST,367801.4802,5031457.171,11/23/16,11:39,01 - Clear,01 - Dry,10 - No control,04 - At/near private drive,01 - Daylight,03 - P.D. only,02 - Angle
8770,LAURIER AVE   W btwn PERCY ST & BAY ST,367011.8815,5030984.633,8/7/16,16:49,01 - Clear,01 - Dry,10 - No control,04 - At/near private drive,01 - Daylight,03 - P.D. only,02 - Angle
8771,LAURIER AVE   W btwn PERCY ST & BAY ST,366966.1542,5030956.391,10/7/16,9:07,01 - Clear,01 - Dry,10 - No control,04 - At/near private drive,01 - Daylight,03 - P.D. only,05 - Turning movement
8772,LAURIER AVE   W btwn QUEEN ELIZABETH DRWY/LAURIER AVE EB OFF RAMP & LA,368174.7932,5031681.444,6/21/16,18:11,01 - Clear,01 - Dry,10 - No control,01 - Non intersection,01 - Daylight,03 - P.D. only,03 - Rear end
8773,LAURIER AVE   W btwn QUEEN ELIZABETH DRWY/LAURIER AVE WB ON RAMP & QUE,368078.9034,5031625.904,7/15/16,22:03,02 - Rain,02 - Wet,10 - No control,01 - Non intersection,07 - Dark,03 - P.D. only,04 - Sideswipe
8774,LAURIER AVE  E btwn 73 E OF WALLER ST & CUMBERLAND ST,368593.0938,5031944.852,8/22/16,13:45,01 - Clear,01 - Dry,10 - No control,01 - Non intersection,01 - Daylight,03 - P.D. only,04 - Sideswipe
8775,LAURIER AVE @ LYON ST,367153.3051,5031067.788,9/1/16,7:49,01 - Clear,01 - Dry,01 - Traffic signal,03 - At intersection,01 - Daylight,01 - Fatal injury,05 - Turning movement
8776,LAURIER AVE @ LYON ST,367153.4717,5031069.241,4/8/16,14:26,01 - Clear,02 - Wet,01 - Traffic signal,03 - At intersection,01 - Daylight,03 - P.D. only,02 - Angle
8777,LAURIER AVE @ LYON ST,367153.1101,5031068.8,4/19/16,5:54,01 - Clear,01 - Dry,01 - Traffic signal,03 - At intersection,07 - Dark,03 - P.D. only,02 - Angle
8778,LAURIER AVE @ MARLBOROUGH AVE,369324.9305,5032386.489,12/14/16,15:01,01 - Clear,01 - Dry,02 - Stop sign,03 - At intersection,01 - Daylight,02 - Non-fatal injury,02 - Angle
8779,LAURIER AVE @ MARLBOROUGH AVE,369325.0438,5032387.584,12/18/16,15:52,01 - Clear,04 - Slush,02 - Stop sign,03 - At intersection,01 - Daylight,03 - P.D. only,02 - Angle
8780,LAURIER AVE @ NELSON ST,368878.1087,5032116.799,5/10/16,12:54,01 - Clear,01 - Dry,01 - Traffic signal,02 - Intersection related,01 - Daylight,03 - P.D. only,03 - Rear end
8781,LAURIER AVE @ NELSON ST,368876.6204,5032117.8,11/11/16,12:49,01 - Clear,01 - Dry,01 - Traffic signal,03 - At intersection,01 - Daylight,03 - P.D. only,05 - Turning movement
8782,LAURIER AVE @ NICHOLAS ST,368375.2933,5031799.512,9/1/16,17:05,01 - Clear,01 - Dry,01 - Traffic signal,02 - Intersection related,01 - Daylight,02 - Non-fatal injury,03 - Rear end
8783,LAURIER AVE @ NICHOLAS ST,368375.3357,5031797.458,5/10/16,12:10,01 - Clear,01 - Dry,01 - Traffic signal,02 - Intersection related,01 - Daylight,02 - Non-fatal injury,03 - Rear end
8784,LAURIER AVE @ NICHOLAS ST,368374.4652,5031797.028,10/3/16,11:42,01 - Clear,01 - Dry,01 - Traffic signal,02 - Intersection related,01 - Daylight,02 - Non-fatal injury,03 - Rear end
8785,LAURIER AVE @ NICHOLAS ST,368372.6903,5031798.507,11/25/16,8:30,01 - Clear,02 - Wet,01 - Traffic signal,02 - Intersection related,01 - Daylight,02 - Non-fatal injury,03 - Rear end
8786,LAURIER AVE @ NICHOLAS ST,368374.0165,5031798.772,3/1/16,7:35,01 - Clear,01 - Dry,01 - Traffic signal,02 - Intersection related,01 - Daylight,03 - P.D. only,03 - Rear end
8787,LAURIER AVE @ NICHOLAS ST,368372.4651,5031798.27,10/1/16,22:57,01 - Clear,01 - Dry,01 - Traffic signal,02 - Intersection related,07 - Dark,03 - P.D. only,05 - Turning movement
8788,LAURIER AVE @ NICHOLAS ST,368373.5588,5031798.357,6/18/16,3:09,01 - Clear,01 - Dry,01 - Traffic signal,03 - At intersection,07 - Dark,03 - P.D. only,05 - Turning movement
8789,LAURIER AVE @ NICHOLAS ST,368374.4502,5031798.658,8/29/16,14:17,01 - Clear,01 - Dry,01 - Traffic signal,02 - Intersection related,01 - Daylight,03 - P.D. only,04 - Sideswipe
8790,LAURIER AVE @ NICHOLAS ST,368373.5695,5031798.495,5/1/16,13:46,02 - Rain,02 - Wet,01 - Traffic signal,02 - Intersection related,01 - Daylight,03 - P.D. only,03 - Rear end
8791,LAURIER AVE @ NICHOLAS ST,368374.1366,5031799.257,5/5/16,6:21,01 - Clear,01 - Dry,01 - Traffic signal,02 - Intersection related,01 - Daylight,03 - P.D. only,03 - Rear end
8792,LAURIER AVE @ NICHOLAS ST,368375.4887,5031796.455,5/5/16,18:27,01 - Clear,01 - Dry,01 - Traffic signal,02 - Intersection related,01 - Daylight,03 - P.D. only,03 - Rear end
8793,LAURIER AVE @ NICHOLAS ST,368373.6614,5031798.283,6/13/16,13:07,01 - Clear,01 - Dry,01 - Traffic signal,03 - At intersection,01 - Daylight,03 - P.D. only,03 - Rear end
8794,LAURIER AVE @ NICHOLAS ST,368372.6963,5031798.658,1/12/16,22:30,03 - Snow,03 - Loose snow,01 - Traffic signal,02 - Intersection related,07 - Dark,03 - P.D. only,03 - Rear end
8795,LAURIER AVE @ NICHOLAS ST,368373.6712,5031798.207,1/20/16,6:43,01 - Clear,04 - Slush,01 - Traffic signal,03 - At intersection,07 - Dark,03 - P.D. only,03 - Rear end
8796,LAURIER AVE @ NICHOLAS ST,368373.859,5031798.048,1/12/16,23:30,03 - Snow,03 - Loose snow,01 - Traffic signal,02 - Intersection related,07 - Dark,03 - P.D. only,04 - Sideswipe
8797,LAURIER AVE @ NICHOLAS ST,368373.9033,5031798.004,3/28/16,12:21,02 - Rain,02 - Wet,01 - Traffic signal,03 - At intersection,01 - Daylight,03 - P.D. only,05 - Turning movement
8798,LAURIER AVE @ NICHOLAS ST,368372.9784,5031798.05,9/14/16,20:05,01 - Clear,01 - Dry,01 - Traffic signal,03 - At intersection,07 - Dark,03 - P.D. only,04 - Sideswipe
8799,LAURIER AVE @ NICHOLAS ST,368372.5393,5031797.611,9/26/16,9:00,01 - Clear,01 - Dry,01 - Traffic signal,03 - At intersection,01 - Daylight,03 - P.D. only,03 - Rear end
8800,LAURIER AVE @ NICHOLAS ST,368373.4145,5031798.33,4/8/16,21:06,01 - Clear,01 - Dry,01 - Traffic signal,03 - At intersection,07 - Dark,03 - P.D. only,04 - Sideswipe
8801,LAURIER AVE @ NICHOLAS ST,368373.637,5031798.684,10/10/16,16:30,01 - Clear,01 - Dry,01 - Traffic signal,02 - Intersection related,01 - Daylight,03 - P.D. only,03 - Rear end
8802,LAURIER AVE @ NICHOLAS ST,368373.8491,5031799.005,11/3/16,14:33,02 - Rain,02 - Wet,01 - Traffic signal,02 - Intersection related,01 - Daylight,03 - P.D. only,04 - Sideswipe
8803,LAURIER AVE @ NICHOLAS ST,368378.5209,5031794.964,8/6/16,12:10,01 - Clear,01 - Dry,01 - Traffic signal,03 - At intersection,01 - Daylight,03 - P.D. only,04 - Sideswipe
8804,LAURIER AVE @ NICHOLAS ST,368372.8088,5031796.2,9/20/16,16:52,01 - Clear,01 - Dry,01 - Traffic signal,03 - At intersection,01 - Daylight,03 - P.D. only,04 - Sideswipe
8805,LAURIER AVE @ NICHOLAS ST,368374.5838,5031798.98,12/1/16,8:50,02 - Rain,02 - Wet,01 - Traffic signal,03 - At intersection,01 - Daylight,03 - P.D. only,04 - Sideswipe
8806,LAURIER AVE @ O'CONNOR ST,367636.4812,5031358.358,6/29/16,7:22,01 - Clear,01 - Dry,01 - Traffic signal,03 - At intersection,01 - Daylight,02 - Non-fatal injury,05 - Turning movement
8807,LAURIER AVE @ O'CONNOR ST,367636.9015,5031358.824,1/13/16,15:35,01 - Clear,03 - Loose snow,01 - Traffic signal,03 - At intersection,01 - Daylight,03 - P.D. only,05 - Turning movement
8808,LAURIER AVE @ O'CONNOR ST,367636.1487,5031359.291,9/9/16,15:34,01 - Clear,01 - Dry,01 - Traffic signal,03 - At intersection,01 - Daylight,03 - P.D. only,04 - Sideswipe
8809,LAURIER AVE @ O'CONNOR ST,367636.4734,5031358.577,8/8/16,16:44,01 - Clear,01 - Dry,01 - Traffic signal,03 - At intersection,01 - Daylight,03 - P.D. only,05 - Turning movement
8810,LAURIER AVE @ O'CONNOR ST,367637.4011,5031358.732,11/5/16,10:45,01 - Clear,01 - Dry,01 - Traffic signal,02 - Intersection related,01 - Daylight,03 - P.D. only,04 - Sideswipe
8811,LAURIER AVE @ O'CONNOR ST,367635.8725,5031358.991,10/19/16,9:50,01 - Clear,01 - Dry,01 - Traffic signal,02 - Intersection related,01 - Daylight,03 - P.D. only,04 - Sideswipe
8812,LAURIER AVE @ O'CONNOR ST,367635.0444,5031357.335,11/8/16,8:14,01 - Clear,01 - Dry,01 - Traffic signal,02 - Intersection related,01 - Daylight,03 - P.D. only,04 - Sideswipe
8813,LAURIER AVE @ QUEEN ELIZABETH DRWY/LAURIER AVE,368076.8812,5031625.433,3/22/16,22:29,02 - Rain,02 - Wet,01 - Traffic signal,03 - At intersection,07 - Dark,02 - Non-fatal injury,07 - SMV other
8814,LAURIER AVE @ QUEEN ELIZABETH DRWY/LAURIER AVE,368075.292,5031624.092,6/1/16,19:14,01 - Clear,01 - Dry,01 - Traffic signal,03 - At intersection,01 - Daylight,02 - Non-fatal injury,07 - SMV other
8815,LAURIER AVE @ QUEEN ELIZABETH DRWY/LAURIER AVE,368075.5805,5031624.614,7/26/16,15:11,01 - Clear,01 - Dry,01 - Traffic signal,02 - Intersection related,01 - Daylight,03 - P.D. only,03 - Rear end
8816,LAURIER AVE @ WALLER ST/TRANSITWAY,368453.9601,5031858.636,6/30/16,7:26,01 - Clear,01 - Dry,01 - Traffic signal,03 - At intersection,01 - Daylight,02 - Non-fatal injury,07 - SMV other
8817,LAURIER AVE @ WALLER ST/TRANSITWAY,368454.2368,5031858.995,10/26/16,19:10,01 - Clear,01 - Dry,01 - Traffic signal,02 - Intersection related,07 - Dark,03 - P.D. only,04 - Sideswipe
8818,LAURIER AVE @ WALLER ST/TRANSITWAY,368454.9547,5031859.86,6/27/16,15:47,01 - Clear,01 - Dry,01 - Traffic signal,03 - At intersection,01 - Daylight,03 - P.D. only,02 - Angle
8819,LAURIN CRES btwn PRESTONE DR & PRESTONE DR,383065.2033,5038079.9,5/13/16,21:00,01 - Clear,01 - Dry,10 - No control,01 - Non intersection,05 - Dusk,03 - P.D. only,06 - SMV unattended vehicle
8820,LAVAL ST @ MARIER AVE,369707.213,5033852.224,12/19/16,21:15,01 - Clear,05 - Packed snow,02 - Stop sign,02 - Intersection related,07 - Dark,03 - P.D. only,07 - SMV other
8821,LAVAL ST btwn LOYER ST & ST. CHARLES ST,369424.3994,5033581.113,10/5/16,18:36,01 - Clear,01 - Dry,10 - No control,04 - At/near private drive,07 - Dark,03 - P.D. only,06 - SMV unattended vehicle
8822,LAVERGNE ST btwn DES PERES BLANCS AVE & PERRIER AVE,370312.8629,5033900.772,10/27/16,0:00,01 - Clear,01 - Dry,10 - No control,01 - Non intersection,00 - Unknown,03 - P.D. only,06 - SMV unattended vehicle
8823,LAWN AVE btwn WOODLAND AVE & ANCASTER AVE,361627.2012,5025974.443,6/4/16,17:12,01 - Clear,01 - Dry,10 - No control,04 - At/near private drive,01 - Daylight,03 - P.D. only,06 - SMV unattended vehicle
8824,LAWRENCE ST btwn CARACOURT DR & TALBOT ST,386146.3277,5002682.83,10/11/16,20:25,01 - Clear,01 - Dry,10 - No control,01 - Non intersection,07 - Dark,03 - P.D. only,07 - SMV other
8825,LEACOCK DR btwn PENTLAND CRES & PENTLAND CRES,351490.3588,5020811.988,5/10/16,16:11,01 - Clear,01 - Dry,10 - No control,04 - At/near private drive,01 - Daylight,03 - P.D. only,99 - Other
8826,LEASIDE AVE @ MERIVALE RD,364875.6201,5027276.232,7/26/16,18:53,01 - Clear,01 - Dry,02 - Stop sign,03 - At intersection,01 - Daylight,03 - P.D. only,07 - SMV other
8827,LEBOUTILLIER AVE @ MONTREAL RD,372514.306,5034284.098,6/16/16,15:30,01 - Clear,01 - Dry,02 - Stop sign,02 - Intersection related,01 - Daylight,03 - P.D. only,03 - Rear end
8828,LEBOUTILLIER AVE @ MONTREAL RD,372514.306,5034284.098,3/10/16,12:18,01 - Clear,01 - Dry,02 - Stop sign,02 - Intersection related,01 - Daylight,03 - P.D. only,03 - Rear end
8829,LEBRETON ST    N btwn ECCLES ST & WILLOW ST,366733.1915,5030201.175,9/10/16,0:00,01 - Clear,01 - Dry,10 - No control,01 - Non intersection,00 - Unknown,03 - P.D. only,06 - SMV unattended vehicle
8830,LEBRETON ST    S btwn DANIEL MCCANN ST & HENRY ST,367047.9687,5029475.348,1/13/16,6:30,01 - Clear,04 - Slush,10 - No control,01 - Non intersection,07 - Dark,03 - P.D. only,06 - SMV unattended vehicle
8831,LEBRETON ST @ RAYMOND ST,366959.7636,5029681.796,10/20/16,12:46,02 - Rain,02 - Wet,02 - Stop sign,02 - Intersection related,01 - Daylight,03 - P.D. only,04 - Sideswipe
8832,LEBRETON ST @ SOMERSET ST,366681.4744,5030318.908,12/11/16,18:57,03 - Snow,04 - Slush,02 - Stop sign,03 - At intersection,07 - Dark,03 - P.D. only,02 - Angle
8833,LECKIE PRIV btwn CONVAIR PRIV & ALOUETTE PRIV,369650.9722,5021102.321,3/2/16,8:45,05 - Drifting Snow,03 - Loose snow,10 - No control,04 - At/near private drive,01 - Daylight,03 - P.D. only,02 - Angle
8834,LECKIE PRIV btwn CONVAIR PRIV & ALOUETTE PRIV,369626.07,5021067.204,2/11/16,3:30,05 - Drifting Snow,05 - Packed snow,10 - No control,01 - Non intersection,07 - Dark,03 - P.D. only,07 - SMV other
8835,LECLAIR CRES btwn PIMPRENELLE TER & PIMPRENELLE TER,382680.3993,5035929.432,4/23/16,17:23,01 - Clear,01 - Dry,10 - No control,04 - At/near private drive,01 - Daylight,03 - P.D. only,06 - SMV unattended vehicle
8836,LEEDS AVE @ SHEFFIELD RD,374863.4055,5029551.219,2/17/16,18:13,03 - Snow,05 - Packed snow,03 - Yield sign,03 - At intersection,07 - Dark,03 - P.D. only,02 - Angle