Record,Location,X,Y,Date,Time,Environment,Road_Surface,Traffic_Control,Collision_Location,Light,Collision_Classification,Impact_type
8837,LEEDS AVE @ SHEFFIELD RD,374866.0352,5029544.674,9/26/16,12:39,01 - Clear,01 - Dry,03 - Yield sign,03 - At intersection,01 - Daylight,03 - P.D. only,03 - Rear end
8838,LEEDS AVE @ SHEFFIELD RD,374863.413,5029551.226,4/10/16,12:00,01 - Clear,01 - Dry,03 - Yield sign,02 - Intersection related,01 - Daylight,03 - P.D. only,03 - Rear end
8839,LEEDS AVE btwn BLACKWELL ST & SHEFFIELD RD,374789.6331,5029520.915,11/21/16,14:09,03 - Snow,03 - Loose snow,10 - No control,04 - At/near private drive,01 - Daylight,03 - P.D. only,02 - Angle
8840,LEES AVE / GRAHAM AVE @ MAIN ST,369002.8291,5030560.346,4/6/16,17:41,03 - Snow,03 - Loose snow,01 - Traffic signal,02 - Intersection related,01 - Daylight,03 - P.D. only,03 - Rear end
8841,LEES AVE / GRAHAM AVE @ MAIN ST,369002.1144,5030560.176,6/5/16,1:30,01 - Clear,01 - Dry,01 - Traffic signal,02 - Intersection related,07 - Dark,03 - P.D. only,03 - Rear end
8842,LEES AVE / GRAHAM AVE @ MAIN ST,369001.7965,5030560.343,11/22/16,16:46,01 - Clear,01 - Dry,01 - Traffic signal,02 - Intersection related,05 - Dusk,03 - P.D. only,02 - Angle
8843,LEES AVE / GRAHAM AVE @ MAIN ST,369000.8786,5030559.328,11/29/16,11:47,02 - Rain,02 - Wet,01 - Traffic signal,02 - Intersection related,01 - Daylight,03 - P.D. only,03 - Rear end
8844,LEES AVE @  TRANSITWAY/HWY 417 NICHOLAS IC118R,369366.156,5031280.739,6/16/16,15:20,01 - Clear,01 - Dry,01 - Traffic signal,02 - Intersection related,01 - Daylight,03 - P.D. only,03 - Rear end
8845,LEES AVE @ KING EDWARD AVE/MANN AVE,369177.6632,5031336.281,4/2/16,3:31,01 - Clear,01 - Dry,01 - Traffic signal,02 - Intersection related,07 - Dark,02 - Non-fatal injury,04 - Sideswipe
8846,LEES AVE @ KING EDWARD AVE/MANN AVE,369178.8373,5031335.021,1/22/16,21:00,01 - Clear,05 - Packed snow,01 - Traffic signal,02 - Intersection related,07 - Dark,03 - P.D. only,03 - Rear end
8847,LEES AVE @ KING EDWARD AVE/MANN AVE,369177.416,5031334.941,5/15/16,13:05,01 - Clear,01 - Dry,01 - Traffic signal,02 - Intersection related,01 - Daylight,03 - P.D. only,03 - Rear end
8848,LEES AVE @ KING EDWARD AVE/MANN AVE,369177.0877,5031335.705,2/9/16,8:17,03 - Snow,04 - Slush,01 - Traffic signal,03 - At intersection,01 - Daylight,03 - P.D. only,03 - Rear end
8849,LEES AVE @ KING EDWARD AVE/MANN AVE,369178.4437,5031334.952,1/11/16,14:35,01 - Clear,01 - Dry,01 - Traffic signal,02 - Intersection related,01 - Daylight,03 - P.D. only,03 - Rear end
8850,LEES AVE @ KING EDWARD AVE/MANN AVE,369179.0169,5031334.547,9/25/16,13:34,01 - Clear,01 - Dry,01 - Traffic signal,02 - Intersection related,01 - Daylight,03 - P.D. only,03 - Rear end
8851,LEES AVE @ KING EDWARD AVE/MANN AVE,369179.6462,5031335.728,7/26/16,9:30,01 - Clear,01 - Dry,01 - Traffic signal,02 - Intersection related,01 - Daylight,03 - P.D. only,03 - Rear end
8852,LEES AVE @ KING EDWARD AVE/MANN AVE,369177.5468,5031336.051,11/9/16,10:29,01 - Clear,01 - Dry,01 - Traffic signal,02 - Intersection related,01 - Daylight,03 - P.D. only,03 - Rear end
8853,LEES AVE @ KING EDWARD AVE/MANN AVE,369178.7989,5031334.329,12/12/16,15:16,03 - Snow,03 - Loose snow,01 - Traffic signal,02 - Intersection related,01 - Daylight,03 - P.D. only,03 - Rear end
8854,LEES AVE @ KING EDWARD AVE/MANN AVE,369178.7989,5031334.983,12/17/16,16:35,03 - Snow,04 - Slush,01 - Traffic signal,02 - Intersection related,05 - Dusk,03 - P.D. only,03 - Rear end
8855,LEES AVE @ ROBINSON AVE W,369575.8295,5031234.787,12/18/16,2:41,03 - Snow,04 - Slush,02 - Stop sign,02 - Intersection related,07 - Dark,03 - P.D. only,03 - Rear end
8856,LEES AVE btwn CHESTNUT ST & HWY417 IC118 RAMP45,369439.0859,5030821.103,2/11/16,10:50,03 - Snow,03 - Loose snow,10 - No control,01 - Non intersection,01 - Daylight,03 - P.D. only,04 - Sideswipe
8857,LEES AVE btwn CHESTNUT ST & HWY417 IC118 RAMP45,369398.5885,5030794.742,11/20/16,2:55,02 - Rain,02 - Wet,10 - No control,04 - At/near private drive,07 - Dark,03 - P.D. only,03 - Rear end
8858,LEES AVE btwn HWY417 IC118 RAMP25 & ROBINSON AVE,369522.753,5031225.477,9/6/16,11:17,01 - Clear,01 - Dry,10 - No control,01 - Non intersection,01 - Daylight,03 - P.D. only,04 - Sideswipe
8859,LEES AVE btwn HWY417 IC118 RAMP45 & TRANSIT,369591.3654,5030910.674,5/18/16,8:55,01 - Clear,01 - Dry,10 - No control,01 - Non intersection,01 - Daylight,02 - Non-fatal injury,04 - Sideswipe
8860,LEES AVE btwn HWY417 IC118 RAMP45 & TRANSIT,369632.0875,5030937.057,3/16/16,0:00,01 - Clear,01 - Dry,10 - No control,01 - Non intersection,00 - Unknown,03 - P.D. only,06 - SMV unattended vehicle
8861,LEES AVE btwn HWY417 IC118 RAMP45 & TRANSIT,369635.8294,5030939.18,5/11/16,7:51,01 - Clear,01 - Dry,10 - No control,04 - At/near private drive,01 - Daylight,03 - P.D. only,05 - Turning movement
8862,LEES AVE btwn HWY417 IC118 RAMP45 & TRANSIT,369596.4956,5030914.742,11/28/16,10:42,04 - Freezing Rain,04 - Slush,10 - No control,01 - Non intersection,01 - Daylight,03 - P.D. only,06 - SMV unattended vehicle
8863,LEES AVE btwn MAIN ST & ROSEMERE AVE,369045.4157,5030585.921,7/26/16,2:40,01 - Clear,01 - Dry,10 - No control,01 - Non intersection,07 - Dark,02 - Non-fatal injury,03 - Rear end
8864,LEES AVE btwn MANN AVE & TURN LANE,369220.1618,5031326.109,7/15/16,19:14,02 - Rain,02 - Wet,10 - No control,01 - Non intersection,01 - Daylight,03 - P.D. only,03 - Rear end
8865,LEES AVE btwn ROBINSON AVE & CHAPEL CRES,369664.8058,5031284.755,2/24/16,12:00,03 - Snow,03 - Loose snow,10 - No control,07 - Overpass or bridge,01 - Daylight,03 - P.D. only,07 - SMV other
8866,LEES AVE btwn ROSEMERE AVE & CONCORD ST S,369199.3796,5030672.645,4/27/16,5:22,01 - Clear,01 - Dry,10 - No control,01 - Non intersection,03 - Dawn,03 - P.D. only,07 - SMV other
8867,LEES AVE btwn TRANSIT & CHAPEL CRES (1),369826.8772,5031111.254,1/18/16,1:00,01 - Clear,01 - Dry,10 - No control,01 - Non intersection,07 - Dark,03 - P.D. only,07 - SMV other
8868,LEES AVE btwn TRANSIT & CHAPEL CRES (1),369815.0954,5031221.581,4/6/16,21:57,03 - Snow,03 - Loose snow,10 - No control,01 - Non intersection,07 - Dark,03 - P.D. only,01 - Approaching
8869,LEES AVE btwn TRANSIT & CHAPEL CRES (2),369719.8562,5030989.043,3/20/16,16:09,01 - Clear,01 - Dry,10 - No control,04 - At/near private drive,01 - Daylight,03 - P.D. only,02 - Angle
8870,LEES AVE btwn TRANSIT & CHAPEL CRES (2),369716.5452,5030987.834,6/15/16,20:00,01 - Clear,01 - Dry,10 - No control,01 - Non intersection,01 - Daylight,03 - P.D. only,05 - Turning movement
8871,LEGGET DR @ 386 W OF SCHNEIDER RD/MITEL ACCESS,351153.6007,5022465.85,4/6/16,11:41,01 - Clear,01 - Dry,01 - Traffic signal,02 - Intersection related,01 - Daylight,03 - P.D. only,03 - Rear end
8872,LEGGET DR @ HERZBERG RD,351866.0428,5022707.712,7/4/16,8:13,01 - Clear,01 - Dry,02 - Stop sign,03 - At intersection,01 - Daylight,03 - P.D. only,05 - Turning movement
8873,LEGGET DR @ TERRY FOX DR,350175.4459,5023445.275,4/5/16,16:14,01 - Clear,01 - Dry,02 - Stop sign,03 - At intersection,01 - Daylight,02 - Non-fatal injury,02 - Angle
8874,LEGGET DR @ TERRY FOX DR,350177.2942,5023445.17,6/13/16,12:31,01 - Clear,01 - Dry,02 - Stop sign,02 - Intersection related,01 - Daylight,03 - P.D. only,03 - Rear end
8875,LEGGET DR btwn 386 W OF SCHNEIDER RD/MITEL ACCESS & SCHNEIDER RD,351360.5915,5022408.489,10/24/16,17:07,01 - Clear,01 - Dry,10 - No control,04 - At/near private drive,01 - Daylight,02 - Non-fatal injury,02 - Angle
8876,LEGGET DR btwn TERRY FOX DR & SOLANDT RD,350315.7482,5023203.085,12/23/16,9:35,01 - Clear,01 - Dry,10 - No control,04 - At/near private drive,01 - Daylight,02 - Non-fatal injury,02 - Angle
8877,LEGGET DR btwn TERRY FOX DR & SOLANDT RD,350287.9111,5023231.176,9/20/16,14:39,01 - Clear,01 - Dry,10 - No control,01 - Non intersection,01 - Daylight,03 - P.D. only,06 - SMV unattended vehicle
8878,LEIKIN DR btwn BECKSTEAD RD & BILL LEATHEM DR,367088.8214,5017885.645,8/19/16,8:45,01 - Clear,01 - Dry,10 - No control,04 - At/near private drive,01 - Daylight,02 - Non-fatal injury,05 - Turning movement
8879,LEITRIM RD @ ALBION RD,373497.6274,5020417.838,5/19/16,16:40,01 - Clear,01 - Dry,01 - Traffic signal,02 - Intersection related,01 - Daylight,02 - Non-fatal injury,03 - Rear end
8880,LEITRIM RD @ ALBION RD,373496.2706,5020417.875,1/7/16,7:16,01 - Clear,02 - Wet,01 - Traffic signal,02 - Intersection related,03 - Dawn,03 - P.D. only,03 - Rear end
8881,LEITRIM RD @ ALBION RD,373498.1206,5020420.6,9/6/16,18:08,01 - Clear,01 - Dry,01 - Traffic signal,02 - Intersection related,01 - Daylight,03 - P.D. only,03 - Rear end
8882,LEITRIM RD @ ALBION RD,373496.7569,5020418.019,12/13/16,16:18,01 - Clear,01 - Dry,01 - Traffic signal,02 - Intersection related,05 - Dusk,03 - P.D. only,03 - Rear end
8883,LEITRIM RD @ LIMEBANK RD S,369356.3928,5017876.338,5/20/16,8:25,01 - Clear,01 - Dry,01 - Traffic signal,02 - Intersection related,01 - Daylight,02 - Non-fatal injury,03 - Rear end
8884,LEITRIM RD @ LIMEBANK RD S,369355.9522,5017879.708,5/17/16,16:19,01 - Clear,01 - Dry,01 - Traffic signal,03 - At intersection,01 - Daylight,02 - Non-fatal injury,07 - SMV other
8885,LEITRIM RD @ LIMEBANK RD S,369345.8844,5017871.524,12/22/16,8:48,03 - Snow,04 - Slush,01 - Traffic signal,03 - At intersection,01 - Daylight,02 - Non-fatal injury,02 - Angle
8886,LEITRIM RD @ LIMEBANK RD S,369355.9359,5017877.685,10/20/16,11:45,02 - Rain,02 - Wet,01 - Traffic signal,02 - Intersection related,01 - Daylight,03 - P.D. only,04 - Sideswipe
8887,LEITRIM RD @ LIMEBANK RD S,369355.9173,5017878.151,8/20/16,2:40,01 - Clear,01 - Dry,01 - Traffic signal,02 - Intersection related,07 - Dark,03 - P.D. only,07 - SMV other
8888,LEITRIM RD @ LIMEBANK RD S,369355.3482,5017877.465,4/28/16,13:22,01 - Clear,01 - Dry,01 - Traffic signal,02 - Intersection related,01 - Daylight,03 - P.D. only,03 - Rear end
8889,LEITRIM RD @ LIMEBANK RD S,369352.0424,5017879.642,4/25/16,9:10,01 - Clear,01 - Dry,01 - Traffic signal,02 - Intersection related,01 - Daylight,03 - P.D. only,03 - Rear end
8890,LEITRIM RD @ LIMEBANK RD S,369355.5845,5017878.931,10/31/16,11:53,01 - Clear,01 - Dry,01 - Traffic signal,02 - Intersection related,01 - Daylight,03 - P.D. only,07 - SMV other
8891,LEITRIM RD @ LIMEBANK RD S,369356.0444,5017871.524,12/18/16,12:06,04 - Freezing Rain,04 - Slush,01 - Traffic signal,03 - At intersection,01 - Daylight,03 - P.D. only,07 - SMV other
8892,LEITRIM RD @ LIMEBANK RD S,369354.6187,5017876.807,11/30/16,14:40,01 - Clear,01 - Dry,01 - Traffic signal,02 - Intersection related,01 - Daylight,03 - P.D. only,04 - Sideswipe
8893,LEITRIM RD @ RIVER RD,368016.1564,5017177.458,12/29/16,23:47,03 - Snow,02 - Wet,02 - Stop sign,03 - At intersection,07 - Dark,03 - P.D. only,03 - Rear end
8894,LEITRIM RD btwn 810 W OF HAWTHORNE & BANK ST,375500.4822,5021700.774,4/25/16,17:00,01 - Clear,01 - Dry,10 - No control,01 - Non intersection,01 - Daylight,03 - P.D. only,04 - Sideswipe
8895,LEITRIM RD btwn FENTON RD & BANK ST,374531.9454,5021073.149,5/19/16,16:35,02 - Rain,02 - Wet,10 - No control,01 - Non intersection,01 - Daylight,02 - Non-fatal injury,04 - Sideswipe
8896,LEITRIM RD btwn FENTON RD & BANK ST,374219.812,5020905.988,11/11/16,16:05,01 - Clear,01 - Dry,10 - No control,01 - Non intersection,01 - Daylight,02 - Non-fatal injury,03 - Rear end
8897,LEITRIM RD btwn FENTON RD & BANK ST,374955.7923,5021324.232,7/26/16,5:45,01 - Clear,01 - Dry,10 - No control,01 - Non intersection,03 - Dawn,02 - Non-fatal injury,04 - Sideswipe
8898,LEITRIM RD btwn FENTON RD & BANK ST,375132.8929,5021429.264,2/15/16,12:15,01 - Clear,01 - Dry,10 - No control,01 - Non intersection,01 - Daylight,03 - P.D. only,07 - SMV other
8899,LEITRIM RD btwn FENTON RD & BANK ST,375327.4512,5021579.318,4/25/16,15:37,01 - Clear,01 - Dry,10 - No control,01 - Non intersection,01 - Daylight,03 - P.D. only,03 - Rear end
8900,LEITRIM RD btwn FENTON RD & BANK ST,374042.7684,5020783.164,10/5/16,16:25,01 - Clear,01 - Dry,10 - No control,01 - Non intersection,05 - Dusk,03 - P.D. only,03 - Rear end
8901,LEITRIM RD btwn FENTON RD & BANK ST,375137.4643,5021431.091,11/21/16,17:42,03 - Snow,03 - Loose snow,10 - No control,01 - Non intersection,07 - Dark,03 - P.D. only,01 - Approaching
8902,LEITRIM RD btwn HALL RD & END,384079.4699,5027021.622,11/2/16,1:57,01 - Clear,01 - Dry,10 - No control,01 - Non intersection,07 - Dark,03 - P.D. only,07 - SMV other
8903,LEITRIM RD btwn HAWTHORNE RD & RAMSAYVILLE RD,377174.8515,5022784.985,12/9/16,7:30,01 - Clear,06 - Ice,10 - No control,01 - Non intersection,03 - Dawn,03 - P.D. only,07 - SMV other
8904,LEITRIM RD btwn HIGH RD & ALBION RD,373338.5789,5020297.108,11/18/16,10:00,01 - Clear,01 - Dry,10 - No control,04 - At/near private drive,01 - Daylight,02 - Non-fatal injury,03 - Rear end
8905,LEITRIM RD btwn HIGH RD & ALBION RD,373402.0273,5020346.78,2/18/16,8:12,01 - Clear,02 - Wet,10 - No control,01 - Non intersection,01 - Daylight,03 - P.D. only,02 - Angle
8906,LEITRIM RD btwn HIGH RD & ALBION RD,371691.8234,5019301.9,3/15/16,1:12,01 - Clear,02 - Wet,10 - No control,01 - Non intersection,07 - Dark,03 - P.D. only,07 - SMV other
8907,LEITRIM RD btwn HIGH RD & ALBION RD,373252.4343,5020245.775,8/9/16,21:54,01 - Clear,01 - Dry,10 - No control,01 - Non intersection,07 - Dark,03 - P.D. only,07 - SMV other
8908,LEITRIM RD btwn HIGH RD & ALBION RD,371833.458,5019412.829,1/20/16,8:40,01 - Clear,06 - Ice,10 - No control,01 - Non intersection,01 - Daylight,03 - P.D. only,03 - Rear end
8909,LEITRIM RD btwn HIGH RD & ALBION RD,371711.3943,5019320.183,9/14/16,2:04,01 - Clear,01 - Dry,10 - No control,01 - Non intersection,07 - Dark,03 - P.D. only,07 - SMV other
8910,LEITRIM RD btwn LIMEBANK RD & HIGH RD,369398.7806,5017904.381,9/16/16,7:43,01 - Clear,01 - Dry,10 - No control,01 - Non intersection,01 - Daylight,02 - Non-fatal injury,03 - Rear end
8911,LEITRIM RD btwn LIMEBANK RD & HIGH RD,371374.9311,5019106.788,12/15/16,6:55,03 - Snow,03 - Loose snow,10 - No control,01 - Non intersection,03 - Dawn,02 - Non-fatal injury,01 - Approaching
8912,LEITRIM RD btwn LIMEBANK RD & HIGH RD,370822.0173,5018759.647,6/18/16,17:33,01 - Clear,01 - Dry,10 - No control,01 - Non intersection,01 - Daylight,03 - P.D. only,07 - SMV other
8913,LEITRIM RD btwn LIMEBANK RD & HIGH RD,371256.2232,5019037.975,11/20/16,15:29,03 - Snow,03 - Loose snow,10 - No control,01 - Non intersection,01 - Daylight,03 - P.D. only,07 - SMV other
8914,LEITRIM RD btwn LIMEBANK RD & HIGH RD,369785.1346,5018135.688,4/13/16,19:04,01 - Clear,01 - Dry,10 - No control,01 - Non intersection,01 - Daylight,03 - P.D. only,03 - Rear end
8915,LEITRIM RD btwn LIMEBANK RD & HIGH RD,371546.3669,5019211.281,10/7/16,16:27,01 - Clear,01 - Dry,10 - No control,01 - Non intersection,01 - Daylight,03 - P.D. only,03 - Rear end
8916,LEITRIM RD btwn RAMSAYVILLE RD & ANDERSON RD,378918.9814,5023995.476,4/12/16,21:36,01 - Clear,01 - Dry,10 - No control,01 - Non intersection,07 - Dark,03 - P.D. only,03 - Rear end
8917,LEITRIM RD btwn RIVER RD & LIMEBANK RD,368042.0962,5017184.923,1/20/16,8:00,01 - Clear,06 - Ice,10 - No control,01 - Non intersection,01 - Daylight,03 - P.D. only,07 - SMV other
8918,LEITRIM RD btwn RIVER RD & LIMEBANK RD,368047.8042,5017186.679,9/7/16,11:45,01 - Clear,01 - Dry,10 - No control,01 - Non intersection,01 - Daylight,03 - P.D. only,07 - SMV other
8919,LEMIEUX ST @ ST. LAURENT BLVD,372392.8224,5031743.662,2/14/16,14:31,01 - Clear,01 - Dry,01 - Traffic signal,03 - At intersection,01 - Daylight,02 - Non-fatal injury,03 - Rear end
8920,LEMIEUX ST @ ST. LAURENT BLVD,372390.627,5031742.345,10/6/16,10:18,01 - Clear,01 - Dry,01 - Traffic signal,03 - At intersection,01 - Daylight,02 - Non-fatal injury,05 - Turning movement
8921,LEMIEUX ST @ ST. LAURENT BLVD,372390.0684,5031742.15,11/9/16,18:23,01 - Clear,01 - Dry,01 - Traffic signal,02 - Intersection related,07 - Dark,02 - Non-fatal injury,03 - Rear end
8922,LEMIEUX ST @ ST. LAURENT BLVD,372391.0661,5031742.345,12/14/16,9:29,01 - Clear,01 - Dry,01 - Traffic signal,03 - At intersection,01 - Daylight,02 - Non-fatal injury,02 - Angle
8923,LEMIEUX ST @ ST. LAURENT BLVD,372391.9442,5031741.906,11/23/16,11:53,01 - Clear,01 - Dry,01 - Traffic signal,03 - At intersection,01 - Daylight,02 - Non-fatal injury,02 - Angle
8924,LEMIEUX ST @ ST. LAURENT BLVD,372391.0661,5031742.784,2/16/16,19:18,03 - Snow,04 - Slush,01 - Traffic signal,03 - At intersection,07 - Dark,03 - P.D. only,02 - Angle
8925,LEMIEUX ST @ ST. LAURENT BLVD,372391.7219,5031742.556,10/21/16,21:55,02 - Rain,02 - Wet,01 - Traffic signal,02 - Intersection related,07 - Dark,03 - P.D. only,03 - Rear end
8926,LEMIEUX ST @ ST. LAURENT BLVD,372391.9492,5031741.891,3/17/16,12:05,01 - Clear,01 - Dry,01 - Traffic signal,02 - Intersection related,01 - Daylight,03 - P.D. only,03 - Rear end
8927,LEMIEUX ST @ ST. LAURENT BLVD,372391.9492,5031743.238,4/2/16,12:46,01 - Clear,01 - Dry,01 - Traffic signal,02 - Intersection related,01 - Daylight,03 - P.D. only,03 - Rear end
8928,LEMIEUX ST @ ST. LAURENT BLVD,372392.3981,5031741.891,4/16/16,13:03,01 - Clear,01 - Dry,01 - Traffic signal,02 - Intersection related,01 - Daylight,03 - P.D. only,03 - Rear end
8929,LEMIEUX ST @ ST. LAURENT BLVD,372391.7333,5031742.564,2/25/16,14:29,03 - Snow,03 - Loose snow,01 - Traffic signal,03 - At intersection,01 - Daylight,03 - P.D. only,02 - Angle
8930,LEMIEUX ST @ ST. LAURENT BLVD,372390.6011,5031743.014,4/16/16,9:45,01 - Clear,01 - Dry,01 - Traffic signal,02 - Intersection related,01 - Daylight,03 - P.D. only,03 - Rear end
8931,LEMIEUX ST @ ST. LAURENT BLVD,372391.7593,5031742.507,6/13/16,20:43,01 - Clear,01 - Dry,01 - Traffic signal,03 - At intersection,05 - Dusk,03 - P.D. only,02 - Angle
8932,LEMIEUX ST @ ST. LAURENT BLVD,372391.4974,5031743.019,7/24/16,16:45,01 - Clear,01 - Dry,01 - Traffic signal,03 - At intersection,01 - Daylight,03 - P.D. only,05 - Turning movement
8933,LEMIEUX ST @ ST. LAURENT BLVD,372391.7102,5031742.556,6/28/16,0:11,01 - Clear,01 - Dry,01 - Traffic signal,02 - Intersection related,07 - Dark,03 - P.D. only,03 - Rear end
8934,LEMIEUX ST @ ST. LAURENT BLVD,372390.8378,5031743.008,3/18/16,15:45,01 - Clear,01 - Dry,01 - Traffic signal,03 - At intersection,01 - Daylight,03 - P.D. only,03 - Rear end
8935,LEMIEUX ST @ ST. LAURENT BLVD,372392.5529,5031744.635,11/10/16,17:35,01 - Clear,01 - Dry,01 - Traffic signal,02 - Intersection related,07 - Dark,03 - P.D. only,03 - Rear end
8936,LEMIEUX ST @ ST. LAURENT BLVD,372390.627,5031741.467,9/11/16,13:18,01 - Clear,01 - Dry,01 - Traffic signal,02 - Intersection related,01 - Daylight,03 - P.D. only,05 - Turning movement
8937,LEMIEUX ST @ ST. LAURENT BLVD,372390.8965,5031742.978,11/23/16,16:43,01 - Clear,01 - Dry,01 - Traffic signal,03 - At intersection,05 - Dusk,03 - P.D. only,05 - Turning movement
8938,LEMIEUX ST @ ST. LAURENT BLVD,372390.0684,5031743.807,12/1/16,18:05,03 - Snow,04 - Slush,01 - Traffic signal,03 - At intersection,07 - Dark,03 - P.D. only,03 - Rear end
8939,LEMIEUX ST @ ST. LAURENT BLVD,372390.778,5031742.801,12/9/16,17:49,01 - Clear,01 - Dry,01 - Traffic signal,03 - At intersection,07 - Dark,03 - P.D. only,05 - Turning movement
8940,LEMIEUX ST btwn JOSEPH CYR ST & RAMP,372533.1232,5031705.494,3/5/16,10:02,01 - Clear,01 - Dry,10 - No control,01 - Non intersection,01 - Daylight,03 - P.D. only,04 - Sideswipe
8941,LEMIEUX ST btwn JOSEPH CYR ST & RAMP,372533.9613,5031700.579,9/22/16,14:45,01 - Clear,01 - Dry,10 - No control,01 - Non intersection,01 - Daylight,03 - P.D. only,04 - Sideswipe
8942,LENESTER AVE @ MAITLAND AVE,363078.9074,5026145.865,2/18/16,10:00,01 - Clear,05 - Packed snow,02 - Stop sign,03 - At intersection,01 - Daylight,03 - P.D. only,02 - Angle
8943,LENESTER AVE @ MAITLAND AVE,363078.8898,5026145.665,12/1/16,17:18,03 - Snow,02 - Wet,02 - Stop sign,02 - Intersection related,07 - Dark,03 - P.D. only,03 - Rear end
8944,LENESTER AVE btwn HARE AVE & MUSKOKA AVE,362553.1145,5025825.694,9/26/16,13:46,01 - Clear,01 - Dry,10 - No control,04 - At/near private drive,01 - Daylight,03 - P.D. only,02 - Angle
8945,LEOPOLDS DR btwn REVELSTOKE DR & RIVERSIDE DR,367730.6331,5023876.581,12/14/16,19:13,03 - Snow,03 - Loose snow,10 - No control,01 - Non intersection,07 - Dark,03 - P.D. only,07 - SMV other
8946,LEPAGE AVE btwn CAVAN ST & KIRKWOOD AVE,364716.2853,5026589.907,7/25/16,3:00,01 - Clear,01 - Dry,10 - No control,01 - Non intersection,07 - Dark,03 - P.D. only,06 - SMV unattended vehicle
8947,LERTA WAY btwn GERRY LALONDE DR & STRASBOURG ST,384035.5101,5035234.273,7/9/16,0:00,01 - Clear,01 - Dry,10 - No control,01 - Non intersection,00 - Unknown,03 - P.D. only,06 - SMV unattended vehicle
8948,LESTER RD btwn ALADDIN LANE & MEANDERING BROOK DR,372878.3936,5022444.352,2/24/16,18:10,04 - Freezing Rain,04 - Slush,10 - No control,01 - Non intersection,07 - Dark,03 - P.D. only,01 - Approaching
8949,LESTER RD btwn ALBION RD & ALADDIN LANE,372713.7908,5022341.192,11/24/16,20:30,03 - Snow,03 - Loose snow,10 - No control,01 - Non intersection,07 - Dark,03 - P.D. only,07 - SMV other
8950,LESTER RD btwn ALBION RD & UPLANDS DR,372531.6258,5022215.921,2/19/16,23:00,03 - Snow,05 - Packed snow,10 - No control,01 - Non intersection,07 - Dark,02 - Non-fatal injury,07 - SMV other
8951,LESTER RD btwn ALBION RD & UPLANDS DR,371815.7943,5021869.381,2/13/16,10:56,01 - Clear,02 - Wet,10 - No control,01 - Non intersection,01 - Daylight,02 - Non-fatal injury,01 - Approaching
8952,LESTER RD btwn ALBION RD & UPLANDS DR,372452.611,5022156.716,10/26/16,23:35,01 - Clear,01 - Dry,10 - No control,01 - Non intersection,07 - Dark,02 - Non-fatal injury,04 - Sideswipe
8953,LESTER RD btwn ALBION RD & UPLANDS DR,372273.9828,5022065.671,1/16/16,13:36,03 - Snow,03 - Loose snow,10 - No control,01 - Non intersection,01 - Daylight,02 - Non-fatal injury,01 - Approaching
8954,LESTER RD btwn ALBION RD & UPLANDS DR,371410.7015,5021380.062,5/11/16,8:49,01 - Clear,01 - Dry,10 - No control,01 - Non intersection,01 - Daylight,02 - Non-fatal injury,03 - Rear end
8955,LESTER RD btwn ALBION RD & UPLANDS DR,371512.6451,5021468.44,2/25/16,19:13,03 - Snow,05 - Packed snow,10 - No control,01 - Non intersection,07 - Dark,02 - Non-fatal injury,03 - Rear end
8956,LESTER RD btwn ALBION RD & UPLANDS DR,371337.6333,5021357.619,10/12/16,15:54,01 - Clear,01 - Dry,10 - No control,01 - Non intersection,01 - Daylight,02 - Non-fatal injury,04 - Sideswipe
8957,LESTER RD btwn ALBION RD & UPLANDS DR,372611.5379,5022285.295,2/10/16,9:43,03 - Snow,03 - Loose snow,10 - No control,01 - Non intersection,01 - Daylight,03 - P.D. only,07 - SMV other
8958,LESTER RD btwn ALBION RD & UPLANDS DR,372364.283,5022106.323,4/6/16,19:09,03 - Snow,03 - Loose snow,10 - No control,01 - Non intersection,07 - Dark,03 - P.D. only,01 - Approaching
8959,LESTER RD btwn ALBION RD & UPLANDS DR,372275.1338,5022065.018,1/16/16,20:30,03 - Snow,05 - Packed snow,10 - No control,01 - Non intersection,07 - Dark,03 - P.D. only,07 - SMV other
8960,LESTER RD btwn ALBION RD & UPLANDS DR,371473.2222,5021417.044,9/9/16,18:30,01 - Clear,01 - Dry,10 - No control,01 - Non intersection,01 - Daylight,03 - P.D. only,04 - Sideswipe
8961,LESTER RD btwn ALBION RD & UPLANDS DR,372451.0021,5022157.444,10/27/16,21:40,03 - Snow,04 - Slush,10 - No control,01 - Non intersection,07 - Dark,03 - P.D. only,07 - SMV other
8962,LETOURNEAU ST btwn CLENNING ST & BEATRICE DR,364933.7756,5016574.834,1/24/16,11:47,01 - Clear,01 - Dry,10 - No control,01 - Non intersection,01 - Daylight,03 - P.D. only,06 - SMV unattended vehicle
8963,LETT ST btwn Continuation of LETT ST & END,366397.6929,5031080.842,7/11/16,13:44,02 - Rain,02 - Wet,10 - No control,04 - At/near private drive,01 - Daylight,03 - P.D. only,02 - Angle
8964,LEVECHE WAY @ MAPLE GROVE RD,350151.0819,5016607.129,9/17/16,23:30,02 - Rain,02 - Wet,02 - Stop sign,03 - At intersection,07 - Dark,03 - P.D. only,02 - Angle