Record,Location,X,Y,Date,Time,Environment,Road_Surface,Traffic_Control,Collision_Location,Light,Collision_Classification,Impact_type
8965,LEVIS AVE @ MONA AVE,370843.9377,5033228.812,4/29/16,16:54,01 - Clear,01 - Dry,02 - Stop sign,03 - At intersection,01 - Daylight,03 - P.D. only,02 - Angle
8966,LEVIS AVE @ OLMSTEAD ST,370390.0486,5033103.805,10/14/16,18:28,01 - Clear,01 - Dry,02 - Stop sign,03 - At intersection,05 - Dusk,03 - P.D. only,02 - Angle
8967,LEVIS AVE btwn ALTHA AVE & LACASSE AVE,370733.045,5033216.373,7/16/16,18:58,01 - Clear,01 - Dry,10 - No control,01 - Non intersection,01 - Daylight,03 - P.D. only,06 - SMV unattended vehicle
8968,LEWER ST @ RIVER RD,368293.7206,5020396.199,11/20/16,20:25,03 - Snow,05 - Packed snow,02 - Stop sign,03 - At intersection,07 - Dark,03 - P.D. only,03 - Rear end
8969,LEWIS ST @ METCALFE ST,368121.3707,5030923.795,1/23/16,21:30,01 - Clear,02 - Wet,02 - Stop sign,02 - Intersection related,07 - Dark,03 - P.D. only,05 - Turning movement
8970,LEWIS ST @ METCALFE ST,368120.4926,5030922.917,9/18/16,12:28,01 - Clear,01 - Dry,02 - Stop sign,03 - At intersection,01 - Daylight,03 - P.D. only,04 - Sideswipe
8971,LEWIS ST btwn ELGIN ST & CARTIER ST,368286.0225,5031023.029,7/28/16,18:45,01 - Clear,01 - Dry,10 - No control,01 - Non intersection,01 - Daylight,03 - P.D. only,06 - SMV unattended vehicle
8972,LEWIS ST btwn JACK PURCELL LANE & ELGIN ST,368243.7175,5030996.339,9/13/16,12:10,01 - Clear,01 - Dry,10 - No control,01 - Non intersection,01 - Daylight,03 - P.D. only,06 - SMV unattended vehicle
8973,LIARD ST btwn MORNINGSUN CRES & FERNBANK RD,351486.5469,5012643.906,2/29/16,16:35,04 - Freezing Rain,06 - Ice,10 - No control,01 - Non intersection,01 - Daylight,03 - P.D. only,07 - SMV other
8974,LIMEBANK RD @ RIDEAU RD,370886.4967,5014014.403,9/15/16,7:37,01 - Clear,01 - Dry,02 - Stop sign,03 - At intersection,01 - Daylight,03 - P.D. only,02 - Angle
8975,LIMEBANK RD @ RIDEAU RD,370881.63,5014018.336,11/28/16,15:48,01 - Clear,01 - Dry,02 - Stop sign,03 - At intersection,01 - Daylight,03 - P.D. only,02 - Angle
8976,LIMEBANK RD @ SPRATT RD,369776.3407,5016878.51,2/25/16,23:23,05 - Drifting Snow,06 - Ice,01 - Traffic signal,02 - Intersection related,07 - Dark,03 - P.D. only,03 - Rear end
8977,LIMEBANK RD @ SPRATT RD,369776.7798,5016878.51,2/13/16,19:20,01 - Clear,02 - Wet,01 - Traffic signal,03 - At intersection,07 - Dark,03 - P.D. only,02 - Angle
8978,LIMEBANK RD @ SPRATT RD,369778.6556,5016877.487,10/21/16,16:20,01 - Clear,02 - Wet,01 - Traffic signal,02 - Intersection related,01 - Daylight,03 - P.D. only,03 - Rear end
8979,LIMEBANK RD @ TOM ROBERTS RD,368580.3732,5019822.376,12/1/16,8:18,01 - Clear,02 - Wet,02 - Stop sign,03 - At intersection,01 - Daylight,03 - P.D. only,05 - Turning movement
8980,LIMEBANK RD btwn EARL ARMSTRONG RD & RIDEAU RD,370305.0073,5015589.323,2/27/16,15:22,05 - Drifting Snow,03 - Loose snow,10 - No control,01 - Non intersection,01 - Daylight,03 - P.D. only,01 - Approaching
8981,LIMEBANK RD btwn EARL ARMSTRONG RD & RIDEAU RD,370762.6655,5014349.832,2/24/16,19:54,04 - Freezing Rain,06 - Ice,10 - No control,01 - Non intersection,07 - Dark,03 - P.D. only,03 - Rear end
8982,LIMEBANK RD btwn EARL ARMSTRONG RD & RIDEAU RD,370212.0356,5015818.422,10/27/16,18:13,05 - Drifting Snow,02 - Wet,10 - No control,01 - Non intersection,07 - Dark,03 - P.D. only,07 - SMV other
8983,LIMEBANK RD btwn RIDEAU RD & MITCH OWENS RD,371011.5803,5013639.358,3/24/16,16:31,03 - Snow,03 - Loose snow,10 - No control,01 - Non intersection,01 - Daylight,03 - P.D. only,07 - SMV other
8984,LIMEBANK RD btwn RIDEAU RD & MITCH OWENS RD,370887.7771,5014004.285,6/30/16,1:01,01 - Clear,01 - Dry,10 - No control,01 - Non intersection,07 - Dark,03 - P.D. only,07 - SMV other
8985,LIMEBANK RD btwn RIDEAU RD & MITCH OWENS RD,371113.5116,5013401.389,10/8/16,12:22,02 - Rain,02 - Wet,10 - No control,01 - Non intersection,01 - Daylight,03 - P.D. only,03 - Rear end
8986,LIMEBANK RD btwn RIDEAU RD & MITCH OWENS RD,371080.3916,5013456.368,10/3/16,22:56,01 - Clear,01 - Dry,10 - No control,01 - Non intersection,07 - Dark,03 - P.D. only,07 - SMV other
8987,LIMEBANK RD btwn RIVER RD & BALMORAL DR,368429.4209,5020387.349,4/11/16,7:38,03 - Snow,06 - Ice,10 - No control,01 - Non intersection,01 - Daylight,03 - P.D. only,07 - SMV other
8988,LIMEBANK RD btwn SPRATT RD & EARL ARMSTRONG RD,370138.359,5016005.321,4/19/16,16:00,01 - Clear,01 - Dry,10 - No control,01 - Non intersection,01 - Daylight,03 - P.D. only,99 - Other
8989,LIMEBANK RD/RIVERSIDE DR @ RIVER RD,368403.3384,5020476.653,1/26/16,23:57,03 - Snow,03 - Loose snow,01 - Traffic signal,03 - At intersection,07 - Dark,03 - P.D. only,03 - Rear end
8990,LIMEBANK RD/RIVERSIDE DR @ RIVER RD,368404.3454,5020477.773,6/10/16,12:36,01 - Clear,01 - Dry,01 - Traffic signal,02 - Intersection related,01 - Daylight,03 - P.D. only,03 - Rear end
8991,LIMEBANK RD/RIVERSIDE DR @ RIVER RD,368395.1179,5020476.654,11/21/16,12:12,01 - Clear,01 - Dry,01 - Traffic signal,02 - Intersection related,01 - Daylight,03 - P.D. only,03 - Rear end
8992,LIMERICK LANE btwn KILKENNY DR & END,338477.6791,5029856.354,1/18/16,21:05,01 - Clear,05 - Packed snow,10 - No control,04 - At/near private drive,07 - Dark,03 - P.D. only,06 - SMV unattended vehicle
8993,LINDEN TER btwn O'CONNOR ST & QUEEN ELIZABETH DRWY,368726.766,5030138.348,12/3/16,9:03,01 - Clear,01 - Dry,10 - No control,04 - At/near private drive,01 - Daylight,03 - P.D. only,06 - SMV unattended vehicle
8994,LINDHURST CRES btwn ASHGROVE CRES & ASHGROVE CRES,361462.4327,5021965.743,11/14/16,6:00,01 - Clear,01 - Dry,10 - No control,01 - Non intersection,07 - Dark,03 - P.D. only,06 - SMV unattended vehicle
8995,LISBON ST btwn WINTERPORT WAY & WINTERPORT WAY,385326.9457,5037820.351,7/16/16,20:19,01 - Clear,01 - Dry,10 - No control,01 - Non intersection,01 - Daylight,03 - P.D. only,06 - SMV unattended vehicle
8996,LISGAR ST @ METCALFE ST,367915.4868,5031252.067,2/24/16,15:25,03 - Snow,03 - Loose snow,01 - Traffic signal,02 - Intersection related,01 - Daylight,03 - P.D. only,05 - Turning movement
8997,LISGAR ST @ O'CONNOR ST,367762.4208,5031160.149,3/3/16,14:52,01 - Clear,02 - Wet,01 - Traffic signal,03 - At intersection,01 - Daylight,02 - Non-fatal injury,02 - Angle
8998,LISGAR ST @ O'CONNOR ST,367762.189,5031159.493,1/1/16,2:20,03 - Snow,04 - Slush,01 - Traffic signal,03 - At intersection,07 - Dark,03 - P.D. only,02 - Angle
8999,LISGAR ST @ O'CONNOR ST,367762.4208,5031160.149,3/3/16,8:05,01 - Clear,02 - Wet,01 - Traffic signal,03 - At intersection,01 - Daylight,03 - P.D. only,02 - Angle
9000,LISGAR ST @ O'CONNOR ST,367763.1695,5031160.267,7/7/16,7:15,01 - Clear,01 - Dry,01 - Traffic signal,02 - Intersection related,01 - Daylight,03 - P.D. only,04 - Sideswipe
9001,LISGAR ST btwn BANK ST & O'CONNOR ST,367645.0688,5031088.454,1/22/16,21:00,"07 - Fog, mist, smoke, dust",04 - Slush,10 - No control,01 - Non intersection,07 - Dark,03 - P.D. only,06 - SMV unattended vehicle
9002,LISGAR ST btwn BRONSON AVE & PERCY ST,366980.7546,5030689.494,2/18/16,10:06,01 - Clear,01 - Dry,10 - No control,01 - Non intersection,01 - Daylight,03 - P.D. only,06 - SMV unattended vehicle
9003,LISGAR ST btwn BRONSON AVE & PERCY ST,367003.4409,5030703.846,4/8/16,19:00,01 - Clear,01 - Dry,10 - No control,01 - Non intersection,05 - Dusk,03 - P.D. only,06 - SMV unattended vehicle
9004,LISGAR ST btwn ELGIN ST & CARTIER ST,368094.8222,5031357.865,3/9/16,17:22,01 - Clear,01 - Dry,10 - No control,01 - Non intersection,01 - Daylight,03 - P.D. only,06 - SMV unattended vehicle
9005,LISGAR ST btwn METCALFE ST & ELGIN ST,368047.9996,5031330.537,5/1/16,17:12,01 - Clear,01 - Dry,10 - No control,01 - Non intersection,01 - Daylight,03 - P.D. only,06 - SMV unattended vehicle
9006,LISGAR ST btwn O'CONNOR ST & METCALFE ST,367899.9734,5031242.891,10/20/16,13:44,01 - Clear,01 - Dry,10 - No control,01 - Non intersection,01 - Daylight,02 - Non-fatal injury,07 - SMV other
9007,LISGAR ST btwn O'CONNOR ST & METCALFE ST,367912.1958,5031249.392,9/10/16,9:59,01 - Clear,01 - Dry,10 - No control,01 - Non intersection,01 - Daylight,03 - P.D. only,04 - Sideswipe
9008,LITTLE LONDON PRIV btwn END & END,368665.9078,5032739.582,10/24/16,10:34,01 - Clear,01 - Dry,10 - No control,01 - Non intersection,01 - Daylight,03 - P.D. only,06 - SMV unattended vehicle
9009,LIVERPOOL CRT @ NEWMARKET ST,373498.5061,5030383.779,5/31/16,18:17,01 - Clear,01 - Dry,02 - Stop sign,02 - Intersection related,01 - Daylight,03 - P.D. only,03 - Rear end
9010,LIVERPOOL CRT btwn NEWMARKET ST & END,373476.2316,5030432.644,7/12/16,8:00,01 - Clear,01 - Dry,10 - No control,01 - Non intersection,01 - Daylight,03 - P.D. only,06 - SMV unattended vehicle
9011,LIVERPOOL CRT btwn NEWMARKET ST & END,373480.5099,5030426.363,9/7/16,0:00,01 - Clear,02 - Wet,10 - No control,01 - Non intersection,00 - Unknown,03 - P.D. only,06 - SMV unattended vehicle
9012,LOCHABER AVE btwn DUCHESS AVE & KIRCHOFFER AVE,362757.5137,5028484.031,12/12/16,20:22,03 - Snow,03 - Loose snow,10 - No control,04 - At/near private drive,07 - Dark,03 - P.D. only,06 - SMV unattended vehicle
9013,LOCKHART AVE btwn NEEPAWA AVE & SAVILLE ROW,361910.0004,5026302.265,3/28/16,7:41,02 - Rain,02 - Wet,10 - No control,04 - At/near private drive,01 - Daylight,03 - P.D. only,06 - SMV unattended vehicle
9014,LOGGERS WAY @ THYMES DR,327689.1156,5029599.478,3/6/16,15:47,01 - Clear,01 - Dry,02 - Stop sign,03 - At intersection,01 - Daylight,02 - Non-fatal injury,07 - SMV other
9015,LOGGERS WAY btwn GALETTA SIDE RD & RIDDLEDALE RD,325270.6949,5032269.91,10/26/16,19:31,01 - Clear,01 - Dry,10 - No control,01 - Non intersection,07 - Dark,03 - P.D. only,07 - SMV other
9016,LOGGERS WAY btwn LELAND ST & KILGORE ST,329257.22,5027943.122,1/26/16,10:16,01 - Clear,03 - Loose snow,10 - No control,01 - Non intersection,01 - Daylight,03 - P.D. only,06 - SMV unattended vehicle
9017,LOLA ST @ DONALD ST,371095.3979,5032360.256,3/29/16,12:07,01 - Clear,01 - Dry,01 - Traffic signal,02 - Intersection related,01 - Daylight,02 - Non-fatal injury,03 - Rear end
9018,LOLA ST @ DONALD ST,371093.0697,5032361.654,11/22/16,16:34,01 - Clear,01 - Dry,01 - Traffic signal,03 - At intersection,05 - Dusk,02 - Non-fatal injury,07 - SMV other
9019,LOLA ST @ DONALD ST,371094.6621,5032359.785,5/13/16,16:57,01 - Clear,01 - Dry,01 - Traffic signal,03 - At intersection,01 - Daylight,03 - P.D. only,05 - Turning movement
9020,LOLA ST @ DONALD ST,371094.3439,5032359.864,5/23/16,16:38,01 - Clear,01 - Dry,01 - Traffic signal,02 - Intersection related,01 - Daylight,03 - P.D. only,03 - Rear end
9021,LOLA ST @ DONALD ST,371094.3439,5032359.228,2/17/16,22:05,01 - Clear,06 - Ice,01 - Traffic signal,03 - At intersection,07 - Dark,03 - P.D. only,03 - Rear end
9022,LOLA ST @ DONALD ST,371094.3439,5032359.387,4/28/16,16:43,01 - Clear,01 - Dry,01 - Traffic signal,02 - Intersection related,01 - Daylight,03 - P.D. only,05 - Turning movement
9023,LOLA ST @ PRINCE ALBERT ST,371138.5527,5031972.819,12/31/16,11:44,03 - Snow,03 - Loose snow,02 - Stop sign,03 - At intersection,01 - Daylight,03 - P.D. only,02 - Angle
9024,LOLA ST @ QUEEN MARY ST,371129.4963,5032045.493,7/15/16,16:47,02 - Rain,02 - Wet,02 - Stop sign,03 - At intersection,01 - Daylight,02 - Non-fatal injury,02 - Angle
9025,LOLA ST btwn SPARTAN AVE & FULLERTON AVE,371077.4813,5032508.42,10/16/16,21:25,02 - Rain,02 - Wet,10 - No control,04 - At/near private drive,07 - Dark,03 - P.D. only,02 - Angle
9026,LONG ISLAND RD @ SUNRISE AVE,368773.831,5010510.18,4/14/16,19:01,01 - Clear,01 - Dry,02 - Stop sign,03 - At intersection,01 - Daylight,03 - P.D. only,07 - SMV other
9027,LONG ISLAND RD btwn LENA AVE & CINDY HILL CRES,367936.5541,5011396.8,5/21/16,14:17,01 - Clear,01 - Dry,10 - No control,01 - Non intersection,01 - Daylight,03 - P.D. only,07 - SMV other
9028,LONG POINT CIRC btwn TUNDRA SWAN BAY & LARUE MILLS PL,375077.4818,5020392.538,11/25/16,15:53,01 - Clear,04 - Slush,10 - No control,01 - Non intersection,01 - Daylight,03 - P.D. only,06 - SMV unattended vehicle
9029,LONGFIELDS DR @ MOUNTSHANNON DR E,364885.0482,5016800.352,10/12/16,9:19,01 - Clear,01 - Dry,11 - Roundabout,03 - At intersection,01 - Daylight,03 - P.D. only,03 - Rear end
9030,LONGFIELDS DR @ NORTH HARROW DR,364209.8924,5015850.926,4/17/16,20:06,01 - Clear,01 - Dry,02 - Stop sign,02 - Intersection related,07 - Dark,03 - P.D. only,99 - Other
9031,LONGFIELDS DR @ PAUL METIVIER DR,364841.334,5014200.437,8/28/16,21:10,01 - Clear,01 - Dry,02 - Stop sign,03 - At intersection,07 - Dark,03 - P.D. only,02 - Angle
9032,LONGFIELDS DR @ PORTRUSH AVE,364436.6198,5015359.684,3/17/16,10:22,01 - Clear,01 - Dry,02 - Stop sign,02 - Intersection related,01 - Daylight,03 - P.D. only,02 - Angle
9033,LONGFIELDS DR @ SPRINGBEAUTY AVE,365266.7,5017018.654,6/23/16,12:27,01 - Clear,01 - Dry,02 - Stop sign,02 - Intersection related,01 - Daylight,03 - P.D. only,99 - Other
9034,LONGFIELDS DR @ VIA VERONA AVE,364068.1159,5016055.452,3/24/16,16:48,04 - Freezing Rain,06 - Ice,02 - Stop sign,03 - At intersection,01 - Daylight,03 - P.D. only,04 - Sideswipe
9035,LONGFIELDS DR @ WOODROFFE AVE,365420.9504,5017107.164,1/18/16,11:10,01 - Clear,04 - Slush,01 - Traffic signal,03 - At intersection,01 - Daylight,03 - P.D. only,02 - Angle
9036,LONGFIELDS DR @ WOODROFFE AVE,365421.4362,5017107.744,3/9/16,17:46,01 - Clear,01 - Dry,01 - Traffic signal,02 - Intersection related,05 - Dusk,03 - P.D. only,04 - Sideswipe
9037,LONGFIELDS DR @ WOODROFFE AVE,365421.9981,5017105.703,10/25/16,16:05,02 - Rain,02 - Wet,01 - Traffic signal,03 - At intersection,01 - Daylight,03 - P.D. only,03 - Rear end
9038,LONGFIELDS DR btwn CHAPMAN MILLS DR & GLENROY GILBERT DR,364803.6806,5014650.173,12/2/16,19:31,01 - Clear,01 - Dry,10 - No control,01 - Non intersection,07 - Dark,03 - P.D. only,04 - Sideswipe
9039,LONGFIELDS DR btwn DEERCROFT AVE & STRANDHERD DR,364523.2946,5015217.978,1/8/16,9:20,01 - Clear,02 - Wet,10 - No control,04 - At/near private drive,01 - Daylight,03 - P.D. only,05 - Turning movement
9040,LONGFIELDS DR btwn DEERCROFT AVE & STRANDHERD DR,364515.2079,5015232.249,10/6/16,10:11,01 - Clear,01 - Dry,10 - No control,04 - At/near private drive,01 - Daylight,03 - P.D. only,02 - Angle
9041,LONGFIELDS DR btwn DEERCROFT AVE & STRANDHERD DR,364532.2177,5015202.539,9/29/16,15:00,01 - Clear,01 - Dry,10 - No control,01 - Non intersection,01 - Daylight,03 - P.D. only,02 - Angle
9042,LONGFIELDS DR btwn MOUNTSHANNON DR & WOODROFFE AVE,365344.3549,5017060.462,8/24/16,15:14,01 - Clear,01 - Dry,10 - No control,01 - Non intersection,01 - Daylight,03 - P.D. only,05 - Turning movement
9043,LONGFIELDS DR btwn MOUNTSHANNON DR W & 250 W OF MOUNTSHANNON E/MOTHER ,364388.144,5016459.837,11/4/16,13:14,01 - Clear,01 - Dry,10 - No control,01 - Non intersection,01 - Daylight,02 - Non-fatal injury,07 - SMV other
9044,LONGFIELDS DR btwn STRANDHERD DR & MARKETPLACE AVE,364629.9165,5014960.948,2/21/16,3:19,01 - Clear,01 - Dry,10 - No control,01 - Non intersection,07 - Dark,02 - Non-fatal injury,07 - SMV other
9045,LONGFIELDS DR btwn STRANDHERD DR & MARKETPLACE AVE,364610.7737,5015031.402,9/20/16,16:39,01 - Clear,01 - Dry,10 - No control,04 - At/near private drive,01 - Daylight,03 - P.D. only,02 - Angle
9046,LONGLEAF DR btwn MONTCLAIR AVE & GLADEWOODS PL,380582.3216,5033885.42,12/15/16,19:05,01 - Clear,01 - Dry,10 - No control,04 - At/near private drive,07 - Dark,03 - P.D. only,02 - Angle
9047,LONGSHIRE CIRC btwn SLEAFORD GT & WILTSHIRE CIRC,365573.0195,5016534.559,1/14/16,20:08,03 - Snow,05 - Packed snow,10 - No control,01 - Non intersection,07 - Dark,03 - P.D. only,06 - SMV unattended vehicle
9048,LOOSESTRIFE WAY btwn FERNSIDE ST & ROTARY WAY,376122.0676,5021308.86,1/31/16,23:31,02 - Rain,06 - Ice,10 - No control,01 - Non intersection,07 - Dark,02 - Non-fatal injury,07 - SMV other
9049,LORETTA AVE   S btwn YOUNG ST & NOLAN AVE,366296.9456,5029339.416,1/5/16,12:30,01 - Clear,05 - Packed snow,10 - No control,01 - Non intersection,01 - Daylight,03 - P.D. only,06 - SMV unattended vehicle
9050,LORRY GREENBERG DR @ MARGRAVE AVE,372618.515,5025287.782,8/3/16,17:51,01 - Clear,01 - Dry,02 - Stop sign,02 - Intersection related,01 - Daylight,03 - P.D. only,03 - Rear end
9051,LORRY GREENBERG DR btwn CONROY RD & BLOHM DR,373585.4312,5025889.157,3/26/16,15:08,01 - Clear,01 - Dry,10 - No control,01 - Non intersection,01 - Daylight,03 - P.D. only,04 - Sideswipe
9052,LORRY GREENBERG DR btwn HEARTLEAF PRIV & HUNT CLUB RD,372810.7842,5024838.414,7/31/16,0:37,01 - Clear,01 - Dry,10 - No control,01 - Non intersection,07 - Dark,02 - Non-fatal injury,07 - SMV other
9053,LORRY GREENBERG DR btwn HEARTLEAF PRIV & HUNT CLUB RD,372813.4204,5024831.435,2/26/16,13:18,01 - Clear,01 - Dry,10 - No control,04 - At/near private drive,01 - Daylight,03 - P.D. only,02 - Angle
9054,LORRY GREENBERG DR btwn HEARTLEAF PRIV & HUNT CLUB RD,372821.2683,5024813.345,11/1/16,18:17,01 - Clear,01 - Dry,10 - No control,04 - At/near private drive,07 - Dark,03 - P.D. only,02 - Angle
9055,LORRY GREENBERG DR btwn HUNTER'S GLEN CRES & MARGRAVE AVE,372594.8614,5025241.781,5/9/16,0:00,01 - Clear,01 - Dry,10 - No control,01 - Non intersection,00 - Unknown,03 - P.D. only,06 - SMV unattended vehicle
9056,LORRY GREENBERG DR btwn ZAIDAN DR & SIREN PRIV,372801.6289,5025386.942,4/13/16,9:00,01 - Clear,01 - Dry,10 - No control,01 - Non intersection,01 - Daylight,03 - P.D. only,06 - SMV unattended vehicle
9057,LOTTA AVE @ PENDER ST,364145.8008,5024285.631,11/23/16,11:21,01 - Clear,02 - Wet,02 - Stop sign,03 - At intersection,01 - Daylight,03 - P.D. only,02 - Angle
9058,LOTTA AVE @ ST. HELEN'S PL,364318.6054,5024393.677,12/9/16,9:29,01 - Clear,05 - Packed snow,02 - Stop sign,02 - Intersection related,01 - Daylight,03 - P.D. only,07 - SMV other
9059,LOTTA AVE btwn BASSANO ST & PENDER ST,364024.036,5024208.742,12/21/16,2:30,03 - Snow,04 - Slush,10 - No control,01 - Non intersection,07 - Dark,02 - Non-fatal injury,07 - SMV other
9060,LOYOLA AVE @ SHEFFORD RD,376000.0686,5035168.683,2/13/16,15:43,01 - Clear,03 - Loose snow,02 - Stop sign,03 - At intersection,01 - Daylight,03 - P.D. only,02 - Angle
9061,LOYOLA AVE btwn EASTVALE DR & DE SALABERRY ST,375885.9583,5035121.362,6/3/16,16:36,01 - Clear,01 - Dry,10 - No control,04 - At/near private drive,01 - Daylight,02 - Non-fatal injury,02 - Angle
9062,LUMBERMAN WAY @ ORLEANS BLVD,380453.3909,5037242.009,11/29/16,15:43,02 - Rain,02 - Wet,02 - Stop sign,02 - Intersection related,01 - Daylight,03 - P.D. only,04 - Sideswipe
9063,LYALL ST btwn SUTTON PL & HILLIARD AVE,365802.7311,5025146.093,8/2/16,0:00,01 - Clear,01 - Dry,10 - No control,01 - Non intersection,00 - Unknown,03 - P.D. only,06 - SMV unattended vehicle
9064,LYNDA LANE @ SMYTH RD,371612.5506,5029191.962,9/22/16,21:16,02 - Rain,02 - Wet,02 - Stop sign,02 - Intersection related,07 - Dark,03 - P.D. only,03 - Rear end
9065,LYNDA LANE btwn BILLINGS AVE & SMYTH RD,371602.2822,5029161.032,1/12/16,20:05,03 - Snow,03 - Loose snow,10 - No control,01 - Non intersection,07 - Dark,03 - P.D. only,05 - Turning movement
9066,LYNDA LANE btwn BILLINGS AVE & SMYTH RD,371581.0806,5029097.552,10/19/16,0:00,01 - Clear,01 - Dry,10 - No control,01 - Non intersection,00 - Unknown,03 - P.D. only,06 - SMV unattended vehicle
9067,LYNDA LANE btwn BILLINGS AVE & SMYTH RD,371605.6345,5029172.382,6/27/16,9:20,01 - Clear,01 - Dry,10 - No control,01 - Non intersection,01 - Daylight,03 - P.D. only,06 - SMV unattended vehicle
9068,LYNDALE AVE @ PARKDALE AVE,364862.138,5029928.968,9/7/16,14:13,01 - Clear,01 - Dry,01 - Traffic signal,02 - Intersection related,01 - Daylight,03 - P.D. only,03 - Rear end
9069,LYNDALE AVE btwn HINCHEY AVE & CARRUTHERS AVE,365048.671,5030006.42,7/30/16,23:48,01 - Clear,01 - Dry,10 - No control,04 - At/near private drive,07 - Dark,03 - P.D. only,06 - SMV unattended vehicle
9070,LYNHAR RD btwn STAFFORD RD & VIRGIL RD,358163.3891,5021024.401,1/8/16,8:57,01 - Clear,01 - Dry,10 - No control,04 - At/near private drive,01 - Daylight,03 - P.D. only,02 - Angle
9071,LYON ST    N btwn ALBERT ST & SLATER ST,367088.0688,5031177.892,1/28/16,13:43,01 - Clear,01 - Dry,10 - No control,01 - Non intersection,01 - Daylight,03 - P.D. only,04 - Sideswipe
9072,LYON ST    N btwn ALBERT ST & SLATER ST,367070.2002,5031207.766,7/26/16,15:51,01 - Clear,01 - Dry,10 - No control,01 - Non intersection,01 - Daylight,03 - P.D. only,06 - SMV unattended vehicle
9073,LYON ST    N btwn COOPER ST & SOMERSET ST W,367328.8961,5030783.242,3/31/16,11:14,02 - Rain,02 - Wet,10 - No control,01 - Non intersection,01 - Daylight,03 - P.D. only,04 - Sideswipe
9074,LYON ST    N btwn GLADSTONE AVE & MCLEOD ST,367614.7354,5030311.021,5/26/16,0:00,01 - Clear,01 - Dry,10 - No control,01 - Non intersection,00 - Unknown,03 - P.D. only,06 - SMV unattended vehicle
9075,LYON ST    N btwn LAURIER AVE W & GLOUCESTER ST,367161.2605,5031056.344,3/29/16,21:59,01 - Clear,01 - Dry,10 - No control,01 - Non intersection,07 - Dark,03 - P.D. only,04 - Sideswipe
9076,LYON ST    N btwn MACLAREN ST & GILMOUR ST,367415.2369,5030634.879,2/24/16,12:52,03 - Snow,03 - Loose snow,10 - No control,01 - Non intersection,01 - Daylight,03 - P.D. only,06 - SMV unattended vehicle
9077,LYON ST    N btwn MACLAREN ST & GILMOUR ST,367448.7429,5030580.611,12/6/16,10:20,01 - Clear,02 - Wet,10 - No control,01 - Non intersection,01 - Daylight,03 - P.D. only,07 - SMV other
9078,LYON ST    N btwn QUEEN ST & ALBERT ST,367050.6739,5031237.11,1/5/16,7:40,01 - Clear,01 - Dry,10 - No control,01 - Non intersection,03 - Dawn,03 - P.D. only,04 - Sideswipe
9079,LYON ST    N btwn QUEEN ST & ALBERT ST,367038.7442,5031256.246,1/6/16,12:15,01 - Clear,02 - Wet,10 - No control,04 - At/near private drive,01 - Daylight,03 - P.D. only,04 - Sideswipe
9080,LYON ST    N btwn SLATER ST & LAURIER AVE W,367107.8725,5031143.434,5/16/16,8:19,01 - Clear,01 - Dry,10 - No control,01 - Non intersection,01 - Daylight,02 - Non-fatal injury,04 - Sideswipe
9081,LYON ST    N btwn SPARKS ST & WELLINGTON ST,366951.7979,5031424.106,1/6/16,15:00,01 - Clear,01 - Dry,10 - No control,01 - Non intersection,01 - Daylight,03 - P.D. only,03 - Rear end
9082,LYON ST    S btwn THIRD AVE & FOURTH AVE,368148.478,5029416.584,11/4/16,18:13,01 - Clear,01 - Dry,10 - No control,01 - Non intersection,07 - Dark,03 - P.D. only,06 - SMV unattended vehicle
9083,LYON ST @ NEPEAN ST,367233.0379,5030933.334,12/15/16,13:58,01 - Clear,04 - Slush,02 - Stop sign,02 - Intersection related,01 - Daylight,03 - P.D. only,04 - Sideswipe
9084,LYON ST @ SLATER ST,367102.3388,5031152.483,11/5/16,1:38,02 - Rain,02 - Wet,01 - Traffic signal,03 - At intersection,07 - Dark,02 - Non-fatal injury,02 - Angle
9085,LYON ST @ SLATER ST,367104.3609,5031150.517,8/29/16,21:45,01 - Clear,01 - Dry,01 - Traffic signal,03 - At intersection,07 - Dark,02 - Non-fatal injury,07 - SMV other
9086,LYON ST @ SLATER ST,367102.9319,5031153.042,7/16/16,11:13,01 - Clear,01 - Dry,01 - Traffic signal,03 - At intersection,01 - Daylight,03 - P.D. only,02 - Angle
9087,LYON ST @ SOMERSET ST,367366.8779,5030716.882,3/2/16,12:32,05 - Drifting Snow,04 - Slush,01 - Traffic signal,03 - At intersection,01 - Daylight,02 - Non-fatal injury,02 - Angle
9088,LYON ST @ SOMERSET ST,367367.11,5030717.042,4/11/16,0:41,03 - Snow,02 - Wet,01 - Traffic signal,03 - At intersection,07 - Dark,03 - P.D. only,02 - Angle
9089,LYON ST @ SOMERSET ST,367366.4205,5030716.033,6/23/16,19:46,01 - Clear,01 - Dry,01 - Traffic signal,03 - At intersection,01 - Daylight,03 - P.D. only,02 - Angle
9090,LYON ST @ SOMERSET ST,367366.8815,5030716.955,8/21/16,14:23,02 - Rain,02 - Wet,01 - Traffic signal,03 - At intersection,01 - Daylight,03 - P.D. only,05 - Turning movement
9091,LYON ST @ SPARKS ST,366974.2105,5031355.647,10/21/16,11:30,01 - Clear,01 - Dry,01 - Traffic signal,02 - Intersection related,01 - Daylight,02 - Non-fatal injury,03 - Rear end
9092,LYON ST @ SPARKS ST,366976.695,5031353.163,11/1/16,17:00,01 - Clear,01 - Dry,01 - Traffic signal,02 - Intersection related,07 - Dark,02 - Non-fatal injury,03 - Rear end