Record,Location,X,Y,Date,Time,Environment,Road_Surface,Traffic_Control,Collision_Location,Light,Collision_Classification,Impact_type
9093,LYON ST @ SPARKS ST,366976.6337,5031353.592,6/5/16,14:32,02 - Rain,02 - Wet,01 - Traffic signal,02 - Intersection related,01 - Daylight,03 - P.D. only,04 - Sideswipe
9094,LYON ST @ WELLINGTON ST,366935.9454,5031426.451,2/25/16,19:04,03 - Snow,04 - Slush,01 - Traffic signal,03 - At intersection,07 - Dark,02 - Non-fatal injury,05 - Turning movement
9095,LYON ST @ WELLINGTON ST,366935.3238,5031426.311,2/18/16,15:30,01 - Clear,06 - Ice,01 - Traffic signal,02 - Intersection related,01 - Daylight,03 - P.D. only,03 - Rear end
9096,LYON ST @ WELLINGTON ST,366934.7383,5031426.08,8/15/16,15:47,01 - Clear,01 - Dry,01 - Traffic signal,03 - At intersection,01 - Daylight,03 - P.D. only,05 - Turning movement
9097,LYON ST @ WELLINGTON ST,366935.2719,5031426.182,6/29/16,14:25,01 - Clear,02 - Wet,01 - Traffic signal,03 - At intersection,01 - Daylight,03 - P.D. only,05 - Turning movement
9098,LYON ST @ WELLINGTON ST,366934.8118,5031426.396,5/22/16,10:35,01 - Clear,01 - Dry,01 - Traffic signal,03 - At intersection,01 - Daylight,03 - P.D. only,04 - Sideswipe
9099,LYON ST @ WELLINGTON ST,366934.7383,5031426.315,1/26/16,16:30,02 - Rain,02 - Wet,01 - Traffic signal,03 - At intersection,01 - Daylight,03 - P.D. only,04 - Sideswipe
9100,LYON ST @ WELLINGTON ST,366935.7302,5031426.396,2/4/16,17:00,01 - Clear,04 - Slush,01 - Traffic signal,02 - Intersection related,01 - Daylight,03 - P.D. only,03 - Rear end
9101,LYON ST @ WELLINGTON ST,366934.1611,5031426.388,3/15/16,13:27,02 - Rain,02 - Wet,01 - Traffic signal,03 - At intersection,01 - Daylight,03 - P.D. only,04 - Sideswipe
9102,LYON ST @ WELLINGTON ST,366934.1733,5031426.825,8/18/16,17:03,01 - Clear,01 - Dry,01 - Traffic signal,02 - Intersection related,01 - Daylight,03 - P.D. only,04 - Sideswipe
9103,LYON ST @ WELLINGTON ST,366935.0515,5031425.507,9/8/16,13:14,01 - Clear,01 - Dry,01 - Traffic signal,03 - At intersection,01 - Daylight,03 - P.D. only,05 - Turning movement
9104,LYON ST @ WELLINGTON ST,366935.4423,5031426.55,10/3/16,20:40,01 - Clear,01 - Dry,01 - Traffic signal,03 - At intersection,07 - Dark,03 - P.D. only,04 - Sideswipe
9105,LYON ST @ WELLINGTON ST,366937.7555,5031427.408,6/21/16,16:28,01 - Clear,01 - Dry,01 - Traffic signal,02 - Intersection related,01 - Daylight,03 - P.D. only,05 - Turning movement
9106,LYON ST @ WELLINGTON ST,366935.271,5031426.58,12/28/16,17:15,01 - Clear,02 - Wet,01 - Traffic signal,03 - At intersection,07 - Dark,03 - P.D. only,04 - Sideswipe
9107,LYON ST @ WELLINGTON ST,366935.677,5031425.846,11/30/16,18:20,02 - Rain,02 - Wet,01 - Traffic signal,02 - Intersection related,07 - Dark,03 - P.D. only,05 - Turning movement
9108,LYON ST @ WELLINGTON ST,366936.0992,5031427.408,12/15/16,17:00,01 - Clear,01 - Dry,01 - Traffic signal,02 - Intersection related,07 - Dark,03 - P.D. only,03 - Rear end
9109,MACDONALD ST btwn MACLAREN ST & GILMOUR ST,368530.0109,5031273.969,3/17/16,13:45,01 - Clear,02 - Wet,10 - No control,04 - At/near private drive,01 - Daylight,03 - P.D. only,06 - SMV unattended vehicle
9110,MACDONALD-CARTIER BR btwn RAMP & END (1),367418.2525,5033227.443,8/8/16,7:25,01 - Clear,01 - Dry,10 - No control,07 - Overpass or bridge,01 - Daylight,02 - Non-fatal injury,04 - Sideswipe
9111,MACDONALD-CARTIER BR btwn RAMP & END (1),367256.5407,5033284.28,2/12/16,17:10,03 - Snow,02 - Wet,10 - No control,01 - Non intersection,01 - Daylight,03 - P.D. only,03 - Rear end
9112,MACDONALD-CARTIER BR btwn RAMP & END (1),367307.1088,5033264.716,4/4/16,16:53,01 - Clear,01 - Dry,10 - No control,07 - Overpass or bridge,01 - Daylight,03 - P.D. only,03 - Rear end
9113,MACDONALD-CARTIER BR btwn RAMP & END (2),367249.6119,5033271.637,1/16/16,9:06,03 - Snow,06 - Ice,10 - No control,07 - Overpass or bridge,01 - Daylight,03 - P.D. only,03 - Rear end
9114,MACDONALD-CARTIER BR btwn RAMP & END (2),367333.4604,5033244.293,4/5/16,8:47,01 - Clear,01 - Dry,10 - No control,01 - Non intersection,01 - Daylight,03 - P.D. only,03 - Rear end
9115,MACDONALD-CARTIER BR btwn RAMP & END (2),367275.5716,5033262.34,7/22/16,6:52,01 - Clear,01 - Dry,10 - No control,07 - Overpass or bridge,01 - Daylight,03 - P.D. only,03 - Rear end
9116,MACDONALD-CARTIER BR RAMP NB-1 btwn MACDONALD-CARTIER BR & MACDONALD-C,367616.06,5033180.655,9/8/16,16:38,01 - Clear,01 - Dry,10 - No control,01 - Non intersection,01 - Daylight,03 - P.D. only,03 - Rear end
9117,MACDONALD-CARTIER BR RAMP NB-3 btwn MACDONALD-CARTIER BR RAMP NB-1/NB-,367835.6576,5033260.207,9/27/16,8:49,01 - Clear,01 - Dry,10 - No control,07 - Overpass or bridge,01 - Daylight,03 - P.D. only,03 - Rear end
9118,MACDONALD-CARTIER BR RAMP NB-3 btwn MACDONALD-CARTIER BR RAMP NB-1/NB-,367986.3031,5033284.924,5/22/16,0:27,01 - Clear,01 - Dry,10 - No control,01 - Non intersection,07 - Dark,03 - P.D. only,07 - SMV other
9119,MACDONALD-CARTIER BR RAMP SB-1 btwn MACDONALD-CARTIER BR & CATHCART ST,367603.1531,5033162.191,7/30/16,1:36,01 - Clear,01 - Dry,10 - No control,01 - Non intersection,07 - Dark,03 - P.D. only,07 - SMV other
9120,MACDONALD-CARTIER BR RAMP SB-2 btwn BOTELER ST & MACDONALD-CARTIER BR,367538.7275,5033168.659,1/16/16,20:00,01 - Clear,02 - Wet,10 - No control,01 - Non intersection,07 - Dark,03 - P.D. only,99 - Other
9121,MACDONALD-CARTIER BR RAMP SB-2 btwn BOTELER ST & MACDONALD-CARTIER BR,367663.8178,5033114.926,4/18/16,5:08,01 - Clear,01 - Dry,10 - No control,01 - Non intersection,07 - Dark,03 - P.D. only,04 - Sideswipe
9122,MACDONALD-CARTIER BR RAMP SB-2 btwn BOTELER ST & MACDONALD-CARTIER BR,367648.3054,5033127.337,12/23/16,12:28,01 - Clear,03 - Loose snow,10 - No control,01 - Non intersection,01 - Daylight,03 - P.D. only,04 - Sideswipe
9123,MACFARLANE AVE @ RUSKIN ST,365658.4113,5028518.021,10/28/16,7:55,01 - Clear,01 - Dry,02 - Stop sign,02 - Intersection related,01 - Daylight,02 - Non-fatal injury,07 - SMV other
9124,MACFARLANE RD @ DEAKIN ST,367253.4368,5021558.208,7/21/16,13:57,01 - Clear,01 - Dry,02 - Stop sign,03 - At intersection,01 - Daylight,02 - Non-fatal injury,05 - Turning movement
9125,MACFARLANE RD @ DEAKIN ST,367253.881,5021558.429,4/21/16,16:05,01 - Clear,01 - Dry,02 - Stop sign,03 - At intersection,01 - Daylight,03 - P.D. only,02 - Angle
9126,MACFARLANE RD btwn BRISBANE RD & GREENSIDE AVE,366946.3609,5021256.472,10/25/16,11:05,01 - Clear,01 - Dry,10 - No control,01 - Non intersection,01 - Daylight,03 - P.D. only,06 - SMV unattended vehicle
9127,MACKAY ST @ SUSSEX DR,367921.973,5034089.602,8/18/16,17:30,01 - Clear,01 - Dry,02 - Stop sign,02 - Intersection related,01 - Daylight,03 - P.D. only,03 - Rear end
9128,MACKAY ST @ VAUGHAN ST,369064.482,5033636.362,6/21/16,19:01,01 - Clear,01 - Dry,02 - Stop sign,03 - At intersection,01 - Daylight,03 - P.D. only,02 - Angle
9129,MACKAY ST btwn NOEL ST & IVY CRES,368846.3541,5033698.985,5/24/16,2:00,01 - Clear,01 - Dry,10 - No control,01 - Non intersection,00 - Unknown,03 - P.D. only,06 - SMV unattended vehicle
9130,MACKENZIE AVE @ RIDEAU ST,367869.9526,5032010.048,3/15/16,16:16,02 - Rain,02 - Wet,01 - Traffic signal,02 - Intersection related,01 - Daylight,03 - P.D. only,03 - Rear end
9131,MACKENZIE AVE @ RIDEAU ST,367869.5315,5032009.423,1/29/16,15:30,01 - Clear,01 - Dry,01 - Traffic signal,02 - Intersection related,01 - Daylight,03 - P.D. only,04 - Sideswipe
9132,MACKENZIE AVE @ RIDEAU ST,367869.6992,5032009.166,12/20/16,17:38,03 - Snow,02 - Wet,01 - Traffic signal,02 - Intersection related,07 - Dark,03 - P.D. only,07 - SMV other
9133,MACKENZIE AVE @ RIDEAU ST,367870.5274,5032008.338,12/11/16,2:32,01 - Clear,01 - Dry,01 - Traffic signal,03 - At intersection,07 - Dark,03 - P.D. only,07 - SMV other
9134,MACKENZIE AVE @ RIDEAU ST,367868.6015,5032009.361,12/2/16,14:45,01 - Clear,01 - Dry,01 - Traffic signal,02 - Intersection related,01 - Daylight,03 - P.D. only,04 - Sideswipe
9135,MACKENZIE AVE btwn 205 N OF RIDEAU ST & RIDEAU ST,367815.1053,5032097.197,2/18/16,16:20,01 - Clear,05 - Packed snow,10 - No control,01 - Non intersection,01 - Daylight,03 - P.D. only,04 - Sideswipe
9136,MACKENZIE AVE btwn 205 N OF RIDEAU ST & RIDEAU ST,367763.9421,5032176.822,5/29/16,15:21,01 - Clear,01 - Dry,10 - No control,01 - Non intersection,01 - Daylight,03 - P.D. only,03 - Rear end
9137,MACKENZIE AVE btwn 205 N OF RIDEAU ST & RIDEAU ST,367829.1195,5032073.762,12/9/16,6:35,01 - Clear,06 - Ice,10 - No control,01 - Non intersection,07 - Dark,03 - P.D. only,03 - Rear end
9138,MACKENZIE AVE btwn MURRAY ST & 205 N OF RIDEAU ST,367732.4035,5032228.506,3/18/16,5:55,01 - Clear,01 - Dry,10 - No control,01 - Non intersection,03 - Dawn,03 - P.D. only,07 - SMV other
9139,MACKENZIE KING BR @ RAMP TO NICHOLAS ST,368329.0814,5031970.692,11/1/16,16:46,01 - Clear,01 - Dry,10 - No control,02 - Intersection related,05 - Dusk,02 - Non-fatal injury,03 - Rear end
9140,MACKENZIE KING BR @ RAMP TO NICHOLAS ST,368331.8486,5031972.21,7/13/16,7:00,01 - Clear,01 - Dry,10 - No control,02 - Intersection related,01 - Daylight,03 - P.D. only,02 - Angle
9141,MACKENZIE KING BR btwn ALBERT ST & N.D.H.Q./RIDEAU CENTRE SC,368083.5064,5031816.272,9/4/16,7:03,01 - Clear,01 - Dry,10 - No control,07 - Overpass or bridge,01 - Daylight,02 - Non-fatal injury,07 - SMV other
9142,MACKENZIE KING BR btwn N.D.H.Q./RIDEAU CENTRE SC & MACKENZIE KING BR/N,368213.1649,5031889.059,6/10/16,20:45,01 - Clear,01 - Dry,10 - No control,07 - Overpass or bridge,05 - Dusk,02 - Non-fatal injury,07 - SMV other
9143,MACKENZIE KING BR/WALLER ST @ NICHOLAS ST/WALL,368372.3029,5031992.853,2/4/16,18:48,03 - Snow,06 - Ice,01 - Traffic signal,02 - Intersection related,07 - Dark,03 - P.D. only,03 - Rear end
9144,MACKENZIE KING BR/WALLER ST @ NICHOLAS ST/WALL,368371.0485,5031993.007,3/19/16,10:55,01 - Clear,01 - Dry,01 - Traffic signal,03 - At intersection,01 - Daylight,03 - P.D. only,05 - Turning movement
9145,MACKENZIE KING BR/WALLER ST @ NICHOLAS ST/WALL,368369.8281,5031991.64,11/16/16,21:33,01 - Clear,02 - Wet,01 - Traffic signal,02 - Intersection related,07 - Dark,03 - P.D. only,03 - Rear end
9146,MACKENZIE KING BRIDGE @ MACKENZIE KING BRIDGE,368164.587,5031867.558,4/24/16,20:11,01 - Clear,01 - Dry,01 - Traffic signal,03 - At intersection,07 - Dark,02 - Non-fatal injury,07 - SMV other
9147,MACKENZIE KING BRIDGE @ MACKENZIE KING BRIDGE,368164.569,5031867.58,7/6/16,11:55,01 - Clear,01 - Dry,01 - Traffic signal,02 - Intersection related,01 - Daylight,03 - P.D. only,04 - Sideswipe
9148,MACLAREN ST @ METCALFE ST,368051.0481,5031032.356,8/17/16,12:57,01 - Clear,01 - Dry,01 - Traffic signal,03 - At intersection,01 - Daylight,03 - P.D. only,05 - Turning movement
9149,MACLAREN ST @ METCALFE ST,368051.482,5031032.576,4/8/16,8:58,03 - Snow,02 - Wet,01 - Traffic signal,02 - Intersection related,01 - Daylight,03 - P.D. only,03 - Rear end
9150,MACLAREN ST @ O'CONNOR ST,367898.543,5030939.015,2/14/16,12:50,01 - Clear,01 - Dry,02 - Stop sign,02 - Intersection related,01 - Daylight,02 - Non-fatal injury,07 - SMV other
9151,MACLAREN ST @ O'CONNOR ST,367899.4171,5030940.437,3/1/16,16:49,01 - Clear,02 - Wet,02 - Stop sign,02 - Intersection related,01 - Daylight,02 - Non-fatal injury,07 - SMV other
9152,MACLAREN ST @ O'CONNOR ST,367899.9344,5030940.357,2/13/16,17:46,01 - Clear,06 - Ice,02 - Stop sign,03 - At intersection,05 - Dusk,03 - P.D. only,02 - Angle
9153,MACLAREN ST @ O'CONNOR ST,367899.0563,5030939.479,8/18/16,17:00,01 - Clear,01 - Dry,02 - Stop sign,03 - At intersection,01 - Daylight,03 - P.D. only,02 - Angle
9154,MACLAREN ST @ O'CONNOR ST,367899.0563,5030940.357,7/9/16,22:45,02 - Rain,02 - Wet,02 - Stop sign,02 - Intersection related,07 - Dark,03 - P.D. only,05 - Turning movement
9155,MACLAREN ST btwn BAY ST & LYON ST N,367389.3129,5030634.285,5/18/16,7:30,01 - Clear,01 - Dry,10 - No control,01 - Non intersection,01 - Daylight,03 - P.D. only,06 - SMV unattended vehicle
9156,MACLAREN ST btwn CARTIER ST & MACDONALD ST,368366.8566,5031220.174,7/14/16,20:15,01 - Clear,01 - Dry,10 - No control,04 - At/near private drive,01 - Daylight,03 - P.D. only,02 - Angle
9157,MACLAREN ST btwn ELGIN ST & CARTIER ST,368296.1451,5031177.618,7/5/16,14:27,01 - Clear,01 - Dry,10 - No control,01 - Non intersection,01 - Daylight,03 - P.D. only,06 - SMV unattended vehicle
9158,MACLAREN ST btwn ELGIN ST & CARTIER ST,368212.577,5031128.848,7/8/16,16:40,01 - Clear,01 - Dry,10 - No control,01 - Non intersection,01 - Daylight,03 - P.D. only,04 - Sideswipe
9159,MACLAREN ST btwn KENT ST & BANK ST,367715.1514,5030829.341,3/8/16,0:00,02 - Rain,02 - Wet,10 - No control,01 - Non intersection,00 - Unknown,03 - P.D. only,06 - SMV unattended vehicle
9160,MACLAREN ST btwn KENT ST & BANK ST,367581.8191,5030750.778,4/22/16,13:50,01 - Clear,01 - Dry,10 - No control,04 - At/near private drive,01 - Daylight,03 - P.D. only,06 - SMV unattended vehicle
9161,MACLAREN ST btwn KENT ST & BANK ST,367715.1192,5030829.659,5/16/16,18:46,01 - Clear,01 - Dry,10 - No control,01 - Non intersection,01 - Daylight,03 - P.D. only,06 - SMV unattended vehicle
9162,MACLAREN ST btwn O'CONNOR ST & METCALFE ST,368042.0111,5031027.39,5/21/16,18:45,01 - Clear,01 - Dry,10 - No control,01 - Non intersection,01 - Daylight,03 - P.D. only,99 - Other
9163,MACLAREN ST btwn PERCY ST & BAY ST,367166.5412,5030499.267,4/4/16,0:00,01 - Clear,01 - Dry,10 - No control,01 - Non intersection,00 - Unknown,03 - P.D. only,06 - SMV unattended vehicle
9164,MACOUN CIRC btwn Continuation of MACOUN CIRC & Continuation of MACOUN ,372087.1525,5025634.281,5/12/16,16:30,01 - Clear,01 - Dry,10 - No control,01 - Non intersection,01 - Daylight,03 - P.D. only,06 - SMV unattended vehicle
9165,MADAWASKA BLVD btwn CONNIFER LANE & Continuation of MADAWASKA BLVD,318617.4632,5031799.577,3/18/16,22:30,01 - Clear,01 - Dry,10 - No control,01 - Non intersection,07 - Dark,03 - P.D. only,07 - SMV other
9166,MADELEINE MEILLEUR PRIV @ VANIER PKWY,369654.8152,5033359.306,7/25/16,13:23,02 - Rain,02 - Wet,01 - Traffic signal,02 - Intersection related,01 - Daylight,03 - P.D. only,03 - Rear end
9167,MADELEINE MEILLEUR PRIV btwn Continuation of MADELEINE MEILLEUR PRIV &,369673.088,5033374.392,11/17/16,7:33,01 - Clear,01 - Dry,10 - No control,01 - Non intersection,01 - Daylight,03 - P.D. only,03 - Rear end
9168,MADISON AVE btwn WINSTON AVE & CHURCHILL AVE N,363189.0312,5028364.33,1/2/16,17:27,01 - Clear,03 - Loose snow,10 - No control,01 - Non intersection,05 - Dusk,03 - P.D. only,06 - SMV unattended vehicle
9169,MADISON AVE btwn WINSTON AVE & CHURCHILL AVE N,363129.7129,5028326.818,2/20/16,14:15,01 - Clear,02 - Wet,10 - No control,01 - Non intersection,01 - Daylight,03 - P.D. only,99 - Other
9170,MAIN ST @ OBLATE AVE,369106.0497,5030311.152,12/16/16,13:09,01 - Clear,03 - Loose snow,01 - Traffic signal,02 - Intersection related,01 - Daylight,02 - Non-fatal injury,03 - Rear end
9171,MAIN ST @ RIVERDALE AVE,369431.5216,5029531.396,1/27/16,18:08,01 - Clear,01 - Dry,01 - Traffic signal,03 - At intersection,07 - Dark,02 - Non-fatal injury,05 - Turning movement
9172,MAIN ST @ RIVERDALE AVE,369430.9906,5029533.62,1/8/16,21:25,01 - Clear,05 - Packed snow,01 - Traffic signal,03 - At intersection,07 - Dark,02 - Non-fatal injury,05 - Turning movement
9173,MAIN ST @ RIVERDALE AVE,369431.0677,5029532.27,1/7/16,9:08,01 - Clear,03 - Loose snow,01 - Traffic signal,02 - Intersection related,01 - Daylight,03 - P.D. only,03 - Rear end
9174,MAIN ST @ RIVERDALE AVE,369431.7411,5029530.424,12/25/16,19:30,01 - Clear,01 - Dry,01 - Traffic signal,02 - Intersection related,07 - Dark,03 - P.D. only,03 - Rear end
9175,MAIN ST btwn CENTENNIAL BLVD & TORONTO ST,369507.6606,5029356.602,2/19/16,11:05,01 - Clear,05 - Packed snow,10 - No control,01 - Non intersection,01 - Daylight,03 - P.D. only,04 - Sideswipe
9176,MAIN ST btwn OBLATE AVE & HAZEL ST,369135.1484,5030247.241,8/27/16,2:41,01 - Clear,01 - Dry,10 - No control,01 - Non intersection,07 - Dark,03 - P.D. only,07 - SMV other
9177,MAIN ST btwn TORONTO ST & RIDEAU RIVER DR,369525.8862,5029309.668,10/1/16,21:22,01 - Clear,01 - Dry,10 - No control,07 - Overpass or bridge,07 - Dark,02 - Non-fatal injury,01 - Approaching
9178,MAIN ST btwn TURN LANE & CENTENNIAL BLVD,369477.1441,5029425.08,8/9/16,11:05,01 - Clear,01 - Dry,10 - No control,01 - Non intersection,01 - Daylight,03 - P.D. only,04 - Sideswipe
9179,MAIN ST btwn TURN LANE & CENTENNIAL BLVD,369472.923,5029437.793,1/20/16,8:09,01 - Clear,02 - Wet,10 - No control,01 - Non intersection,01 - Daylight,03 - P.D. only,04 - Sideswipe
9180,MAIN ST btwn TURN LANE & CENTENNIAL BLVD,369449.694,5029487.603,5/26/16,8:07,01 - Clear,01 - Dry,10 - No control,01 - Non intersection,01 - Daylight,03 - P.D. only,04 - Sideswipe
9181,MAITLAND AVE @ TERREBONNE DR,364012.0333,5025137.115,1/29/16,11:59,01 - Clear,02 - Wet,02 - Stop sign,02 - Intersection related,01 - Daylight,03 - P.D. only,04 - Sideswipe
9182,MAITLAND AVE @ WOODWARD DR,363273.036,5025662.308,10/22/16,12:10,02 - Rain,02 - Wet,01 - Traffic signal,03 - At intersection,01 - Daylight,02 - Non-fatal injury,02 - Angle
9183,MAITLAND AVE @ WOODWARD DR,363274.5816,5025663.788,12/17/16,10:40,03 - Snow,03 - Loose snow,01 - Traffic signal,02 - Intersection related,01 - Daylight,02 - Non-fatal injury,03 - Rear end
9184,MAITLAND AVE @ WOODWARD DR,363274.5816,5025661.266,10/6/16,19:23,01 - Clear,01 - Dry,01 - Traffic signal,03 - At intersection,07 - Dark,02 - Non-fatal injury,02 - Angle
9185,MAITLAND AVE @ WOODWARD DR,363273.9609,5025661.728,3/5/16,9:30,01 - Clear,01 - Dry,01 - Traffic signal,02 - Intersection related,01 - Daylight,03 - P.D. only,03 - Rear end
9186,MAITLAND AVE @ WOODWARD DR,363273.4751,5025663.186,9/12/16,14:27,01 - Clear,01 - Dry,01 - Traffic signal,03 - At intersection,01 - Daylight,03 - P.D. only,05 - Turning movement
9187,MAITLAND AVE @ WOODWARD DR,363273.9191,5025662.303,4/27/16,17:20,01 - Clear,01 - Dry,01 - Traffic signal,02 - Intersection related,01 - Daylight,03 - P.D. only,04 - Sideswipe
9188,MAITLAND AVE @ WOODWARD DR,363273.7779,5025662.088,10/21/16,7:57,02 - Rain,02 - Wet,01 - Traffic signal,03 - At intersection,01 - Daylight,03 - P.D. only,05 - Turning movement
9189,MAITLAND AVE btwn AGINCOURT RD & 30 S OF AGINCOURT RD/TRINITY UNITED C,363450.0536,5025446.711,4/26/16,21:09,01 - Clear,01 - Dry,10 - No control,04 - At/near private drive,07 - Dark,02 - Non-fatal injury,05 - Turning movement
9190,MAITLAND AVE btwn AMESBROOKE DR & HENRY FARM DR,363824.0864,5025161.046,8/22/16,19:50,01 - Clear,01 - Dry,10 - No control,01 - Non intersection,01 - Daylight,03 - P.D. only,04 - Sideswipe
9191,MAITLAND AVE btwn CAMEO DR & CLYDE AVE,364246.62,5025142.712,9/27/16,5:30,02 - Rain,02 - Wet,10 - No control,01 - Non intersection,07 - Dark,03 - P.D. only,07 - SMV other
9192,MAITLAND AVE btwn CAMEO DR & CLYDE AVE,364168.5162,5025148.622,6/3/16,19:56,01 - Clear,01 - Dry,10 - No control,01 - Non intersection,01 - Daylight,03 - P.D. only,03 - Rear end
9193,MAITLAND AVE btwn CARLING AVE & DUNCAN PL,362949.2888,5026470.345,1/4/16,22:03,01 - Clear,01 - Dry,10 - No control,04 - At/near private drive,07 - Dark,03 - P.D. only,02 - Angle
9194,MAITLAND AVE btwn CARLING AVE & DUNCAN PL,362949.1352,5026471.435,3/2/16,14:35,03 - Snow,02 - Wet,10 - No control,04 - At/near private drive,01 - Daylight,03 - P.D. only,02 - Angle
9195,MAITLAND AVE btwn DUNCAN PL & LENESTER AVE,363018.5144,5026299.3,8/17/16,9:34,01 - Clear,01 - Dry,10 - No control,01 - Non intersection,01 - Daylight,03 - P.D. only,03 - Rear end
9196,MAITLAND AVE btwn DUNCAN PL & LENESTER AVE,363038.0732,5026250.805,7/12/16,20:41,01 - Clear,01 - Dry,10 - No control,01 - Non intersection,05 - Dusk,03 - P.D. only,04 - Sideswipe
9197,MAITLAND AVE btwn GARFIELD AVE & AGINCOURT RD,363415.1752,5025483.683,2/12/16,14:50,01 - Clear,02 - Wet,10 - No control,04 - At/near private drive,01 - Daylight,03 - P.D. only,04 - Sideswipe
9198,MAITLAND AVE btwn GLENMOUNT AVE & AMESBROOKE DR,363752.5544,5025186.089,5/21/16,18:45,01 - Clear,01 - Dry,10 - No control,01 - Non intersection,01 - Daylight,03 - P.D. only,04 - Sideswipe
9199,MAITLAND AVE btwn GLENMOUNT AVE & AMESBROOKE DR,363741.8081,5025191.77,4/16/16,10:21,01 - Clear,01 - Dry,10 - No control,01 - Non intersection,01 - Daylight,03 - P.D. only,04 - Sideswipe
9200,MAITLAND AVE btwn GLENMOUNT AVE & AMESBROOKE DR,363755.1957,5025184.785,11/9/16,11:31,01 - Clear,01 - Dry,10 - No control,01 - Non intersection,01 - Daylight,03 - P.D. only,04 - Sideswipe
9201,MAITLAND AVE btwn GLENMOUNT AVE & AMESBROOKE DR,363752.9605,5025185.812,11/14/16,14:09,01 - Clear,01 - Dry,10 - No control,01 - Non intersection,01 - Daylight,03 - P.D. only,03 - Rear end
9202,MAITLAND AVE btwn HENRY FARM DR & TERREBONNE DR,363999.6708,5025136.415,5/10/16,14:45,01 - Clear,01 - Dry,10 - No control,01 - Non intersection,01 - Daylight,03 - P.D. only,04 - Sideswipe
9203,MAITLAND AVE btwn HWY417 IC126 RAMP63 & HWY417 IC126 RAMP52,363183.5828,5025886.562,5/17/16,17:31,01 - Clear,01 - Dry,10 - No control,01 - Non intersection,01 - Daylight,03 - P.D. only,04 - Sideswipe
9204,MAITLAND AVE btwn HWY417 IC126 RAMP63 & HWY417 IC126 RAMP52,363187.6584,5025874.337,7/26/16,16:42,01 - Clear,01 - Dry,10 - No control,01 - Non intersection,01 - Daylight,03 - P.D. only,04 - Sideswipe
9205,MAITLAND AVE btwn TARA DR & ERINDALE DR,363572.9088,5025305.424,9/29/16,6:55,01 - Clear,01 - Dry,10 - No control,04 - At/near private drive,01 - Daylight,02 - Non-fatal injury,03 - Rear end
9206,MAITLAND AVE btwn TARA DR & ERINDALE DR,363510.4636,5025370.688,1/2/16,13:02,01 - Clear,01 - Dry,10 - No control,01 - Non intersection,01 - Daylight,03 - P.D. only,04 - Sideswipe
9207,MAITLAND AVE btwn TARA DR & ERINDALE DR,363668.7973,5025235.4,4/4/16,14:30,01 - Clear,01 - Dry,10 - No control,01 - Non intersection,01 - Daylight,03 - P.D. only,04 - Sideswipe
9208,MAITLAND AVE btwn TERREBONNE DR & CAMEO DR,364130.9085,5025143.346,6/15/16,15:16,01 - Clear,01 - Dry,10 - No control,04 - At/near private drive,01 - Daylight,02 - Non-fatal injury,07 - SMV other
9209,MAITLAND AVE btwn TERREBONNE DR & CAMEO DR,364061.3955,5025138.81,11/13/16,9:29,01 - Clear,01 - Dry,10 - No control,01 - Non intersection,01 - Daylight,02 - Non-fatal injury,01 - Approaching
9210,MAITLAND AVE btwn TERREBONNE DR & CAMEO DR,364146.1399,5025145.233,7/22/16,17:44,01 - Clear,01 - Dry,10 - No control,01 - Non intersection,01 - Daylight,03 - P.D. only,03 - Rear end
9211,MAITLAND AVE btwn TERREBONNE DR & CAMEO DR,364016.1399,5025137.051,7/22/16,18:59,01 - Clear,01 - Dry,10 - No control,01 - Non intersection,01 - Daylight,03 - P.D. only,03 - Rear end
9212,MAITLAND AVE/GLENMOUNT AVE @ ERINDALE DR,363697.9753,5025211.365,6/29/16,17:08,01 - Clear,01 - Dry,01 - Traffic signal,03 - At intersection,01 - Daylight,02 - Non-fatal injury,05 - Turning movement
9213,MAITLAND AVE/GLENMOUNT AVE @ ERINDALE DR,363697.129,5025211.687,8/3/16,8:01,01 - Clear,01 - Dry,01 - Traffic signal,02 - Intersection related,01 - Daylight,03 - P.D. only,03 - Rear end
9214,MAITLAND AVE/GLENMOUNT AVE @ ERINDALE DR,363698.1121,5025211.955,8/17/16,18:11,01 - Clear,01 - Dry,01 - Traffic signal,03 - At intersection,01 - Daylight,03 - P.D. only,02 - Angle
9215,MAITLAND AVE/GLENMOUNT AVE @ ERINDALE DR,363697.6669,5025212.037,7/4/16,16:05,01 - Clear,01 - Dry,01 - Traffic signal,02 - Intersection related,01 - Daylight,03 - P.D. only,03 - Rear end
9216,MAITLAND AVE/GLENMOUNT AVE @ ERINDALE DR,363698.0758,5025211.711,7/3/16,13:00,01 - Clear,01 - Dry,01 - Traffic signal,02 - Intersection related,01 - Daylight,03 - P.D. only,04 - Sideswipe
9217,MAITLAND AVE/GLENMOUNT AVE @ ERINDALE DR,363697.1864,5025212.417,11/4/16,10:00,01 - Clear,01 - Dry,01 - Traffic signal,02 - Intersection related,01 - Daylight,03 - P.D. only,03 - Rear end
9218,MAITLAND AVE/GLENMOUNT AVE @ ERINDALE DR,363697.6912,5025211.1,12/9/16,7:48,01 - Clear,06 - Ice,01 - Traffic signal,02 - Intersection related,03 - Dawn,03 - P.D. only,03 - Rear end