Record,Location,X,Y,Date,Time,Environment,Road_Surface,Traffic_Control,Collision_Location,Light,Collision_Classification,Impact_type
9219,MAITLAND AVE/HWY 417 MAITLAND IC126R53 @ HWY 4,363229.9183,5025774.112,1/22/16,8:41,01 - Clear,01 - Dry,01 - Traffic signal,03 - At intersection,01 - Daylight,02 - Non-fatal injury,05 - Turning movement
9220,MAITLAND AVE/HWY 417 MAITLAND IC126R53 @ HWY 4,363229.558,5025774.748,6/22/16,6:55,01 - Clear,01 - Dry,01 - Traffic signal,03 - At intersection,01 - Daylight,03 - P.D. only,05 - Turning movement
9221,MAITLAND AVE/HWY 417 MAITLAND IC126R53 @ HWY 4,363229.5306,5025774.269,11/4/16,16:21,01 - Clear,01 - Dry,01 - Traffic signal,03 - At intersection,05 - Dusk,03 - P.D. only,05 - Turning movement
9222,MAITLAND AVE/HWY 417 MAITLAND IC126R53 @ HWY 4,363229.8334,5025774.185,12/19/16,16:42,03 - Snow,03 - Loose snow,01 - Traffic signal,03 - At intersection,05 - Dusk,03 - P.D. only,05 - Turning movement
9223,MAITLAND AVE/HWY 417 MAITLAND IC126R53 @ HWY 4,363231.0084,5025775.753,12/4/16,11:15,01 - Clear,01 - Dry,01 - Traffic signal,02 - Intersection related,01 - Daylight,03 - P.D. only,99 - Other
9224,MAJESTIC DR @ NEWHAVEN ST,362692.1961,5021059.609,1/15/16,12:09,01 - Clear,04 - Slush,02 - Stop sign,02 - Intersection related,01 - Daylight,03 - P.D. only,02 - Angle
9225,MAJESTIC DR @ WOODROFFE AVE,363527.9179,5021571.717,4/7/16,12:29,01 - Clear,02 - Wet,01 - Traffic signal,02 - Intersection related,01 - Daylight,02 - Non-fatal injury,03 - Rear end
9226,MAJESTIC DR @ WOODROFFE AVE,363528.3593,5021570.826,2/5/16,8:33,01 - Clear,01 - Dry,01 - Traffic signal,02 - Intersection related,01 - Daylight,03 - P.D. only,03 - Rear end
9227,MAJESTIC DR @ WOODROFFE AVE,363527.22,5021570.782,12/8/16,20:55,03 - Snow,03 - Loose snow,01 - Traffic signal,02 - Intersection related,07 - Dark,03 - P.D. only,03 - Rear end
9228,MAJESTIC DR btwn KELVIN CRES & KIMDALE ST,362973.8486,5021291.951,12/31/16,16:04,03 - Snow,03 - Loose snow,10 - No control,01 - Non intersection,05 - Dusk,03 - P.D. only,02 - Angle
9229,MAJOR RD btwn KENNEDY LANE W & SAULT ST,382140.8684,5037719.151,8/26/16,13:16,01 - Clear,01 - Dry,10 - No control,01 - Non intersection,01 - Daylight,03 - P.D. only,07 - SMV other
9230,MALAKOFF RD btwn MACKEY RD & COWELL RD,365368.2604,4992425.739,2/4/16,6:20,01 - Clear,02 - Wet,10 - No control,01 - Non intersection,03 - Dawn,03 - P.D. only,07 - SMV other
9231,MALAKOFF RD btwn MACKEY RD & COWELL RD,365459.302,4992391.176,11/18/16,6:45,"07 - Fog, mist, smoke, dust",01 - Dry,10 - No control,01 - Non intersection,07 - Dark,03 - P.D. only,07 - SMV other
9232,MALAKOFF RD btwn PROVEN LINE RD & ROGER STEVENS DR,361250.096,4997229.175,5/13/16,11:11,01 - Clear,01 - Dry,10 - No control,01 - Non intersection,01 - Daylight,03 - P.D. only,07 - SMV other
9233,MALCOLM PL @ NORICE ST,364242.6477,5023043.278,12/5/16,8:37,03 - Snow,05 - Packed snow,02 - Stop sign,03 - At intersection,01 - Daylight,03 - P.D. only,02 - Angle
9234,MALVERN DR btwn SHERWAY DR & THISTLEDOWN CRT,363041.2712,5015918.161,8/4/16,20:05,01 - Clear,01 - Dry,10 - No control,04 - At/near private drive,05 - Dusk,03 - P.D. only,02 - Angle
9235,MALVERN DR btwn TRIPP CRES & THISTLEDOWN CRT,363177.5254,5016115.85,1/14/16,7:55,03 - Snow,03 - Loose snow,10 - No control,01 - Non intersection,01 - Daylight,03 - P.D. only,01 - Approaching
9236,MANCINI WAY btwn INFUSION PRIV E & INFUSION PRIV W,364934.4291,5014732.392,2/16/16,14:50,03 - Snow,05 - Packed snow,10 - No control,04 - At/near private drive,01 - Daylight,03 - P.D. only,02 - Angle
9237,MANCINI WAY btwn INFUSION PRIV E & INFUSION PRIV W,364934.4291,5014732.392,9/16/16,8:00,01 - Clear,01 - Dry,10 - No control,01 - Non intersection,01 - Daylight,03 - P.D. only,01 - Approaching
9238,MANDALAY ST btwn SWEETFERN CRES & SWEETVALLEY DR,"384,661.88","5,034,144.30",11/5/16,9:50,01 - Clear,07 - Mud,10 - No control,01 - Non intersection,01 - Daylight,03 - P.D. only,07 - SMV other
9239,MANN AVE @ GOULBURN AVE/GOULBURN CRES,369690.0566,5031638.694,12/19/16,7:42,01 - Clear,05 - Packed snow,02 - Stop sign,03 - At intersection,03 - Dawn,03 - P.D. only,02 - Angle
9240,MANN AVE @ RUSSELL AVE,369469.0582,5031505.824,11/28/16,12:30,01 - Clear,01 - Dry,02 - Stop sign,02 - Intersection related,01 - Daylight,03 - P.D. only,03 - Rear end
9241,MANN AVE btwn CHAPEL ST & NANCY SMITH PRIV,369564.9353,5031558.946,2/18/16,15:30,03 - Snow,02 - Wet,10 - No control,01 - Non intersection,01 - Daylight,03 - P.D. only,04 - Sideswipe
9242,MANN AVE btwn SENTIER PRIV & CHAPEL ST,369480.6524,5031510.793,12/11/16,8:00,01 - Clear,01 - Dry,10 - No control,01 - Non intersection,01 - Daylight,03 - P.D. only,06 - SMV unattended vehicle
9243,MANOTICK MAIN ST btwn CURRIER ST & EASTMAN AVE,369031.6017,5009642.703,12/21/16,17:31,03 - Snow,04 - Slush,10 - No control,01 - Non intersection,07 - Dark,03 - P.D. only,07 - SMV other
9244,MANOTICK MAIN ST btwn TIGHE ST & O'GRADY ST,368906.7313,5009753.093,10/26/16,8:52,01 - Clear,01 - Dry,10 - No control,01 - Non intersection,01 - Daylight,03 - P.D. only,05 - Turning movement
9245,MANOTICK STATION RD @ MITCH OWENS RD,373508.7451,5013266.36,8/5/16,17:56,01 - Clear,01 - Dry,02 - Stop sign,03 - At intersection,01 - Daylight,02 - Non-fatal injury,02 - Angle
9246,MANOTICK STATION RD @ MITCH OWENS RD,373508.4926,5013268.719,9/8/16,5:40,02 - Rain,02 - Wet,02 - Stop sign,02 - Intersection related,07 - Dark,03 - P.D. only,03 - Rear end
9247,MANOTICK STATION RD @ MITCH OWENS RD,373508.5256,5013268.65,10/12/16,7:30,01 - Clear,01 - Dry,02 - Stop sign,02 - Intersection related,01 - Daylight,03 - P.D. only,02 - Angle
9248,MANOTICK STATION RD @ SNAKE ISLAND RD,376801.638,5005714.28,10/6/16,21:00,01 - Clear,01 - Dry,02 - Stop sign,02 - Intersection related,07 - Dark,02 - Non-fatal injury,07 - SMV other
9249,MANOTICK STATION RD btwn DEERMEADOW DR & NICK ADAMS RD,374838.4803,5010317.11,8/3/16,19:02,01 - Clear,01 - Dry,10 - No control,01 - Non intersection,01 - Daylight,02 - Non-fatal injury,99 - Other
9250,MANOTICK STATION RD btwn GOUGH RD & ELKWOOD DR,374448.1701,5011219.265,2/3/16,9:47,04 - Freezing Rain,06 - Ice,10 - No control,01 - Non intersection,01 - Daylight,02 - Non-fatal injury,07 - SMV other
9251,MANOTICK STATION RD btwn HERBERTS CORNERS RD & HERBERTS CORNERS RD,375943.287,5007670.27,11/8/16,17:22,01 - Clear,01 - Dry,10 - No control,01 - Non intersection,07 - Dark,03 - P.D. only,07 - SMV other
9252,MANOTICK STATION RD btwn HERBERTS CORNERS RD & SNAKE ISLAND RD,376010.7168,5007486.454,9/25/16,16:36,01 - Clear,01 - Dry,10 - No control,01 - Non intersection,01 - Daylight,02 - Non-fatal injury,07 - SMV other
9253,MANOTICK STATION RD btwn HERBERTS CORNERS RD & SNAKE ISLAND RD,376311.5662,5006780.305,10/25/16,13:45,01 - Clear,01 - Dry,10 - No control,01 - Non intersection,01 - Daylight,02 - Non-fatal injury,05 - Turning movement
9254,MANOTICK STATION RD btwn HERBERTS CORNERS RD & SNAKE ISLAND RD,376615.6368,5006049.304,11/22/16,8:14,01 - Clear,06 - Ice,10 - No control,01 - Non intersection,01 - Daylight,03 - P.D. only,07 - SMV other
9255,MANOTICK STATION RD btwn NICK ADAMS RD & HERBERTS CORNERS RD,375679.2508,5008305.155,12/5/16,18:40,01 - Clear,02 - Wet,10 - No control,01 - Non intersection,07 - Dark,02 - Non-fatal injury,07 - SMV other
9256,MANOTICK STATION RD btwn NICK ADAMS RD & HERBERTS CORNERS RD,375870.3381,5007835.757,2/5/16,17:50,01 - Clear,02 - Wet,10 - No control,01 - Non intersection,07 - Dark,03 - P.D. only,07 - SMV other
9257,MANOTICK STATION RD btwn NICK ADAMS RD & HERBERTS CORNERS RD,375274.8433,5009259.948,12/21/16,1:15,01 - Clear,02 - Wet,10 - No control,01 - Non intersection,07 - Dark,03 - P.D. only,07 - SMV other
9258,MAPLE GROVE RD @ TERRY FOX DR,351552.95,5017864.245,10/10/16,11:12,01 - Clear,01 - Dry,01 - Traffic signal,03 - At intersection,01 - Daylight,02 - Non-fatal injury,02 - Angle
9259,MAPLE GROVE RD @ TERRY FOX DR,351553.3841,5017865.138,4/10/16,12:00,01 - Clear,01 - Dry,01 - Traffic signal,03 - At intersection,01 - Daylight,02 - Non-fatal injury,02 - Angle
9260,MAPLE GROVE RD @ TERRY FOX DR,351554.4342,5017865.835,2/13/16,14:49,05 - Drifting Snow,06 - Ice,01 - Traffic signal,02 - Intersection related,01 - Daylight,03 - P.D. only,03 - Rear end
9261,MAPLE GROVE RD @ TERRY FOX DR,351554.4368,5017862.394,10/22/16,9:48,02 - Rain,02 - Wet,01 - Traffic signal,02 - Intersection related,01 - Daylight,03 - P.D. only,03 - Rear end
9262,MAPLE GROVE RD @ TERRY FOX DR,351553.6086,5017865.366,6/21/16,11:45,01 - Clear,01 - Dry,01 - Traffic signal,02 - Intersection related,01 - Daylight,03 - P.D. only,04 - Sideswipe
9263,MAPLE GROVE RD @ TERRY FOX DR,351552.5109,5017864.684,1/22/16,17:30,01 - Clear,02 - Wet,01 - Traffic signal,02 - Intersection related,05 - Dusk,03 - P.D. only,03 - Rear end
9264,MAPLE GROVE RD @ TERRY FOX DR,351552.0022,5017864.732,8/23/16,7:48,01 - Clear,01 - Dry,01 - Traffic signal,02 - Intersection related,01 - Daylight,03 - P.D. only,03 - Rear end
9265,MAPLE GROVE RD @ TERRY FOX DR,351553.8326,5017864.241,3/11/16,7:52,01 - Clear,01 - Dry,01 - Traffic signal,02 - Intersection related,01 - Daylight,03 - P.D. only,03 - Rear end
9266,MAPLE GROVE RD @ TERRY FOX DR,351552.6901,5017863.776,7/11/16,11:29,01 - Clear,01 - Dry,01 - Traffic signal,02 - Intersection related,01 - Daylight,03 - P.D. only,04 - Sideswipe
9267,MAPLE GROVE RD @ TERRY FOX DR,351553.3813,5017864.919,7/7/16,11:32,01 - Clear,01 - Dry,01 - Traffic signal,03 - At intersection,01 - Daylight,03 - P.D. only,05 - Turning movement
9268,MAPLE GROVE RD @ TERRY FOX DR,351553.6086,5017863.222,12/4/16,17:40,01 - Clear,01 - Dry,01 - Traffic signal,02 - Intersection related,07 - Dark,03 - P.D. only,03 - Rear end
9269,MAPLE GROVE RD btwn Continuation of MAPLE GROVE RD & SILVER SEVEN RD,351126.8247,5017474.48,4/2/16,11:50,02 - Rain,02 - Wet,10 - No control,04 - At/near private drive,01 - Daylight,03 - P.D. only,02 - Angle
9270,MAPLE GROVE RD btwn HUNTMAR DR & ROSEHILL AVE,350381.4785,5016814.008,2/17/16,15:58,03 - Snow,05 - Packed snow,10 - No control,01 - Non intersection,01 - Daylight,03 - P.D. only,07 - SMV other
9271,MAPLE GROVE RD btwn JOHNWOODS ST & MONTSERRAT ST,349769.4725,5016257.151,10/5/16,0:00,01 - Clear,01 - Dry,10 - No control,01 - Non intersection,00 - Unknown,03 - P.D. only,06 - SMV unattended vehicle
9272,MAPLE GROVE RD btwn LEVECHE WAY & HUNTMAR DR,350228.5141,5016677.09,8/19/16,7:15,01 - Clear,01 - Dry,10 - No control,01 - Non intersection,01 - Daylight,03 - P.D. only,04 - Sideswipe
9273,MAPLE GROVE RD btwn MONTSERRAT ST & LEVECHE WAY,350142.3694,5016599.573,2/18/16,0:00,01 - Clear,02 - Wet,10 - No control,01 - Non intersection,00 - Unknown,03 - P.D. only,06 - SMV unattended vehicle
9274,MAPLE RUN AVE btwn ORLEANS BLVD & OAK MEADOWS DR,380613.9883,5035222.084,7/14/16,15:05,01 - Clear,01 - Dry,10 - No control,01 - Non intersection,01 - Daylight,03 - P.D. only,03 - Rear end
9275,MAPLEHILL WAY btwn PRINCE OF WALES DR & HAZELWOOD WAY,366838.6292,5012546.708,6/25/16,7:40,01 - Clear,01 - Dry,10 - No control,01 - Non intersection,01 - Daylight,03 - P.D. only,99 - Other
9276,MAPLEHURST AVE @ CARLING AVE,358934.6747,5023945.441,12/22/16,9:00,03 - Snow,04 - Slush,02 - Stop sign,02 - Intersection related,01 - Daylight,03 - P.D. only,03 - Rear end
9277,MARAVISTA DR @ STRANDHERD DR,361288.4381,5014584.958,5/31/16,14:10,01 - Clear,01 - Dry,01 - Traffic signal,02 - Intersection related,01 - Daylight,03 - P.D. only,03 - Rear end
9278,MARBLE CANYON btwn CANYON WALK DR & MOUNTAIN MEADOWS CRES,368383.0798,5016464.904,6/6/16,19:49,01 - Clear,01 - Dry,10 - No control,01 - Non intersection,01 - Daylight,03 - P.D. only,06 - SMV unattended vehicle
9279,MARCH RD @ 280 S OF CARLING AVE/GATEWAY MALL S,351108.089,5022028.468,5/20/16,8:40,01 - Clear,01 - Dry,01 - Traffic signal,03 - At intersection,01 - Daylight,02 - Non-fatal injury,05 - Turning movement
9280,MARCH RD @ DIAMONDVIEW RD,340138.7829,5019876.167,1/18/16,17:45,05 - Drifting Snow,03 - Loose snow,02 - Stop sign,03 - At intersection,07 - Dark,02 - Non-fatal injury,03 - Rear end
9281,MARCH RD @ DIAMONDVIEW RD,340115.4184,5019866.815,6/28/16,9:56,01 - Clear,01 - Dry,02 - Stop sign,03 - At intersection,01 - Daylight,03 - P.D. only,05 - Turning movement
9282,MARCH RD @ HUNTMAR DR,344140.9802,5023547.684,11/3/16,6:59,02 - Rain,02 - Wet,02 - Stop sign,03 - At intersection,03 - Dawn,03 - P.D. only,05 - Turning movement
9283,MARCH RD @ MORGAN'S GRANT WAY/SHIRLEY'S BROOK ,349661.3872,5023617.732,3/6/16,12:03,01 - Clear,01 - Dry,01 - Traffic signal,03 - At intersection,01 - Daylight,02 - Non-fatal injury,05 - Turning movement
9284,MARCH RD @ MORGAN'S GRANT WAY/SHIRLEY'S BROOK ,349662.2678,5023618.169,11/16/16,17:43,01 - Clear,01 - Dry,01 - Traffic signal,03 - At intersection,07 - Dark,02 - Non-fatal injury,05 - Turning movement
9285,MARCH RD @ MORGAN'S GRANT WAY/SHIRLEY'S BROOK ,349662.436,5023617.41,8/4/16,9:12,01 - Clear,01 - Dry,01 - Traffic signal,03 - At intersection,01 - Daylight,03 - P.D. only,02 - Angle
9286,MARCH RD @ MORGAN'S GRANT WAY/SHIRLEY'S BROOK ,349660.1149,5023617.345,6/17/16,13:40,01 - Clear,01 - Dry,01 - Traffic signal,02 - Intersection related,01 - Daylight,03 - P.D. only,03 - Rear end
9287,MARCH RD @ RICHARDSON SIDE RD,351415.7097,5021778.72,2/18/16,13:20,01 - Clear,02 - Wet,01 - Traffic signal,03 - At intersection,01 - Daylight,02 - Non-fatal injury,02 - Angle
9288,MARCH RD @ RICHARDSON SIDE RD,351413.4539,5021780.981,2/24/16,9:47,03 - Snow,03 - Loose snow,01 - Traffic signal,03 - At intersection,01 - Daylight,03 - P.D. only,02 - Angle
9289,MARCH RD @ RICHARDSON SIDE RD,351415.7261,5021779.261,3/9/16,17:30,01 - Clear,01 - Dry,01 - Traffic signal,02 - Intersection related,01 - Daylight,03 - P.D. only,03 - Rear end
9290,MARCH RD @ RICHARDSON SIDE RD,351414.4919,5021779.225,10/28/16,15:31,01 - Clear,01 - Dry,01 - Traffic signal,03 - At intersection,01 - Daylight,03 - P.D. only,05 - Turning movement
9291,MARCH RD @ RICHARDSON SIDE RD,351412.3487,5021775.625,4/14/16,16:10,01 - Clear,01 - Dry,01 - Traffic signal,02 - Intersection related,01 - Daylight,03 - P.D. only,03 - Rear end
9292,MARCH RD @ RICHARDSON SIDE RD,351414.3917,5021778.809,4/7/16,12:56,01 - Clear,01 - Dry,01 - Traffic signal,03 - At intersection,01 - Daylight,03 - P.D. only,05 - Turning movement
9293,MARCH RD @ RICHARDSON SIDE RD,351414.836,5021780.52,4/9/16,19:43,01 - Clear,01 - Dry,01 - Traffic signal,03 - At intersection,07 - Dark,03 - P.D. only,02 - Angle
9294,MARCH RD @ RICHARDSON SIDE RD,351419.1535,5021780.728,4/15/16,9:08,01 - Clear,01 - Dry,01 - Traffic signal,03 - At intersection,01 - Daylight,03 - P.D. only,05 - Turning movement
9295,MARCH RD @ RICHARDSON SIDE RD,351414.6179,5021779.015,12/6/16,7:27,01 - Clear,01 - Dry,01 - Traffic signal,03 - At intersection,03 - Dawn,03 - P.D. only,05 - Turning movement
9296,MARCH RD @ SECOND LINE RD,346102.8391,5025328.651,1/14/16,8:30,03 - Snow,03 - Loose snow,01 - Traffic signal,02 - Intersection related,01 - Daylight,03 - P.D. only,03 - Rear end
9297,MARCH RD @ SECOND LINE RD,346106.1322,5025328.311,11/10/16,5:20,01 - Clear,01 - Dry,01 - Traffic signal,03 - At intersection,07 - Dark,03 - P.D. only,02 - Angle
9298,MARCH RD @ SOLANDT RD,350490.144,5022709.164,8/17/16,10:51,01 - Clear,01 - Dry,01 - Traffic signal,02 - Intersection related,01 - Daylight,02 - Non-fatal injury,03 - Rear end
9299,MARCH RD @ SOLANDT RD,350492.093,5022710.088,9/16/16,11:14,01 - Clear,01 - Dry,01 - Traffic signal,02 - Intersection related,01 - Daylight,03 - P.D. only,03 - Rear end
9300,MARCH RD @ SOLANDT RD,350489.389,5022711.161,2/16/16,11:02,03 - Snow,03 - Loose snow,01 - Traffic signal,03 - At intersection,01 - Daylight,03 - P.D. only,05 - Turning movement
9301,MARCH RD @ SOLANDT RD,350491.2648,5022708.432,10/31/16,8:05,01 - Clear,01 - Dry,01 - Traffic signal,02 - Intersection related,01 - Daylight,03 - P.D. only,03 - Rear end
9302,MARCH RD @ SOLANDT RD,350488.9426,5022711.612,2/23/16,15:50,01 - Clear,01 - Dry,01 - Traffic signal,02 - Intersection related,01 - Daylight,03 - P.D. only,03 - Rear end
9303,MARCH RD @ SOLANDT RD,350489.3865,5022710.28,3/2/16,19:35,01 - Clear,02 - Wet,01 - Traffic signal,03 - At intersection,07 - Dark,03 - P.D. only,05 - Turning movement
9304,MARCH RD @ SOLANDT RD,350489.3838,5022710.502,5/3/16,16:55,01 - Clear,01 - Dry,01 - Traffic signal,02 - Intersection related,01 - Daylight,03 - P.D. only,03 - Rear end
9305,MARCH RD @ SOLANDT RD,350489.8325,5022709.383,3/14/16,10:46,02 - Rain,02 - Wet,01 - Traffic signal,03 - At intersection,01 - Daylight,03 - P.D. only,05 - Turning movement
9306,MARCH RD @ SOLANDT RD,350489.6085,5022708.432,10/20/16,16:28,02 - Rain,02 - Wet,01 - Traffic signal,02 - Intersection related,01 - Daylight,03 - P.D. only,03 - Rear end
9307,MARCH RD @ SOLANDT RD,350490.2671,5022709.844,11/28/16,12:27,01 - Clear,01 - Dry,01 - Traffic signal,03 - At intersection,01 - Daylight,03 - P.D. only,05 - Turning movement
9308,MARCH RD @ SOLANDT RD,350489.6085,5022710.916,11/20/16,20:27,05 - Drifting Snow,06 - Ice,01 - Traffic signal,03 - At intersection,07 - Dark,03 - P.D. only,07 - SMV other
9309,MARCH RD @ TALL FOREST DR E,343831.8788,5023266.298,2/11/16,10:00,01 - Clear,03 - Loose snow,02 - Stop sign,03 - At intersection,01 - Daylight,03 - P.D. only,07 - SMV other
9310,MARCH RD @ TERRY FOX DR,349863.9352,5023399.284,4/14/16,7:40,01 - Clear,01 - Dry,01 - Traffic signal,02 - Intersection related,01 - Daylight,02 - Non-fatal injury,03 - Rear end
9311,MARCH RD @ TERRY FOX DR,349865.7448,5023399.223,1/12/16,17:18,01 - Clear,02 - Wet,01 - Traffic signal,02 - Intersection related,05 - Dusk,03 - P.D. only,03 - Rear end
9312,MARCH RD @ TERRY FOX DR,349864.8331,5023399.284,4/5/16,8:26,01 - Clear,01 - Dry,01 - Traffic signal,02 - Intersection related,01 - Daylight,03 - P.D. only,03 - Rear end
9313,MARCH RD @ TERRY FOX DR,349864.8281,5023400.168,7/26/16,16:23,01 - Clear,01 - Dry,01 - Traffic signal,02 - Intersection related,01 - Daylight,03 - P.D. only,03 - Rear end
9314,MARCH RD @ TERRY FOX DR,349864.3891,5023398.85,10/2/16,13:23,02 - Rain,02 - Wet,01 - Traffic signal,03 - At intersection,01 - Daylight,03 - P.D. only,04 - Sideswipe
9315,MARCH RD @ TERRY FOX DR,349864.3891,5023398.85,12/14/16,11:30,01 - Clear,01 - Dry,01 - Traffic signal,03 - At intersection,01 - Daylight,03 - P.D. only,02 - Angle
9316,MARCH RD @ TERRY FOX DR,349864.6086,5023397.853,12/22/16,9:33,03 - Snow,04 - Slush,01 - Traffic signal,02 - Intersection related,01 - Daylight,03 - P.D. only,04 - Sideswipe
9317,MARCH RD @ THOMAS ARGUE RD,341120.6969,5020803.963,12/5/16,8:49,03 - Snow,05 - Packed snow,02 - Stop sign,02 - Intersection related,01 - Daylight,03 - P.D. only,01 - Approaching
9318,MARCH RD @ UPPER DWYER HILL RD,334081.6659,5014290.828,3/9/16,8:05,01 - Clear,01 - Dry,01 - Traffic signal,02 - Intersection related,01 - Daylight,03 - P.D. only,03 - Rear end
9319,MARCH RD @ UPPER DWYER HILL RD,334082.2701,5014291.914,12/28/16,14:02,01 - Clear,01 - Dry,01 - Traffic signal,02 - Intersection related,01 - Daylight,03 - P.D. only,03 - Rear end
9320,MARCH RD @ UPPER DWYER HILL RD,334082.5396,5014290.402,12/20/16,15:36,01 - Clear,02 - Wet,01 - Traffic signal,03 - At intersection,01 - Daylight,03 - P.D. only,02 - Angle
9321,MARCH RD @ UPPER DWYER HILL RD,334080.6137,5014290.257,11/24/16,17:08,03 - Snow,03 - Loose snow,01 - Traffic signal,02 - Intersection related,07 - Dark,03 - P.D. only,07 - SMV other
9322,MARCH RD btwn 280 S OF CARLING AVE/STATION RD & RICHARDSON SIDE RD,351184.0754,5021945.196,4/26/16,7:28,01 - Clear,01 - Dry,10 - No control,04 - At/near private drive,01 - Daylight,02 - Non-fatal injury,07 - SMV other
9323,MARCH RD btwn 280 S OF CARLING AVE/STATION RD & RICHARDSON SIDE RD,351209.5907,5021917.382,1/4/16,9:10,01 - Clear,02 - Wet,10 - No control,04 - At/near private drive,01 - Daylight,03 - P.D. only,04 - Sideswipe
9324,MARCH RD btwn 280 S OF CARLING AVE/STATION RD & RICHARDSON SIDE RD,351388.532,5021787.533,4/5/16,5:45,01 - Clear,01 - Dry,10 - No control,01 - Non intersection,07 - Dark,03 - P.D. only,07 - SMV other
9325,MARCH RD btwn 280 S OF CARLING AVE/STATION RD & RICHARDSON SIDE RD,351389.1341,5021789.482,4/23/16,15:28,01 - Clear,01 - Dry,10 - No control,01 - Non intersection,01 - Daylight,03 - P.D. only,04 - Sideswipe
9326,MARCH RD btwn 280 S OF CARLING AVE/STATION RD & RICHARDSON SIDE RD,351266.4337,5021858.999,12/31/16,19:51,03 - Snow,03 - Loose snow,10 - No control,04 - At/near private drive,07 - Dark,03 - P.D. only,02 - Angle
9327,MARCH RD btwn BEARHILL RD & ROB LYTLE'S LANE,338875.5233,5018676.928,6/21/16,15:13,01 - Clear,01 - Dry,10 - No control,01 - Non intersection,01 - Daylight,02 - Non-fatal injury,01 - Approaching
9328,MARCH RD btwn BEARHILL RD & ROB LYTLE'S LANE,338186.2422,5018000.242,1/11/16,6:10,01 - Clear,02 - Wet,10 - No control,01 - Non intersection,07 - Dark,03 - P.D. only,07 - SMV other
9329,MARCH RD btwn BEARHILL RD & ROB LYTLE'S LANE,338198.4035,5018010.684,11/4/16,21:39,01 - Clear,01 - Dry,10 - No control,04 - At/near private drive,07 - Dark,03 - P.D. only,05 - Turning movement
9330,MARCH RD btwn CAMPEAU DR/HWY 417 MARCH IC138R63 & HWY417 IC138 RAMP36,352846.3655,5020463.868,4/20/16,6:30,01 - Clear,01 - Dry,10 - No control,01 - Non intersection,01 - Daylight,03 - P.D. only,04 - Sideswipe
9331,MARCH RD btwn CAMPEAU DR/HWY 417 MARCH IC138R63 & HWY417 IC138 RAMP62,352757.5154,5020657.382,11/11/16,8:25,01 - Clear,01 - Dry,10 - No control,01 - Non intersection,01 - Daylight,02 - Non-fatal injury,04 - Sideswipe
9332,MARCH RD btwn CAMPEAU DR/HWY 417 MARCH IC138R63 & HWY417 IC138 RAMP62,352797.8701,5020570.749,10/27/16,16:15,03 - Snow,02 - Wet,10 - No control,01 - Non intersection,01 - Daylight,03 - P.D. only,99 - Other
9333,MARCH RD btwn CARLING AVE/STATION RD & 280 S OF CARLING AVE/STATION RD,350915.9479,5022238.005,6/22/16,20:09,01 - Clear,01 - Dry,10 - No control,04 - At/near private drive,01 - Daylight,02 - Non-fatal injury,07 - SMV other
9334,MARCH RD btwn CARLING AVE/STATION RD & 280 S OF CARLING AVE/STATION RD,351021.4411,5022120.562,4/14/16,8:40,01 - Clear,01 - Dry,10 - No control,05 - At railway crossing,01 - Daylight,03 - P.D. only,05 - Turning movement
9335,MARCH RD btwn CARP RD & DONALD B. MUNRO DR,342242.4687,5021801.986,2/18/16,6:39,01 - Clear,06 - Ice,10 - No control,01 - Non intersection,03 - Dawn,03 - P.D. only,07 - SMV other
9336,MARCH RD btwn CARP RD & DONALD B. MUNRO DR,342303.0014,5021856.919,4/6/16,21:18,03 - Snow,04 - Slush,10 - No control,01 - Non intersection,07 - Dark,03 - P.D. only,07 - SMV other
9337,MARCH RD btwn CARP RD & DONALD B. MUNRO DR,342313.8986,5021868.718,1/14/16,6:46,03 - Snow,06 - Ice,10 - No control,01 - Non intersection,07 - Dark,03 - P.D. only,07 - SMV other
9338,MARCH RD btwn CORKSTOWN RD & HWY417 IC138 RAMP62,352661.4463,5020873.79,5/20/16,8:17,01 - Clear,01 - Dry,10 - No control,01 - Non intersection,01 - Daylight,03 - P.D. only,03 - Rear end
9339,MARCH RD btwn DIAMONDVIEW RD & THOMAS ARGUE RD,340706.5124,5020407.24,3/24/16,16:49,03 - Snow,04 - Slush,10 - No control,01 - Non intersection,01 - Daylight,03 - P.D. only,07 - SMV other
9340,MARCH RD btwn DONALD B. MUNRO DR & TALL FOREST DR,343190.2648,5022683.523,2/5/16,19:30,03 - Snow,03 - Loose snow,10 - No control,01 - Non intersection,07 - Dark,03 - P.D. only,07 - SMV other
9341,MARCH RD btwn DUNROBIN RD & MURPHY CRT,347582.9595,5025890.578,1/9/16,7:00,02 - Rain,04 - Slush,10 - No control,01 - Non intersection,03 - Dawn,02 - Non-fatal injury,07 - SMV other
9342,MARCH RD btwn DUNROBIN RD & MURPHY CRT,347537.2503,5025947.679,1/14/16,8:13,03 - Snow,04 - Slush,10 - No control,01 - Non intersection,01 - Daylight,02 - Non-fatal injury,07 - SMV other
9343,MARCH RD btwn DUNROBIN RD & MURPHY CRT,347712.9482,5025754.798,4/17/16,17:15,01 - Clear,01 - Dry,10 - No control,04 - At/near private drive,01 - Daylight,02 - Non-fatal injury,05 - Turning movement