Record,Location,X,Y,Date,Time,Environment,Road_Surface,Traffic_Control,Collision_Location,Light,Collision_Classification,Impact_type
9344,MARCH RD btwn DUNROBIN RD & MURPHY CRT,347605.9421,5025872.812,8/4/16,9:45,01 - Clear,01 - Dry,10 - No control,01 - Non intersection,01 - Daylight,03 - P.D. only,07 - SMV other
9345,MARCH RD btwn DUNROBIN RD & MURPHY CRT,347191.0608,5026066.213,6/11/16,17:12,02 - Rain,02 - Wet,10 - No control,01 - Non intersection,01 - Daylight,03 - P.D. only,05 - Turning movement
9346,MARCH RD btwn DUNROBIN RD & MURPHY CRT,347323.6691,5026057.669,12/21/16,17:53,01 - Clear,01 - Dry,10 - No control,01 - Non intersection,07 - Dark,03 - P.D. only,07 - SMV other
9347,MARCH RD btwn DUNROBIN RD & MURPHY CRT,347548.0998,5025934.273,12/25/16,21:46,01 - Clear,01 - Dry,10 - No control,01 - Non intersection,07 - Dark,03 - P.D. only,07 - SMV other
9348,MARCH RD btwn GOLDEN LINE RD & BURNT LANDS RD,332105.9462,5012842.291,1/22/16,19:55,01 - Clear,02 - Wet,10 - No control,01 - Non intersection,07 - Dark,03 - P.D. only,07 - SMV other
9349,MARCH RD btwn GREY FOX DR & HOWIE RD,336577.1358,5016666.855,10/15/16,14:18,01 - Clear,01 - Dry,10 - No control,01 - Non intersection,01 - Daylight,03 - P.D. only,07 - SMV other
9350,MARCH RD btwn GREY FOX DR & HOWIE RD,336406.4461,5016517.895,1/7/16,17:03,01 - Clear,01 - Dry,10 - No control,01 - Non intersection,05 - Dusk,03 - P.D. only,07 - SMV other
9351,MARCH RD btwn HALTON TERR/MAXWELL BRIDGE RD & KLONDIKE RD,348887.0624,5024469.678,10/19/16,9:08,01 - Clear,01 - Dry,10 - No control,04 - At/near private drive,01 - Daylight,03 - P.D. only,03 - Rear end
9352,MARCH RD btwn HALTON TERR/MAXWELL BRIDGE RD & KLONDIKE RD,348796.1602,5024572.092,5/6/16,6:56,01 - Clear,01 - Dry,10 - No control,01 - Non intersection,01 - Daylight,03 - P.D. only,07 - SMV other
9353,MARCH RD btwn HALTON TERR/MAXWELL BRIDGE RD & KLONDIKE RD,348924.5273,5024432.257,4/22/16,13:53,01 - Clear,02 - Wet,10 - No control,01 - Non intersection,01 - Daylight,03 - P.D. only,07 - SMV other
9354,MARCH RD btwn HALTON TERR/MAXWELL BRIDGE RD & KLONDIKE RD,348874.4778,5024487.925,4/24/16,11:02,01 - Clear,01 - Dry,10 - No control,01 - Non intersection,01 - Daylight,03 - P.D. only,05 - Turning movement
9355,MARCH RD btwn HALTON TERR/MAXWELL BRIDGE RD & KLONDIKE RD,348076.8166,5025362.444,12/11/16,21:53,03 - Snow,03 - Loose snow,10 - No control,01 - Non intersection,07 - Dark,03 - P.D. only,07 - SMV other
9356,MARCH RD btwn HERZBERG RD & CORKSTOWN RD,352358.4684,5021505.159,2/13/16,8:33,05 - Drifting Snow,06 - Ice,10 - No control,01 - Non intersection,01 - Daylight,03 - P.D. only,07 - SMV other
9357,MARCH RD btwn HERZBERG RD & CORKSTOWN RD,352647.5121,5020903.912,4/12/16,18:15,01 - Clear,01 - Dry,10 - No control,01 - Non intersection,01 - Daylight,03 - P.D. only,03 - Rear end
9358,MARCH RD btwn HWY417 IC138 RAMP26 & EAGLESON RD,352936.7674,5020244.395,6/6/16,15:47,01 - Clear,01 - Dry,10 - No control,01 - Non intersection,01 - Daylight,03 - P.D. only,04 - Sideswipe
9359,MARCH RD btwn HWY417 IC138 RAMP26 & EAGLESON RD,352937.889,5020242.011,12/9/16,9:17,01 - Clear,04 - Slush,10 - No control,07 - Overpass or bridge,01 - Daylight,03 - P.D. only,01 - Approaching
9360,MARCH RD btwn HWY417 IC138 RAMP36 & HWY417 IC138 RAMP26,352866.663,5020421.932,3/31/16,17:10,02 - Rain,02 - Wet,10 - No control,01 - Non intersection,01 - Daylight,03 - P.D. only,03 - Rear end
9361,MARCH RD btwn HWY417 IC155 RAMP35 & HWY417 IC155 RAMP26,339557.1526,5019331.536,1/20/16,23:34,01 - Clear,01 - Dry,10 - No control,01 - Non intersection,07 - Dark,03 - P.D. only,03 - Rear end
9362,MARCH RD btwn HWY417 IC155 RAMP61 & HWY417 IC155 RAMP36,339770.5056,5019531.978,7/14/16,17:18,01 - Clear,01 - Dry,10 - No control,01 - Non intersection,01 - Daylight,02 - Non-fatal injury,07 - SMV other
9363,MARCH RD btwn HWY417 IC155 RAMP61 & HWY417 IC155 RAMP36,339769.0812,5019526.789,9/21/16,8:40,01 - Clear,01 - Dry,10 - No control,01 - Non intersection,01 - Daylight,03 - P.D. only,04 - Sideswipe
9364,MARCH RD btwn JACOB'S GT & BEARHILL RD,337672.772,5017600.038,4/27/16,0:00,01 - Clear,01 - Dry,10 - No control,01 - Non intersection,07 - Dark,03 - P.D. only,07 - SMV other
9365,MARCH RD btwn KLONDIKE RD & MORGAN'S GRANT WAY,349465.9473,5023835.908,2/11/16,7:32,03 - Snow,04 - Slush,10 - No control,01 - Non intersection,01 - Daylight,02 - Non-fatal injury,04 - Sideswipe
9366,MARCH RD btwn MARCH RD & BEACHVALE LANE,344217.1323,5023614.204,8/26/16,22:00,01 - Clear,01 - Dry,10 - No control,01 - Non intersection,07 - Dark,03 - P.D. only,07 - SMV other
9367,MARCH RD btwn MARCH RD & BEACHVALE LANE,344732.8425,5024082.144,11/24/16,12:25,01 - Clear,04 - Slush,10 - No control,01 - Non intersection,01 - Daylight,03 - P.D. only,07 - SMV other
9368,MARCH RD btwn MARCHURST RD & SECOND LINE RD,345574.9582,5024868.991,9/5/16,22:58,01 - Clear,01 - Dry,10 - No control,01 - Non intersection,07 - Dark,03 - P.D. only,07 - SMV other
9369,MARCH RD btwn MARCHURST RD & SECOND LINE RD,345547.2733,5024828.843,3/14/16,6:48,01 - Clear,01 - Dry,10 - No control,01 - Non intersection,03 - Dawn,03 - P.D. only,07 - SMV other
9370,MARCH RD btwn MARCHURST RD & SECOND LINE RD,346037.574,5025269.713,6/29/16,14:33,01 - Clear,01 - Dry,10 - No control,01 - Non intersection,01 - Daylight,03 - P.D. only,07 - SMV other
9371,MARCH RD btwn PETER ROBINSON RD & CORKERY RD,335485.4894,5015721.79,6/3/16,8:37,01 - Clear,01 - Dry,10 - No control,01 - Non intersection,01 - Daylight,03 - P.D. only,07 - SMV other
9372,MARCH RD btwn PETER ROBINSON RD & CORKERY RD,335927.365,5016118.022,2/6/16,17:50,01 - Clear,01 - Dry,10 - No control,01 - Non intersection,07 - Dark,03 - P.D. only,07 - SMV other
9373,MARCH RD btwn PETER ROBINSON RD & CORKERY RD,335739.9226,5015952.401,1/21/16,21:15,01 - Clear,01 - Dry,10 - No control,01 - Non intersection,07 - Dark,03 - P.D. only,07 - SMV other
9374,MARCH RD btwn PETER ROBINSON RD & CORKERY RD,335852.6659,5016052.282,11/15/16,4:35,01 - Clear,01 - Dry,10 - No control,01 - Non intersection,07 - Dark,03 - P.D. only,07 - SMV other
9375,MARCH RD btwn RICHARDSON SIDE RD & HERZBERG RD,352222.4147,5021580.08,6/30/16,19:57,01 - Clear,01 - Dry,10 - No control,01 - Non intersection,01 - Daylight,02 - Non-fatal injury,01 - Approaching
9376,MARCH RD btwn RICHARDSON SIDE RD & HERZBERG RD,351798.8559,5021687.807,2/22/16,8:31,01 - Clear,01 - Dry,10 - No control,01 - Non intersection,01 - Daylight,03 - P.D. only,03 - Rear end
9377,MARCH RD btwn RICHARDSON SIDE RD & HERZBERG RD,352300.5706,5021544.076,1/13/16,5:57,03 - Snow,06 - Ice,10 - No control,01 - Non intersection,07 - Dark,03 - P.D. only,07 - SMV other
9378,MARCH RD btwn RICHARDSON SIDE RD & HERZBERG RD,351846.474,5021675.955,1/16/16,11:29,03 - Snow,03 - Loose snow,10 - No control,01 - Non intersection,01 - Daylight,03 - P.D. only,07 - SMV other
9379,MARCH RD btwn ROB LYTLE'S LANE & HWY417 IC155 RAMP25,339147.9812,5018953.163,12/4/16,21:21,01 - Clear,01 - Dry,10 - No control,01 - Non intersection,07 - Dark,01 - Fatal injury,01 - Approaching
9380,MARCH RD btwn SECOND LINE RD & DUNROBIN RD,347164.0942,5026066.662,1/14/16,10:22,03 - Snow,03 - Loose snow,10 - No control,01 - Non intersection,01 - Daylight,03 - P.D. only,03 - Rear end
9381,MARCH RD btwn SOLANDT RD & STATION RD,350538.3178,5022654.61,1/7/16,17:43,01 - Clear,02 - Wet,10 - No control,01 - Non intersection,07 - Dark,03 - P.D. only,03 - Rear end
9382,MARCH RD btwn SOLANDT RD & STATION RD,350499.8846,5022699.936,8/17/16,13:21,01 - Clear,01 - Dry,10 - No control,04 - At/near private drive,01 - Daylight,03 - P.D. only,05 - Turning movement
9383,MARCH RD btwn SOLANDT RD & STATION RD,350492.3358,5022706.866,7/20/16,11:57,01 - Clear,01 - Dry,10 - No control,01 - Non intersection,01 - Daylight,03 - P.D. only,03 - Rear end
9384,MARCH RD btwn SOLANDT RD & STATION RD,350535.5176,5022658.23,8/20/16,0:57,01 - Clear,01 - Dry,10 - No control,01 - Non intersection,07 - Dark,03 - P.D. only,03 - Rear end
9385,MARCH RD btwn SOLANDT RD & STATION RD,350835.8737,5022319.876,12/18/16,17:00,01 - Clear,06 - Ice,10 - No control,01 - Non intersection,07 - Dark,03 - P.D. only,07 - SMV other
9386,MARCH RD btwn TERRY FOX DR & SOLANDT RD,350419.4845,5022783.332,6/17/16,6:36,01 - Clear,01 - Dry,10 - No control,01 - Non intersection,01 - Daylight,02 - Non-fatal injury,07 - SMV other
9387,MARCH RD btwn TERRY FOX DR & SOLANDT RD,349930.745,5023326.782,6/30/16,16:46,01 - Clear,01 - Dry,10 - No control,04 - At/near private drive,01 - Daylight,02 - Non-fatal injury,02 - Angle
9388,MARCH RD btwn TERRY FOX DR & SOLANDT RD,349927.648,5023327.089,1/15/16,17:54,01 - Clear,01 - Dry,10 - No control,01 - Non intersection,07 - Dark,03 - P.D. only,03 - Rear end
9389,MARCH RD btwn TERRY FOX DR & SOLANDT RD,350478.8425,5022719.198,12/19/16,23:58,01 - Clear,03 - Loose snow,10 - No control,01 - Non intersection,07 - Dark,03 - P.D. only,04 - Sideswipe
9390,MARCH RD btwn UPPER DWYER HILL RD & PETER ROBINSON RD,334121.3497,5014336.327,11/6/16,22:16,01 - Clear,01 - Dry,10 - No control,01 - Non intersection,07 - Dark,03 - P.D. only,07 - SMV other
9391,MARCH VALLEY RD @ RIDDELL DR,348200.5096,5027265.762,8/19/16,1:14,01 - Clear,01 - Dry,02 - Stop sign,03 - At intersection,07 - Dark,02 - Non-fatal injury,07 - SMV other
9392,MARCH VALLEY RD @ RIDDELL DR,348201.6073,5027263.472,12/9/16,7:00,01 - Clear,05 - Packed snow,02 - Stop sign,02 - Intersection related,07 - Dark,03 - P.D. only,07 - SMV other
9393,MARCH VALLEY RD @ SHIRLEY BLVD,350929.7178,5024278.865,12/28/16,8:48,01 - Clear,02 - Wet,02 - Stop sign,03 - At intersection,01 - Daylight,02 - Non-fatal injury,02 - Angle
9394,MARCH VALLEY RD btwn RIDDELL DR & KLONDIKE RD,348794.7051,5026620.885,8/30/16,20:01,01 - Clear,01 - Dry,10 - No control,01 - Non intersection,05 - Dusk,03 - P.D. only,07 - SMV other
9395,MARCH VALLEY RD btwn RIDDELL DR & KLONDIKE RD,348335.3065,5027115.158,2/13/16,18:03,01 - Clear,03 - Loose snow,10 - No control,01 - Non intersection,07 - Dark,03 - P.D. only,07 - SMV other
9396,MARCH VALLEY RD btwn RIDDELL DR & KLONDIKE RD,348401.3853,5027042.102,1/12/16,7:05,01 - Clear,01 - Dry,10 - No control,01 - Non intersection,07 - Dark,03 - P.D. only,07 - SMV other
9397,MARCH VALLEY RD btwn RIDDELL DR & KLONDIKE RD,348918.7811,5026475.569,2/21/16,0:31,04 - Freezing Rain,06 - Ice,10 - No control,01 - Non intersection,07 - Dark,03 - P.D. only,07 - SMV other
9398,MARCH VALLEY RD btwn RIDDELL DR & KLONDIKE RD,348250.9872,5027208.496,6/3/16,4:45,01 - Clear,01 - Dry,10 - No control,01 - Non intersection,07 - Dark,03 - P.D. only,07 - SMV other
9399,MARCHANT DR btwn PINARD WAY & LICHEN AVE,385498.8317,5036772.92,3/23/16,20:30,01 - Clear,01 - Dry,10 - No control,01 - Non intersection,07 - Dark,03 - P.D. only,06 - SMV unattended vehicle
9400,MARCONI AVE btwn APPLECROSS CRES & KINGHORN CRES/APPLECROSS CRES,349832.2761,5024321.78,2/7/16,0:28,01 - Clear,01 - Dry,10 - No control,01 - Non intersection,07 - Dark,03 - P.D. only,06 - SMV unattended vehicle
9401,MARCONI AVE btwn APPLECROSS CRES & KINGHORN CRES/APPLECROSS CRES,349769.7204,5024385.97,1/12/16,11:43,03 - Snow,03 - Loose snow,10 - No control,01 - Non intersection,01 - Daylight,03 - P.D. only,07 - SMV other
9402,MARCONI AVE btwn APPLECROSS CRES & KINGHORN CRES/APPLECROSS CRES,349774.7584,5024377.602,7/20/16,6:18,01 - Clear,01 - Dry,10 - No control,04 - At/near private drive,01 - Daylight,03 - P.D. only,02 - Angle
9403,MARCONI AVE btwn KLONDIKE RD & APPLECROSS CRES,349705.8167,5024452.85,8/3/16,17:03,01 - Clear,01 - Dry,10 - No control,04 - At/near private drive,01 - Daylight,03 - P.D. only,06 - SMV unattended vehicle
9404,MARCONI AVE btwn KLONDIKE RD & APPLECROSS CRES,349711.6889,5024446.04,4/13/16,0:00,01 - Clear,01 - Dry,10 - No control,01 - Non intersection,00 - Unknown,03 - P.D. only,06 - SMV unattended vehicle
9405,MARGUERITE AVE @ MCARTHUR AVE,370029.6117,5032669.925,5/27/16,16:41,01 - Clear,02 - Wet,01 - Traffic signal,03 - At intersection,01 - Daylight,02 - Non-fatal injury,02 - Angle
9406,MARGUERITE AVE btwn MCARTHUR AVE & CARLOTTA AVE,370039.5031,5032643.301,5/16/16,1:59,01 - Clear,01 - Dry,10 - No control,01 - Non intersection,07 - Dark,03 - P.D. only,07 - SMV other
9407,MARGUERITE AVE btwn ONTARIO ST & DONALD ST,370078.2304,5032270.062,6/22/16,10:50,01 - Clear,01 - Dry,10 - No control,01 - Non intersection,01 - Daylight,03 - P.D. only,06 - SMV unattended vehicle
9408,MARIE ST btwn BRITANNIA RD & POULIN AVE,360139.6926,5024908.439,7/8/16,7:54,01 - Clear,01 - Dry,10 - No control,01 - Non intersection,01 - Daylight,03 - P.D. only,06 - SMV unattended vehicle
9409,MARIER AVE @ MONTREAL RD,370417.2238,5033262.005,10/19/16,16:11,01 - Clear,01 - Dry,01 - Traffic signal,02 - Intersection related,01 - Daylight,03 - P.D. only,03 - Rear end
9410,MARIER AVE @ MONTREAL RD,370419.9278,5033262.25,6/30/16,22:36,01 - Clear,01 - Dry,01 - Traffic signal,02 - Intersection related,07 - Dark,03 - P.D. only,03 - Rear end
9411,MARIER AVE @ MONTREAL RD,370419.7083,5033262.26,10/15/16,22:48,01 - Clear,01 - Dry,01 - Traffic signal,02 - Intersection related,07 - Dark,03 - P.D. only,04 - Sideswipe
9412,MARIPOSA AVE @ SPRINGFIELD RD,369061.527,5034593.024,12/9/16,8:20,03 - Snow,06 - Ice,02 - Stop sign,02 - Intersection related,01 - Daylight,03 - P.D. only,03 - Rear end
9413,MARK AVE btwn NORTH RIVER RD & GREENSWAY AVE,369745.6419,5032968.512,1/7/16,16:30,03 - Snow,05 - Packed snow,10 - No control,01 - Non intersection,05 - Dusk,03 - P.D. only,06 - SMV unattended vehicle
9414,MARKETPLACE AVE @ RIOCAN AVE,364287.3569,5014761.152,8/28/16,19:08,01 - Clear,01 - Dry,02 - Stop sign,03 - At intersection,01 - Daylight,02 - Non-fatal injury,07 - SMV other
9415,MARKETPLACE AVE @ RIOCAN AVE,364288.3711,5014762.821,12/24/16,12:47,01 - Clear,02 - Wet,02 - Stop sign,03 - At intersection,01 - Daylight,02 - Non-fatal injury,07 - SMV other
9416,MARKETPLACE AVE @ RIOCAN AVE,364287.1016,5014760.696,5/14/16,16:43,01 - Clear,01 - Dry,02 - Stop sign,03 - At intersection,01 - Daylight,03 - P.D. only,02 - Angle
9417,MARKETPLACE AVE @ RIOCAN AVE,364287.1014,5014761.371,3/28/16,18:49,02 - Rain,02 - Wet,02 - Stop sign,03 - At intersection,05 - Dusk,03 - P.D. only,02 - Angle
9418,MARKETPLACE AVE @ RIOCAN AVE,364286.8769,5014761.97,1/13/16,20:26,01 - Clear,02 - Wet,02 - Stop sign,03 - At intersection,07 - Dark,03 - P.D. only,02 - Angle
9419,MARKETPLACE AVE @ RIOCAN AVE,364286.6524,5014761.819,5/3/16,17:25,01 - Clear,01 - Dry,02 - Stop sign,02 - Intersection related,01 - Daylight,03 - P.D. only,03 - Rear end
9420,MARKETPLACE AVE @ RIOCAN AVE,364287.1024,5014760.919,5/28/16,15:55,01 - Clear,01 - Dry,02 - Stop sign,03 - At intersection,01 - Daylight,03 - P.D. only,02 - Angle
9421,MARKLAND CRES btwn ROBLYN WAY & ROBLYN WAY,365841.9461,5016224.89,1/1/16,12:03,03 - Snow,04 - Slush,10 - No control,04 - At/near private drive,01 - Daylight,03 - P.D. only,99 - Other
9422,MARLBOROUGH AVE btwn SOMERSET ST E & TEMPLETON ST,369614.7558,5031910.289,8/10/16,15:00,01 - Clear,01 - Dry,10 - No control,01 - Non intersection,01 - Daylight,03 - P.D. only,06 - SMV unattended vehicle
9423,MARQUIS AVE E @ NASKAPI DR E,375275.9467,5034648.817,2/17/16,21:00,03 - Snow,05 - Packed snow,02 - Stop sign,03 - At intersection,07 - Dark,03 - P.D. only,02 - Angle
9424,MARQUIS AVE E @ NASKAPI DR E,375275.0483,5034648.82,5/20/16,5:05,01 - Clear,01 - Dry,02 - Stop sign,03 - At intersection,03 - Dawn,03 - P.D. only,06 - SMV unattended vehicle
9425,MARSHWOOD RD @ VAUGHAN SIDE RD,334016.2063,5018537.885,1/4/16,16:44,01 - Clear,06 - Ice,02 - Stop sign,03 - At intersection,05 - Dusk,03 - P.D. only,07 - SMV other
9426,MARTHA AVE @ SUSAN ST,373903.5554,5028260.634,2/15/16,11:41,01 - Clear,05 - Packed snow,02 - Stop sign,03 - At intersection,01 - Daylight,02 - Non-fatal injury,02 - Angle
9427,MARTIN ST @ COLONEL MURRAY ST,357128.1876,5006047.576,7/31/16,8:30,01 - Clear,01 - Dry,02 - Stop sign,03 - At intersection,01 - Daylight,02 - Non-fatal injury,07 - SMV other
9428,MARVELVILLE RD btwn BANK ST & 8TH LINE RD,387626.8104,5005384.506,10/15/16,8:10,01 - Clear,01 - Dry,10 - No control,01 - Non intersection,01 - Daylight,03 - P.D. only,07 - SMV other
9429,MASON ST btwn LAKES PARK DR & ESTHER ST,377445.7674,5015354.255,5/23/16,13:01,01 - Clear,01 - Dry,10 - No control,04 - At/near private drive,01 - Daylight,03 - P.D. only,99 - Other
9430,MATHESON RD btwn MEADOWCROFT CRES & CARVER PL,372997.8251,5032973.113,7/10/16,0:00,02 - Rain,02 - Wet,10 - No control,01 - Non intersection,00 - Unknown,03 - P.D. only,06 - SMV unattended vehicle
9431,MATTAMY PL btwn TO BE DETERMINED & AVENSHIRE GT (1),362875.7665,5022583.398,5/7/16,20:48,01 - Clear,01 - Dry,10 - No control,01 - Non intersection,07 - Dark,03 - P.D. only,06 - SMV unattended vehicle
9432,MAURICE ST @ RENAUD RD,378422.415,5031676.78,2/15/16,11:25,01 - Clear,01 - Dry,02 - Stop sign,03 - At intersection,01 - Daylight,02 - Non-fatal injury,04 - Sideswipe
9433,MAXIME ST btwn MEADOWBROOK RD & RIDGEBROOK DR,374558.4362,5031925.881,6/10/16,8:50,01 - Clear,01 - Dry,10 - No control,01 - Non intersection,01 - Daylight,03 - P.D. only,06 - SMV unattended vehicle
9434,MAXWELL BRIDGE RD btwn CELTIC RIDGE CRES & BRAECREEK AVE,349429.7944,5024795.957,12/22/16,12:45,01 - Clear,05 - Packed snow,10 - No control,04 - At/near private drive,01 - Daylight,03 - P.D. only,05 - Turning movement
9435,MAY ST btwn COTE ST & VERNON AVE,371596.4963,5033192.172,2/21/16,15:52,01 - Clear,01 - Dry,10 - No control,04 - At/near private drive,01 - Daylight,03 - P.D. only,02 - Angle
9436,MAYFIELD ST @ MCARTHUR AVE,370065.7993,5032675.177,2/18/16,22:45,01 - Clear,06 - Ice,02 - Stop sign,03 - At intersection,07 - Dark,02 - Non-fatal injury,02 - Angle
9437,MAYFIELD ST @ MCARTHUR AVE,370064.6093,5032675.243,8/31/16,13:39,01 - Clear,01 - Dry,02 - Stop sign,03 - At intersection,01 - Daylight,02 - Non-fatal injury,02 - Angle
9438,MCARTHUR AVE @ CARMEN AVE,370904.9678,5032766.45,7/6/16,22:02,01 - Clear,01 - Dry,02 - Stop sign,02 - Intersection related,07 - Dark,03 - P.D. only,03 - Rear end
9439,MCARTHUR AVE @ CARMEN AVE,370905.2081,5032767.777,12/30/16,14:56,06 - Strong wind,04 - Slush,02 - Stop sign,03 - At intersection,01 - Daylight,03 - P.D. only,05 - Turning movement
9440,"MCARTHUR AVE @ EGLISE, RUE DE L/MOORVALE ST",371446.9234,5032824.584,10/17/16,22:40,01 - Clear,01 - Dry,01 - Traffic signal,03 - At intersection,07 - Dark,02 - Non-fatal injury,07 - SMV other
9441,"MCARTHUR AVE @ EGLISE, RUE DE L/MOORVALE ST",371446.3826,5032824.357,3/1/16,16:20,01 - Clear,02 - Wet,01 - Traffic signal,03 - At intersection,01 - Daylight,03 - P.D. only,04 - Sideswipe
9442,"MCARTHUR AVE @ EGLISE, RUE DE L/MOORVALE ST",371445.8027,5032823.309,3/31/16,15:29,02 - Rain,02 - Wet,01 - Traffic signal,03 - At intersection,01 - Daylight,03 - P.D. only,02 - Angle
9443,"MCARTHUR AVE @ EGLISE, RUE DE L/MOORVALE ST",371445.0867,5032825.069,9/12/16,13:26,01 - Clear,01 - Dry,01 - Traffic signal,02 - Intersection related,01 - Daylight,03 - P.D. only,04 - Sideswipe
9444,"MCARTHUR AVE @ EGLISE, RUE DE L/MOORVALE ST",371445.7167,5032824.993,11/3/16,12:33,01 - Clear,02 - Wet,01 - Traffic signal,02 - Intersection related,01 - Daylight,03 - P.D. only,03 - Rear end
9445,MCARTHUR AVE @ NORTH RIVER RD,369820.7336,5032646.507,11/18/16,6:40,01 - Clear,01 - Dry,01 - Traffic signal,03 - At intersection,03 - Dawn,02 - Non-fatal injury,05 - Turning movement
9446,MCARTHUR AVE @ NORTH RIVER RD,369819.6095,5032647.24,1/14/16,13:36,01 - Clear,02 - Wet,01 - Traffic signal,02 - Intersection related,01 - Daylight,03 - P.D. only,03 - Rear end
9447,MCARTHUR AVE @ OLMSTEAD ST,370482.9345,5032724.266,6/15/16,8:34,01 - Clear,01 - Dry,01 - Traffic signal,03 - At intersection,01 - Daylight,02 - Non-fatal injury,07 - SMV other
9448,MCARTHUR AVE @ OLMSTEAD ST,370483.6329,5032723.343,8/29/16,18:34,01 - Clear,01 - Dry,01 - Traffic signal,02 - Intersection related,01 - Daylight,03 - P.D. only,03 - Rear end
9449,MCARTHUR AVE @ VANIER PKWY,370219.3792,5032691.035,4/12/16,1:17,01 - Clear,02 - Wet,01 - Traffic signal,03 - At intersection,07 - Dark,01 - Fatal injury,02 - Angle
9450,MCARTHUR AVE @ VANIER PKWY,370217.5852,5032691.706,3/22/16,12:06,01 - Clear,01 - Dry,01 - Traffic signal,02 - Intersection related,01 - Daylight,02 - Non-fatal injury,03 - Rear end
9451,MCARTHUR AVE @ VANIER PKWY,370218.4777,5032691.04,7/12/16,12:07,01 - Clear,01 - Dry,01 - Traffic signal,02 - Intersection related,01 - Daylight,02 - Non-fatal injury,03 - Rear end
9452,MCARTHUR AVE @ VANIER PKWY,370217.6073,5032691.684,6/29/16,12:55,01 - Clear,01 - Dry,01 - Traffic signal,02 - Intersection related,01 - Daylight,02 - Non-fatal injury,03 - Rear end
9453,MCARTHUR AVE @ VANIER PKWY,370218.5349,5032694.479,11/1/16,15:20,01 - Clear,01 - Dry,01 - Traffic signal,02 - Intersection related,01 - Daylight,02 - Non-fatal injury,03 - Rear end
9454,MCARTHUR AVE @ VANIER PKWY,370216.9815,5032692.364,8/25/16,18:30,01 - Clear,01 - Dry,01 - Traffic signal,02 - Intersection related,01 - Daylight,03 - P.D. only,03 - Rear end
9455,MCARTHUR AVE @ VANIER PKWY,370218.4855,5032689.927,1/29/16,12:44,03 - Snow,02 - Wet,01 - Traffic signal,02 - Intersection related,01 - Daylight,03 - P.D. only,03 - Rear end
9456,MCARTHUR AVE @ VANIER PKWY,370217.0487,5032691,9/21/16,22:43,01 - Clear,01 - Dry,01 - Traffic signal,02 - Intersection related,07 - Dark,03 - P.D. only,03 - Rear end
9457,MCARTHUR AVE @ VANIER PKWY,370219.3636,5032690.805,1/31/16,10:29,01 - Clear,01 - Dry,01 - Traffic signal,02 - Intersection related,01 - Daylight,03 - P.D. only,03 - Rear end
9458,MCARTHUR AVE @ VANIER PKWY,370218.1566,5032692.42,2/9/16,14:30,01 - Clear,02 - Wet,01 - Traffic signal,03 - At intersection,01 - Daylight,03 - P.D. only,02 - Angle
9459,MCARTHUR AVE @ VANIER PKWY,370220.3613,5032692.656,10/24/16,13:02,01 - Clear,01 - Dry,01 - Traffic signal,02 - Intersection related,01 - Daylight,03 - P.D. only,03 - Rear end
9460,MCARTHUR AVE @ VANIER PKWY,370218.24,5032691.851,7/29/16,11:20,01 - Clear,01 - Dry,01 - Traffic signal,02 - Intersection related,01 - Daylight,03 - P.D. only,03 - Rear end
9461,MCARTHUR AVE @ VANIER PKWY,370218.4855,5032690.805,7/2/16,17:30,01 - Clear,01 - Dry,01 - Traffic signal,02 - Intersection related,01 - Daylight,03 - P.D. only,03 - Rear end
9462,MCARTHUR AVE @ VANIER PKWY,370219.8273,5032690.361,4/20/16,23:33,01 - Clear,01 - Dry,01 - Traffic signal,03 - At intersection,07 - Dark,03 - P.D. only,02 - Angle
9463,MCARTHUR AVE @ VANIER PKWY,370219.8324,5032689.909,5/18/16,13:00,01 - Clear,01 - Dry,01 - Traffic signal,02 - Intersection related,01 - Daylight,03 - P.D. only,03 - Rear end
9464,MCARTHUR AVE @ VANIER PKWY,370218.4777,5032691.95,7/21/16,16:59,01 - Clear,01 - Dry,01 - Traffic signal,02 - Intersection related,01 - Daylight,03 - P.D. only,03 - Rear end
9465,MCARTHUR AVE @ VANIER PKWY,370218.5349,5032690.585,11/4/16,7:20,01 - Clear,01 - Dry,01 - Traffic signal,02 - Intersection related,01 - Daylight,03 - P.D. only,03 - Rear end
9466,MCARTHUR AVE @ VANIER PKWY,370219.5332,5032690.172,11/22/16,19:06,01 - Clear,02 - Wet,01 - Traffic signal,03 - At intersection,07 - Dark,03 - P.D. only,03 - Rear end
9467,MCARTHUR AVE @ VANIER PKWY,370219.5332,5032688.516,10/20/16,8:38,02 - Rain,02 - Wet,01 - Traffic signal,02 - Intersection related,01 - Daylight,03 - P.D. only,03 - Rear end
9468,MCARTHUR AVE @ VANIER PKWY,370218.7242,5032690.631,10/12/16,10:38,01 - Clear,01 - Dry,01 - Traffic signal,02 - Intersection related,01 - Daylight,03 - P.D. only,03 - Rear end
9469,MCARTHUR AVE @ VANIER PKWY,370218.711,5032690.547,12/13/16,7:45,01 - Clear,04 - Slush,01 - Traffic signal,02 - Intersection related,03 - Dawn,03 - P.D. only,04 - Sideswipe
9470,MCARTHUR AVE btwn BRANT ST & BELISLE ST,371319.7628,5032811.676,9/2/16,16:30,01 - Clear,01 - Dry,10 - No control,01 - Non intersection,01 - Daylight,02 - Non-fatal injury,04 - Sideswipe