Record,Location,X,Y,Date,Time,Environment,Road_Surface,Traffic_Control,Collision_Location,Light,Collision_Classification,Impact_type
9471,MCARTHUR AVE btwn CRETE PL & ALLEN BLVD,370717.7656,5032745.956,11/21/16,14:24,01 - Clear,01 - Dry,10 - No control,04 - At/near private drive,01 - Daylight,03 - P.D. only,02 - Angle
9472,MCARTHUR AVE btwn EASTWOOD PL & IRWIN MILLER ST,371063.2642,5032783.356,1/4/16,21:06,01 - Clear,05 - Packed snow,10 - No control,01 - Non intersection,07 - Dark,03 - P.D. only,04 - Sideswipe
9473,MCARTHUR AVE btwn IRWIN MILLER ST & BRANT ST,371103.6054,5032787.444,9/9/16,15:24,01 - Clear,01 - Dry,10 - No control,01 - Non intersection,01 - Daylight,02 - Non-fatal injury,04 - Sideswipe
9474,MCARTHUR AVE btwn LACASSE AVE & CARMEN AVE,370836.1167,5032758.044,9/2/16,17:15,01 - Clear,01 - Dry,10 - No control,04 - At/near private drive,01 - Daylight,02 - Non-fatal injury,02 - Angle
9475,MCARTHUR AVE btwn LACASSE AVE & CARMEN AVE,370860.3599,5032760.816,1/1/16,17:50,01 - Clear,01 - Dry,10 - No control,01 - Non intersection,07 - Dark,03 - P.D. only,04 - Sideswipe
9476,MCARTHUR AVE btwn LACASSE AVE & CARMEN AVE,370893.1334,5032764.476,11/3/16,10:16,02 - Rain,02 - Wet,10 - No control,01 - Non intersection,01 - Daylight,03 - P.D. only,04 - Sideswipe
9477,MCARTHUR AVE btwn LAFONTAINE AVE & EASTWOOD PL,371045.5441,5032781.533,1/12/16,21:45,01 - Clear,03 - Loose snow,10 - No control,01 - Non intersection,07 - Dark,03 - P.D. only,03 - Rear end
9478,MCARTHUR AVE btwn LAFONTAINE AVE & EASTWOOD PL,371020.211,5032778.551,2/21/16,19:30,01 - Clear,02 - Wet,10 - No control,01 - Non intersection,07 - Dark,03 - P.D. only,99 - Other
9479,MCARTHUR AVE btwn LAROUCHE ST & OLMSTEAD ST,370470.455,5032718.391,3/11/16,8:52,01 - Clear,01 - Dry,10 - No control,04 - At/near private drive,01 - Daylight,03 - P.D. only,05 - Turning movement
9480,MCARTHUR AVE btwn MAY ST & ST. LAURENT BLVD,371824.0865,5032868.86,6/1/16,14:31,01 - Clear,01 - Dry,10 - No control,04 - At/near private drive,01 - Daylight,03 - P.D. only,05 - Turning movement
9481,MCARTHUR AVE btwn MAY ST & ST. LAURENT BLVD,371805.4816,5032865.85,4/8/16,7:49,01 - Clear,01 - Dry,10 - No control,04 - At/near private drive,01 - Daylight,03 - P.D. only,05 - Turning movement
9482,MCARTHUR AVE btwn MAYFIELD ST & VANIER PKWY,370106.1909,5032678.636,6/1/16,14:40,01 - Clear,01 - Dry,10 - No control,04 - At/near private drive,01 - Daylight,02 - Non-fatal injury,07 - SMV other
9483,MCARTHUR AVE btwn MAYFIELD ST & VANIER PKWY,370196.0635,5032688.366,3/8/16,16:46,01 - Clear,01 - Dry,10 - No control,04 - At/near private drive,01 - Daylight,03 - P.D. only,02 - Angle
9484,MCARTHUR AVE btwn MAYFIELD ST & VANIER PKWY,370134.1943,5032681.802,10/6/16,9:59,01 - Clear,01 - Dry,10 - No control,04 - At/near private drive,01 - Daylight,03 - P.D. only,05 - Turning movement
9485,MCARTHUR AVE btwn NORTH RIVER RD & DUNDAS ST,369842.5787,5032649.062,6/9/16,10:38,01 - Clear,01 - Dry,10 - No control,01 - Non intersection,01 - Daylight,03 - P.D. only,04 - Sideswipe
9486,MCARTHUR AVE btwn VANIER PKWY & ENFIELD AVE,370307.6398,5032701.37,1/9/16,21:26,02 - Rain,02 - Wet,10 - No control,04 - At/near private drive,07 - Dark,03 - P.D. only,02 - Angle
9487,MCARTON RD btwn LOWE RD & UPPER DWYER HILL RD,340069.6847,5007497.895,7/25/16,14:30,01 - Clear,01 - Dry,10 - No control,01 - Non intersection,01 - Daylight,02 - Non-fatal injury,07 - SMV other
9488,MCBEAN ST @ PERTH ST,356743.9928,5006255.95,11/23/16,13:07,01 - Clear,01 - Dry,01 - Traffic signal,02 - Intersection related,01 - Daylight,03 - P.D. only,03 - Rear end
9489,MCBEAN ST btwn BURKE ST & OTTAWA ST,357513.4063,5005401.197,5/30/16,18:27,01 - Clear,01 - Dry,10 - No control,01 - Non intersection,01 - Daylight,03 - P.D. only,04 - Sideswipe
9490,MCBEAN ST btwn RICHLAND DR & DOBSON LANE,358266.7522,5004368.355,4/19/16,15:53,01 - Clear,01 - Dry,10 - No control,04 - At/near private drive,01 - Daylight,02 - Non-fatal injury,05 - Turning movement
9491,MCBRIDE ST @ LAPERRIERE AVE,364073.5049,5026678.987,11/4/16,13:00,01 - Clear,01 - Dry,02 - Stop sign,03 - At intersection,01 - Daylight,03 - P.D. only,05 - Turning movement
9492,MCCALLUM DR btwn NICOLET WAY & NICOLET WAY,385084.5466,5037463.182,5/28/16,14:30,01 - Clear,01 - Dry,10 - No control,01 - Non intersection,01 - Daylight,03 - P.D. only,06 - SMV unattended vehicle
9493,MCCALLUM DR/SUNLAND DR N @ NORTHLANDS DR,384931.3004,5037517.342,2/12/16,21:38,01 - Clear,03 - Loose snow,02 - Stop sign,03 - At intersection,07 - Dark,03 - P.D. only,02 - Angle
9494,MCCARTHY RD @ PLANTE DR N,369606.3806,5024193.728,2/17/16,20:44,01 - Clear,06 - Ice,01 - Traffic signal,03 - At intersection,07 - Dark,03 - P.D. only,02 - Angle
9495,MCCARTHY RD @ PLANTE DR N,369605.5509,5024193.155,1/11/16,7:57,01 - Clear,03 - Loose snow,01 - Traffic signal,02 - Intersection related,01 - Daylight,03 - P.D. only,03 - Rear end
9496,MCCARTHY RD @ SOUTHMORE DR,369451.3788,5024837.942,10/28/16,8:00,02 - Rain,02 - Wet,02 - Stop sign,02 - Intersection related,01 - Daylight,02 - Non-fatal injury,03 - Rear end
9497,MCCARTHY RD @ SOUTHMORE DR,369449.4952,5024838.891,6/6/16,9:59,01 - Clear,01 - Dry,02 - Stop sign,02 - Intersection related,01 - Daylight,03 - P.D. only,02 - Angle
9498,MCCARTHY RD @ SOUTHMORE DR,369450.1712,5024837.79,7/24/16,19:53,01 - Clear,01 - Dry,02 - Stop sign,03 - At intersection,01 - Daylight,03 - P.D. only,07 - SMV other
9499,MCCARTHY RD @ WALKLEY RD,369249.9368,5025299.864,10/24/16,8:12,01 - Clear,01 - Dry,01 - Traffic signal,02 - Intersection related,01 - Daylight,02 - Non-fatal injury,04 - Sideswipe
9500,MCCARTHY RD @ WALKLEY RD,369250.3937,5025299.846,6/10/16,9:35,01 - Clear,01 - Dry,01 - Traffic signal,03 - At intersection,01 - Daylight,03 - P.D. only,02 - Angle
9501,MCCARTHY RD @ WALKLEY RD,369249.9418,5025299.849,2/10/16,17:15,01 - Clear,02 - Wet,01 - Traffic signal,02 - Intersection related,05 - Dusk,03 - P.D. only,03 - Rear end
9502,MCCARTHY RD @ WALKLEY RD,369250.5455,5025301.351,11/20/16,19:23,03 - Snow,05 - Packed snow,01 - Traffic signal,02 - Intersection related,07 - Dark,03 - P.D. only,07 - SMV other
9503,MCCARTHY RD @ WALKLEY RD,369249.7652,5025299.487,2/17/16,12:50,03 - Snow,03 - Loose snow,01 - Traffic signal,03 - At intersection,01 - Daylight,03 - P.D. only,02 - Angle
9504,MCCARTHY RD btwn CAHILL DR W & PLANTE DR,370374.5995,5023683.567,7/9/16,14:34,02 - Rain,02 - Wet,10 - No control,04 - At/near private drive,01 - Daylight,02 - Non-fatal injury,99 - Other
9505,MCCARTHY RD btwn CAHILL DR W & PLANTE DR,370412.4071,5023619.081,9/17/16,11:48,02 - Rain,02 - Wet,10 - No control,01 - Non intersection,01 - Daylight,03 - P.D. only,04 - Sideswipe
9506,MCCARTHY RD btwn PAUL ANKA DR & HUNTVIEW PRIV,369729.935,5023858.918,5/20/16,8:14,01 - Clear,01 - Dry,10 - No control,01 - Non intersection,01 - Daylight,03 - P.D. only,04 - Sideswipe
9507,MCCARTHY RD btwn PLANTE DR & HUNT CLUB RD,370451.5428,5023536.886,3/5/16,0:00,01 - Clear,01 - Dry,10 - No control,01 - Non intersection,00 - Unknown,03 - P.D. only,06 - SMV unattended vehicle
9508,MCCARTHY RD btwn PLANTE DR & HUNT CLUB RD,370420.1431,5023601.497,2/18/16,11:33,01 - Clear,02 - Wet,10 - No control,01 - Non intersection,01 - Daylight,03 - P.D. only,99 - Other
9509,MCCARTHY RD btwn PLANTE DR & PAUL ANKA DR,369614.3201,5024000.325,11/10/16,18:01,01 - Clear,01 - Dry,10 - No control,04 - At/near private drive,07 - Dark,02 - Non-fatal injury,05 - Turning movement
9510,MCCARTHY RD btwn SOUTHMORE DR W & PLANTE DR,369634.4964,5024393.367,2/4/16,1:41,01 - Clear,06 - Ice,10 - No control,01 - Non intersection,07 - Dark,03 - P.D. only,07 - SMV other
9511,MCCARTHY RD btwn SOUTHMORE DR W & PLANTE DR,369604.3191,5024470.849,1/14/16,7:54,03 - Snow,03 - Loose snow,10 - No control,01 - Non intersection,03 - Dawn,03 - P.D. only,01 - Approaching
9512,MCCARTHY RD btwn WALKLEY RD & PROVOST DR,369313.5072,5025164.312,1/15/16,3:04,01 - Clear,02 - Wet,10 - No control,01 - Non intersection,07 - Dark,02 - Non-fatal injury,07 - SMV other
9513,MCCOOEY LANE @ FISHER AVE,365998.9374,5026429.653,6/4/16,9:58,01 - Clear,01 - Dry,01 - Traffic signal,02 - Intersection related,01 - Daylight,03 - P.D. only,03 - Rear end
9514,MCCOOEY LANE @ FISHER AVE,365998.4987,5026427.439,6/30/16,11:37,01 - Clear,01 - Dry,01 - Traffic signal,02 - Intersection related,01 - Daylight,03 - P.D. only,03 - Rear end
9515,MCCORDICK RD @ ROGER STEVENS DR,364687.1938,4998311.166,8/19/16,11:14,01 - Clear,01 - Dry,02 - Stop sign,03 - At intersection,01 - Daylight,02 - Non-fatal injury,02 - Angle
9516,MCCORDICK RD @ ROGER STEVENS DR,364678.6832,4998319.621,12/17/16,6:18,03 - Snow,03 - Loose snow,02 - Stop sign,03 - At intersection,07 - Dark,03 - P.D. only,02 - Angle
9517,MCCORDICK RD btwn CARSONBY RD W & POLLOCK RD,361931.5753,5001426.388,12/17/16,16:27,03 - Snow,04 - Slush,10 - No control,01 - Non intersection,05 - Dusk,03 - P.D. only,07 - SMV other
9518,MCCORDICK RD btwn COWELL RD & DILWORTH RD,368308.2383,4994227.807,3/27/16,7:37,01 - Clear,01 - Dry,10 - No control,04 - At/near private drive,01 - Daylight,03 - P.D. only,07 - SMV other
9519,MCCORDICK RD btwn DOBSON LANE & MCCORDICK RD,359413.8146,5004330.743,8/26/16,23:02,01 - Clear,01 - Dry,10 - No control,01 - Non intersection,07 - Dark,02 - Non-fatal injury,07 - SMV other
9520,MCCORDICK RD btwn DOBSON LANE & MCCORDICK RD,359424.65,5004318.893,4/2/16,19:00,01 - Clear,01 - Dry,10 - No control,04 - At/near private drive,01 - Daylight,03 - P.D. only,05 - Turning movement
9521,MCCORDICK RD btwn MACKEY RD & COWELL RD,367953.8603,4994635.09,8/27/16,20:42,01 - Clear,01 - Dry,10 - No control,01 - Non intersection,07 - Dark,03 - P.D. only,07 - SMV other
9522,MCCORDICK RD btwn MACKEY RD & COWELL RD,366863.8666,4995866.411,7/14/16,21:07,01 - Clear,01 - Dry,10 - No control,01 - Non intersection,05 - Dusk,03 - P.D. only,07 - SMV other
9523,MCCORDICK RD btwn MCCORDICK RD & CENTURY RD W,360224.7974,5003407.865,12/11/16,0:50,01 - Clear,01 - Dry,10 - No control,01 - Non intersection,07 - Dark,02 - Non-fatal injury,07 - SMV other
9524,MCCORDICK RD btwn MCCORDICK RD & CENTURY RD W,360410.8299,5003186.665,11/10/16,18:25,01 - Clear,01 - Dry,10 - No control,01 - Non intersection,07 - Dark,03 - P.D. only,07 - SMV other
9525,MCCORDICK RD btwn ROGER STEVENS DR & CHURCH ST,364695.4725,4998295.875,10/15/16,11:05,01 - Clear,01 - Dry,10 - No control,01 - Non intersection,01 - Daylight,03 - P.D. only,07 - SMV other
9526,MCCURDY DR btwn HUMPHREY WAY & PARSONS RIDGE RD,352276.6636,5017983.525,4/28/16,18:00,01 - Clear,01 - Dry,10 - No control,01 - Non intersection,01 - Daylight,03 - P.D. only,06 - SMV unattended vehicle
9527,MCEWEN AVE btwn AMBLESIDE DR & RICHMOND RD,361067.8968,5025903.717,10/27/16,15:39,01 - Clear,01 - Dry,10 - No control,01 - Non intersection,01 - Daylight,03 - P.D. only,06 - SMV unattended vehicle
9528,MCGEE SIDE RD btwn DAVID MANCHESTER RD & DIAMONDVIEW RD,342132.5909,5017567.87,12/4/16,19:00,01 - Clear,01 - Dry,10 - No control,01 - Non intersection,07 - Dark,03 - P.D. only,07 - SMV other
9529,MCGIBBON DR btwn ROBARTS CRES & KATIMAVIK RD,351685.1105,5018781.321,12/31/16,17:35,03 - Snow,03 - Loose snow,10 - No control,01 - Non intersection,07 - Dark,03 - P.D. only,07 - SMV other
9530,MCGILLIVRAY ST btwn MCNAUGHTON AVE & MERRITT AVE,369081.8041,5029723.552,12/9/16,8:48,01 - Clear,06 - Ice,10 - No control,04 - At/near private drive,01 - Daylight,03 - P.D. only,06 - SMV unattended vehicle
9531,MCKENNA CASEY DR btwn MOODIE DR & STRANDHERD DR,361407.0807,5013305.84,4/16/16,10:40,01 - Clear,01 - Dry,10 - No control,01 - Non intersection,01 - Daylight,03 - P.D. only,03 - Rear end
9532,MCKITRICK DR btwn RICKEY PL & MELANIE CRES,352825.7363,5016982.725,2/25/16,18:00,03 - Snow,06 - Ice,10 - No control,01 - Non intersection,07 - Dark,03 - P.D. only,06 - SMV unattended vehicle
9533,MCLEOD ST @ O'CONNOR ST,368118.7113,5030592.675,8/21/16,9:10,02 - Rain,02 - Wet,01 - Traffic signal,02 - Intersection related,01 - Daylight,03 - P.D. only,03 - Rear end
9534,MCLEOD ST @ O'CONNOR ST,368117.1234,5030593.17,1/4/16,15:59,01 - Clear,01 - Dry,01 - Traffic signal,03 - At intersection,01 - Daylight,03 - P.D. only,02 - Angle
9535,MCLEOD ST btwn BANK ST & O'CONNOR ST,368100.3184,5030580.565,11/22/16,0:00,01 - Clear,03 - Loose snow,10 - No control,01 - Non intersection,00 - Unknown,03 - P.D. only,06 - SMV unattended vehicle
9536,MCLEOD ST btwn LYON ST N & KENT ST,367753.1152,5030366.634,1/11/16,5:00,03 - Snow,03 - Loose snow,10 - No control,01 - Non intersection,07 - Dark,03 - P.D. only,06 - SMV unattended vehicle
9537,MCLEOD ST btwn LYON ST N & KENT ST,367642.9239,5030302.927,6/27/16,21:20,01 - Clear,01 - Dry,10 - No control,01 - Non intersection,07 - Dark,03 - P.D. only,07 - SMV other
9538,MCLEOD ST btwn METCALFE ST & ELGIN ST,368384.9565,5030754.444,7/23/16,17:10,01 - Clear,01 - Dry,10 - No control,01 - Non intersection,01 - Daylight,03 - P.D. only,04 - Sideswipe
9539,MCLEOD ST btwn O'CONNOR ST & METCALFE ST,368126.8194,5030596.3,11/1/16,20:41,01 - Clear,01 - Dry,10 - No control,01 - Non intersection,07 - Dark,03 - P.D. only,06 - SMV unattended vehicle
9540,MCLEOD ST E @ METCALFE ST E,368377.5318,5030749.434,7/22/16,9:00,01 - Clear,01 - Dry,10 - No control,02 - Intersection related,01 - Daylight,03 - P.D. only,03 - Rear end
9541,MCMAHON AVE btwn ALDERWOOD ST & ALBION RD,372219.4314,5023039.579,12/9/16,14:30,01 - Clear,05 - Packed snow,10 - No control,04 - At/near private drive,01 - Daylight,03 - P.D. only,06 - SMV unattended vehicle
9542,MCRAE AVE @ SCOTT ST,363455.5859,5028811.771,9/2/16,10:10,01 - Clear,01 - Dry,02 - Stop sign,03 - At intersection,01 - Daylight,03 - P.D. only,02 - Angle
9543,MCRAE AVE @ SCOTT ST,363456.4381,5028811.478,8/8/16,13:00,01 - Clear,01 - Dry,02 - Stop sign,03 - At intersection,01 - Daylight,03 - P.D. only,02 - Angle
9544,MCRAE AVE btwn SCOTT ST & RICHMOND RD,363504.7167,5028724.181,6/8/16,14:49,01 - Clear,08 - Loose sand or gravel,10 - No control,04 - At/near private drive,01 - Daylight,03 - P.D. only,99 - Other
9545,MCTEER RD @ REGIONAL RD 174,394937.5864,5043119.229,4/18/16,19:28,02 - Rain,02 - Wet,02 - Stop sign,02 - Intersection related,01 - Daylight,03 - P.D. only,05 - Turning movement
9546,MEADOW DR @ PIG ALLY,378404.492,5014204.135,9/24/16,11:27,01 - Clear,01 - Dry,02 - Stop sign,03 - At intersection,01 - Daylight,03 - P.D. only,02 - Angle
9547,MEADOW DR btwn REMINGTON WAY & PIG ALLY,378400.567,5014221.345,5/21/16,17:02,01 - Clear,01 - Dry,10 - No control,01 - Non intersection,01 - Daylight,03 - P.D. only,06 - SMV unattended vehicle
9548,MEADOW LANE RD btwn LILAC LANE & BELLA VISTA DR,386278.736,5042004.145,2/17/16,18:23,03 - Snow,03 - Loose snow,10 - No control,04 - At/near private drive,07 - Dark,03 - P.D. only,06 - SMV unattended vehicle
9549,MEADOWBREEZE DR btwn HILLSBORO PRIV & CROWNRIDGE DR,355976.8228,5015112.115,3/8/16,11:13,01 - Clear,03 - Loose snow,10 - No control,01 - Non intersection,01 - Daylight,03 - P.D. only,06 - SMV unattended vehicle
9550,MEADOWBROOK RD @ RIDGEBROOK DR N,374693.5121,5032097.788,2/16/16,19:00,03 - Snow,03 - Loose snow,02 - Stop sign,02 - Intersection related,07 - Dark,03 - P.D. only,06 - SMV unattended vehicle
9551,MEADOWBROOK RD btwn 170 W OF TELESAT CRT & RIDGEBROOK DR,374805.2771,5032148.777,6/2/16,7:17,01 - Clear,01 - Dry,10 - No control,01 - Non intersection,01 - Daylight,03 - P.D. only,06 - SMV unattended vehicle
9552,MEADOWBROOK RD btwn CYRVILLE RD & FINE CRES,374641.8075,5031290.196,10/21/16,22:30,02 - Rain,02 - Wet,10 - No control,04 - At/near private drive,07 - Dark,02 - Non-fatal injury,02 - Angle
9553,MEADOWGLEN DR @ ORLEANS BLVD,380345.9765,5034573.792,5/5/16,15:51,01 - Clear,01 - Dry,01 - Traffic signal,02 - Intersection related,01 - Daylight,03 - P.D. only,03 - Rear end
9554,MEADOWGLEN DR @ ORLEANS BLVD,380344.0957,5034574.81,12/8/16,20:48,04 - Freezing Rain,04 - Slush,01 - Traffic signal,02 - Intersection related,07 - Dark,03 - P.D. only,04 - Sideswipe
9555,MEADOWGLEN DR @ ORLEANS BLVD,380343.2675,5034572.325,10/31/16,15:20,01 - Clear,01 - Dry,01 - Traffic signal,03 - At intersection,01 - Daylight,03 - P.D. only,05 - Turning movement
9556,MEADOWGLEN DR @ WILLOWBARK DR/DES BROUSSAILLES,379687.4111,5034628.353,9/28/16,7:29,01 - Clear,01 - Dry,02 - Stop sign,03 - At intersection,01 - Daylight,03 - P.D. only,02 - Angle
9557,MEADOWGLEN DR btwn MEADOWHILL CRES & FOREST VALLEY DR,379816.7427,5035177.094,1/14/16,9:11,03 - Snow,03 - Loose snow,10 - No control,01 - Non intersection,01 - Daylight,02 - Non-fatal injury,03 - Rear end
9558,MEADOWLANDS DR @ MERIVALE RD,364858.0413,5023724.852,2/25/16,20:24,04 - Freezing Rain,06 - Ice,01 - Traffic signal,03 - At intersection,07 - Dark,02 - Non-fatal injury,05 - Turning movement
9559,MEADOWLANDS DR @ MERIVALE RD,364858.0265,5023726.184,4/8/16,20:41,03 - Snow,02 - Wet,01 - Traffic signal,03 - At intersection,07 - Dark,02 - Non-fatal injury,05 - Turning movement
9560,MEADOWLANDS DR @ MERIVALE RD,364857.5725,5023725.736,5/23/16,0:34,01 - Clear,01 - Dry,01 - Traffic signal,03 - At intersection,07 - Dark,02 - Non-fatal injury,05 - Turning movement
9561,MEADOWLANDS DR @ MERIVALE RD,364858.4804,5023725.291,11/10/16,21:25,01 - Clear,01 - Dry,01 - Traffic signal,03 - At intersection,07 - Dark,02 - Non-fatal injury,05 - Turning movement
9562,MEADOWLANDS DR @ MERIVALE RD,364859.5281,5023725.924,12/26/16,1:58,01 - Clear,01 - Dry,01 - Traffic signal,03 - At intersection,07 - Dark,02 - Non-fatal injury,05 - Turning movement
9563,MEADOWLANDS DR @ MERIVALE RD,364858.6999,5023725.924,8/12/16,10:00,01 - Clear,01 - Dry,01 - Traffic signal,02 - Intersection related,01 - Daylight,03 - P.D. only,03 - Rear end
9564,MEADOWLANDS DR @ MERIVALE RD,364858.4682,5023725.742,8/9/16,15:08,01 - Clear,01 - Dry,01 - Traffic signal,02 - Intersection related,01 - Daylight,03 - P.D. only,03 - Rear end
9565,MEADOWLANDS DR @ MERIVALE RD,364859.5281,5023725.096,10/15/16,13:33,01 - Clear,01 - Dry,01 - Traffic signal,02 - Intersection related,01 - Daylight,03 - P.D. only,03 - Rear end
9566,MEADOWLANDS DR @ MERIVALE RD,364857.528,5023725.51,5/15/16,11:30,01 - Clear,01 - Dry,01 - Traffic signal,02 - Intersection related,01 - Daylight,03 - P.D. only,03 - Rear end
9567,MEADOWLANDS DR @ MERIVALE RD,364859.5281,5023727.581,8/12/16,10:14,01 - Clear,01 - Dry,01 - Traffic signal,02 - Intersection related,01 - Daylight,03 - P.D. only,03 - Rear end
9568,MEADOWLANDS DR @ MERIVALE RD,364858.4744,5023724.834,6/10/16,10:20,01 - Clear,01 - Dry,01 - Traffic signal,02 - Intersection related,01 - Daylight,03 - P.D. only,03 - Rear end
9569,MEADOWLANDS DR @ MERIVALE RD,364857.6022,5023726.169,1/27/16,20:13,01 - Clear,01 - Dry,01 - Traffic signal,03 - At intersection,07 - Dark,03 - P.D. only,05 - Turning movement
9570,MEADOWLANDS DR @ MERIVALE RD,364859.597,5023725.705,1/6/16,13:44,01 - Clear,02 - Wet,01 - Traffic signal,02 - Intersection related,01 - Daylight,03 - P.D. only,03 - Rear end
9571,MEADOWLANDS DR @ MERIVALE RD,364859.2354,5023724.707,9/12/16,18:07,01 - Clear,01 - Dry,01 - Traffic signal,02 - Intersection related,01 - Daylight,03 - P.D. only,03 - Rear end
9572,MEADOWLANDS DR @ MERIVALE RD,364858.8782,5023725.729,3/22/16,12:49,01 - Clear,01 - Dry,01 - Traffic signal,03 - At intersection,01 - Daylight,03 - P.D. only,05 - Turning movement
9573,MEADOWLANDS DR @ MERIVALE RD,364858.9239,5023725.286,3/28/16,17:55,02 - Rain,02 - Wet,01 - Traffic signal,03 - At intersection,01 - Daylight,03 - P.D. only,05 - Turning movement
9574,MEADOWLANDS DR @ MERIVALE RD,364859.3763,5023725.285,6/11/16,18:57,01 - Clear,01 - Dry,01 - Traffic signal,02 - Intersection related,01 - Daylight,03 - P.D. only,03 - Rear end
9575,MEADOWLANDS DR @ MERIVALE RD,364857.0436,5023725.096,11/13/16,12:28,01 - Clear,01 - Dry,01 - Traffic signal,02 - Intersection related,01 - Daylight,03 - P.D. only,03 - Rear end
9576,MEADOWLANDS DR @ MERIVALE RD,364858.0413,5023724.852,11/16/16,17:30,01 - Clear,01 - Dry,01 - Traffic signal,03 - At intersection,07 - Dark,03 - P.D. only,05 - Turning movement
9577,MEADOWLANDS DR @ MERIVALE RD,364858.0413,5023725.291,11/6/16,23:17,01 - Clear,01 - Dry,01 - Traffic signal,03 - At intersection,07 - Dark,03 - P.D. only,02 - Angle
9578,MEADOWLANDS DR @ MERIVALE RD,364858.4804,5023724.852,12/17/16,17:34,01 - Clear,02 - Wet,01 - Traffic signal,03 - At intersection,07 - Dark,03 - P.D. only,05 - Turning movement
9579,MEADOWLANDS DR @ MERIVALE RD,364858.0413,5023725.73,11/30/16,15:40,02 - Rain,02 - Wet,01 - Traffic signal,03 - At intersection,01 - Daylight,03 - P.D. only,05 - Turning movement
9580,MEADOWLANDS DR @ MERIVALE RD,364857.0436,5023723.44,12/3/16,17:07,01 - Clear,01 - Dry,01 - Traffic signal,02 - Intersection related,07 - Dark,03 - P.D. only,03 - Rear end
9581,MEADOWLANDS DR @ MERIVALE RD,364857.8161,5023725.704,11/13/16,13:30,01 - Clear,01 - Dry,01 - Traffic signal,03 - At intersection,01 - Daylight,03 - P.D. only,05 - Turning movement
9582,MEADOWLANDS DR @ MERIVALE RD,364859.5281,5023725.924,12/8/16,13:53,01 - Clear,01 - Dry,01 - Traffic signal,02 - Intersection related,01 - Daylight,03 - P.D. only,04 - Sideswipe
9583,MEADOWLANDS DR @ MERIVALE RD,364859.5281,5023726.753,12/9/16,17:35,01 - Clear,02 - Wet,01 - Traffic signal,02 - Intersection related,07 - Dark,03 - P.D. only,03 - Rear end
9584,MEADOWLANDS DR @ NESS ST,366415.4142,5024944.619,11/6/16,23:25,01 - Clear,01 - Dry,02 - Stop sign,03 - At intersection,07 - Dark,02 - Non-fatal injury,07 - SMV other
9585,MEADOWLANDS DR @ NESS ST,366414.1753,5024944.619,11/10/16,17:41,01 - Clear,01 - Dry,02 - Stop sign,02 - Intersection related,07 - Dark,03 - P.D. only,03 - Rear end
9586,MEADOWLANDS DR @ TIVERTON DR,365204.3602,5024344.364,12/8/16,20:00,03 - Snow,06 - Ice,01 - Traffic signal,02 - Intersection related,07 - Dark,02 - Non-fatal injury,03 - Rear end
9587,MEADOWLANDS DR @ VIEWMOUNT DR,363740.807,5023105.511,5/3/16,17:19,01 - Clear,01 - Dry,01 - Traffic signal,03 - At intersection,01 - Daylight,02 - Non-fatal injury,01 - Approaching
9588,MEADOWLANDS DR @ VIEWMOUNT DR,363739.4579,5023106.638,5/24/16,10:30,01 - Clear,01 - Dry,01 - Traffic signal,02 - Intersection related,01 - Daylight,02 - Non-fatal injury,03 - Rear end
9589,MEADOWLANDS DR @ VIEWMOUNT DR,363739.9054,5023104.845,3/6/16,20:24,01 - Clear,01 - Dry,01 - Traffic signal,02 - Intersection related,07 - Dark,03 - P.D. only,04 - Sideswipe
9590,MEADOWLANDS DR @ VIEWMOUNT DR,363739.2774,5023105.99,5/20/16,16:19,01 - Clear,01 - Dry,01 - Traffic signal,02 - Intersection related,01 - Daylight,03 - P.D. only,99 - Other
9591,MEADOWLANDS DR btwn ASHWOOD CRES & BAYNE AVE,364725.7228,5023653.836,1/30/16,18:34,01 - Clear,02 - Wet,10 - No control,01 - Non intersection,07 - Dark,03 - P.D. only,07 - SMV other
9592,MEADOWLANDS DR btwn BAYNE AVE & MERIVALE RD,364807.86,5023697.515,2/16/16,20:33,03 - Snow,05 - Packed snow,10 - No control,04 - At/near private drive,07 - Dark,03 - P.D. only,03 - Rear end
9593,MEADOWLANDS DR btwn BAYNE AVE & MERIVALE RD,364801.8393,5023694.994,10/11/16,10:39,01 - Clear,01 - Dry,10 - No control,04 - At/near private drive,01 - Daylight,03 - P.D. only,02 - Angle
9594,MEADOWLANDS DR btwn BAYNE AVE & MERIVALE RD,364779.0073,5023683.139,12/21/16,14:38,01 - Clear,04 - Slush,10 - No control,04 - At/near private drive,01 - Daylight,03 - P.D. only,02 - Angle
9595,MEADOWLANDS DR btwn BAYNE AVE & MERIVALE RD,364778.4804,5023682.124,12/30/16,13:29,01 - Clear,02 - Wet,10 - No control,04 - At/near private drive,01 - Daylight,03 - P.D. only,02 - Angle
9596,MEADOWLANDS DR btwn BAYNE AVE & MERIVALE RD,364778.1291,5023683.578,12/9/16,17:38,01 - Clear,02 - Wet,10 - No control,04 - At/near private drive,07 - Dark,03 - P.D. only,02 - Angle
9597,MEADOWLANDS DR btwn BROOK LANE & WITHROW AVE,363650.3884,5023056.958,6/16/16,15:12,01 - Clear,01 - Dry,10 - No control,01 - Non intersection,01 - Daylight,02 - Non-fatal injury,03 - Rear end