Record,Location,X,Y,Date,Time,Environment,Road_Surface,Traffic_Control,Collision_Location,Light,Collision_Classification,Impact_type
9598,MEADOWLANDS DR btwn CLAYMOR AVE & DEBRA AVE,367011.3817,5025444.25,7/19/16,9:00,01 - Clear,01 - Dry,10 - No control,01 - Non intersection,01 - Daylight,03 - P.D. only,06 - SMV unattended vehicle
9599,MEADOWLANDS DR btwn CLAYMOR AVE & DEBRA AVE,367012.6922,5025441.295,6/22/16,13:18,01 - Clear,01 - Dry,10 - No control,01 - Non intersection,01 - Daylight,03 - P.D. only,03 - Rear end
9600,MEADOWLANDS DR btwn CLAYMOR AVE & DEBRA AVE,367061.2339,5025475.897,9/27/16,16:13,01 - Clear,01 - Dry,10 - No control,01 - Non intersection,01 - Daylight,03 - P.D. only,03 - Rear end
9601,MEADOWLANDS DR btwn INDIAN RD & LAIRD ST,364059.8753,5023283.074,6/19/16,14:34,01 - Clear,01 - Dry,10 - No control,01 - Non intersection,01 - Daylight,03 - P.D. only,06 - SMV unattended vehicle
9602,MEADOWLANDS DR btwn INDIAN RD & LAIRD ST,364058.402,5023281.209,3/18/16,23:13,01 - Clear,01 - Dry,10 - No control,01 - Non intersection,07 - Dark,03 - P.D. only,06 - SMV unattended vehicle
9603,MEADOWLANDS DR btwn INDIAN RD & LAIRD ST,364066.7791,5023287.28,7/16/16,19:53,01 - Clear,01 - Dry,10 - No control,01 - Non intersection,01 - Daylight,03 - P.D. only,06 - SMV unattended vehicle
9604,MEADOWLANDS DR btwn INVERNESS AVE & DEER PARK RD,365965.9776,5024853.882,8/6/16,15:56,01 - Clear,01 - Dry,10 - No control,04 - At/near private drive,01 - Daylight,03 - P.D. only,02 - Angle
9605,MEADOWLANDS DR btwn INVERNESS AVE & DEER PARK RD,365971.4506,5024855.936,8/17/16,17:23,01 - Clear,01 - Dry,10 - No control,04 - At/near private drive,01 - Daylight,03 - P.D. only,02 - Angle
9606,MEADOWLANDS DR btwn JOAN ST & ASHWOOD CRES,364679.8179,5023629.444,11/17/16,7:49,01 - Clear,01 - Dry,10 - No control,01 - Non intersection,01 - Daylight,03 - P.D. only,03 - Rear end
9607,MEADOWLANDS DR btwn MERIVALE RD & GRANT CARMAN DR,365030.0389,5023869.881,5/28/16,14:00,01 - Clear,01 - Dry,10 - No control,01 - Non intersection,01 - Daylight,03 - P.D. only,03 - Rear end
9608,MEADOWLANDS DR btwn MERIVALE RD & GRANT CARMAN DR,364930.0501,5023766.564,11/4/16,6:52,01 - Clear,01 - Dry,10 - No control,04 - At/near private drive,03 - Dawn,03 - P.D. only,02 - Angle
9609,MEADOWLANDS DR btwn ORKNEY PRIV & VALMARIE AVE,366742.5826,5025152.305,8/11/16,15:32,01 - Clear,01 - Dry,10 - No control,01 - Non intersection,01 - Daylight,03 - P.D. only,03 - Rear end
9610,MEADOWLANDS DR btwn PRINCE OF WALES DR & DEBRA AVE,367220.6378,5025594.577,12/2/16,16:14,01 - Clear,01 - Dry,10 - No control,04 - At/near private drive,05 - Dusk,02 - Non-fatal injury,05 - Turning movement
9611,MEADOWLANDS DR btwn PRINCE OF WALES DR & DEBRA AVE,367235.7859,5025605.774,9/16/16,9:33,01 - Clear,01 - Dry,10 - No control,04 - At/near private drive,01 - Daylight,03 - P.D. only,02 - Angle
9612,MEADOWLANDS DR btwn PRINCE OF WALES DR & DEBRA AVE,367253.0928,5025618.054,1/22/16,14:12,01 - Clear,01 - Dry,10 - No control,04 - At/near private drive,01 - Daylight,03 - P.D. only,02 - Angle
9613,MEADOWLANDS DR btwn PRINCE OF WALES DR & DEBRA AVE,367232.2117,5025601.965,7/27/16,7:21,01 - Clear,01 - Dry,10 - No control,04 - At/near private drive,01 - Daylight,03 - P.D. only,02 - Angle
9614,MEADOWLANDS DR btwn TURN LANE & SULLIVAN AVE,363100.0987,5022754.585,7/13/16,15:50,01 - Clear,01 - Dry,10 - No control,04 - At/near private drive,01 - Daylight,03 - P.D. only,02 - Angle
9615,MEADOWLANDS DR btwn TURN LANE & SULLIVAN AVE,363132.8701,5022773.196,1/27/16,20:19,01 - Clear,01 - Dry,10 - No control,01 - Non intersection,07 - Dark,03 - P.D. only,06 - SMV unattended vehicle
9616,MEADOWLANDS DR btwn TURN LANE & SULLIVAN AVE,363111.3563,5022761.161,12/7/16,13:50,01 - Clear,02 - Wet,10 - No control,04 - At/near private drive,01 - Daylight,03 - P.D. only,99 - Other
9617,MEADOWLANDS DR btwn TURN LANE & SULLIVAN AVE,363099.9732,5022755.368,12/21/16,13:15,01 - Clear,01 - Dry,10 - No control,04 - At/near private drive,01 - Daylight,03 - P.D. only,05 - Turning movement
9618,MEADOWLANDS DR btwn VIEWMOUNT DR & INDIAN RD,363891.5584,5023189.785,1/20/16,20:41,01 - Clear,03 - Loose snow,10 - No control,01 - Non intersection,07 - Dark,03 - P.D. only,06 - SMV unattended vehicle
9619,MEADOWLANDS DR btwn VIEWMOUNT DR & INDIAN RD,363876.2867,5023181.017,3/30/16,11:25,01 - Clear,01 - Dry,10 - No control,04 - At/near private drive,01 - Daylight,03 - P.D. only,02 - Angle
9620,MEADOWLANDS DR btwn VIEWMOUNT DR & INDIAN RD,363887.4661,5023188.16,6/14/16,15:30,01 - Clear,01 - Dry,10 - No control,04 - At/near private drive,01 - Daylight,03 - P.D. only,06 - SMV unattended vehicle
9621,MEADOWLANDS DR/PETER ST @ PERRY ST,364439.1036,5023493.479,12/10/16,12:25,01 - Clear,06 - Ice,01 - Traffic signal,02 - Intersection related,01 - Daylight,03 - P.D. only,03 - Rear end
9622,MEADOWLANDS DR/TALLWOOD DR @ WOODROFFE AVE,363056.9577,5022729.714,4/23/16,13:36,01 - Clear,01 - Dry,01 - Traffic signal,02 - Intersection related,01 - Daylight,02 - Non-fatal injury,03 - Rear end
9623,MEADOWLANDS DR/TALLWOOD DR @ WOODROFFE AVE,363057.0802,5022729.713,5/6/16,18:26,01 - Clear,01 - Dry,01 - Traffic signal,02 - Intersection related,01 - Daylight,02 - Non-fatal injury,03 - Rear end
9624,MEADOWLANDS DR/TALLWOOD DR @ WOODROFFE AVE,363056.4001,5022728.477,10/17/16,18:37,01 - Clear,01 - Dry,01 - Traffic signal,02 - Intersection related,07 - Dark,02 - Non-fatal injury,03 - Rear end
9625,MEADOWLANDS DR/TALLWOOD DR @ WOODROFFE AVE,363055.6717,5022729.979,8/4/16,9:33,01 - Clear,01 - Dry,01 - Traffic signal,02 - Intersection related,01 - Daylight,03 - P.D. only,03 - Rear end
9626,MEADOWLANDS DR/TALLWOOD DR @ WOODROFFE AVE,363057.826,5022730.949,8/2/16,19:31,01 - Clear,01 - Dry,01 - Traffic signal,03 - At intersection,05 - Dusk,03 - P.D. only,02 - Angle
9627,MEADOWLANDS DR/TALLWOOD DR @ WOODROFFE AVE,363056.4801,5022730.394,3/19/16,15:40,01 - Clear,01 - Dry,01 - Traffic signal,02 - Intersection related,01 - Daylight,03 - P.D. only,03 - Rear end
9628,MEADOWLANDS DR/TALLWOOD DR @ WOODROFFE AVE,363055.5919,5022729.397,9/24/16,17:21,01 - Clear,01 - Dry,01 - Traffic signal,02 - Intersection related,01 - Daylight,03 - P.D. only,04 - Sideswipe
9629,MEADOWLANDS DR/TALLWOOD DR @ WOODROFFE AVE,363056.572,5022730.838,1/15/16,10:03,03 - Snow,04 - Slush,01 - Traffic signal,02 - Intersection related,01 - Daylight,03 - P.D. only,03 - Rear end
9630,MEADOWLANDS DR/TALLWOOD DR @ WOODROFFE AVE,363056.533,5022730.43,1/20/16,16:31,01 - Clear,02 - Wet,01 - Traffic signal,02 - Intersection related,01 - Daylight,03 - P.D. only,04 - Sideswipe
9631,MEADOWLANDS DR/TALLWOOD DR @ WOODROFFE AVE,363057.3714,5022730.949,7/7/16,17:25,01 - Clear,01 - Dry,01 - Traffic signal,02 - Intersection related,01 - Daylight,03 - P.D. only,03 - Rear end
9632,MEADOWLANDS DR/TALLWOOD DR @ WOODROFFE AVE,363057.1375,5022730.494,3/26/16,12:28,01 - Clear,02 - Wet,01 - Traffic signal,02 - Intersection related,01 - Daylight,03 - P.D. only,03 - Rear end
9633,MEADOWLANDS DR/TALLWOOD DR @ WOODROFFE AVE,363056.7578,5022730.454,5/15/16,14:10,01 - Clear,01 - Dry,01 - Traffic signal,02 - Intersection related,01 - Daylight,03 - P.D. only,03 - Rear end
9634,MEADOWLANDS DR/TALLWOOD DR @ WOODROFFE AVE,363056.4064,5022730.371,8/24/16,12:04,01 - Clear,01 - Dry,01 - Traffic signal,02 - Intersection related,01 - Daylight,03 - P.D. only,03 - Rear end
9635,MEADOWLANDS DR/TALLWOOD DR @ WOODROFFE AVE,363056.6112,5022730.549,8/5/16,15:52,01 - Clear,01 - Dry,01 - Traffic signal,02 - Intersection related,01 - Daylight,03 - P.D. only,03 - Rear end
9636,MEADOWLANDS DR/TALLWOOD DR @ WOODROFFE AVE,363056.4284,5022730.556,11/12/16,9:15,01 - Clear,01 - Dry,01 - Traffic signal,02 - Intersection related,01 - Daylight,03 - P.D. only,03 - Rear end
9637,MEADOWLANDS DR/TALLWOOD DR @ WOODROFFE AVE,363057.3207,5022730.344,10/4/16,14:00,01 - Clear,01 - Dry,01 - Traffic signal,02 - Intersection related,01 - Daylight,03 - P.D. only,03 - Rear end
9638,MEADOWLANDS DR/TALLWOOD DR @ WOODROFFE AVE,363056.9281,5022730.371,12/19/16,13:45,03 - Snow,02 - Wet,01 - Traffic signal,02 - Intersection related,01 - Daylight,03 - P.D. only,04 - Sideswipe
9639,MEDHURST DR btwn WOODROFFE AVE & BROCKINGTON CRES,363428.7309,5021830.738,6/27/16,15:37,01 - Clear,01 - Dry,10 - No control,01 - Non intersection,01 - Daylight,03 - P.D. only,03 - Rear end
9640,MEDHURST DR W @ WOODFIELD DR,363654.466,5021990.113,6/28/16,12:36,01 - Clear,01 - Dry,02 - Stop sign,03 - At intersection,01 - Daylight,03 - P.D. only,02 - Angle
9641,MELANIE CRES btwn SUMNER ST & MCKITRICK DR (2),352819.428,5017096.916,5/14/16,12:00,01 - Clear,01 - Dry,10 - No control,01 - Non intersection,01 - Daylight,03 - P.D. only,06 - SMV unattended vehicle
9642,MELETTE CRES btwn SCALA AVE & SCALA AVE,385467.6094,5036284.058,4/5/16,17:06,01 - Clear,01 - Dry,10 - No control,04 - At/near private drive,01 - Daylight,03 - P.D. only,06 - SMV unattended vehicle
9643,MELFORT ST @ WALKLEY RD,374445.5181,5028373.32,8/17/16,8:03,01 - Clear,01 - Dry,01 - Traffic signal,02 - Intersection related,01 - Daylight,02 - Non-fatal injury,07 - SMV other
9644,MELFORT ST @ WALKLEY RD,374445.0717,5028374.205,3/11/16,15:58,01 - Clear,01 - Dry,01 - Traffic signal,02 - Intersection related,01 - Daylight,03 - P.D. only,03 - Rear end
9645,MELFORT ST @ WALKLEY RD,374445.5181,5028373.32,9/14/16,17:10,01 - Clear,01 - Dry,01 - Traffic signal,03 - At intersection,01 - Daylight,03 - P.D. only,05 - Turning movement
9646,MELROSE AVE btwn RUSKIN ST & CARLING AVE,365939.6394,5028461.241,10/19/16,0:00,01 - Clear,01 - Dry,10 - No control,01 - Non intersection,00 - Unknown,03 - P.D. only,06 - SMV unattended vehicle
9647,MELROSE AVE btwn RUSKIN ST & CARLING AVE,365965.452,5028401.682,1/6/16,13:05,01 - Clear,01 - Dry,10 - No control,01 - Non intersection,01 - Daylight,03 - P.D. only,06 - SMV unattended vehicle
9648,MELROSE AVE btwn WELLINGTON ST W & GLADSTONE AVE,365473.4542,5029544.678,1/7/16,14:06,01 - Clear,01 - Dry,10 - No control,01 - Non intersection,01 - Daylight,03 - P.D. only,06 - SMV unattended vehicle
9649,MER BLEUE RD @ 210 S OF INNES RD,382730.0011,5035375.072,10/21/16,19:05,02 - Rain,02 - Wet,01 - Traffic signal,03 - At intersection,07 - Dark,03 - P.D. only,05 - Turning movement
9650,MER BLEUE RD btwn 210 S OF INNES RD & INNES RD,382725.5585,5035388.192,2/17/16,17:04,03 - Snow,06 - Ice,10 - No control,01 - Non intersection,01 - Daylight,02 - Non-fatal injury,07 - SMV other
9651,MER BLEUE RD btwn 210 S OF INNES RD & INNES RD,382723.0895,5035388.628,9/14/16,17:24,01 - Clear,01 - Dry,10 - No control,01 - Non intersection,01 - Daylight,02 - Non-fatal injury,03 - Rear end
9652,MER BLEUE RD btwn 210 S OF INNES RD & RENAUD RD,383037.6728,5034672.421,5/31/16,12:02,01 - Clear,01 - Dry,10 - No control,01 - Non intersection,01 - Daylight,03 - P.D. only,04 - Sideswipe
9653,MER BLEUE RD btwn 210 S OF INNES RD & RENAUD RD,382975.818,5034830.193,11/3/16,7:19,02 - Rain,02 - Wet,10 - No control,04 - At/near private drive,03 - Dawn,03 - P.D. only,04 - Sideswipe
9654,MERIVALE RD @ 110 S OF BURRIS LANE/LOBLAWS SC,364814.9788,5024951.767,1/6/16,14:01,01 - Clear,03 - Loose snow,01 - Traffic signal,03 - At intersection,01 - Daylight,03 - P.D. only,05 - Turning movement
9655,MERIVALE RD @ 110 S OF BURRIS LANE/LOBLAWS SC,364815.0188,5024953.588,3/19/16,17:52,01 - Clear,01 - Dry,01 - Traffic signal,03 - At intersection,01 - Daylight,03 - P.D. only,02 - Angle
9656,MERIVALE RD @ 110 S OF BURRIS LANE/LOBLAWS SC,364814.5582,5024953.503,7/25/16,10:19,01 - Clear,01 - Dry,01 - Traffic signal,03 - At intersection,01 - Daylight,03 - P.D. only,02 - Angle
9657,MERIVALE RD @ 170 N OF HUNTCLUB RD/COSTCO/CANA,365547.8447,5022099.185,8/15/16,21:30,01 - Clear,01 - Dry,01 - Traffic signal,02 - Intersection related,07 - Dark,03 - P.D. only,03 - Rear end
9658,MERIVALE RD @ 170 N OF HUNTCLUB RD/COSTCO/CANA,365546.9346,5022099.319,4/29/16,17:46,01 - Clear,01 - Dry,01 - Traffic signal,02 - Intersection related,01 - Daylight,03 - P.D. only,03 - Rear end
9659,MERIVALE RD @ 170 N OF HUNTCLUB RD/COSTCO/CANA,365548.7511,5022100.094,6/3/16,15:21,01 - Clear,01 - Dry,01 - Traffic signal,02 - Intersection related,01 - Daylight,03 - P.D. only,03 - Rear end
9660,MERIVALE RD @ 210 S OF MEADOWLANDS DR,364945.379,5023531.084,11/10/16,12:03,01 - Clear,01 - Dry,01 - Traffic signal,03 - At intersection,01 - Daylight,02 - Non-fatal injury,07 - SMV other
9661,MERIVALE RD @ ANNA AVE/LAPERRIERE AVE,364859.9915,5027164.941,7/28/16,21:09,01 - Clear,01 - Dry,01 - Traffic signal,02 - Intersection related,07 - Dark,03 - P.D. only,05 - Turning movement
9662,MERIVALE RD @ ANNA AVE/LAPERRIERE AVE,364860.5495,5027165.074,12/9/16,8:57,03 - Snow,03 - Loose snow,01 - Traffic signal,03 - At intersection,01 - Daylight,03 - P.D. only,07 - SMV other
9663,MERIVALE RD @ BASIL MACDONALD WAY/MERIVALE MAL,365096.735,5023170.888,5/10/16,15:49,01 - Clear,01 - Dry,01 - Traffic signal,03 - At intersection,01 - Daylight,02 - Non-fatal injury,05 - Turning movement
9664,MERIVALE RD @ BASIL MACDONALD WAY/MERIVALE MAL,365096.1343,5023171.917,3/28/16,11:17,02 - Rain,02 - Wet,01 - Traffic signal,03 - At intersection,01 - Daylight,02 - Non-fatal injury,05 - Turning movement
9665,MERIVALE RD @ BASIL MACDONALD WAY/MERIVALE MAL,365098.1107,5023171.651,7/20/16,13:49,01 - Clear,01 - Dry,01 - Traffic signal,02 - Intersection related,01 - Daylight,03 - P.D. only,03 - Rear end
9666,MERIVALE RD @ BASIL MACDONALD WAY/MERIVALE MAL,365096.3627,5023171.232,4/23/16,13:28,01 - Clear,01 - Dry,01 - Traffic signal,03 - At intersection,01 - Daylight,03 - P.D. only,04 - Sideswipe
9667,MERIVALE RD @ BASIL MACDONALD WAY/MERIVALE MAL,365097.508,5023171.913,4/22/16,14:22,01 - Clear,01 - Dry,01 - Traffic signal,03 - At intersection,01 - Daylight,03 - P.D. only,03 - Rear end
9668,MERIVALE RD @ BASIL MACDONALD WAY/MERIVALE MAL,365097.7142,5023170.94,10/6/16,12:49,01 - Clear,01 - Dry,01 - Traffic signal,02 - Intersection related,01 - Daylight,03 - P.D. only,03 - Rear end
9669,MERIVALE RD @ BASIL MACDONALD WAY/MERIVALE MAL,365095.5711,5023171.232,12/8/16,21:50,03 - Snow,06 - Ice,01 - Traffic signal,02 - Intersection related,07 - Dark,03 - P.D. only,02 - Angle
9670,MERIVALE RD @ BENTLEY AVE/CAMELOT DR,365771.1586,5021560.473,9/8/16,8:19,01 - Clear,01 - Dry,01 - Traffic signal,02 - Intersection related,01 - Daylight,03 - P.D. only,03 - Rear end
9671,MERIVALE RD @ BONGARD AVE,365874.2367,5021315.862,10/13/16,9:09,01 - Clear,02 - Wet,02 - Stop sign,03 - At intersection,01 - Daylight,02 - Non-fatal injury,05 - Turning movement
9672,MERIVALE RD @ CLEOPATRA DR,365950.0174,5021122.684,2/18/16,14:00,01 - Clear,02 - Wet,01 - Traffic signal,03 - At intersection,01 - Daylight,03 - P.D. only,05 - Turning movement
9673,MERIVALE RD @ CLEOPATRA DR,365951.2558,5021121.938,12/21/16,18:12,01 - Clear,02 - Wet,01 - Traffic signal,02 - Intersection related,07 - Dark,03 - P.D. only,04 - Sideswipe
9674,MERIVALE RD @ EMERALD PLAZA SC,364736.7686,5024006.459,2/5/16,8:44,01 - Clear,01 - Dry,01 - Traffic signal,03 - At intersection,01 - Daylight,03 - P.D. only,05 - Turning movement
9675,MERIVALE RD @ EMERALD PLAZA SC,364736.3539,5024007.22,2/13/16,19:57,01 - Clear,06 - Ice,01 - Traffic signal,02 - Intersection related,07 - Dark,03 - P.D. only,04 - Sideswipe
9676,MERIVALE RD @ EMERALD PLAZA SC,364737.0992,5024004.9,11/10/16,13:46,01 - Clear,01 - Dry,01 - Traffic signal,03 - At intersection,01 - Daylight,03 - P.D. only,02 - Angle
9677,MERIVALE RD @ EMERALD PLAZA SC,364736.9615,5024006.011,3/26/16,11:20,01 - Clear,01 - Dry,01 - Traffic signal,03 - At intersection,01 - Daylight,03 - P.D. only,05 - Turning movement
9678,MERIVALE RD @ EMERALD PLAZA SC,364737.8067,5024006.123,6/4/16,12:15,01 - Clear,01 - Dry,01 - Traffic signal,03 - At intersection,01 - Daylight,03 - P.D. only,04 - Sideswipe
9679,MERIVALE RD @ FAMILY BROWN LANE,365004.1389,5023386.237,6/23/16,13:10,01 - Clear,01 - Dry,01 - Traffic signal,03 - At intersection,01 - Daylight,03 - P.D. only,03 - Rear end
9680,MERIVALE RD @ FAMILY BROWN LANE,365005.1527,5023384.943,5/14/16,12:33,01 - Clear,01 - Dry,01 - Traffic signal,03 - At intersection,01 - Daylight,03 - P.D. only,05 - Turning movement
9681,MERIVALE RD @ MORISSET AVE,364865.5289,5026493.309,8/19/16,0:16,01 - Clear,01 - Dry,02 - Stop sign,03 - At intersection,07 - Dark,02 - Non-fatal injury,07 - SMV other
9682,MERIVALE RD @ MORISSET AVE,364867.3594,5026492.747,1/21/16,19:00,01 - Clear,02 - Wet,02 - Stop sign,03 - At intersection,07 - Dark,02 - Non-fatal injury,02 - Angle
9683,MERIVALE RD @ MORISSET AVE,364865.8726,5026493.77,12/9/16,8:38,01 - Clear,06 - Ice,02 - Stop sign,03 - At intersection,01 - Daylight,02 - Non-fatal injury,02 - Angle
9684,MERIVALE RD @ PINEGLEN CRES,366242.4856,5020412.705,4/6/16,18:00,03 - Snow,03 - Loose snow,02 - Stop sign,02 - Intersection related,01 - Daylight,03 - P.D. only,03 - Rear end
9685,MERIVALE RD @ RAVEN AVE,364843.1199,5026870.175,7/14/16,16:52,01 - Clear,01 - Dry,02 - Stop sign,02 - Intersection related,01 - Daylight,03 - P.D. only,07 - SMV other
9686,MERIVALE RD @ ROSENTHAL AVE,364892.8042,5026327.133,8/24/16,19:29,01 - Clear,01 - Dry,02 - Stop sign,02 - Intersection related,01 - Daylight,03 - P.D. only,07 - SMV other
9687,MERIVALE RD @ ROSSLAND AVE,364673.4723,5024152.862,5/13/16,5:34,01 - Clear,01 - Dry,02 - Stop sign,02 - Intersection related,03 - Dawn,02 - Non-fatal injury,03 - Rear end
9688,MERIVALE RD @ ROSSLAND AVE,364673.1615,5024152.853,8/16/16,13:08,02 - Rain,02 - Wet,02 - Stop sign,02 - Intersection related,01 - Daylight,03 - P.D. only,03 - Rear end
9689,MERIVALE RD @ ROSSLAND AVE,364672.8688,5024151.928,12/24/16,12:14,01 - Clear,02 - Wet,02 - Stop sign,02 - Intersection related,01 - Daylight,03 - P.D. only,03 - Rear end
9690,MERIVALE RD @ SHILLINGTON AVE,364844.0356,5026808.44,11/17/16,15:21,01 - Clear,01 - Dry,01 - Traffic signal,03 - At intersection,01 - Daylight,02 - Non-fatal injury,05 - Turning movement
9691,MERIVALE RD @ SHILLINGTON AVE,364844.6942,5026811.608,11/17/16,17:17,01 - Clear,01 - Dry,01 - Traffic signal,03 - At intersection,05 - Dusk,02 - Non-fatal injury,07 - SMV other
9692,MERIVALE RD @ SHILLINGTON AVE,364844.4747,5026810.636,2/17/16,18:49,03 - Snow,04 - Slush,01 - Traffic signal,02 - Intersection related,07 - Dark,03 - P.D. only,03 - Rear end
9693,MERIVALE RD @ SHILLINGTON AVE,364844.0283,5026810.204,2/16/16,15:31,03 - Snow,03 - Loose snow,01 - Traffic signal,03 - At intersection,01 - Daylight,03 - P.D. only,07 - SMV other
9694,MERIVALE RD @ SHILLINGTON AVE,364845.8306,5026809.084,7/15/16,14:14,01 - Clear,01 - Dry,01 - Traffic signal,02 - Intersection related,01 - Daylight,03 - P.D. only,02 - Angle
9695,MERIVALE RD @ SLACK RD,366020.3662,5020954.827,3/16/16,19:34,02 - Rain,02 - Wet,01 - Traffic signal,03 - At intersection,07 - Dark,02 - Non-fatal injury,07 - SMV other
9696,MERIVALE RD @ SLACK RD,366019.473,5020955.948,6/14/16,17:34,01 - Clear,01 - Dry,01 - Traffic signal,03 - At intersection,01 - Daylight,02 - Non-fatal injury,05 - Turning movement
9697,MERIVALE RD @ SLACK RD,366019.4808,5020954.395,12/8/16,17:43,01 - Clear,01 - Dry,01 - Traffic signal,03 - At intersection,07 - Dark,02 - Non-fatal injury,05 - Turning movement
9698,MERIVALE RD @ SLACK RD,366019.4808,5020955.273,1/31/16,21:02,02 - Rain,02 - Wet,01 - Traffic signal,03 - At intersection,07 - Dark,03 - P.D. only,05 - Turning movement
9699,MERIVALE RD @ SLACK RD,366019.4694,5020955.932,1/16/16,0:15,01 - Clear,02 - Wet,01 - Traffic signal,02 - Intersection related,07 - Dark,03 - P.D. only,02 - Angle
9700,MERIVALE RD @ SLACK RD,366019.9666,5020955.227,4/1/16,9:31,01 - Clear,01 - Dry,01 - Traffic signal,02 - Intersection related,01 - Daylight,03 - P.D. only,03 - Rear end
9701,MERIVALE RD @ SLACK RD,366020.8239,5020955.493,5/10/16,16:39,01 - Clear,01 - Dry,01 - Traffic signal,03 - At intersection,01 - Daylight,03 - P.D. only,05 - Turning movement
9702,MERIVALE RD @ SLACK RD,366019.9198,5020956.591,10/11/16,20:43,01 - Clear,01 - Dry,01 - Traffic signal,02 - Intersection related,07 - Dark,03 - P.D. only,04 - Sideswipe
9703,MERIVALE RD @ SLACK RD,366020.6471,5020955.256,12/16/16,12:28,01 - Clear,01 - Dry,01 - Traffic signal,02 - Intersection related,01 - Daylight,03 - P.D. only,03 - Rear end
9704,MERIVALE RD @ SUMMERVILLE AVE,364874.4052,5026445.592,6/1/16,8:35,01 - Clear,01 - Dry,01 - Traffic signal,02 - Intersection related,01 - Daylight,02 - Non-fatal injury,03 - Rear end
9705,MERIVALE RD @ WEST HUNT CLUB RD,365612.9197,5021942.723,4/7/16,23:54,01 - Clear,02 - Wet,01 - Traffic signal,02 - Intersection related,07 - Dark,02 - Non-fatal injury,07 - SMV other
9706,MERIVALE RD @ WEST HUNT CLUB RD,365612.4707,5021941.825,4/29/16,13:29,01 - Clear,01 - Dry,01 - Traffic signal,02 - Intersection related,01 - Daylight,02 - Non-fatal injury,03 - Rear end
9707,MERIVALE RD @ WEST HUNT CLUB RD,365612.4757,5021941.84,9/3/16,12:44,01 - Clear,01 - Dry,01 - Traffic signal,03 - At intersection,01 - Daylight,02 - Non-fatal injury,07 - SMV other
9708,MERIVALE RD @ WEST HUNT CLUB RD,365612.4757,5021943.157,6/2/16,7:48,02 - Rain,02 - Wet,01 - Traffic signal,02 - Intersection related,01 - Daylight,02 - Non-fatal injury,03 - Rear end
9709,MERIVALE RD @ WEST HUNT CLUB RD,365613.377,5021942.044,5/30/16,12:45,01 - Clear,01 - Dry,01 - Traffic signal,02 - Intersection related,01 - Daylight,02 - Non-fatal injury,03 - Rear end
9710,MERIVALE RD @ WEST HUNT CLUB RD,365613.2307,5021942.23,10/4/16,9:43,01 - Clear,01 - Dry,01 - Traffic signal,02 - Intersection related,01 - Daylight,02 - Non-fatal injury,03 - Rear end
9711,MERIVALE RD @ WEST HUNT CLUB RD,365612.6952,5021941.256,11/25/16,20:58,01 - Clear,02 - Wet,01 - Traffic signal,02 - Intersection related,07 - Dark,02 - Non-fatal injury,03 - Rear end
9712,MERIVALE RD @ WEST HUNT CLUB RD,365613.377,5021941.135,7/13/16,8:43,01 - Clear,01 - Dry,01 - Traffic signal,02 - Intersection related,01 - Daylight,03 - P.D. only,03 - Rear end
9713,MERIVALE RD @ WEST HUNT CLUB RD,365612.7874,5021942.507,2/26/16,11:53,02 - Rain,02 - Wet,01 - Traffic signal,02 - Intersection related,01 - Daylight,03 - P.D. only,03 - Rear end
9714,MERIVALE RD @ WEST HUNT CLUB RD,365613.3611,5021942.276,3/11/16,11:21,01 - Clear,01 - Dry,01 - Traffic signal,02 - Intersection related,01 - Daylight,03 - P.D. only,03 - Rear end
9715,MERIVALE RD @ WEST HUNT CLUB RD,365611.867,5021941.256,7/22/16,9:59,01 - Clear,01 - Dry,01 - Traffic signal,02 - Intersection related,01 - Daylight,03 - P.D. only,03 - Rear end
9716,MERIVALE RD @ WEST HUNT CLUB RD,365612.0188,5021942.724,4/21/16,11:43,01 - Clear,01 - Dry,01 - Traffic signal,03 - At intersection,01 - Daylight,03 - P.D. only,03 - Rear end
9717,MERIVALE RD @ WEST HUNT CLUB RD,365613.8671,5021942.498,6/13/16,18:43,01 - Clear,01 - Dry,01 - Traffic signal,02 - Intersection related,01 - Daylight,03 - P.D. only,03 - Rear end
9718,MERIVALE RD @ WEST HUNT CLUB RD,365612.927,5021941.803,2/10/16,14:54,01 - Clear,01 - Dry,01 - Traffic signal,02 - Intersection related,01 - Daylight,03 - P.D. only,04 - Sideswipe
9719,MERIVALE RD @ WEST HUNT CLUB RD,365612.9197,5021941.825,3/24/16,12:27,04 - Freezing Rain,04 - Slush,01 - Traffic signal,02 - Intersection related,01 - Daylight,03 - P.D. only,03 - Rear end
9720,MERIVALE RD @ WEST HUNT CLUB RD,365610.4438,5021943.624,1/6/16,16:15,01 - Clear,01 - Dry,01 - Traffic signal,02 - Intersection related,05 - Dusk,03 - P.D. only,03 - Rear end
9721,MERIVALE RD @ WEST HUNT CLUB RD,365612.9207,5021943.175,5/23/16,19:47,01 - Clear,01 - Dry,01 - Traffic signal,02 - Intersection related,01 - Daylight,03 - P.D. only,03 - Rear end
9722,MERIVALE RD @ WEST HUNT CLUB RD,365611.0888,5021943.301,8/20/16,12:30,01 - Clear,01 - Dry,01 - Traffic signal,02 - Intersection related,01 - Daylight,03 - P.D. only,03 - Rear end
9723,MERIVALE RD @ WEST HUNT CLUB RD,365611.867,5021940.428,9/15/16,14:43,01 - Clear,01 - Dry,01 - Traffic signal,02 - Intersection related,01 - Daylight,03 - P.D. only,03 - Rear end