Record,Location,X,Y,Date,Time,Environment,Road_Surface,Traffic_Control,Collision_Location,Light,Collision_Classification,Impact_type
9724,MERIVALE RD @ WEST HUNT CLUB RD,365611.5588,5021942.953,7/2/16,14:20,01 - Clear,01 - Dry,01 - Traffic signal,02 - Intersection related,01 - Daylight,03 - P.D. only,03 - Rear end
9725,MERIVALE RD @ WEST HUNT CLUB RD,365611.5588,5021942.498,7/18/16,14:45,01 - Clear,01 - Dry,01 - Traffic signal,02 - Intersection related,01 - Daylight,03 - P.D. only,03 - Rear end
9726,MERIVALE RD @ WEST HUNT CLUB RD,365612.0366,5021943.157,11/14/16,14:01,01 - Clear,01 - Dry,01 - Traffic signal,02 - Intersection related,01 - Daylight,03 - P.D. only,04 - Sideswipe
9727,MERIVALE RD @ WEST HUNT CLUB RD,365612.6952,5021941.256,11/3/16,15:58,01 - Clear,02 - Wet,01 - Traffic signal,03 - At intersection,01 - Daylight,03 - P.D. only,03 - Rear end
9728,MERIVALE RD @ WEST HUNT CLUB RD,365611.867,5021941.256,12/27/16,19:08,04 - Freezing Rain,02 - Wet,01 - Traffic signal,02 - Intersection related,07 - Dark,03 - P.D. only,03 - Rear end
9729,MERIVALE RD @ WEST HUNT CLUB RD,365613.5234,5021942.912,12/29/16,12:15,03 - Snow,06 - Ice,01 - Traffic signal,02 - Intersection related,01 - Daylight,03 - P.D. only,03 - Rear end
9730,MERIVALE RD @ WOODFIELD DR/ROYDON PL,365462.7011,5022298.124,1/22/16,8:11,01 - Clear,01 - Dry,01 - Traffic signal,03 - At intersection,01 - Daylight,02 - Non-fatal injury,07 - SMV other
9731,MERIVALE RD @ WOODFIELD DR/ROYDON PL,365461.8729,5022296.429,12/14/16,5:43,03 - Snow,05 - Packed snow,01 - Traffic signal,03 - At intersection,07 - Dark,02 - Non-fatal injury,99 - Other
9732,MERIVALE RD @ WOODFIELD DR/ROYDON PL,365462.622,5022298.762,1/29/16,16:49,01 - Clear,04 - Slush,01 - Traffic signal,02 - Intersection related,05 - Dusk,03 - P.D. only,03 - Rear end
9733,MERIVALE RD @ WOODFIELD DR/ROYDON PL,365462.0675,5022299.296,2/6/16,13:41,01 - Clear,01 - Dry,01 - Traffic signal,02 - Intersection related,01 - Daylight,03 - P.D. only,03 - Rear end
9734,MERIVALE RD @ WOODFIELD DR/ROYDON PL,365461.0448,5022297.257,10/23/16,13:15,01 - Clear,01 - Dry,01 - Traffic signal,02 - Intersection related,01 - Daylight,03 - P.D. only,03 - Rear end
9735,MERIVALE RD @ WOODFIELD DR/ROYDON PL,365461.8729,5022297.257,10/6/16,8:41,01 - Clear,01 - Dry,01 - Traffic signal,03 - At intersection,01 - Daylight,03 - P.D. only,03 - Rear end
9736,MERIVALE RD @ WOODFIELD DR/ROYDON PL,365462.7011,5022298.124,1/14/16,17:07,01 - Clear,04 - Slush,01 - Traffic signal,02 - Intersection related,05 - Dusk,03 - P.D. only,03 - Rear end
9737,MERIVALE RD @ WOODFIELD DR/ROYDON PL,365461.8719,5022297.932,11/8/16,12:51,01 - Clear,01 - Dry,01 - Traffic signal,02 - Intersection related,01 - Daylight,03 - P.D. only,04 - Sideswipe
9738,MERIVALE RD @ WOODFIELD DR/ROYDON PL,365463.1892,5022299.073,11/8/16,13:02,01 - Clear,01 - Dry,01 - Traffic signal,02 - Intersection related,01 - Daylight,03 - P.D. only,04 - Sideswipe
9739,MERIVALE RD @ WOODFIELD DR/ROYDON PL,365464.3574,5022298.913,12/18/16,16:40,03 - Snow,02 - Wet,01 - Traffic signal,02 - Intersection related,05 - Dusk,03 - P.D. only,03 - Rear end
9740,MERIVALE RD @ WOODFIELD DR/ROYDON PL,365463.5293,5022298.913,12/21/16,14:02,01 - Clear,02 - Wet,01 - Traffic signal,02 - Intersection related,01 - Daylight,03 - P.D. only,03 - Rear end
9741,MERIVALE RD @ WOODFIELD DR/ROYDON PL,365461.8729,5022298.085,12/13/16,11:05,01 - Clear,03 - Loose snow,01 - Traffic signal,02 - Intersection related,01 - Daylight,03 - P.D. only,03 - Rear end
9742,MERIVALE RD @ WOODWARD AVE,364854.4799,5027066.445,10/18/16,12:42,01 - Clear,01 - Dry,02 - Stop sign,03 - At intersection,01 - Daylight,03 - P.D. only,02 - Angle
9743,MERIVALE RD btwn 170 N OF WEST HUNT CLUB RD/COSTCO SC & WEST HUNT CLUB,365606.8358,5021959.686,6/17/16,23:14,01 - Clear,01 - Dry,10 - No control,01 - Non intersection,07 - Dark,03 - P.D. only,04 - Sideswipe
9744,MERIVALE RD btwn 210 S OF MEADOWLANDS DR/MERIVALE PL SC & FAMILY BROWN,364996.4858,5023406.646,2/25/16,20:10,04 - Freezing Rain,06 - Ice,10 - No control,01 - Non intersection,07 - Dark,03 - P.D. only,99 - Other
9745,MERIVALE RD btwn 210 S OF MEADOWLANDS DR/MERIVALE PL SC & FAMILY BROWN,364998.2057,5023400.895,5/15/16,11:41,01 - Clear,01 - Dry,10 - No control,01 - Non intersection,01 - Daylight,03 - P.D. only,04 - Sideswipe
9746,MERIVALE RD btwn 210 S OF MEADOWLANDS DR/MERIVALE PL SC & FAMILY BROWN,364985.2151,5023432.985,10/7/16,16:03,01 - Clear,01 - Dry,10 - No control,01 - Non intersection,01 - Daylight,03 - P.D. only,03 - Rear end
9747,MERIVALE RD btwn AMBERWOOD CRES & FALLOWFIELD RD,366871.7346,5018892.548,2/24/16,20:52,04 - Freezing Rain,06 - Ice,10 - No control,01 - Non intersection,07 - Dark,03 - P.D. only,07 - SMV other
9748,MERIVALE RD btwn AMBERWOOD CRES & FALLOWFIELD RD,366859.0504,5018927.597,6/15/16,7:30,01 - Clear,01 - Dry,10 - No control,01 - Non intersection,01 - Daylight,03 - P.D. only,03 - Rear end
9749,MERIVALE RD btwn AMBERWOOD CRES & FALLOWFIELD RD,366703.6385,5019294.533,1/18/16,9:27,01 - Clear,03 - Loose snow,10 - No control,01 - Non intersection,01 - Daylight,03 - P.D. only,07 - SMV other
9750,MERIVALE RD btwn AMBERWOOD CRES & FALLOWFIELD RD,366864.869,5018907.079,5/5/16,16:35,01 - Clear,01 - Dry,10 - No control,01 - Non intersection,01 - Daylight,03 - P.D. only,03 - Rear end
9751,MERIVALE RD btwn BASIL MACDONALD WAY & VIEWMOUNT DR,365153.9456,5023040.007,8/26/16,17:05,01 - Clear,01 - Dry,10 - No control,01 - Non intersection,01 - Daylight,02 - Non-fatal injury,03 - Rear end
9752,MERIVALE RD btwn BASIL MACDONALD WAY & VIEWMOUNT DR,365152.7131,5023042.256,1/10/16,14:37,02 - Rain,02 - Wet,10 - No control,01 - Non intersection,01 - Daylight,03 - P.D. only,04 - Sideswipe
9753,MERIVALE RD btwn BASIL MACDONALD WAY & VIEWMOUNT DR,365113.1284,5023132.727,12/30/16,17:11,01 - Clear,02 - Wet,10 - No control,01 - Non intersection,07 - Dark,03 - P.D. only,04 - Sideswipe
9754,MERIVALE RD btwn BENTLEY AVE & ENTERPRISE AVE,365803.871,5021479.564,3/26/16,12:12,01 - Clear,01 - Dry,10 - No control,01 - Non intersection,01 - Daylight,02 - Non-fatal injury,03 - Rear end
9755,MERIVALE RD btwn BENTLEY AVE & ENTERPRISE AVE,365824.997,5021431.254,3/15/16,12:07,02 - Rain,02 - Wet,10 - No control,01 - Non intersection,01 - Daylight,03 - P.D. only,04 - Sideswipe
9756,MERIVALE RD btwn BENTLEY AVE & JAMIE AVE,365732.2353,5021654.883,11/30/16,8:03,"07 - Fog, mist, smoke, dust",02 - Wet,10 - No control,01 - Non intersection,01 - Daylight,02 - Non-fatal injury,04 - Sideswipe
9757,MERIVALE RD btwn BENTLEY AVE & JAMIE AVE,365752.0088,5021606.871,11/13/16,14:55,01 - Clear,01 - Dry,10 - No control,04 - At/near private drive,01 - Daylight,03 - P.D. only,02 - Angle
9758,MERIVALE RD btwn BONGARD AVE & CLEOPATRA DR,365886.7784,5021274.777,7/20/16,10:15,01 - Clear,01 - Dry,10 - No control,01 - Non intersection,01 - Daylight,03 - P.D. only,04 - Sideswipe
9759,MERIVALE RD btwn BURRIS LANE & OT/NE BOUNDARY,364920.119,5025133.857,3/1/16,12:40,01 - Clear,01 - Dry,10 - No control,04 - At/near private drive,01 - Daylight,03 - P.D. only,02 - Angle
9760,MERIVALE RD btwn CALDWELL AVE & CENTRAL PARK DR,364927.5895,5026072.439,4/7/16,8:55,03 - Snow,03 - Loose snow,10 - No control,01 - Non intersection,01 - Daylight,03 - P.D. only,03 - Rear end
9761,MERIVALE RD btwn CAPITAL DR & MACFARLANE RD,366119.5112,5020714.631,8/14/16,15:11,01 - Clear,01 - Dry,10 - No control,05 - At railway crossing,01 - Daylight,03 - P.D. only,03 - Rear end
9762,MERIVALE RD btwn CARLING AVE & TO BE DETERMINED,364902.2933,5027689.275,4/5/16,9:00,01 - Clear,01 - Dry,10 - No control,01 - Non intersection,01 - Daylight,03 - P.D. only,06 - SMV unattended vehicle
9763,MERIVALE RD btwn CLEOPATRA DR & SLACK RD,366000.3884,5021005.438,3/18/16,12:10,01 - Clear,01 - Dry,10 - No control,04 - At/near private drive,01 - Daylight,03 - P.D. only,02 - Angle
9764,MERIVALE RD btwn CLEOPATRA DR & SLACK RD,365961.0834,5021098.413,11/24/16,9:02,03 - Snow,03 - Loose snow,10 - No control,04 - At/near private drive,01 - Daylight,03 - P.D. only,05 - Turning movement
9765,MERIVALE RD btwn CLYDE AVE & GILBEY DR,364541.1802,5024517.447,2/15/16,12:48,01 - Clear,01 - Dry,10 - No control,04 - At/near private drive,01 - Daylight,03 - P.D. only,05 - Turning movement
9766,MERIVALE RD btwn CLYDE AVE & GILBEY DR,364653.3079,5024670.925,5/19/16,15:16,01 - Clear,01 - Dry,10 - No control,04 - At/near private drive,01 - Daylight,03 - P.D. only,02 - Angle
9767,MERIVALE RD btwn CLYDE AVE & RITA AVE,364592.5376,5024339.92,9/1/16,18:03,01 - Clear,01 - Dry,10 - No control,01 - Non intersection,01 - Daylight,03 - P.D. only,03 - Rear end
9768,MERIVALE RD btwn CLYDE AVE & RITA AVE,364525.2149,5024496.17,2/12/16,16:36,01 - Clear,01 - Dry,10 - No control,04 - At/near private drive,01 - Daylight,03 - P.D. only,02 - Angle
9769,MERIVALE RD btwn CLYDE AVE & RITA AVE,364562.278,5024415.186,12/21/16,19:51,01 - Clear,02 - Wet,10 - No control,01 - Non intersection,07 - Dark,03 - P.D. only,03 - Rear end
9770,MERIVALE RD btwn COLDREY AVE & THAMES ST,364907.6776,5027468.207,12/31/16,11:30,01 - Clear,01 - Dry,10 - No control,04 - At/near private drive,01 - Daylight,03 - P.D. only,03 - Rear end
9771,MERIVALE RD btwn EMERALD PLAZA SC & MEADOWLANDS DR,364806.1999,5023845.51,8/6/16,10:23,01 - Clear,01 - Dry,10 - No control,04 - At/near private drive,01 - Daylight,02 - Non-fatal injury,02 - Angle
9772,MERIVALE RD btwn EMERALD PLAZA SC & MEADOWLANDS DR,364829.7144,5023788.354,10/5/16,13:15,01 - Clear,01 - Dry,10 - No control,01 - Non intersection,01 - Daylight,03 - P.D. only,03 - Rear end
9773,MERIVALE RD btwn EMERALD PLAZA SC & MEADOWLANDS DR,364753.2467,5023969.525,1/16/16,16:25,02 - Rain,02 - Wet,10 - No control,01 - Non intersection,01 - Daylight,03 - P.D. only,04 - Sideswipe
9774,MERIVALE RD btwn EMERALD PLAZA SC & MEADOWLANDS DR,364764.8429,5023939.75,5/9/16,12:38,01 - Clear,01 - Dry,10 - No control,01 - Non intersection,01 - Daylight,03 - P.D. only,04 - Sideswipe
9775,MERIVALE RD btwn FAMILY BROWN LANE & BASIL MACDONALD WAY,365076.3904,5023214.634,3/30/16,15:23,01 - Clear,01 - Dry,10 - No control,01 - Non intersection,01 - Daylight,03 - P.D. only,03 - Rear end
9776,MERIVALE RD btwn GERVIN ST & AMBERWOOD CRES,366402.0392,5020030.913,6/21/16,16:12,01 - Clear,01 - Dry,10 - No control,04 - At/near private drive,01 - Daylight,03 - P.D. only,03 - Rear end
9777,MERIVALE RD btwn GILBEY DR & KIMWAY CRES,364706.1875,5024760.593,12/7/16,19:25,01 - Clear,01 - Dry,10 - No control,04 - At/near private drive,07 - Dark,03 - P.D. only,04 - Sideswipe
9778,MERIVALE RD btwn ISLAND PARK DR & WESTGATE SC,364655.8998,5028020.033,11/20/16,21:25,03 - Snow,08 - Loose sand or gravel,10 - No control,01 - Non intersection,07 - Dark,03 - P.D. only,03 - Rear end
9779,MERIVALE RD btwn LEASIDE AVE & COLDREY AVE,364893.1022,5027381.673,2/18/16,5:07,01 - Clear,04 - Slush,10 - No control,01 - Non intersection,07 - Dark,03 - P.D. only,02 - Angle
9780,MERIVALE RD btwn OT/NE BOUNDARY & MERIVALE RD,365010.8041,5025245.598,10/25/16,16:03,01 - Clear,01 - Dry,10 - No control,01 - Non intersection,01 - Daylight,03 - P.D. only,04 - Sideswipe
9781,MERIVALE RD btwn OT/NE BOUNDARY & MERIVALE RD,365008.3196,5025241.871,11/24/16,9:13,03 - Snow,03 - Loose snow,10 - No control,,01 - Daylight,03 - P.D. only,03 - Rear end
9782,MERIVALE RD btwn RAVEN AVE & LAROSE AVE,364846.0263,5026944.548,1/12/16,12:01,03 - Snow,03 - Loose snow,10 - No control,04 - At/near private drive,01 - Daylight,03 - P.D. only,03 - Rear end
9783,MERIVALE RD btwn ROSSLAND AVE & EMERALD PLAZA SC,364683.6349,5024131.224,10/6/16,12:43,01 - Clear,01 - Dry,10 - No control,01 - Non intersection,01 - Daylight,02 - Non-fatal injury,03 - Rear end
9784,MERIVALE RD btwn SHILLINGTON AVE & RAVEN AVE,364844.9101,5026820.609,5/10/16,16:12,01 - Clear,01 - Dry,10 - No control,04 - At/near private drive,01 - Daylight,02 - Non-fatal injury,05 - Turning movement
9785,MERIVALE RD btwn SLACK RD & CAPITAL DR,366023.4527,5020946.863,1/4/16,14:15,01 - Clear,01 - Dry,10 - No control,01 - Non intersection,01 - Daylight,03 - P.D. only,04 - Sideswipe
9786,MERIVALE RD btwn TURN LANE & MEADOWLANDS DR W,364849.0694,5023746.787,3/27/16,12:36,01 - Clear,01 - Dry,10 - No control,01 - Non intersection,01 - Daylight,03 - P.D. only,03 - Rear end
9787,MERIVALE RD btwn TURN LANE & MEADOWLANDS DR W,364855.0635,5023733.238,8/15/16,17:27,01 - Clear,01 - Dry,10 - No control,01 - Non intersection,01 - Daylight,03 - P.D. only,04 - Sideswipe
9788,MERIVALE RD btwn VIEWMOUNT DR & COLONNADE RD,365232.705,5022854.471,5/17/16,10:05,01 - Clear,01 - Dry,10 - No control,01 - Non intersection,01 - Daylight,02 - Non-fatal injury,03 - Rear end
9789,MERIVALE RD btwn VIEWMOUNT DR & COLONNADE RD,365274.6965,5022754.258,4/24/16,12:43,01 - Clear,01 - Dry,10 - No control,01 - Non intersection,01 - Daylight,02 - Non-fatal injury,03 - Rear end
9790,MERIVALE RD btwn VIEWMOUNT DR & COLONNADE RD,365286.2255,5022731.178,2/5/16,14:50,01 - Clear,01 - Dry,10 - No control,01 - Non intersection,01 - Daylight,03 - P.D. only,03 - Rear end
9791,MERIVALE RD btwn VIEWMOUNT DR & COLONNADE RD,365343.0513,5022594.441,2/26/16,12:24,01 - Clear,06 - Ice,10 - No control,01 - Non intersection,01 - Daylight,03 - P.D. only,03 - Rear end
9792,MERIVALE RD btwn VIEWMOUNT DR & COLONNADE RD,365220.7426,5022885.768,7/4/16,19:10,01 - Clear,01 - Dry,10 - No control,04 - At/near private drive,01 - Daylight,03 - P.D. only,05 - Turning movement
9793,MERIVALE RD btwn VIEWMOUNT DR & COLONNADE RD,365358.695,5022555.405,7/14/16,18:28,01 - Clear,01 - Dry,10 - No control,01 - Non intersection,01 - Daylight,03 - P.D. only,99 - Other
9794,MERIVALE RD btwn VIEWMOUNT DR & COLONNADE RD,365325.9843,5022638.244,9/3/16,14:38,01 - Clear,01 - Dry,10 - No control,01 - Non intersection,01 - Daylight,03 - P.D. only,03 - Rear end
9795,MERIVALE RD btwn VIEWMOUNT DR & COLONNADE RD,365354.7345,5022567.079,11/10/16,17:43,01 - Clear,01 - Dry,10 - No control,04 - At/near private drive,07 - Dark,03 - P.D. only,02 - Angle
9796,MERIVALE RD btwn VIEWMOUNT DR & COLONNADE RD,365293.4677,5022712.678,7/7/16,17:57,01 - Clear,01 - Dry,10 - No control,01 - Non intersection,01 - Daylight,03 - P.D. only,03 - Rear end
9797,MERIVALE RD btwn VIEWMOUNT DR & COLONNADE RD,365218.5418,5022890.938,12/5/16,9:21,03 - Snow,04 - Slush,10 - No control,01 - Non intersection,01 - Daylight,03 - P.D. only,07 - SMV other
9798,MERIVALE RD btwn WEST HUNT CLUB RD & JAMIE AVE,365618.0824,5021929.03,4/21/16,11:46,01 - Clear,01 - Dry,10 - No control,01 - Non intersection,01 - Daylight,03 - P.D. only,04 - Sideswipe
9799,MERIVALE RD btwn WEST HUNT CLUB RD & JAMIE AVE,365636.1859,5021886.077,8/31/16,19:23,01 - Clear,01 - Dry,10 - No control,01 - Non intersection,01 - Daylight,03 - P.D. only,04 - Sideswipe
9800,MERIVALE RD btwn WITHROW AVE & ROSSLAND AVE,364668.2855,5024163.239,6/1/16,14:00,01 - Clear,01 - Dry,10 - No control,01 - Non intersection,01 - Daylight,03 - P.D. only,04 - Sideswipe
9801,MERIVALE RD btwn WITHROW AVE & ROSSLAND AVE,364645.3836,5024219.133,6/18/16,19:26,01 - Clear,01 - Dry,10 - No control,04 - At/near private drive,01 - Daylight,03 - P.D. only,02 - Angle
9802,MERIVALE RD btwn WOODFIELD DR & 170 N OF WEST HUNT CLUB RD/COSTCO SC,365523.7441,5022157.75,8/26/16,19:59,01 - Clear,01 - Dry,10 - No control,01 - Non intersection,01 - Daylight,03 - P.D. only,04 - Sideswipe
9803,MERIVALE RD btwn WOODFIELD DR & 170 N OF WEST HUNT CLUB RD/COSTCO SC,365478.2394,5022261.651,2/17/16,18:34,03 - Snow,04 - Slush,10 - No control,01 - Non intersection,07 - Dark,03 - P.D. only,04 - Sideswipe
9804,MERIVALE RD btwn WOODFIELD DR & 170 N OF WEST HUNT CLUB RD/COSTCO SC,365491.1446,5022231.086,3/4/16,10:49,01 - Clear,01 - Dry,10 - No control,04 - At/near private drive,01 - Daylight,03 - P.D. only,02 - Angle
9805,MERIVALE RD/LOTTA AVE @ CLYDE AVE,364520.5814,5024507.682,2/13/16,15:08,01 - Clear,02 - Wet,01 - Traffic signal,03 - At intersection,01 - Daylight,02 - Non-fatal injury,05 - Turning movement
9806,MERIVALE RD/LOTTA AVE @ CLYDE AVE,364522.4955,5024507.746,5/24/16,17:59,01 - Clear,01 - Dry,01 - Traffic signal,02 - Intersection related,01 - Daylight,02 - Non-fatal injury,03 - Rear end
9807,MERIVALE RD/LOTTA AVE @ CLYDE AVE,364520.8701,5024507.112,11/18/16,10:58,01 - Clear,01 - Dry,01 - Traffic signal,03 - At intersection,01 - Daylight,02 - Non-fatal injury,02 - Angle
9808,MERIVALE RD/LOTTA AVE @ CLYDE AVE,364520.5807,5024508.481,7/29/16,17:29,01 - Clear,01 - Dry,01 - Traffic signal,02 - Intersection related,01 - Daylight,03 - P.D. only,03 - Rear end
9809,MERIVALE RD/LOTTA AVE @ CLYDE AVE,364522.5838,5024507.517,2/18/16,11:44,03 - Snow,03 - Loose snow,01 - Traffic signal,02 - Intersection related,01 - Daylight,03 - P.D. only,03 - Rear end
9810,MERIVALE RD/LOTTA AVE @ CLYDE AVE,364523.1562,5024507.75,1/18/16,12:37,01 - Clear,02 - Wet,01 - Traffic signal,03 - At intersection,01 - Daylight,03 - P.D. only,05 - Turning movement
9811,MERIVALE RD/LOTTA AVE @ CLYDE AVE,364523.2795,5024508.433,8/22/16,16:44,01 - Clear,01 - Dry,01 - Traffic signal,02 - Intersection related,01 - Daylight,03 - P.D. only,03 - Rear end
9812,MERIVALE RD/LOTTA AVE @ CLYDE AVE,364522.1163,5024507.434,6/30/16,15:31,01 - Clear,01 - Dry,01 - Traffic signal,02 - Intersection related,01 - Daylight,03 - P.D. only,99 - Other
9813,MERIVALE RD/LOTTA AVE @ CLYDE AVE,364520.5308,5024507.321,7/13/16,15:39,02 - Rain,02 - Wet,01 - Traffic signal,02 - Intersection related,01 - Daylight,03 - P.D. only,03 - Rear end
9814,MERIVALE RD/LOTTA AVE @ CLYDE AVE,364521.8155,5024507.537,9/27/16,12:12,01 - Clear,01 - Dry,01 - Traffic signal,02 - Intersection related,01 - Daylight,03 - P.D. only,03 - Rear end
9815,MERIVALE RD/LOTTA AVE @ CLYDE AVE,364523.0583,5024509.464,9/17/16,15:50,02 - Rain,02 - Wet,01 - Traffic signal,02 - Intersection related,01 - Daylight,03 - P.D. only,03 - Rear end
9816,MERIVALE RD/LOTTA AVE @ CLYDE AVE,364522.0955,5024507.676,10/21/16,16:07,02 - Rain,02 - Wet,01 - Traffic signal,02 - Intersection related,01 - Daylight,03 - P.D. only,03 - Rear end
9817,MERIVALE RD/LOTTA AVE @ CLYDE AVE,364518.4761,5024506.2,12/19/16,13:39,01 - Clear,05 - Packed snow,01 - Traffic signal,02 - Intersection related,01 - Daylight,03 - P.D. only,03 - Rear end
9818,MERIVALE RD/LOTTA AVE @ CLYDE AVE,364524.0069,5024507.517,12/8/16,21:52,03 - Snow,06 - Ice,01 - Traffic signal,02 - Intersection related,07 - Dark,03 - P.D. only,07 - SMV other
9819,MERIVALE RD/LOTTA AVE @ CLYDE AVE,364520.5103,5024508.449,12/21/16,16:19,01 - Clear,02 - Wet,01 - Traffic signal,03 - At intersection,05 - Dusk,03 - P.D. only,03 - Rear end
9820,MERIVALE RD/LOTTA AVE @ CLYDE AVE,364522.5265,5024507.112,11/30/16,15:15,01 - Clear,01 - Dry,01 - Traffic signal,02 - Intersection related,01 - Daylight,03 - P.D. only,04 - Sideswipe
9821,MERIVALE RD/LOTTA AVE @ CLYDE AVE,364522.8832,5024507.493,11/24/16,11:00,03 - Snow,02 - Wet,01 - Traffic signal,03 - At intersection,01 - Daylight,03 - P.D. only,03 - Rear end
9822,MERRITT AVE btwn MCGILLIVRAY ST & MCNAUGHTON AVE,369262.7259,5029760.952,10/18/16,16:28,01 - Clear,01 - Dry,10 - No control,01 - Non intersection,01 - Daylight,03 - P.D. only,06 - SMV unattended vehicle
9823,MERTON ST @ SCOTT ST,365328.4161,5029955.9,10/27/16,23:16,02 - Rain,02 - Wet,01 - Traffic signal,02 - Intersection related,07 - Dark,03 - P.D. only,03 - Rear end
9824,MERTON ST @ SCOTT ST,365327.7779,5029955.376,2/2/16,21:09,01 - Clear,01 - Dry,01 - Traffic signal,02 - Intersection related,07 - Dark,03 - P.D. only,03 - Rear end
9825,METCALFE ST @ GILMOUR ST,368098.2357,5030960.361,5/4/16,13:59,01 - Clear,01 - Dry,01 - Traffic signal,03 - At intersection,01 - Daylight,03 - P.D. only,05 - Turning movement
9826,METCALFE ST @ LAURIER AVE,367792.7154,5031451.525,9/9/16,21:12,01 - Clear,01 - Dry,01 - Traffic signal,03 - At intersection,07 - Dark,02 - Non-fatal injury,05 - Turning movement
9827,METCALFE ST @ LAURIER AVE,367792.4839,5031452.704,6/10/16,11:02,01 - Clear,01 - Dry,01 - Traffic signal,02 - Intersection related,01 - Daylight,03 - P.D. only,06 - SMV unattended vehicle
9828,METCALFE ST @ LAURIER AVE,367793.5376,5031450.334,12/26/16,17:06,04 - Freezing Rain,06 - Ice,01 - Traffic signal,03 - At intersection,07 - Dark,03 - P.D. only,02 - Angle
9829,METCALFE ST @ NEPEAN ST,367874.3236,5031320.355,6/3/16,17:15,01 - Clear,01 - Dry,02 - Stop sign,03 - At intersection,01 - Daylight,03 - P.D. only,02 - Angle
9830,METCALFE ST @ NEPEAN ST,367874.0556,5031319.354,10/12/16,10:10,01 - Clear,01 - Dry,02 - Stop sign,03 - At intersection,01 - Daylight,03 - P.D. only,02 - Angle
9831,METCALFE ST @ PRETORIA AVE,368493.6156,5030333.084,12/9/16,8:05,01 - Clear,05 - Packed snow,02 - Stop sign,02 - Intersection related,01 - Daylight,03 - P.D. only,03 - Rear end
9832,METCALFE ST @ QUEEN ST,367648.702,5031680.846,8/15/16,17:47,01 - Clear,01 - Dry,01 - Traffic signal,02 - Intersection related,01 - Daylight,02 - Non-fatal injury,03 - Rear end
9833,METCALFE ST @ SLATER ST,367731.4928,5031549.76,5/25/16,15:33,01 - Clear,01 - Dry,01 - Traffic signal,03 - At intersection,01 - Daylight,02 - Non-fatal injury,07 - SMV other
9834,METCALFE ST @ SLATER ST,367732.824,5031549.35,6/19/16,23:07,01 - Clear,01 - Dry,01 - Traffic signal,03 - At intersection,07 - Dark,03 - P.D. only,02 - Angle
9835,METCALFE ST @ SLATER ST,367731.6966,5031549.162,12/15/16,12:58,01 - Clear,02 - Wet,01 - Traffic signal,02 - Intersection related,01 - Daylight,03 - P.D. only,04 - Sideswipe
9836,METCALFE ST @ SOMERSET ST,368010.2652,5031104.134,9/2/16,13:51,01 - Clear,01 - Dry,01 - Traffic signal,02 - Intersection related,01 - Daylight,03 - P.D. only,04 - Sideswipe
9837,METCALFE ST @ WELLINGTON ST,367564.7525,5031817.345,2/17/16,8:33,03 - Snow,05 - Packed snow,01 - Traffic signal,02 - Intersection related,01 - Daylight,03 - P.D. only,03 - Rear end
9838,METCALFE ST btwn CATHERINE ST & CATHERINE ST,368398.9766,5030479.207,2/14/16,13:30,01 - Clear,06 - Ice,10 - No control,01 - Non intersection,01 - Daylight,03 - P.D. only,03 - Rear end
9839,METCALFE ST btwn COOPER ST & SOMERSET ST W,367997.3124,5031123.673,2/11/16,17:10,01 - Clear,04 - Slush,10 - No control,01 - Non intersection,07 - Dark,03 - P.D. only,04 - Sideswipe
9840,METCALFE ST btwn FRANK ST & GLADSTONE AVE,368227.8577,5030753.862,11/22/16,21:52,01 - Clear,01 - Dry,10 - No control,01 - Non intersection,07 - Dark,03 - P.D. only,04 - Sideswipe
9841,METCALFE ST btwn LAURIER AVE W & GLOUCESTER ST,367832.0309,5031388.709,1/21/16,9:50,01 - Clear,02 - Wet,10 - No control,01 - Non intersection,01 - Daylight,03 - P.D. only,04 - Sideswipe
9842,METCALFE ST btwn LEWIS ST & WAVERLEY ST,368127.9569,5030912.818,10/15/16,16:40,01 - Clear,01 - Dry,10 - No control,01 - Non intersection,01 - Daylight,03 - P.D. only,04 - Sideswipe
9843,METCALFE ST btwn LISGAR ST & COOPER ST,367919.9678,5031243.525,7/27/16,11:58,01 - Clear,01 - Dry,10 - No control,01 - Non intersection,01 - Daylight,03 - P.D. only,04 - Sideswipe
9844,METCALFE ST btwn MACLAREN ST & GILMOUR ST,368055.2018,5031027.5,7/20/16,20:00,01 - Clear,01 - Dry,10 - No control,01 - Non intersection,01 - Daylight,03 - P.D. only,06 - SMV unattended vehicle
9845,METCALFE ST btwn SLATER ST & LAURIER AVE W,367767.0424,5031493.154,8/29/16,16:47,01 - Clear,01 - Dry,10 - No control,01 - Non intersection,01 - Daylight,03 - P.D. only,06 - SMV unattended vehicle
9846,METCALFE ST btwn SPARKS ST & QUEEN ST,367611.5071,5031741.08,3/28/16,11:00,01 - Clear,05 - Packed snow,10 - No control,01 - Non intersection,01 - Daylight,03 - P.D. only,06 - SMV unattended vehicle
9847,MICHAEL COWPLAND DR @ TERENCE MATTHEWS CRES E,354230.9565,5016511.224,10/20/16,9:20,02 - Rain,02 - Wet,02 - Stop sign,03 - At intersection,01 - Daylight,03 - P.D. only,02 - Angle
9848,MICHAEL COWPLAND DR btwn TERENCE MATTHEWS CRES & EAGLESON RD,354362.3987,5016617.08,7/15/16,20:22,01 - Clear,02 - Wet,10 - No control,01 - Non intersection,01 - Daylight,03 - P.D. only,03 - Rear end