Record,Location,X,Y,Date,Time,Environment,Road_Surface,Traffic_Control,Collision_Location,Light,Collision_Classification,Impact_type
9849,MICHAEL ST @ BELFAST RD,373132.0703,5030678.342,1/28/16,10:31,03 - Snow,04 - Slush,02 - Stop sign,02 - Intersection related,01 - Daylight,03 - P.D. only,03 - Rear end
9850,MICHAEL ST btwn KENASTON ST & BELFAST RD,373114.9488,5030718.876,8/15/16,14:15,01 - Clear,01 - Dry,10 - No control,04 - At/near private drive,01 - Daylight,03 - P.D. only,02 - Angle
9851,MIDSUMMER TER E @ WILDFLOWER DR E,382685.5014,5036128.945,8/18/16,0:21,01 - Clear,01 - Dry,02 - Stop sign,03 - At intersection,07 - Dark,02 - Non-fatal injury,07 - SMV other
9852,MILL ST btwn MANOTICK MAIN ST & DICKINSON ST,368897.8029,5009904.239,10/5/16,0:00,01 - Clear,01 - Dry,10 - No control,04 - At/near private drive,00 - Unknown,03 - P.D. only,06 - SMV unattended vehicle
9853,MILLCRAFT CRES btwn IRWIN MILLER ST & IRWIN MILLER ST,371168.1836,5032704.9,11/20/16,0:00,03 - Snow,03 - Loose snow,10 - No control,01 - Non intersection,00 - Unknown,03 - P.D. only,06 - SMV unattended vehicle
9854,MILTON RD @ NAVAN RD,387268.1302,5031813.619,1/27/16,8:04,01 - Clear,02 - Wet,02 - Stop sign,03 - At intersection,01 - Daylight,02 - Non-fatal injury,03 - Rear end
9855,MILTON RD @ SMITH RD,387573.9153,5031062.297,2/18/16,18:29,01 - Clear,06 - Ice,02 - Stop sign,03 - At intersection,07 - Dark,03 - P.D. only,05 - Turning movement
9856,MILTON RD btwn PERRAULT RD & RUSSELL RD,388690.9263,5028162.211,12/14/16,20:54,03 - Snow,05 - Packed snow,10 - No control,01 - Non intersection,07 - Dark,02 - Non-fatal injury,07 - SMV other
9857,MILTON RD btwn PERRAULT RD & RUSSELL RD,388690.9263,5028155.586,12/26/16,23:12,02 - Rain,04 - Slush,10 - No control,01 - Non intersection,07 - Dark,02 - Non-fatal injury,07 - SMV other
9858,MILTON RD btwn SMITH RD & PERRAULT RD,388188.2642,5029474.594,1/29/16,18:43,05 - Drifting Snow,03 - Loose snow,10 - No control,01 - Non intersection,07 - Dark,03 - P.D. only,07 - SMV other
9859,MILTON RD btwn SMITH RD & PERRAULT RD,387644.8142,5030877.667,11/21/16,16:36,03 - Snow,03 - Loose snow,10 - No control,01 - Non intersection,05 - Dusk,03 - P.D. only,04 - Sideswipe
9860,MIRAMICHI ST @ WOODROFFE AVE,362330.267,5024318.744,9/16/16,12:07,01 - Clear,01 - Dry,02 - Stop sign,02 - Intersection related,01 - Daylight,03 - P.D. only,03 - Rear end
9861,MIRAMICHI ST @ WOODROFFE AVE,362332.5153,5024318.922,11/5/16,16:29,01 - Clear,01 - Dry,02 - Stop sign,02 - Intersection related,05 - Dusk,03 - P.D. only,03 - Rear end
9862,MIRAMICHI ST @ WOODROFFE AVE,362332.3635,5024318.282,5/27/16,19:15,01 - Clear,01 - Dry,02 - Stop sign,02 - Intersection related,01 - Daylight,03 - P.D. only,03 - Rear end
9863,MIRAMICHI ST @ WOODROFFE AVE,362332.8145,5024317.38,6/2/16,8:05,01 - Clear,01 - Dry,02 - Stop sign,02 - Intersection related,01 - Daylight,03 - P.D. only,03 - Rear end
9864,MISS OTTAWA ST @ MONTREAL RD,375795.2433,5034648.171,11/24/16,16:25,03 - Snow,03 - Loose snow,01 - Traffic signal,03 - At intersection,05 - Dusk,03 - P.D. only,03 - Rear end
9865,MITCH OWENS RD @ DOZOIS RD/LIMEBANK RD,371674.8524,5012108.193,6/20/16,14:30,01 - Clear,01 - Dry,01 - Traffic signal,03 - At intersection,01 - Daylight,02 - Non-fatal injury,07 - SMV other
9866,MITCH OWENS RD @ STAGECOACH RD,375398.4167,5014484.99,8/28/16,13:40,01 - Clear,01 - Dry,01 - Traffic signal,02 - Intersection related,01 - Daylight,02 - Non-fatal injury,03 - Rear end
9867,MITCH OWENS RD @ STAGECOACH RD,375400.5829,5014484.044,9/30/16,13:57,01 - Clear,01 - Dry,01 - Traffic signal,02 - Intersection related,01 - Daylight,02 - Non-fatal injury,03 - Rear end
9868,MITCH OWENS RD @ STAGECOACH RD,375399.9802,5014484.233,5/29/16,16:13,01 - Clear,02 - Wet,01 - Traffic signal,02 - Intersection related,01 - Daylight,02 - Non-fatal injury,03 - Rear end
9869,MITCH OWENS RD @ STAGECOACH RD,375399.7547,5014482.388,11/3/16,6:15,01 - Clear,01 - Dry,01 - Traffic signal,02 - Intersection related,07 - Dark,02 - Non-fatal injury,03 - Rear end
9870,MITCH OWENS RD @ STAGECOACH RD,375399.5292,5014483.782,6/1/16,15:22,01 - Clear,01 - Dry,01 - Traffic signal,02 - Intersection related,01 - Daylight,03 - P.D. only,07 - SMV other
9871,MITCH OWENS RD @ STAGECOACH RD,375400.021,5014485.79,3/4/16,9:37,01 - Clear,01 - Dry,01 - Traffic signal,02 - Intersection related,01 - Daylight,03 - P.D. only,02 - Angle
9872,MITCH OWENS RD @ STAGECOACH RD,375399.5302,5014483.785,4/18/16,16:08,01 - Clear,01 - Dry,01 - Traffic signal,02 - Intersection related,01 - Daylight,03 - P.D. only,03 - Rear end
9873,MITCH OWENS RD @ STAGECOACH RD,375400.9266,5014482.896,6/30/16,14:47,01 - Clear,01 - Dry,01 - Traffic signal,02 - Intersection related,01 - Daylight,03 - P.D. only,03 - Rear end
9874,MITCH OWENS RD @ STAGECOACH RD,375399.0961,5014484.678,12/8/16,20:14,03 - Snow,03 - Loose snow,01 - Traffic signal,02 - Intersection related,07 - Dark,03 - P.D. only,02 - Angle
9875,MITCH OWENS RD btwn 8TH LINE RD & ANDERSON RD,382448.1011,5018823.105,11/22/16,7:26,05 - Drifting Snow,06 - Ice,10 - No control,01 - Non intersection,01 - Daylight,03 - P.D. only,07 - SMV other
9876,MITCH OWENS RD btwn ALBION RD & TRANQUIL GT,375919.7087,5014813.085,6/22/16,8:35,01 - Clear,01 - Dry,10 - No control,01 - Non intersection,01 - Daylight,03 - P.D. only,03 - Rear end
9877,MITCH OWENS RD btwn BLACKCREEK RD & BOUNDARY RD,388022.7679,5022136.383,11/14/16,21:52,01 - Clear,01 - Dry,10 - No control,01 - Non intersection,07 - Dark,03 - P.D. only,07 - SMV other
9878,MITCH OWENS RD btwn DOWNEY RD & MANOTICK STATION RD,373465.8612,5013235.638,12/10/16,22:25,01 - Clear,01 - Dry,10 - No control,01 - Non intersection,07 - Dark,03 - P.D. only,07 - SMV other
9879,MITCH OWENS RD btwn EMERALD LINKS DR & STAGECOACH RD,375144.3619,5014322.807,4/1/16,19:59,01 - Clear,01 - Dry,10 - No control,01 - Non intersection,07 - Dark,03 - P.D. only,07 - SMV other
9880,MITCH OWENS RD btwn LIMEBANK RD & DOWNEY RD,371860.0912,5012227.766,3/22/16,11:30,01 - Clear,01 - Dry,10 - No control,01 - Non intersection,01 - Daylight,03 - P.D. only,99 - Other
9881,MITCH OWENS RD btwn MANOTICK STATION RD & BOWESVILLE RD,373752.8941,5013427.048,12/9/16,8:09,01 - Clear,06 - Ice,10 - No control,01 - Non intersection,01 - Daylight,01 - Fatal injury,01 - Approaching
9882,MITCH OWENS RD btwn MANOTICK STATION RD & BOWESVILLE RD,374014.5321,5013598.269,8/5/16,14:25,01 - Clear,01 - Dry,10 - No control,01 - Non intersection,01 - Daylight,01 - Fatal injury,03 - Rear end
9883,MITCH OWENS RD btwn MANOTICK STATION RD & BOWESVILLE RD,373761.5,5013432.03,2/26/16,7:20,01 - Clear,05 - Packed snow,10 - No control,04 - At/near private drive,01 - Daylight,03 - P.D. only,03 - Rear end
9884,MITCH OWENS RD btwn MANOTICK STATION RD & BOWESVILLE RD,373760.1212,5013433.637,1/8/16,11:48,01 - Clear,01 - Dry,10 - No control,04 - At/near private drive,01 - Daylight,03 - P.D. only,03 - Rear end
9885,MITCH OWENS RD btwn OLD PRESCOTT RD & TURN LANE,377114.3136,5015564.732,9/12/16,20:08,01 - Clear,01 - Dry,10 - No control,01 - Non intersection,07 - Dark,03 - P.D. only,99 - Other
9886,MITCH OWENS RD btwn RIVER RD & SPRATT RD,369566.6971,5010809.169,9/9/16,14:47,01 - Clear,01 - Dry,10 - No control,04 - At/near private drive,01 - Daylight,03 - P.D. only,02 - Angle
9887,MITCH OWENS RD btwn RIVER RD & SPRATT RD,369541.294,5010796.467,11/11/16,11:43,01 - Clear,01 - Dry,10 - No control,04 - At/near private drive,01 - Daylight,03 - P.D. only,02 - Angle
9888,MITCH OWENS RD btwn SPRATT RD & LIMEBANK RD,370566.1979,5011429.34,3/2/16,15:21,01 - Clear,01 - Dry,10 - No control,04 - At/near private drive,01 - Daylight,03 - P.D. only,04 - Sideswipe
9889,MITCH OWENS RD btwn SPRATT RD & LIMEBANK RD,369979.2948,5011061.513,6/17/16,10:35,01 - Clear,01 - Dry,10 - No control,01 - Non intersection,01 - Daylight,03 - P.D. only,07 - SMV other
9890,MITCH OWENS RD btwn SPRATT RD & LIMEBANK RD,369975.4215,5011058.415,11/16/16,20:48,01 - Clear,01 - Dry,10 - No control,01 - Non intersection,07 - Dark,03 - P.D. only,07 - SMV other
9891,MITCH OWENS RD btwn STAGECOACH RD & TEENA COLLEEN PRIV,375412.6453,5014493.833,6/30/16,17:56,01 - Clear,01 - Dry,10 - No control,01 - Non intersection,01 - Daylight,02 - Non-fatal injury,03 - Rear end
9892,MITCH OWENS RD btwn TURN LANE & SALE BARN RD,378518.3757,5016436.012,2/19/16,23:35,03 - Snow,03 - Loose snow,10 - No control,01 - Non intersection,07 - Dark,03 - P.D. only,07 - SMV other
9893,MITCH OWENS RD/BRIDGE ST @ RIVER RD,369500.6621,5010771.132,7/27/16,15:00,01 - Clear,01 - Dry,01 - Traffic signal,02 - Intersection related,01 - Daylight,02 - Non-fatal injury,03 - Rear end
9894,MITCH OWENS RD/BRIDGE ST @ RIVER RD,369488.354,5010775.958,10/23/16,11:39,01 - Clear,01 - Dry,01 - Traffic signal,02 - Intersection related,01 - Daylight,03 - P.D. only,07 - SMV other
9895,MITCH OWENS RD/BRIDGE ST @ RIVER RD,369500.9478,5010770.768,1/18/16,16:08,01 - Clear,02 - Wet,01 - Traffic signal,02 - Intersection related,01 - Daylight,03 - P.D. only,03 - Rear end
9896,MITCH OWENS RD/BRIDGE ST @ RIVER RD,369500.0697,5010769.89,7/27/16,12:34,01 - Clear,01 - Dry,01 - Traffic signal,03 - At intersection,01 - Daylight,03 - P.D. only,05 - Turning movement
9897,MITCH OWENS RD/BRIDGE ST @ RIVER RD,369500.3906,5010771.031,9/19/16,16:16,01 - Clear,01 - Dry,01 - Traffic signal,02 - Intersection related,01 - Daylight,03 - P.D. only,03 - Rear end
9898,MOCKINGBIRD DR btwn LAWNSBERRY DR & WARBLER BAY,382196.5102,5038889.32,7/24/16,13:53,01 - Clear,01 - Dry,10 - No control,04 - At/near private drive,01 - Daylight,03 - P.D. only,06 - SMV unattended vehicle
9899,MOFFATT POND CRT/COBBLE HILL DR @ ANJANA CIRC,361736.6215,5014022.025,1/24/16,13:51,01 - Clear,01 - Dry,02 - Stop sign,03 - At intersection,01 - Daylight,03 - P.D. only,02 - Angle
9900,MOFFATT POND CRT/COBBLE HILL DR @ ANJANA CIRC,361736.4343,5014022.332,11/2/16,9:26,01 - Clear,01 - Dry,02 - Stop sign,03 - At intersection,01 - Daylight,03 - P.D. only,02 - Angle
9901,MOHRS RD btwn GALETTA SIDE RD & RIDDLEDALE RD,324459.5365,5031134.369,1/17/16,18:57,05 - Drifting Snow,05 - Packed snow,10 - No control,01 - Non intersection,07 - Dark,02 - Non-fatal injury,07 - SMV other
9902,MONK ST @ THORNTON AVE,368370.0518,5029295.778,1/19/16,12:20,01 - Clear,05 - Packed snow,02 - Stop sign,03 - At intersection,01 - Daylight,03 - P.D. only,02 - Angle
9903,MONSON CRES btwn FILLMORE CRES & FILLMORE CRES,375318.5085,5036174.757,9/16/16,7:11,01 - Clear,01 - Dry,10 - No control,04 - At/near private drive,01 - Daylight,03 - P.D. only,06 - SMV unattended vehicle
9904,MONTAGUE BOUNDARY RD btwn MCKENNA RD & PINERY RD (MONTAGUE TWP),351054.2781,4988872.889,10/30/16,18:25,01 - Clear,01 - Dry,10 - No control,01 - Non intersection,07 - Dark,03 - P.D. only,07 - SMV other
9905,MONTAVISTA AVE btwn BENLARK RD & BARTLEY CRES,363755.7819,5014918.928,3/11/16,15:30,01 - Clear,01 - Dry,10 - No control,04 - At/near private drive,01 - Daylight,03 - P.D. only,99 - Other
9906,MONTCALM ST btwn GREENFIELD AVE & CONCORD ST N,369067.5199,5031006.583,11/8/16,7:15,01 - Clear,01 - Dry,10 - No control,01 - Non intersection,01 - Daylight,03 - P.D. only,06 - SMV unattended vehicle
9907,MONTEBELLO LANE btwn MORTON DR & MORTON DR,353031.1792,5016594.431,5/9/16,15:30,01 - Clear,01 - Dry,10 - No control,01 - Non intersection,01 - Daylight,03 - P.D. only,06 - SMV unattended vehicle
9908,MONTEROSSA ST btwn UPCOUNTRY DR & EVELYN POWERS PRIV,350971.8485,5011929.011,11/3/16,17:11,01 - Clear,01 - Dry,10 - No control,04 - At/near private drive,07 - Dark,03 - P.D. only,06 - SMV unattended vehicle
9909,MONTGOMERY ST @ MONTREAL RD,369813.054,5032920.369,5/18/16,12:41,01 - Clear,01 - Dry,01 - Traffic signal,02 - Intersection related,01 - Daylight,03 - P.D. only,03 - Rear end
9910,MONTGOMERY ST @ MONTREAL RD,369813.4931,5032920.808,6/1/16,16:00,01 - Clear,01 - Dry,01 - Traffic signal,02 - Intersection related,01 - Daylight,03 - P.D. only,04 - Sideswipe
9911,MONTGOMERY ST @ SELKIRK ST,370012.464,5032784.96,1/16/16,9:41,03 - Snow,03 - Loose snow,02 - Stop sign,02 - Intersection related,01 - Daylight,03 - P.D. only,05 - Turning movement
9912,MONTGOMERY ST btwn MONTREAL RD & SELKIRK ST,369896.4937,5032864.179,5/20/16,15:25,01 - Clear,01 - Dry,10 - No control,04 - At/near private drive,01 - Daylight,03 - P.D. only,03 - Rear end
9913,MONTGOMERY ST btwn MONTREAL RD & SELKIRK ST,370004.9078,5032789.195,12/16/16,18:32,03 - Snow,03 - Loose snow,10 - No control,04 - At/near private drive,07 - Dark,03 - P.D. only,02 - Angle
9914,MONTPELIER PL @ PAGE RD,381390.8307,5033381.409,6/9/16,9:42,01 - Clear,01 - Dry,02 - Stop sign,02 - Intersection related,01 - Daylight,02 - Non-fatal injury,07 - SMV other
9915,MONTREAL RD @ 46 E OF HILLSIDE DR/MONTREAL SQU,371750.3974,5033916.61,7/12/16,13:56,01 - Clear,01 - Dry,01 - Traffic signal,03 - At intersection,01 - Daylight,02 - Non-fatal injury,07 - SMV other
9916,MONTREAL RD @ 46 E OF HILLSIDE DR/MONTREAL SQU,371749.6179,5033916.892,5/4/16,7:52,01 - Clear,01 - Dry,01 - Traffic signal,02 - Intersection related,01 - Daylight,03 - P.D. only,99 - Other
9917,MONTREAL RD @ 46 E OF HILLSIDE DR/MONTREAL SQU,371750.1321,5033917.07,9/14/16,16:45,01 - Clear,01 - Dry,01 - Traffic signal,02 - Intersection related,01 - Daylight,03 - P.D. only,03 - Rear end
9918,MONTREAL RD @ BATHGATE DR/BURMA RD,373224.0565,5034516.814,3/18/16,18:47,01 - Clear,01 - Dry,01 - Traffic signal,03 - At intersection,05 - Dusk,02 - Non-fatal injury,05 - Turning movement
9919,MONTREAL RD @ BATHGATE DR/BURMA RD,373224.7097,5034516.427,1/7/16,13:16,01 - Clear,02 - Wet,01 - Traffic signal,03 - At intersection,01 - Daylight,02 - Non-fatal injury,05 - Turning movement
9920,MONTREAL RD @ BATHGATE DR/BURMA RD,373224.7097,5034516.928,1/29/16,8:46,03 - Snow,02 - Wet,01 - Traffic signal,02 - Intersection related,01 - Daylight,02 - Non-fatal injury,07 - SMV other
9921,MONTREAL RD @ BATHGATE DR/BURMA RD,373224.9684,5034516.496,12/18/16,0:16,03 - Snow,05 - Packed snow,01 - Traffic signal,02 - Intersection related,07 - Dark,02 - Non-fatal injury,02 - Angle
9922,MONTREAL RD @ BATHGATE DR/BURMA RD,373224.9684,5034516.203,2/25/16,18:10,04 - Freezing Rain,06 - Ice,01 - Traffic signal,03 - At intersection,05 - Dusk,03 - P.D. only,05 - Turning movement
9923,MONTREAL RD @ BATHGATE DR/BURMA RD,373224.6249,5034516.989,2/26/16,1:50,01 - Clear,06 - Ice,01 - Traffic signal,02 - Intersection related,07 - Dark,03 - P.D. only,03 - Rear end
9924,MONTREAL RD @ BATHGATE DR/BURMA RD,373224.5029,5034517.251,2/14/16,0:39,01 - Clear,02 - Wet,01 - Traffic signal,03 - At intersection,07 - Dark,03 - P.D. only,02 - Angle
9925,MONTREAL RD @ BATHGATE DR/BURMA RD,373225.2468,5034517.954,1/29/16,8:30,03 - Snow,04 - Slush,01 - Traffic signal,03 - At intersection,01 - Daylight,03 - P.D. only,07 - SMV other
9926,MONTREAL RD @ BETHAMY LANE/FOXBOROUGH PRIV,375321.7256,5034343.7,1/5/16,12:17,01 - Clear,02 - Wet,01 - Traffic signal,02 - Intersection related,01 - Daylight,03 - P.D. only,03 - Rear end
9927,MONTREAL RD @ BETHAMY LANE/FOXBOROUGH PRIV,375319.5873,5034347.774,1/11/16,8:56,01 - Clear,06 - Ice,01 - Traffic signal,02 - Intersection related,01 - Daylight,03 - P.D. only,03 - Rear end
9928,MONTREAL RD @ BETHAMY LANE/FOXBOROUGH PRIV,375320.8974,5034346.818,12/12/16,16:14,03 - Snow,05 - Packed snow,01 - Traffic signal,03 - At intersection,05 - Dusk,03 - P.D. only,03 - Rear end
9929,MONTREAL RD @ BORTHWICK AVE,371943.782,5034009.851,7/8/16,14:45,01 - Clear,01 - Dry,02 - Stop sign,02 - Intersection related,01 - Daylight,02 - Non-fatal injury,03 - Rear end
9930,MONTREAL RD @ BORTHWICK AVE,371941.1329,5034011.351,7/21/16,17:20,01 - Clear,01 - Dry,02 - Stop sign,03 - At intersection,01 - Daylight,03 - P.D. only,02 - Angle
9931,MONTREAL RD @ CARSON'S RD/CODD'S RD,372770.7184,5034398.137,3/2/16,8:19,03 - Snow,04 - Slush,01 - Traffic signal,02 - Intersection related,01 - Daylight,03 - P.D. only,03 - Rear end
9932,MONTREAL RD @ CARSON'S RD/CODD'S RD,372770.7184,5034397.339,12/8/16,18:13,01 - Clear,06 - Ice,01 - Traffic signal,02 - Intersection related,07 - Dark,03 - P.D. only,03 - Rear end
9933,MONTREAL RD @ DEN HAAG DR/LANG'S RD,372386.718,5034221.851,8/17/16,13:15,01 - Clear,01 - Dry,01 - Traffic signal,02 - Intersection related,01 - Daylight,02 - Non-fatal injury,03 - Rear end
9934,MONTREAL RD @ DEN HAAG DR/LANG'S RD,372386.3814,5034218.897,10/14/16,8:58,01 - Clear,01 - Dry,01 - Traffic signal,02 - Intersection related,01 - Daylight,02 - Non-fatal injury,03 - Rear end
9935,MONTREAL RD @ DEN HAAG DR/LANG'S RD,372386.4985,5034221.364,2/17/16,16:45,03 - Snow,03 - Loose snow,01 - Traffic signal,02 - Intersection related,01 - Daylight,03 - P.D. only,03 - Rear end
9936,MONTREAL RD @ DEN HAAG DR/LANG'S RD,372387.1706,5034220.635,3/15/16,9:23,01 - Clear,02 - Wet,01 - Traffic signal,03 - At intersection,01 - Daylight,03 - P.D. only,04 - Sideswipe
9937,MONTREAL RD @ DEN HAAG DR/LANG'S RD,372387.3998,5034220.675,7/16/16,6:55,01 - Clear,01 - Dry,01 - Traffic signal,03 - At intersection,01 - Daylight,03 - P.D. only,99 - Other
9938,MONTREAL RD @ DUCHARME BLVD/CANTIN ST,371017.4425,5033565.328,1/21/16,7:09,01 - Clear,04 - Slush,01 - Traffic signal,03 - At intersection,03 - Dawn,02 - Non-fatal injury,07 - SMV other
9939,MONTREAL RD @ DUCHARME BLVD/CANTIN ST,371017.3249,5033565.811,8/17/16,15:05,01 - Clear,01 - Dry,01 - Traffic signal,03 - At intersection,01 - Daylight,03 - P.D. only,04 - Sideswipe
9940,MONTREAL RD @ DUCHARME BLVD/CANTIN ST,371017.798,5033565.825,6/18/16,6:56,01 - Clear,01 - Dry,01 - Traffic signal,03 - At intersection,01 - Daylight,03 - P.D. only,02 - Angle
9941,MONTREAL RD @ FOXVIEW PL/DESLOGES PRIV,372904.722,5034450.464,6/16/16,15:01,01 - Clear,01 - Dry,02 - Stop sign,03 - At intersection,01 - Daylight,03 - P.D. only,05 - Turning movement
9942,MONTREAL RD @ GRANVILLE ST/LAFONTAINE AVE,370825.9629,5033475.717,4/18/16,12:58,01 - Clear,01 - Dry,01 - Traffic signal,03 - At intersection,01 - Daylight,02 - Non-fatal injury,07 - SMV other
9943,MONTREAL RD @ GRANVILLE ST/LAFONTAINE AVE,370826.4889,5033473.918,4/10/16,17:52,01 - Clear,01 - Dry,01 - Traffic signal,03 - At intersection,01 - Daylight,02 - Non-fatal injury,02 - Angle
9944,MONTREAL RD @ GRANVILLE ST/LAFONTAINE AVE,370826.4939,5033474.372,2/11/16,15:06,01 - Clear,04 - Slush,01 - Traffic signal,03 - At intersection,01 - Daylight,03 - P.D. only,02 - Angle
9945,MONTREAL RD @ GRANVILLE ST/LAFONTAINE AVE,370826.4528,5033475.812,5/9/16,17:16,01 - Clear,01 - Dry,01 - Traffic signal,03 - At intersection,01 - Daylight,03 - P.D. only,05 - Turning movement
9946,MONTREAL RD @ GRANVILLE ST/LAFONTAINE AVE,370826.3395,5033474.321,4/7/16,11:06,02 - Rain,02 - Wet,01 - Traffic signal,03 - At intersection,01 - Daylight,03 - P.D. only,05 - Turning movement
9947,MONTREAL RD @ GRANVILLE ST/LAFONTAINE AVE,370825.6425,5033474.859,8/25/16,11:17,01 - Clear,01 - Dry,01 - Traffic signal,03 - At intersection,01 - Daylight,03 - P.D. only,03 - Rear end
9948,MONTREAL RD @ MONTFORT HOSPITAL,372221.9829,5034143.849,2/17/16,15:56,03 - Snow,03 - Loose snow,01 - Traffic signal,02 - Intersection related,01 - Daylight,02 - Non-fatal injury,03 - Rear end
9949,MONTREAL RD @ MONTFORT HOSPITAL,372222.6138,5034144.626,4/20/16,8:44,01 - Clear,01 - Dry,01 - Traffic signal,02 - Intersection related,01 - Daylight,03 - P.D. only,03 - Rear end
9950,MONTREAL RD @ MONTFORT HOSPITAL,372221.7663,5034143.146,7/11/16,9:33,01 - Clear,01 - Dry,01 - Traffic signal,02 - Intersection related,01 - Daylight,03 - P.D. only,04 - Sideswipe
9951,MONTREAL RD @ MONTFORT HOSPITAL,372222.1994,5034144.019,3/24/16,21:34,03 - Snow,03 - Loose snow,01 - Traffic signal,03 - At intersection,07 - Dark,03 - P.D. only,02 - Angle
9952,MONTREAL RD @ NORTH RIVER RD,369738.5988,5032888.695,2/27/16,23:21,01 - Clear,02 - Wet,01 - Traffic signal,03 - At intersection,07 - Dark,02 - Non-fatal injury,02 - Angle
9953,MONTREAL RD @ NORTH RIVER RD,369739.7087,5032887.999,10/19/16,10:53,01 - Clear,01 - Dry,01 - Traffic signal,03 - At intersection,01 - Daylight,02 - Non-fatal injury,07 - SMV other
9954,MONTREAL RD @ NORTH RIVER RD,369738.6886,5032888.021,4/6/16,18:58,03 - Snow,05 - Packed snow,01 - Traffic signal,02 - Intersection related,05 - Dusk,02 - Non-fatal injury,03 - Rear end
9955,MONTREAL RD @ NORTH RIVER RD,369738.8218,5032888.028,3/11/16,21:33,01 - Clear,01 - Dry,01 - Traffic signal,02 - Intersection related,07 - Dark,03 - P.D. only,03 - Rear end
9956,MONTREAL RD @ NORTH RIVER RD,369739.0353,5032886.463,4/6/16,19:20,03 - Snow,03 - Loose snow,01 - Traffic signal,02 - Intersection related,01 - Daylight,03 - P.D. only,03 - Rear end
9957,MONTREAL RD @ NORTH RIVER RD,369738.611,5032888.244,8/1/16,4:33,01 - Clear,01 - Dry,01 - Traffic signal,02 - Intersection related,07 - Dark,03 - P.D. only,01 - Approaching
9958,MONTREAL RD @ NORTH RIVER RD,369740.0993,5032888.366,4/19/16,6:13,01 - Clear,01 - Dry,01 - Traffic signal,02 - Intersection related,01 - Daylight,03 - P.D. only,04 - Sideswipe
9959,MONTREAL RD @ NORTH RIVER RD,369740.3829,5032887.585,5/20/16,0:55,01 - Clear,01 - Dry,01 - Traffic signal,03 - At intersection,07 - Dark,03 - P.D. only,07 - SMV other
9960,MONTREAL RD @ NORTH RIVER RD,369740.5369,5032886.343,10/14/16,21:54,01 - Clear,01 - Dry,01 - Traffic signal,02 - Intersection related,07 - Dark,03 - P.D. only,03 - Rear end
9961,MONTREAL RD @ NORTH RIVER RD,369740.5369,5032887.999,11/20/16,15:00,03 - Snow,03 - Loose snow,01 - Traffic signal,02 - Intersection related,01 - Daylight,03 - P.D. only,03 - Rear end
9962,MONTREAL RD @ NORTH RIVER RD,369739.4892,5032887.365,12/19/16,17:49,01 - Clear,02 - Wet,01 - Traffic signal,02 - Intersection related,07 - Dark,03 - P.D. only,02 - Angle
9963,MONTREAL RD @ OGILVIE RD,375654.735,5034555.919,1/7/16,7:55,01 - Clear,01 - Dry,01 - Traffic signal,02 - Intersection related,01 - Daylight,02 - Non-fatal injury,07 - SMV other
9964,MONTREAL RD @ OGILVIE RD,375653.9068,5034555.344,10/1/16,14:40,01 - Clear,01 - Dry,01 - Traffic signal,02 - Intersection related,01 - Daylight,02 - Non-fatal injury,03 - Rear end
9965,MONTREAL RD @ OGILVIE RD,375654.6601,5034556.51,10/6/16,7:00,01 - Clear,01 - Dry,01 - Traffic signal,02 - Intersection related,03 - Dawn,03 - P.D. only,04 - Sideswipe
9966,MONTREAL RD @ OGILVIE RD,375655.806,5034555.783,9/11/16,11:17,01 - Clear,01 - Dry,01 - Traffic signal,02 - Intersection related,01 - Daylight,03 - P.D. only,03 - Rear end
9967,MONTREAL RD @ OGILVIE RD,375655.8624,5034555.459,5/19/16,15:00,01 - Clear,01 - Dry,01 - Traffic signal,02 - Intersection related,01 - Daylight,03 - P.D. only,03 - Rear end
9968,MONTREAL RD @ OGILVIE RD,375654.4155,5034556.357,5/17/16,14:11,01 - Clear,01 - Dry,01 - Traffic signal,02 - Intersection related,01 - Daylight,03 - P.D. only,04 - Sideswipe
9969,MONTREAL RD @ OGILVIE RD,375654.5095,5034556.361,6/5/16,13:00,02 - Rain,02 - Wet,01 - Traffic signal,02 - Intersection related,01 - Daylight,03 - P.D. only,03 - Rear end
9970,MONTREAL RD @ OGILVIE RD,375655.8327,5034556.367,11/14/16,17:20,01 - Clear,01 - Dry,01 - Traffic signal,02 - Intersection related,07 - Dark,03 - P.D. only,04 - Sideswipe
9971,MONTREAL RD @ OGILVIE RD,375653.9068,5034554.516,2/18/16,14:14,01 - Clear,01 - Dry,01 - Traffic signal,02 - Intersection related,01 - Daylight,03 - P.D. only,03 - Rear end
9972,MONTREAL RD @ OLMSTEAD ST,370331.513,5033214.884,2/6/16,12:54,01 - Clear,02 - Wet,01 - Traffic signal,03 - At intersection,01 - Daylight,02 - Non-fatal injury,07 - SMV other
9973,MONTREAL RD @ OLMSTEAD ST,370333.3792,5033213.364,1/7/16,9:32,01 - Clear,04 - Slush,01 - Traffic signal,02 - Intersection related,01 - Daylight,03 - P.D. only,04 - Sideswipe
9974,MONTREAL RD @ OLMSTEAD ST,370333.2394,5033213.524,12/23/16,14:50,01 - Clear,02 - Wet,01 - Traffic signal,03 - At intersection,01 - Daylight,03 - P.D. only,05 - Turning movement