Record,Location,X,Y,Date,Time,Environment,Road_Surface,Traffic_Control,Collision_Location,Light,Collision_Classification,Impact_type
9975,MONTREAL RD @ PALACE ST,369955.4961,5032998.366,5/25/16,7:00,01 - Clear,01 - Dry,10 - No control,03 - At intersection,01 - Daylight,02 - Non-fatal injury,05 - Turning movement
9976,MONTREAL RD @ PALACE ST,369955.325,5032997.804,7/14/16,17:15,01 - Clear,01 - Dry,10 - No control,03 - At intersection,01 - Daylight,03 - P.D. only,05 - Turning movement
9977,MONTREAL RD @ PALACE ST,369955.9411,5032997.458,5/17/16,16:45,01 - Clear,01 - Dry,10 - No control,03 - At intersection,01 - Daylight,03 - P.D. only,05 - Turning movement
9978,MONTREAL RD @ SAVARD AVE,370158.6071,5033114.684,1/19/16,14:42,01 - Clear,02 - Wet,02 - Stop sign,02 - Intersection related,01 - Daylight,03 - P.D. only,03 - Rear end
9979,MONTREAL RD @ SAVARD AVE,370160.4945,5033113.211,10/8/16,22:41,01 - Clear,01 - Dry,02 - Stop sign,02 - Intersection related,07 - Dark,03 - P.D. only,03 - Rear end
9980,MONTREAL RD @ SHEFFORD RD,376126.266,5034852.236,10/3/16,10:00,01 - Clear,01 - Dry,01 - Traffic signal,02 - Intersection related,01 - Daylight,03 - P.D. only,03 - Rear end
9981,MONTREAL RD @ SHEFFORD RD,376124.0742,5034852.332,10/7/16,16:10,01 - Clear,01 - Dry,01 - Traffic signal,02 - Intersection related,01 - Daylight,03 - P.D. only,03 - Rear end
9982,MONTREAL RD @ SHEFFORD RD,376124.98,5034853.95,1/11/16,16:00,01 - Clear,01 - Dry,01 - Traffic signal,03 - At intersection,05 - Dusk,03 - P.D. only,05 - Turning movement
9983,MONTREAL RD @ SHEFFORD RD,376126.1897,5034853.804,5/24/16,5:43,01 - Clear,01 - Dry,01 - Traffic signal,02 - Intersection related,03 - Dawn,03 - P.D. only,07 - SMV other
9984,MONTREAL RD @ SHEFFORD RD,376126.1897,5034852.886,7/18/16,13:55,01 - Clear,01 - Dry,01 - Traffic signal,03 - At intersection,01 - Daylight,03 - P.D. only,05 - Turning movement
9985,MONTREAL RD @ SHEFFORD RD,376126.4047,5034854.024,5/11/16,16:07,01 - Clear,01 - Dry,01 - Traffic signal,02 - Intersection related,01 - Daylight,03 - P.D. only,04 - Sideswipe
9986,MONTREAL RD @ SHEFFORD RD,376125.7305,5034854.026,6/8/16,9:21,01 - Clear,01 - Dry,01 - Traffic signal,02 - Intersection related,01 - Daylight,03 - P.D. only,04 - Sideswipe
9987,MONTREAL RD @ SHEFFORD RD,376124.0742,5034853.161,11/10/16,17:22,01 - Clear,01 - Dry,01 - Traffic signal,02 - Intersection related,07 - Dark,03 - P.D. only,07 - SMV other
9988,MONTREAL RD @ SHEFFORD RD,376125.95,5034853.794,10/6/16,11:27,01 - Clear,01 - Dry,01 - Traffic signal,02 - Intersection related,01 - Daylight,03 - P.D. only,04 - Sideswipe
9989,MONTREAL RD @ SHEFFORD RD,376127.585,5034850.445,11/3/16,20:54,02 - Rain,02 - Wet,01 - Traffic signal,02 - Intersection related,07 - Dark,03 - P.D. only,03 - Rear end
9990,MONTREAL RD @ SHEFFORD RD,376125.7305,5034852.332,12/22/16,21:09,01 - Clear,02 - Wet,01 - Traffic signal,02 - Intersection related,07 - Dark,03 - P.D. only,04 - Sideswipe
9991,MONTREAL RD @ SHEFFORD RD,376124.9023,5034854.817,2/9/16,8:00,01 - Clear,03 - Loose snow,01 - Traffic signal,02 - Intersection related,01 - Daylight,03 - P.D. only,03 - Rear end
9992,MONTREAL RD @ SINCLAIR ST,375968.1634,5034757.773,1/21/16,14:00,01 - Clear,01 - Dry,01 - Traffic signal,03 - At intersection,01 - Daylight,03 - P.D. only,05 - Turning movement
9993,MONTREAL RD @ SINCLAIR ST,375968.0586,5034757.269,4/26/16,15:35,01 - Clear,01 - Dry,01 - Traffic signal,02 - Intersection related,01 - Daylight,03 - P.D. only,03 - Rear end
9994,MONTREAL RD @ SINCLAIR ST,375968.5075,5034756.82,5/1/16,18:30,02 - Rain,02 - Wet,01 - Traffic signal,02 - Intersection related,01 - Daylight,03 - P.D. only,04 - Sideswipe
9995,MONTREAL RD @ SINCLAIR ST,375967.9038,5034757.009,12/23/16,8:50,01 - Clear,02 - Wet,01 - Traffic signal,02 - Intersection related,01 - Daylight,03 - P.D. only,03 - Rear end
9996,MONTREAL RD @ SINCLAIR ST,375968.732,5034757.838,11/30/16,7:00,02 - Rain,02 - Wet,01 - Traffic signal,02 - Intersection related,03 - Dawn,03 - P.D. only,03 - Rear end
9997,MONTREAL RD @ ST. LAURENT BLVD,371545.9302,5033817.595,7/31/16,11:15,01 - Clear,01 - Dry,01 - Traffic signal,02 - Intersection related,01 - Daylight,02 - Non-fatal injury,03 - Rear end
9998,MONTREAL RD @ ST. LAURENT BLVD,371547.3592,5033816.352,10/14/16,10:16,01 - Clear,01 - Dry,01 - Traffic signal,03 - At intersection,01 - Daylight,02 - Non-fatal injury,07 - SMV other
9999,MONTREAL RD @ ST. LAURENT BLVD,371546.3615,5033816.936,8/21/16,20:51,01 - Clear,01 - Dry,01 - Traffic signal,03 - At intersection,07 - Dark,02 - Non-fatal injury,05 - Turning movement
10000,MONTREAL RD @ ST. LAURENT BLVD,371545.9302,5033818.049,7/14/16,13:02,02 - Rain,02 - Wet,01 - Traffic signal,02 - Intersection related,01 - Daylight,02 - Non-fatal injury,07 - SMV other
10001,MONTREAL RD @ ST. LAURENT BLVD,371546.6214,5033817.824,6/4/16,12:22,01 - Clear,01 - Dry,01 - Traffic signal,02 - Intersection related,01 - Daylight,02 - Non-fatal injury,03 - Rear end
10002,MONTREAL RD @ ST. LAURENT BLVD,371545.0443,5033816.936,10/30/16,16:13,01 - Clear,01 - Dry,01 - Traffic signal,03 - At intersection,01 - Daylight,02 - Non-fatal injury,02 - Angle
10003,MONTREAL RD @ ST. LAURENT BLVD,371546.6214,5033817.365,2/4/16,12:30,01 - Clear,01 - Dry,01 - Traffic signal,02 - Intersection related,01 - Daylight,03 - P.D. only,03 - Rear end
10004,MONTREAL RD @ ST. LAURENT BLVD,371544.593,5033817.817,2/17/16,19:40,01 - Clear,05 - Packed snow,01 - Traffic signal,02 - Intersection related,07 - Dark,03 - P.D. only,03 - Rear end
10005,MONTREAL RD @ ST. LAURENT BLVD,371545.9224,5033817.814,1/29/16,12:59,01 - Clear,01 - Dry,01 - Traffic signal,02 - Intersection related,01 - Daylight,03 - P.D. only,04 - Sideswipe
10006,MONTREAL RD @ ST. LAURENT BLVD,371546.5311,5033818.009,9/2/16,14:23,01 - Clear,01 - Dry,01 - Traffic signal,02 - Intersection related,01 - Daylight,03 - P.D. only,03 - Rear end
10007,MONTREAL RD @ ST. LAURENT BLVD,371546.2384,5033818.933,8/12/16,14:45,01 - Clear,01 - Dry,01 - Traffic signal,02 - Intersection related,01 - Daylight,03 - P.D. only,03 - Rear end
10008,MONTREAL RD @ ST. LAURENT BLVD,371545.3792,5033817.219,1/26/16,17:28,01 - Clear,02 - Wet,01 - Traffic signal,02 - Intersection related,05 - Dusk,03 - P.D. only,03 - Rear end
10009,MONTREAL RD @ ST. LAURENT BLVD,371545.7029,5033818.925,1/27/16,9:30,01 - Clear,01 - Dry,01 - Traffic signal,02 - Intersection related,01 - Daylight,03 - P.D. only,03 - Rear end
10010,MONTREAL RD @ ST. LAURENT BLVD,371544.632,5033817.327,8/24/16,17:04,01 - Clear,01 - Dry,01 - Traffic signal,02 - Intersection related,01 - Daylight,03 - P.D. only,03 - Rear end
10011,MONTREAL RD @ ST. LAURENT BLVD,371545.9302,5033816.231,7/12/16,9:41,01 - Clear,01 - Dry,01 - Traffic signal,02 - Intersection related,01 - Daylight,03 - P.D. only,04 - Sideswipe
10012,MONTREAL RD @ ST. LAURENT BLVD,371546.0935,5033818.376,4/18/16,9:39,01 - Clear,01 - Dry,01 - Traffic signal,02 - Intersection related,01 - Daylight,03 - P.D. only,03 - Rear end
10013,MONTREAL RD @ ST. LAURENT BLVD,371544.9003,5033817.881,4/28/16,14:05,01 - Clear,01 - Dry,01 - Traffic signal,03 - At intersection,01 - Daylight,03 - P.D. only,05 - Turning movement
10014,MONTREAL RD @ ST. LAURENT BLVD,371545.4834,5033816.497,11/16/16,14:56,01 - Clear,01 - Dry,01 - Traffic signal,02 - Intersection related,01 - Daylight,03 - P.D. only,04 - Sideswipe
10015,MONTREAL RD @ ST. LAURENT BLVD,371544.0466,5033815.524,12/23/16,13:08,01 - Clear,02 - Wet,01 - Traffic signal,02 - Intersection related,01 - Daylight,03 - P.D. only,04 - Sideswipe
10016,MONTREAL RD @ ST. LAURENT BLVD,371545.9224,5033818.253,11/24/16,13:55,03 - Snow,03 - Loose snow,01 - Traffic signal,02 - Intersection related,01 - Daylight,03 - P.D. only,04 - Sideswipe
10017,MONTREAL RD @ ST. LAURENT BLVD,371545.7029,5033818.837,12/8/16,7:23,03 - Snow,06 - Ice,01 - Traffic signal,02 - Intersection related,03 - Dawn,03 - P.D. only,03 - Rear end
10018,MONTREAL RD @ ST. LAURENT BLVD,371546.5311,5033816.352,12/8/16,19:23,03 - Snow,02 - Wet,01 - Traffic signal,02 - Intersection related,07 - Dark,03 - P.D. only,03 - Rear end
10019,MONTREAL RD @ STE. ANNE ST,370706.4891,5033415.498,8/14/16,18:45,01 - Clear,01 - Dry,02 - Stop sign,02 - Intersection related,01 - Daylight,03 - P.D. only,02 - Angle
10020,MONTREAL RD @ STE. ANNE ST,370706.7086,5033418.666,10/8/16,16:47,01 - Clear,01 - Dry,02 - Stop sign,02 - Intersection related,01 - Daylight,03 - P.D. only,03 - Rear end
10021,MONTREAL RD @ STE. ANNE ST,370706.9341,5033416.821,6/17/16,15:58,01 - Clear,01 - Dry,02 - Stop sign,02 - Intersection related,01 - Daylight,03 - P.D. only,04 - Sideswipe
10022,MONTREAL RD @ STE. ANNE ST,370706.4891,5033417.255,9/27/16,16:28,01 - Clear,01 - Dry,02 - Stop sign,02 - Intersection related,01 - Daylight,03 - P.D. only,04 - Sideswipe
10023,MONTREAL RD @ THOMSON ST,372043.0298,5034057.133,6/23/16,8:46,01 - Clear,01 - Dry,02 - Stop sign,02 - Intersection related,01 - Daylight,02 - Non-fatal injury,05 - Turning movement
10024,MONTREAL RD @ VANIER PKWY,370072.9082,5033065.544,4/15/16,15:34,01 - Clear,01 - Dry,01 - Traffic signal,02 - Intersection related,01 - Daylight,02 - Non-fatal injury,07 - SMV other
10025,MONTREAL RD @ VANIER PKWY,370072.0146,5033065.824,6/11/16,23:58,01 - Clear,01 - Dry,01 - Traffic signal,03 - At intersection,07 - Dark,02 - Non-fatal injury,05 - Turning movement
10026,MONTREAL RD @ VANIER PKWY,370072.4903,5033064.933,11/6/16,8:43,01 - Clear,01 - Dry,01 - Traffic signal,03 - At intersection,01 - Daylight,02 - Non-fatal injury,04 - Sideswipe
10027,MONTREAL RD @ VANIER PKWY,370072.4781,5033065.36,1/27/16,23:43,01 - Clear,01 - Dry,01 - Traffic signal,03 - At intersection,07 - Dark,02 - Non-fatal injury,05 - Turning movement
10028,MONTREAL RD @ VANIER PKWY,370072.4853,5033065.368,4/25/16,11:10,01 - Clear,01 - Dry,01 - Traffic signal,02 - Intersection related,01 - Daylight,02 - Non-fatal injury,07 - SMV other
10029,MONTREAL RD @ VANIER PKWY,370073.538,5033067.662,8/2/16,10:35,01 - Clear,01 - Dry,01 - Traffic signal,02 - Intersection related,01 - Daylight,02 - Non-fatal injury,03 - Rear end
10030,MONTREAL RD @ VANIER PKWY,370071.7542,5033065.965,12/19/16,16:30,03 - Snow,04 - Slush,01 - Traffic signal,03 - At intersection,05 - Dusk,02 - Non-fatal injury,04 - Sideswipe
10031,MONTREAL RD @ VANIER PKWY,370072.7098,5033063.522,11/26/16,0:17,01 - Clear,02 - Wet,01 - Traffic signal,02 - Intersection related,07 - Dark,02 - Non-fatal injury,07 - SMV other
10032,MONTREAL RD @ VANIER PKWY,370072.7098,5033065.178,12/8/16,16:59,03 - Snow,02 - Wet,01 - Traffic signal,03 - At intersection,05 - Dusk,02 - Non-fatal injury,07 - SMV other
10033,MONTREAL RD @ VANIER PKWY,370071.1034,5033066.395,9/5/16,12:32,01 - Clear,01 - Dry,01 - Traffic signal,02 - Intersection related,01 - Daylight,03 - P.D. only,03 - Rear end
10034,MONTREAL RD @ VANIER PKWY,370072.9293,5033064.933,2/5/16,9:59,01 - Clear,01 - Dry,01 - Traffic signal,02 - Intersection related,01 - Daylight,03 - P.D. only,04 - Sideswipe
10035,MONTREAL RD @ VANIER PKWY,370072.4903,5033064.933,10/25/16,13:40,01 - Clear,01 - Dry,01 - Traffic signal,03 - At intersection,01 - Daylight,03 - P.D. only,05 - Turning movement
10036,MONTREAL RD @ VANIER PKWY,370072.0512,5033065.373,9/4/16,3:25,01 - Clear,01 - Dry,01 - Traffic signal,02 - Intersection related,07 - Dark,03 - P.D. only,03 - Rear end
10037,MONTREAL RD @ VANIER PKWY,370071.7684,5033066.24,1/2/16,8:58,03 - Snow,03 - Loose snow,01 - Traffic signal,02 - Intersection related,01 - Daylight,03 - P.D. only,03 - Rear end
10038,MONTREAL RD @ VANIER PKWY,370073.3757,5033065.814,2/17/16,20:56,01 - Clear,06 - Ice,01 - Traffic signal,02 - Intersection related,07 - Dark,03 - P.D. only,03 - Rear end
10039,MONTREAL RD @ VANIER PKWY,370072.0146,5033065.824,2/17/16,22:23,01 - Clear,06 - Ice,01 - Traffic signal,02 - Intersection related,07 - Dark,03 - P.D. only,99 - Other
10040,MONTREAL RD @ VANIER PKWY,370071.5875,5033064.919,4/8/16,3:00,01 - Clear,02 - Wet,01 - Traffic signal,02 - Intersection related,07 - Dark,03 - P.D. only,99 - Other
10041,MONTREAL RD @ VANIER PKWY,370071.9593,5033065.967,1/4/16,7:25,01 - Clear,01 - Dry,01 - Traffic signal,02 - Intersection related,03 - Dawn,03 - P.D. only,03 - Rear end
10042,MONTREAL RD @ VANIER PKWY,370072.4853,5033064.919,4/25/16,21:01,01 - Clear,01 - Dry,01 - Traffic signal,03 - At intersection,07 - Dark,03 - P.D. only,05 - Turning movement
10043,MONTREAL RD @ VANIER PKWY,370072.7098,5033065.967,1/14/16,17:19,01 - Clear,02 - Wet,01 - Traffic signal,02 - Intersection related,05 - Dusk,03 - P.D. only,04 - Sideswipe
10044,MONTREAL RD @ VANIER PKWY,370073.3757,5033066.258,2/22/16,12:15,01 - Clear,01 - Dry,01 - Traffic signal,03 - At intersection,01 - Daylight,03 - P.D. only,02 - Angle
10045,MONTREAL RD @ VANIER PKWY,370073.8817,5033066.373,3/24/16,18:51,01 - Clear,04 - Slush,01 - Traffic signal,03 - At intersection,05 - Dusk,03 - P.D. only,05 - Turning movement
10046,MONTREAL RD @ VANIER PKWY,370073.0427,5033064.593,4/2/16,10:00,01 - Clear,01 - Dry,01 - Traffic signal,03 - At intersection,01 - Daylight,03 - P.D. only,04 - Sideswipe
10047,MONTREAL RD @ VANIER PKWY,370072.9343,5033065.817,4/23/16,20:43,01 - Clear,01 - Dry,01 - Traffic signal,03 - At intersection,07 - Dark,03 - P.D. only,05 - Turning movement
10048,MONTREAL RD @ VANIER PKWY,370073.2453,5033066.931,8/18/16,18:30,01 - Clear,01 - Dry,01 - Traffic signal,02 - Intersection related,01 - Daylight,03 - P.D. only,03 - Rear end
10049,MONTREAL RD @ VANIER PKWY,370071.6121,5033064.494,7/18/16,12:12,01 - Clear,01 - Dry,01 - Traffic signal,02 - Intersection related,01 - Daylight,03 - P.D. only,03 - Rear end
10050,MONTREAL RD @ VANIER PKWY,370072.9371,5033065.592,6/15/16,19:43,01 - Clear,01 - Dry,01 - Traffic signal,02 - Intersection related,01 - Daylight,03 - P.D. only,04 - Sideswipe
10051,MONTREAL RD @ VANIER PKWY,370071.6121,5033064.933,5/30/16,13:27,01 - Clear,01 - Dry,01 - Traffic signal,03 - At intersection,01 - Daylight,03 - P.D. only,02 - Angle
10052,MONTREAL RD @ VANIER PKWY,370072.6329,5033067.036,9/28/16,8:52,01 - Clear,01 - Dry,01 - Traffic signal,02 - Intersection related,01 - Daylight,03 - P.D. only,03 - Rear end
10053,MONTREAL RD @ VANIER PKWY,370072.7098,5033066.006,12/17/16,15:03,03 - Snow,04 - Slush,01 - Traffic signal,02 - Intersection related,01 - Daylight,03 - P.D. only,03 - Rear end
10054,MONTREAL RD @ VANIER PKWY,370071.2332,5033067.607,12/27/16,22:36,01 - Clear,01 - Dry,01 - Traffic signal,03 - At intersection,07 - Dark,03 - P.D. only,02 - Angle
10055,MONTREAL RD @ VANIER PKWY,370072.0512,5033065.373,12/2/16,19:05,01 - Clear,01 - Dry,01 - Traffic signal,03 - At intersection,07 - Dark,03 - P.D. only,02 - Angle
10056,MONTREAL RD @ VANIER PKWY,370070.2253,5033064.35,11/23/16,16:34,01 - Clear,01 - Dry,01 - Traffic signal,02 - Intersection related,05 - Dusk,03 - P.D. only,03 - Rear end
10057,MONTREAL RD btwn BETHAMY LANE & OGILVIE RD,375505.1756,5034455.775,6/25/16,21:03,01 - Clear,01 - Dry,10 - No control,01 - Non intersection,05 - Dusk,02 - Non-fatal injury,07 - SMV other
10058,MONTREAL RD btwn BETHAMY LANE & OGILVIE RD,375571.4017,5034503.919,11/18/16,14:15,01 - Clear,01 - Dry,10 - No control,01 - Non intersection,01 - Daylight,02 - Non-fatal injury,07 - SMV other
10059,MONTREAL RD btwn BETHAMY LANE & OGILVIE RD,375569.1148,5034501.701,2/10/16,17:15,03 - Snow,03 - Loose snow,10 - No control,01 - Non intersection,05 - Dusk,03 - P.D. only,04 - Sideswipe
10060,MONTREAL RD btwn BETHAMY LANE & OGILVIE RD,375641.4317,5034547.792,2/19/16,18:00,01 - Clear,01 - Dry,10 - No control,04 - At/near private drive,05 - Dusk,03 - P.D. only,02 - Angle
10061,MONTREAL RD btwn BETHAMY LANE & OGILVIE RD,375529.4825,5034478.023,4/9/16,15:11,01 - Clear,01 - Dry,10 - No control,04 - At/near private drive,01 - Daylight,03 - P.D. only,02 - Angle
10062,MONTREAL RD btwn BLAIR RD & CLOVELLY RD,374140.2021,5034426.466,10/6/16,14:52,01 - Clear,01 - Dry,10 - No control,01 - Non intersection,01 - Daylight,03 - P.D. only,03 - Rear end
10063,MONTREAL RD btwn BORTHWICK AVE & CUMMINGS AVE,371958.5954,5034018.072,7/14/16,9:06,01 - Clear,01 - Dry,10 - No control,04 - At/near private drive,01 - Daylight,02 - Non-fatal injury,05 - Turning movement
10064,MONTREAL RD btwn BURMA RD & MONTREAL RD,373256.3674,5034515.288,3/8/16,14:29,01 - Clear,02 - Wet,10 - No control,01 - Non intersection,01 - Daylight,02 - Non-fatal injury,03 - Rear end
10065,MONTREAL RD btwn CENTER ST & BRITTANY DR,371874.9511,5033977.897,10/12/16,16:01,01 - Clear,01 - Dry,10 - No control,01 - Non intersection,01 - Daylight,03 - P.D. only,04 - Sideswipe
10066,MONTREAL RD btwn CHIMNEY HILL WAY & ELMSMERE RD,374806.8171,5034331.55,12/9/16,18:51,01 - Clear,01 - Dry,10 - No control,01 - Non intersection,07 - Dark,03 - P.D. only,04 - Sideswipe
10067,MONTREAL RD btwn CLOVELLY RD & ELWOOD ST,374381.0376,5034400.5,3/18/16,15:23,01 - Clear,01 - Dry,10 - No control,01 - Non intersection,01 - Daylight,03 - P.D. only,04 - Sideswipe
10068,MONTREAL RD btwn CODD'S RD & BRUNEL ST,372816.2671,5034412.245,12/5/16,13:20,03 - Snow,04 - Slush,10 - No control,01 - Non intersection,01 - Daylight,03 - P.D. only,07 - SMV other
10069,MONTREAL RD btwn CODY AVE & OLMSTEAD ST,370255.9765,5033170.23,3/9/16,11:42,02 - Rain,02 - Wet,10 - No control,04 - At/near private drive,01 - Daylight,03 - P.D. only,02 - Angle
10070,MONTREAL RD btwn CYR AVE & HANNAH ST,370224.9743,5033150.61,4/25/16,14:00,01 - Clear,01 - Dry,10 - No control,01 - Non intersection,01 - Daylight,03 - P.D. only,03 - Rear end
10071,MONTREAL RD btwn DUROCHER ST & SAVARD AVE,370148.8898,5033107.963,9/21/16,12:35,01 - Clear,01 - Dry,10 - No control,04 - At/near private drive,01 - Daylight,03 - P.D. only,02 - Angle
10072,"MONTREAL RD btwn EGLISE, RUE DE L & ST. LAURENT BLVD",371533.4942,5033811.157,1/4/16,10:36,01 - Clear,01 - Dry,10 - No control,04 - At/near private drive,01 - Daylight,03 - P.D. only,04 - Sideswipe
10073,"MONTREAL RD btwn EGLISE, RUE DE L & ST. LAURENT BLVD",371184.8372,5033646.607,1/1/16,10:49,01 - Clear,03 - Loose snow,10 - No control,04 - At/near private drive,01 - Daylight,03 - P.D. only,05 - Turning movement
10074,"MONTREAL RD btwn EGLISE, RUE DE L & ST. LAURENT BLVD",371392.2661,5033745.311,3/2/16,12:29,03 - Snow,03 - Loose snow,10 - No control,04 - At/near private drive,01 - Daylight,03 - P.D. only,05 - Turning movement
10075,"MONTREAL RD btwn EGLISE, RUE DE L & ST. LAURENT BLVD",371525.5764,5033807.735,9/12/16,15:30,01 - Clear,01 - Dry,10 - No control,01 - Non intersection,01 - Daylight,03 - P.D. only,04 - Sideswipe
10076,MONTREAL RD btwn EMOND ST & CYR AVE,370204.6232,5033141.986,12/19/16,16:11,01 - Clear,04 - Slush,10 - No control,01 - Non intersection,05 - Dusk,03 - P.D. only,03 - Rear end
10077,MONTREAL RD btwn GRANVILLE ST & ALFRED ST,370933.9396,5033525.214,8/26/16,12:26,01 - Clear,01 - Dry,10 - No control,01 - Non intersection,01 - Daylight,02 - Non-fatal injury,03 - Rear end
10078,MONTREAL RD btwn HILLSIDE DR & MONTREAL SQUARE SC,371730.6278,5033907.826,4/19/16,20:43,01 - Clear,01 - Dry,10 - No control,01 - Non intersection,07 - Dark,03 - P.D. only,04 - Sideswipe
10079,MONTREAL RD btwn L'ALLEMAND ST & ALTHA AVE,370589.9301,5033358.908,9/14/16,15:52,01 - Clear,01 - Dry,10 - No control,01 - Non intersection,01 - Daylight,03 - P.D. only,04 - Sideswipe
10080,MONTREAL RD btwn LAPORTE ST & MISS OTTAWA ST,375721.8495,5034600.472,11/4/16,16:50,01 - Clear,01 - Dry,10 - No control,04 - At/near private drive,05 - Dusk,03 - P.D. only,02 - Angle
10081,MONTREAL RD btwn MARIER AVE & BEGIN ST,370423.3829,5033263.861,1/6/16,17:13,01 - Clear,04 - Slush,10 - No control,01 - Non intersection,05 - Dusk,03 - P.D. only,04 - Sideswipe
10082,MONTREAL RD btwn MONA AVE & LAFONTAINE AVE,370803.4614,5033464.091,12/31/16,13:00,03 - Snow,04 - Slush,10 - No control,01 - Non intersection,01 - Daylight,03 - P.D. only,03 - Rear end
10083,MONTREAL RD btwn MONTGOMERY ST & PALACE ST,369830.6245,5032929.941,5/25/16,18:21,01 - Clear,01 - Dry,10 - No control,01 - Non intersection,01 - Daylight,03 - P.D. only,01 - Approaching
10084,MONTREAL RD btwn MONTGOMERY ST & PALACE ST,369949.6277,5032995.654,6/14/16,12:04,01 - Clear,01 - Dry,10 - No control,01 - Non intersection,01 - Daylight,03 - P.D. only,03 - Rear end
10085,MONTREAL RD btwn MONTGOMERY ST & PALACE ST,369854.2807,5032942.181,4/24/16,12:06,01 - Clear,01 - Dry,10 - No control,04 - At/near private drive,01 - Daylight,03 - P.D. only,06 - SMV unattended vehicle
10086,MONTREAL RD btwn MONTGOMERY ST & PALACE ST,369856.8758,5032944.748,9/4/16,14:00,01 - Clear,01 - Dry,10 - No control,01 - Non intersection,01 - Daylight,03 - P.D. only,99 - Other
10087,MONTREAL RD btwn MONTGOMERY ST & PALACE ST,369844.1425,5032937.284,8/19/16,11:44,01 - Clear,01 - Dry,10 - No control,04 - At/near private drive,01 - Daylight,03 - P.D. only,02 - Angle
10088,MONTREAL RD btwn MONTREAL RD & BLAIR RD,373996.5813,5034442.513,3/9/16,16:30,01 - Clear,01 - Dry,10 - No control,01 - Non intersection,01 - Daylight,03 - P.D. only,03 - Rear end
10089,MONTREAL RD btwn MONTREAL SQUARE SC & CENTER ST,371816.109,5033949.572,3/20/16,15:03,01 - Clear,01 - Dry,10 - No control,01 - Non intersection,01 - Daylight,02 - Non-fatal injury,03 - Rear end
10090,MONTREAL RD btwn NORTH RIVER RD & MONTGOMERY ST,369804.7282,5032915.901,3/12/16,17:10,01 - Clear,01 - Dry,10 - No control,01 - Non intersection,01 - Daylight,02 - Non-fatal injury,04 - Sideswipe
10091,MONTREAL RD btwn NORTH RIVER RD & MONTGOMERY ST,369751.6591,5032889.614,6/3/16,17:45,01 - Clear,01 - Dry,10 - No control,04 - At/near private drive,01 - Daylight,03 - P.D. only,02 - Angle
10092,MONTREAL RD btwn OGILVIE RD & LAPORTE ST,375668.4429,5034565.575,5/10/16,14:43,01 - Clear,01 - Dry,10 - No control,01 - Non intersection,01 - Daylight,03 - P.D. only,04 - Sideswipe
10093,MONTREAL RD btwn OGILVIE RD & LAPORTE ST,375667.2487,5034563.831,7/5/16,13:15,01 - Clear,01 - Dry,10 - No control,01 - Non intersection,01 - Daylight,03 - P.D. only,03 - Rear end
10094,MONTREAL RD btwn OGILVIE RD & LAPORTE ST,375658.5986,5034559.313,7/12/16,17:26,01 - Clear,01 - Dry,10 - No control,01 - Non intersection,01 - Daylight,03 - P.D. only,03 - Rear end
10095,MONTREAL RD btwn OLMSTEAD ST & Continuation of MONTREAL RD,370356.5769,5033227.677,8/13/16,19:56,02 - Rain,02 - Wet,10 - No control,01 - Non intersection,01 - Daylight,03 - P.D. only,04 - Sideswipe
10096,MONTREAL RD btwn OR174 IC109 RAMP56 & OR174 IC109 RAMP66,376211.3092,5034898.693,10/12/16,10:53,01 - Clear,01 - Dry,10 - No control,01 - Non intersection,01 - Daylight,02 - Non-fatal injury,03 - Rear end
10097,MONTREAL RD btwn OR174 IC109 RAMP56 & OR174 IC109 RAMP66,376260.0645,5034918.49,1/7/16,8:12,01 - Clear,06 - Ice,10 - No control,01 - Non intersection,01 - Daylight,03 - P.D. only,03 - Rear end
10098,MONTREAL RD btwn OR174 IC109 RAMP56 & OR174 IC109 RAMP66,376217.0941,5034898.12,8/2/16,17:55,01 - Clear,01 - Dry,10 - No control,01 - Non intersection,01 - Daylight,03 - P.D. only,03 - Rear end
10099,MONTREAL RD btwn OR174 IC109 RAMP65 & ST. JOSEPH BLVD,376444.979,5035000.453,9/24/16,5:55,01 - Clear,01 - Dry,10 - No control,01 - Non intersection,07 - Dark,02 - Non-fatal injury,07 - SMV other
10100,MONTREAL RD btwn OR174 IC109 RAMP66 & OR174 IC109 RAMP65,376391.3043,5034978.021,4/8/16,14:06,03 - Snow,02 - Wet,10 - No control,01 - Non intersection,01 - Daylight,03 - P.D. only,03 - Rear end
10101,MONTREAL RD btwn PALACE ST & VANIER PKWY,370048.809,5033052.514,5/20/16,15:30,01 - Clear,01 - Dry,10 - No control,04 - At/near private drive,01 - Daylight,02 - Non-fatal injury,02 - Angle
10102,MONTREAL RD btwn PALACE ST & VANIER PKWY,370046.5734,5033050.592,8/4/16,6:47,01 - Clear,01 - Dry,10 - No control,04 - At/near private drive,01 - Daylight,03 - P.D. only,02 - Angle
10103,MONTREAL RD btwn PALACE ST & VANIER PKWY,370053.2624,5033054.001,2/5/16,13:00,01 - Clear,01 - Dry,10 - No control,01 - Non intersection,01 - Daylight,03 - P.D. only,04 - Sideswipe