Record,Location,X,Y,Date,Time,Environment,Road_Surface,Traffic_Control,Collision_Location,Light,Collision_Classification,Impact_type
10104,MONTREAL RD btwn PALACE ST & VANIER PKWY,369998.5257,5033022.954,3/3/16,15:54,01 - Clear,01 - Dry,10 - No control,01 - Non intersection,01 - Daylight,03 - P.D. only,04 - Sideswipe
10105,MONTREAL RD btwn PALACE ST & VANIER PKWY,370017.9015,5033037.216,2/3/16,16:50,01 - Clear,01 - Dry,10 - No control,04 - At/near private drive,01 - Daylight,03 - P.D. only,05 - Turning movement
10106,MONTREAL RD btwn PALACE ST & VANIER PKWY,370030.3388,5033039.906,1/20/16,13:53,01 - Clear,02 - Wet,10 - No control,04 - At/near private drive,01 - Daylight,03 - P.D. only,05 - Turning movement
10107,MONTREAL RD btwn PALACE ST & VANIER PKWY,369960.6143,5033000.433,1/17/16,0:36,03 - Snow,03 - Loose snow,10 - No control,01 - Non intersection,07 - Dark,03 - P.D. only,06 - SMV unattended vehicle
10108,MONTREAL RD btwn PALACE ST & VANIER PKWY,370011.154,5033030.192,5/27/16,22:14,01 - Clear,01 - Dry,10 - No control,01 - Non intersection,07 - Dark,03 - P.D. only,03 - Rear end
10109,MONTREAL RD btwn PALACE ST & VANIER PKWY,370020.6791,5033036.393,7/30/16,15:25,01 - Clear,01 - Dry,10 - No control,01 - Non intersection,01 - Daylight,03 - P.D. only,04 - Sideswipe
10110,MONTREAL RD btwn PALACE ST & VANIER PKWY,370043.5111,5033048.249,5/31/16,22:03,01 - Clear,01 - Dry,10 - No control,01 - Non intersection,07 - Dark,03 - P.D. only,05 - Turning movement
10111,MONTREAL RD btwn PALACE ST & VANIER PKWY,370036.5734,5033044.683,7/30/16,14:15,01 - Clear,01 - Dry,10 - No control,04 - At/near private drive,01 - Daylight,03 - P.D. only,05 - Turning movement
10112,MONTREAL RD btwn PALACE ST & VANIER PKWY,370008.3849,5033029.368,11/20/16,0:16,02 - Rain,02 - Wet,10 - No control,01 - Non intersection,07 - Dark,03 - P.D. only,01 - Approaching
10113,MONTREAL RD btwn SAVARD AVE & EMOND ST,370180.2669,5033125.99,9/19/16,15:23,01 - Clear,01 - Dry,10 - No control,01 - Non intersection,01 - Daylight,03 - P.D. only,03 - Rear end
10114,MONTREAL RD btwn SAVARD AVE & EMOND ST,370186.2574,5033129.608,7/20/16,1:00,01 - Clear,01 - Dry,10 - No control,01 - Non intersection,07 - Dark,03 - P.D. only,07 - SMV other
10115,MONTREAL RD btwn SHEFFORD RD & OR174 IC109 RAMP56,376154.2706,5034866.747,1/12/16,12:05,03 - Snow,03 - Loose snow,10 - No control,01 - Non intersection,01 - Daylight,03 - P.D. only,04 - Sideswipe
10116,MONTREAL RD btwn SHEFFORD RD & OR174 IC109 RAMP56,376147.9527,5034864.125,4/17/16,20:25,01 - Clear,01 - Dry,10 - No control,01 - Non intersection,07 - Dark,03 - P.D. only,04 - Sideswipe
10117,MONTREAL RD btwn SINCLAIR ST & SHEFFORD RD,376048.0661,5034807.285,11/17/16,18:31,02 - Rain,02 - Wet,10 - No control,01 - Non intersection,07 - Dark,03 - P.D. only,03 - Rear end
10118,MONTREAL RD btwn SINCLAIR ST & SHEFFORD RD,376053.3674,5034808.262,12/8/16,7:35,03 - Snow,02 - Wet,10 - No control,01 - Non intersection,03 - Dawn,03 - P.D. only,03 - Rear end
10119,MONTREAL RD btwn ST. LAURENT BLVD & HILLSIDE DR,371591.4815,5033839.734,1/12/16,14:27,01 - Clear,03 - Loose snow,10 - No control,04 - At/near private drive,01 - Daylight,03 - P.D. only,05 - Turning movement
10120,MONTREAL RD btwn ST. LAURENT BLVD & HILLSIDE DR,371678.521,5033881.099,5/11/16,17:02,01 - Clear,01 - Dry,10 - No control,04 - At/near private drive,01 - Daylight,03 - P.D. only,01 - Approaching
10121,MONTREAL RD btwn THOMSON ST & AVIATION PKWY,372122.8885,5034095.302,3/7/16,7:47,01 - Clear,01 - Dry,10 - No control,04 - At/near private drive,01 - Daylight,03 - P.D. only,02 - Angle
10122,MONTREAL RD btwn THOMSON ST & AVIATION PKWY,372126.2995,5034099.143,11/10/16,11:54,01 - Clear,01 - Dry,10 - No control,04 - At/near private drive,01 - Daylight,03 - P.D. only,02 - Angle
10123,MONTREAL RD btwn THOMSON ST & AVIATION PKWY,372050.3201,5034060.97,10/31/16,18:27,01 - Clear,01 - Dry,10 - No control,04 - At/near private drive,07 - Dark,03 - P.D. only,05 - Turning movement
10124,MONTREAL RD/HANNAH ST @ CODY AVE,370253.213,5033168.598,1/8/16,8:52,01 - Clear,01 - Dry,01 - Traffic signal,03 - At intersection,01 - Daylight,02 - Non-fatal injury,07 - SMV other
10125,MONTREAL RD/HANNAH ST @ CODY AVE,370254.9732,5033169.677,10/26/16,18:52,01 - Clear,01 - Dry,01 - Traffic signal,02 - Intersection related,07 - Dark,03 - P.D. only,04 - Sideswipe
10126,MONTREAL RD/HANNAH ST @ CODY AVE,370254.7581,5033169.638,2/29/16,7:45,03 - Snow,03 - Loose snow,01 - Traffic signal,02 - Intersection related,01 - Daylight,03 - P.D. only,07 - SMV other
10127,MONTREAL RD/HANNAH ST @ CODY AVE,370254.5804,5033169.602,7/4/16,10:14,01 - Clear,01 - Dry,01 - Traffic signal,02 - Intersection related,01 - Daylight,03 - P.D. only,02 - Angle
10128,MOODIE DR @ 200 N OF ROBERTSON RD,356988.2767,5020641.867,1/21/16,20:09,01 - Clear,01 - Dry,01 - Traffic signal,02 - Intersection related,07 - Dark,03 - P.D. only,03 - Rear end
10129,MOODIE DR @ 340 S OF CARLING AVE/NORTEL NORTH ,356005.1732,5023613.915,11/23/16,16:21,01 - Clear,06 - Ice,01 - Traffic signal,02 - Intersection related,05 - Dusk,03 - P.D. only,07 - SMV other
10130,MOODIE DR @ CORKSTOWN RD,356344.5411,5022761.719,3/11/16,12:09,01 - Clear,01 - Dry,01 - Traffic signal,03 - At intersection,01 - Daylight,02 - Non-fatal injury,02 - Angle
10131,MOODIE DR @ FITZGERALD RD/STAFFORD RD,356920.1636,5020813.481,12/8/16,10:52,01 - Clear,01 - Dry,01 - Traffic signal,02 - Intersection related,01 - Daylight,02 - Non-fatal injury,03 - Rear end
10132,MOODIE DR @ FITZGERALD RD/STAFFORD RD,356920.1584,5020811.18,9/9/16,9:15,01 - Clear,01 - Dry,01 - Traffic signal,02 - Intersection related,01 - Daylight,03 - P.D. only,05 - Turning movement
10133,MOODIE DR @ FITZGERALD RD/STAFFORD RD,356920.1108,5020814.617,8/8/16,12:03,01 - Clear,01 - Dry,01 - Traffic signal,03 - At intersection,01 - Daylight,03 - P.D. only,03 - Rear end
10134,MOODIE DR @ FITZGERALD RD/STAFFORD RD,356920.1636,5020811.431,11/1/16,13:02,01 - Clear,01 - Dry,01 - Traffic signal,02 - Intersection related,01 - Daylight,03 - P.D. only,03 - Rear end
10135,MOODIE DR @ HWY 417 MOODIE IC134R63,356387.9913,5022479.914,11/24/16,6:24,03 - Snow,04 - Slush,01 - Traffic signal,02 - Intersection related,07 - Dark,02 - Non-fatal injury,03 - Rear end
10136,MOODIE DR @ HWY 417 MOODIE IC134R63,356390.7604,5022479.546,2/18/16,15:46,01 - Clear,02 - Wet,01 - Traffic signal,03 - At intersection,01 - Daylight,03 - P.D. only,04 - Sideswipe
10137,MOODIE DR @ HWY 417 MOODIE IC134R63,356391.0598,5022481.233,7/16/16,16:47,01 - Clear,01 - Dry,01 - Traffic signal,03 - At intersection,01 - Daylight,03 - P.D. only,04 - Sideswipe
10138,MOODIE DR @ HWY 417 MOODIE IC134R63,356391.7327,5022483.246,4/7/16,8:28,01 - Clear,04 - Slush,01 - Traffic signal,02 - Intersection related,01 - Daylight,03 - P.D. only,04 - Sideswipe
10139,MOODIE DR @ MCKENNA CASEY DR,360351.524,5012682.408,11/17/16,20:27,"07 - Fog, mist, smoke, dust",01 - Dry,02 - Stop sign,02 - Intersection related,07 - Dark,03 - P.D. only,07 - SMV other
10140,MOODIE DR @ RICHMOND RD N,357394.3274,5019690.476,8/13/16,10:17,02 - Rain,02 - Wet,02 - Stop sign,02 - Intersection related,01 - Daylight,03 - P.D. only,02 - Angle
10141,MOODIE DR @ RICHMOND RD N,357392.249,5019689.96,11/24/16,8:29,03 - Snow,04 - Slush,02 - Stop sign,02 - Intersection related,01 - Daylight,03 - P.D. only,02 - Angle
10142,MOODIE DR @ RICHMOND RD S,357429.0396,5019538.416,9/20/16,16:11,01 - Clear,01 - Dry,03 - Yield sign,02 - Intersection related,01 - Daylight,03 - P.D. only,03 - Rear end
10143,MOODIE DR @ RICHMOND RD S,357433.4201,5019541.153,6/3/16,10:16,01 - Clear,01 - Dry,03 - Yield sign,02 - Intersection related,01 - Daylight,03 - P.D. only,03 - Rear end
10144,MOODIE DR @ ROBERTSON RD,357066.4326,5020454.819,10/18/16,7:49,01 - Clear,02 - Wet,01 - Traffic signal,03 - At intersection,01 - Daylight,02 - Non-fatal injury,02 - Angle
10145,MOODIE DR @ ROBERTSON RD,357067.3285,5020454.802,5/22/16,12:48,01 - Clear,01 - Dry,01 - Traffic signal,03 - At intersection,01 - Daylight,02 - Non-fatal injury,02 - Angle
10146,MOODIE DR @ ROBERTSON RD,357067.1141,5020454.712,8/27/16,11:24,01 - Clear,01 - Dry,01 - Traffic signal,02 - Intersection related,01 - Daylight,03 - P.D. only,03 - Rear end
10147,MOODIE DR @ ROBERTSON RD,357065.5544,5020456.137,10/20/16,12:35,02 - Rain,02 - Wet,01 - Traffic signal,03 - At intersection,01 - Daylight,03 - P.D. only,04 - Sideswipe
10148,MOODIE DR @ ROBERTSON RD,357067.3285,5020456.606,6/23/16,16:09,01 - Clear,01 - Dry,01 - Traffic signal,02 - Intersection related,01 - Daylight,03 - P.D. only,03 - Rear end
10149,MOODIE DR @ ROBERTSON RD,357066.1929,5020455.708,1/12/16,22:03,03 - Snow,03 - Loose snow,01 - Traffic signal,02 - Intersection related,07 - Dark,03 - P.D. only,03 - Rear end
10150,MOODIE DR @ ROBERTSON RD,357066.8794,5020454.569,6/23/16,17:52,01 - Clear,01 - Dry,01 - Traffic signal,02 - Intersection related,01 - Daylight,03 - P.D. only,03 - Rear end
10151,MOODIE DR @ ROBERTSON RD,357067.1113,5020454.33,9/4/16,14:01,01 - Clear,01 - Dry,01 - Traffic signal,02 - Intersection related,01 - Daylight,03 - P.D. only,03 - Rear end
10152,MOODIE DR @ ROBERTSON RD,357065.5247,5020456.155,6/17/16,17:00,01 - Clear,01 - Dry,01 - Traffic signal,03 - At intersection,01 - Daylight,03 - P.D. only,02 - Angle
10153,MOODIE DR @ ROBERTSON RD,357065.0616,5020455.474,9/23/16,10:45,01 - Clear,01 - Dry,01 - Traffic signal,02 - Intersection related,01 - Daylight,03 - P.D. only,03 - Rear end
10154,MOODIE DR @ ROBERTSON RD,357065.8239,5020454.236,11/20/16,17:20,03 - Snow,05 - Packed snow,01 - Traffic signal,02 - Intersection related,07 - Dark,03 - P.D. only,07 - SMV other
10155,MOODIE DR @ ROBERTSON RD,357065.2554,5020457.541,10/10/16,15:30,01 - Clear,01 - Dry,01 - Traffic signal,02 - Intersection related,01 - Daylight,03 - P.D. only,03 - Rear end
10156,MOODIE DR @ ROBERTSON RD,357064.9958,5020454.236,12/22/16,10:21,01 - Clear,04 - Slush,01 - Traffic signal,02 - Intersection related,01 - Daylight,03 - P.D. only,03 - Rear end
10157,MOODIE DR @ TIMM DR,356815.6485,5021083.889,12/29/16,13:00,03 - Snow,04 - Slush,02 - Stop sign,03 - At intersection,01 - Daylight,03 - P.D. only,02 - Angle
10158,MOODIE DR @ WEST HUNT CLUB RD,357906.9931,5018497.797,2/12/16,9:27,01 - Clear,04 - Slush,01 - Traffic signal,02 - Intersection related,01 - Daylight,02 - Non-fatal injury,03 - Rear end
10159,MOODIE DR @ WEST HUNT CLUB RD,357907.4322,5018498.675,11/7/16,16:09,01 - Clear,01 - Dry,01 - Traffic signal,03 - At intersection,01 - Daylight,02 - Non-fatal injury,02 - Angle
10160,MOODIE DR @ WEST HUNT CLUB RD,357907.9447,5018498.651,6/11/16,11:35,02 - Rain,02 - Wet,01 - Traffic signal,02 - Intersection related,01 - Daylight,02 - Non-fatal injury,03 - Rear end
10161,MOODIE DR @ WEST HUNT CLUB RD,357907.7547,5018498.105,1/22/16,7:18,01 - Clear,01 - Dry,01 - Traffic signal,02 - Intersection related,03 - Dawn,02 - Non-fatal injury,03 - Rear end
10162,MOODIE DR @ WEST HUNT CLUB RD,357910.0161,5018495.989,1/19/16,17:20,01 - Clear,02 - Wet,01 - Traffic signal,02 - Intersection related,05 - Dusk,02 - Non-fatal injury,03 - Rear end
10163,MOODIE DR @ WEST HUNT CLUB RD,357906.9931,5018498.675,7/26/16,12:30,01 - Clear,01 - Dry,01 - Traffic signal,03 - At intersection,01 - Daylight,02 - Non-fatal injury,05 - Turning movement
10164,MOODIE DR @ WEST HUNT CLUB RD,357908.4799,5018498.042,10/13/16,17:39,01 - Clear,01 - Dry,01 - Traffic signal,02 - Intersection related,07 - Dark,03 - P.D. only,03 - Rear end
10165,MOODIE DR @ WEST HUNT CLUB RD,357907.4262,5018497.779,6/22/16,6:35,02 - Rain,02 - Wet,01 - Traffic signal,02 - Intersection related,01 - Daylight,03 - P.D. only,03 - Rear end
10166,MOODIE DR @ WEST HUNT CLUB RD,357906.9783,5018497.333,4/10/16,20:20,01 - Clear,01 - Dry,01 - Traffic signal,02 - Intersection related,05 - Dusk,03 - P.D. only,07 - SMV other
10167,MOODIE DR @ WEST HUNT CLUB RD,357908.3103,5018498.236,5/1/16,15:30,02 - Rain,02 - Wet,01 - Traffic signal,02 - Intersection related,01 - Daylight,03 - P.D. only,03 - Rear end
10168,MOODIE DR @ WEST HUNT CLUB RD,357906.5153,5018498.001,7/11/16,9:56,01 - Clear,01 - Dry,01 - Traffic signal,03 - At intersection,01 - Daylight,03 - P.D. only,01 - Approaching
10169,MOODIE DR @ WEST HUNT CLUB RD,357907.8772,5018498.23,6/20/16,16:53,01 - Clear,01 - Dry,01 - Traffic signal,02 - Intersection related,01 - Daylight,03 - P.D. only,03 - Rear end
10170,MOODIE DR @ WEST HUNT CLUB RD,357905.9954,5018496.385,9/29/16,12:06,01 - Clear,01 - Dry,01 - Traffic signal,02 - Intersection related,01 - Daylight,03 - P.D. only,03 - Rear end
10171,MOODIE DR @ WEST HUNT CLUB RD,357907.6517,5018496.385,11/3/16,8:05,02 - Rain,02 - Wet,01 - Traffic signal,02 - Intersection related,01 - Daylight,03 - P.D. only,03 - Rear end
10172,MOODIE DR @ WEST HUNT CLUB RD,357908.4799,5018500.526,12/14/16,19:00,03 - Snow,06 - Ice,01 - Traffic signal,02 - Intersection related,07 - Dark,03 - P.D. only,07 - SMV other
10173,MOODIE DR btwn 325 N OF CORKSTOWN RD/NORTEL S ENTRANCE & CORKSTOWN RD,356342.2654,5022776.45,1/6/16,17:25,01 - Clear,02 - Wet,10 - No control,01 - Non intersection,05 - Dusk,03 - P.D. only,04 - Sideswipe
10174,MOODIE DR btwn 340 S OF CARLING AVE/NORTEL NORTH ENT & 715 S OF CARLIN,356051.3443,5023506.455,12/9/16,15:30,01 - Clear,01 - Dry,10 - No control,01 - Non intersection,01 - Daylight,02 - Non-fatal injury,07 - SMV other
10175,MOODIE DR btwn 340 S OF CARLING AVE/NORTEL NORTH ENT & 715 S OF CARLIN,356032.3253,5023549.606,12/3/16,23:16,01 - Clear,01 - Dry,10 - No control,01 - Non intersection,07 - Dark,03 - P.D. only,07 - SMV other
10176,MOODIE DR btwn 715 S OF CARLING AVE & 325 N OF CORKSTOWN RD/NORTEL S E,356189.084,5023203.983,8/17/16,17:53,01 - Clear,01 - Dry,10 - No control,01 - Non intersection,01 - Daylight,03 - P.D. only,03 - Rear end
10177,MOODIE DR btwn ALTI PL & FALLOWFIELD RD,359418.2526,5014827.277,11/21/16,17:32,03 - Snow,03 - Loose snow,10 - No control,04 - At/near private drive,07 - Dark,03 - P.D. only,03 - Rear end
10178,MOODIE DR btwn ANWATIN ST & ARNOLD DR,357507.4498,5019415.952,2/11/16,6:45,03 - Snow,03 - Loose snow,10 - No control,01 - Non intersection,03 - Dawn,03 - P.D. only,01 - Approaching
10179,MOODIE DR btwn BARNSDALE RD & BROPHY DR,362598.1209,5007238.296,12/22/16,8:15,03 - Snow,03 - Loose snow,10 - No control,01 - Non intersection,01 - Daylight,02 - Non-fatal injury,01 - Approaching
10180,MOODIE DR btwn BARNSDALE RD & BROPHY DR,362559.1787,5007325.943,2/11/16,9:28,05 - Drifting Snow,03 - Loose snow,10 - No control,01 - Non intersection,01 - Daylight,03 - P.D. only,07 - SMV other
10181,MOODIE DR btwn BRIDE PRIV & MCKENNA CASEY DR,359579.6105,5014455.049,7/6/16,16:02,01 - Clear,01 - Dry,10 - No control,01 - Non intersection,01 - Daylight,02 - Non-fatal injury,07 - SMV other
10182,MOODIE DR btwn FALLOWFIELD RD & BRIDE PRIV,359533.6252,5014561.908,4/6/16,16:22,03 - Snow,03 - Loose snow,10 - No control,01 - Non intersection,01 - Daylight,03 - P.D. only,07 - SMV other
10183,MOODIE DR btwn HADLEY CIRC & TYRRELL PL,357148.9792,5020273.48,1/20/16,0:12,01 - Clear,06 - Ice,10 - No control,01 - Non intersection,07 - Dark,03 - P.D. only,05 - Turning movement
10184,MOODIE DR btwn HWY417 IC134 RAMP53 & TIMM DR,356535.9264,5021752.773,2/24/16,15:10,02 - Rain,03 - Loose snow,10 - No control,01 - Non intersection,01 - Daylight,03 - P.D. only,04 - Sideswipe
10185,MOODIE DR btwn MCKENNA CASEY DR & CAMBRIAN RD,360342.9729,5012676.203,11/24/16,17:00,03 - Snow,02 - Wet,10 - No control,01 - Non intersection,05 - Dusk,03 - P.D. only,06 - SMV unattended vehicle
10186,MOODIE DR btwn RICHMOND RD & RICHMOND RD,357412.1445,5019635.771,3/18/16,14:14,01 - Clear,01 - Dry,10 - No control,01 - Non intersection,01 - Daylight,02 - Non-fatal injury,04 - Sideswipe
10187,MOODIE DR btwn RICHMOND RD & RICHMOND RD,357409.3274,5019642.294,8/12/16,10:50,01 - Clear,01 - Dry,10 - No control,01 - Non intersection,01 - Daylight,02 - Non-fatal injury,07 - SMV other
10188,MOODIE DR btwn ROBERTSON RD & HADLEY CIRC,357106.6082,5020367.663,9/29/16,8:41,01 - Clear,01 - Dry,10 - No control,04 - At/near private drive,01 - Daylight,03 - P.D. only,02 - Angle
10189,MOODIE DR btwn ROBERTSON RD & HADLEY CIRC,357079.6049,5020425.84,12/5/16,7:36,03 - Snow,03 - Loose snow,10 - No control,04 - At/near private drive,03 - Dawn,03 - P.D. only,02 - Angle
10190,MOODIE DR btwn SONGBIRD PRIV & Continuation of MOODIE DR,357704.0954,5018959.282,3/24/16,19:47,04 - Freezing Rain,04 - Slush,10 - No control,01 - Non intersection,07 - Dark,02 - Non-fatal injury,07 - SMV other
10191,MOODIE DR btwn SONGBIRD PRIV & Continuation of MOODIE DR,357607.4974,5019182.12,12/21/16,17:47,01 - Clear,02 - Wet,10 - No control,01 - Non intersection,07 - Dark,03 - P.D. only,06 - SMV unattended vehicle
10192,MOODIE DR btwn TRAIL RD & BARNSDALE RD,361169.0659,5010696.093,3/22/16,6:59,01 - Clear,01 - Dry,10 - No control,01 - Non intersection,03 - Dawn,02 - Non-fatal injury,07 - SMV other
10193,MOODIE DR btwn WEST HUNT CLUB RD & ALTI PL,358279.2789,5017578.35,12/16/16,17:57,01 - Clear,02 - Wet,10 - No control,01 - Non intersection,07 - Dark,02 - Non-fatal injury,01 - Approaching
10194,MOODIE DR btwn WEST HUNT CLUB RD & ALTI PL,359132.9014,5015491.853,9/16/16,17:55,01 - Clear,01 - Dry,10 - No control,01 - Non intersection,01 - Daylight,03 - P.D. only,07 - SMV other
10195,MOODIE DR btwn WEST HUNT CLUB RD & ALTI PL,358781.9617,5016322.702,9/16/16,19:48,01 - Clear,01 - Dry,10 - No control,01 - Non intersection,05 - Dusk,03 - P.D. only,07 - SMV other
10196,MOODIE DR btwn WEST HUNT CLUB RD & ALTI PL,358801.4247,5016302.037,9/16/16,19:52,01 - Clear,01 - Dry,10 - No control,01 - Non intersection,07 - Dark,03 - P.D. only,07 - SMV other
10197,MOODIE DR btwn WEST HUNT CLUB RD & ALTI PL,357947.4033,5018406.116,10/22/16,17:26,01 - Clear,02 - Wet,10 - No control,01 - Non intersection,01 - Daylight,03 - P.D. only,07 - SMV other
10198,MOODIE DR btwn WIFFEN PRIV & RICHMOND RD,357389.0792,5019701.398,11/24/16,8:56,03 - Snow,04 - Slush,10 - No control,01 - Non intersection,01 - Daylight,03 - P.D. only,04 - Sideswipe
10199,MOONEY'S BAY PL @ RIVERSIDE DR,368355.6628,5025297.488,8/23/16,16:46,01 - Clear,01 - Dry,01 - Traffic signal,02 - Intersection related,01 - Daylight,03 - P.D. only,03 - Rear end
10200,MOONEY'S BAY PL @ RIVERSIDE DR,368355.714,5025296.971,12/31/16,16:56,03 - Snow,03 - Loose snow,01 - Traffic signal,03 - At intersection,07 - Dark,03 - P.D. only,05 - Turning movement
10201,MOONEY'S BAY PL @ RIVERSIDE DR,368354.8868,5025296.098,12/7/16,16:52,01 - Clear,02 - Wet,01 - Traffic signal,02 - Intersection related,05 - Dusk,03 - P.D. only,03 - Rear end
10202,MOONEY'S BAY PL btwn BAYSIDE PRIV & SPRINGLAND DR,368624.5152,5025336.134,4/20/16,12:40,01 - Clear,01 - Dry,10 - No control,01 - Non intersection,01 - Daylight,03 - P.D. only,06 - SMV unattended vehicle
10203,MOONEY'S BAY PL btwn RIVERSIDE DR & WATERVIEW CRT,368454.2494,5025312.972,6/15/16,12:36,01 - Clear,01 - Dry,10 - No control,01 - Non intersection,01 - Daylight,03 - P.D. only,01 - Approaching
10204,MOORE ST @ HUNTLEY RD,356465.6138,5006850.167,11/4/16,12:42,01 - Clear,01 - Dry,02 - Stop sign,03 - At intersection,01 - Daylight,03 - P.D. only,02 - Angle
10205,MOORVALE ST btwn MCARTHUR AVE & ROPER AVE,371452.2,5032747.546,11/23/16,7:10,01 - Clear,01 - Dry,10 - No control,01 - Non intersection,03 - Dawn,03 - P.D. only,06 - SMV unattended vehicle
10206,MOREWOOD CRES btwn LEVAC DR & LEVAC DR,384394.2106,5038085.383,6/16/16,21:00,01 - Clear,01 - Dry,10 - No control,01 - Non intersection,05 - Dusk,03 - P.D. only,06 - SMV unattended vehicle
10207,MORIN RD @ REGIONAL RD 174,392040.4484,5042781.78,6/30/16,18:13,01 - Clear,01 - Dry,02 - Stop sign,02 - Intersection related,01 - Daylight,02 - Non-fatal injury,03 - Rear end
10208,MORIN RD @ REGIONAL RD 174,392039.5703,5042781.78,1/13/16,14:25,01 - Clear,06 - Ice,02 - Stop sign,02 - Intersection related,01 - Daylight,03 - P.D. only,04 - Sideswipe
10209,MORISSET AVE btwn CALDWELL AVE & MERIVALE RD,364398.5662,5026201.509,5/22/16,9:33,01 - Clear,01 - Dry,10 - No control,01 - Non intersection,01 - Daylight,03 - P.D. only,06 - SMV unattended vehicle
10210,MORRISON DR @ BASELINE RD,360100.5857,5022309.264,6/24/16,12:43,01 - Clear,01 - Dry,01 - Traffic signal,02 - Intersection related,01 - Daylight,03 - P.D. only,03 - Rear end
10211,MORRISON DR @ BASELINE RD,360097.1827,5022308.251,12/1/16,17:07,01 - Clear,01 - Dry,01 - Traffic signal,02 - Intersection related,07 - Dark,03 - P.D. only,03 - Rear end
10212,MORRISON DR btwn DRAPER AVE & BASELINE RD,360093.0419,5022324.815,10/17/16,10:08,01 - Clear,01 - Dry,10 - No control,01 - Non intersection,01 - Daylight,03 - P.D. only,06 - SMV unattended vehicle
10213,MOSS GROVE ST btwn SORENTO ST & PAUL METIVIER DR,366231.8509,5014874.925,2/17/16,18:01,03 - Snow,03 - Loose snow,10 - No control,04 - At/near private drive,07 - Dark,03 - P.D. only,06 - SMV unattended vehicle
10214,MOUNTSHANNON DR btwn LONGFIELDS DR & BOULDER WAY,364295.9551,5016662.6,5/24/16,18:20,01 - Clear,01 - Dry,10 - No control,04 - At/near private drive,01 - Daylight,03 - P.D. only,06 - SMV unattended vehicle
10215,MULBERRY CRES btwn MARQUIS AVE & MARQUIS AVE,375011.9851,5034664.968,3/19/16,23:48,01 - Clear,01 - Dry,10 - No control,04 - At/near private drive,07 - Dark,03 - P.D. only,07 - SMV other
10216,MULDER AVE @ PROVENCE AVE,386072.5021,5037271.922,4/13/16,20:33,01 - Clear,01 - Dry,02 - Stop sign,02 - Intersection related,07 - Dark,02 - Non-fatal injury,07 - SMV other
10217,MULDER AVE btwn SCULLY WAY & SCULLY WAY,386316.1734,5037253.758,1/29/16,19:00,01 - Clear,02 - Wet,10 - No control,01 - Non intersection,07 - Dark,03 - P.D. only,06 - SMV unattended vehicle
10218,MULKINS ST N @ STITTSVILLE MAIN ST,349902.4859,5013758.222,8/24/16,15:33,01 - Clear,01 - Dry,02 - Stop sign,02 - Intersection related,01 - Daylight,03 - P.D. only,03 - Rear end
10219,MULLIN PRIV/PENENCY PRIV @ RENAUD RD,381958.429,5032822.14,10/22/16,13:14,02 - Rain,02 - Wet,,03 - At intersection,01 - Daylight,02 - Non-fatal injury,05 - Turning movement
10220,MULVAGH AVE btwn WALGATE AVE & CHARKAY ST,365522.5354,5024188.176,8/18/16,16:58,01 - Clear,01 - Dry,10 - No control,01 - Non intersection,01 - Daylight,03 - P.D. only,06 - SMV unattended vehicle
10221,MUNSTER RD btwn FRANKTOWN RD & JOCK TR,350749.2497,5000738.675,8/20/16,3:00,01 - Clear,01 - Dry,10 - No control,01 - Non intersection,07 - Dark,03 - P.D. only,07 - SMV other
10222,MURIEL ST btwn FIFTH AVE & HOLMWOOD AVE,367728.5658,5028877.738,9/16/16,16:00,01 - Clear,01 - Dry,10 - No control,04 - At/near private drive,01 - Daylight,03 - P.D. only,02 - Angle
10223,MURPHY SIDE RD @ SECOND LINE RD,343966.0464,5027522.388,6/9/16,7:30,01 - Clear,01 - Dry,02 - Stop sign,03 - At intersection,01 - Daylight,03 - P.D. only,02 - Angle
10224,MURPHY SIDE RD btwn MARCHURST RD & SECOND LINE RD,343530.2429,5027140.001,11/21/16,13:35,03 - Snow,06 - Ice,10 - No control,01 - Non intersection,01 - Daylight,03 - P.D. only,07 - SMV other
10225,MURRAY ST @ SUSSEX DR,367706.8705,5032393.4,2/14/16,2:46,01 - Clear,01 - Dry,01 - Traffic signal,03 - At intersection,07 - Dark,02 - Non-fatal injury,02 - Angle
10226,MURRAY ST @ SUSSEX DR,367707.4702,5032394.656,11/6/16,18:10,01 - Clear,01 - Dry,01 - Traffic signal,03 - At intersection,07 - Dark,02 - Non-fatal injury,02 - Angle
10227,MURRAY ST btwn ALEXANDRA BR & MACKENZIE AVE,367589.0927,5032392.909,1/12/16,6:10,01 - Clear,01 - Dry,10 - No control,01 - Non intersection,07 - Dark,03 - P.D. only,04 - Sideswipe
10228,MURRAY ST btwn DALHOUSIE ST & CUMBERLAND ST,368135.0969,5032657.48,9/2/16,15:47,01 - Clear,01 - Dry,10 - No control,04 - At/near private drive,01 - Daylight,02 - Non-fatal injury,02 - Angle
10229,MURRAY ST btwn DALHOUSIE ST & CUMBERLAND ST,368034.3846,5032594.56,1/21/16,20:35,01 - Clear,02 - Wet,10 - No control,01 - Non intersection,07 - Dark,03 - P.D. only,04 - Sideswipe