Record,Location,X,Y,Date,Time,Environment,Road_Surface,Traffic_Control,Collision_Location,Light,Collision_Classification,Impact_type
10230,MURRAY ST btwn DALHOUSIE ST & CUMBERLAND ST,368018.6565,5032583.471,4/17/16,1:20,01 - Clear,01 - Dry,10 - No control,01 - Non intersection,07 - Dark,03 - P.D. only,04 - Sideswipe
10231,MURRAY ST btwn DALHOUSIE ST & CUMBERLAND ST,368159.1027,5032673.788,10/25/16,19:00,01 - Clear,01 - Dry,10 - No control,01 - Non intersection,07 - Dark,03 - P.D. only,06 - SMV unattended vehicle
10232,MURRAY ST btwn KING EDWARD AVE & ST. PATRICK ST,368328.9669,5032791.263,12/4/16,20:09,01 - Clear,01 - Dry,10 - No control,01 - Non intersection,07 - Dark,02 - Non-fatal injury,07 - SMV other
10233,MURRAY ST btwn PARENT AVE & DALHOUSIE ST,367957.6349,5032546.265,12/2/16,19:26,01 - Clear,01 - Dry,10 - No control,01 - Non intersection,07 - Dark,02 - Non-fatal injury,04 - Sideswipe
10234,MURRAY ST btwn PARENT AVE & DALHOUSIE ST,367979.3508,5032561.01,3/24/16,9:35,04 - Freezing Rain,02 - Wet,10 - No control,01 - Non intersection,01 - Daylight,03 - P.D. only,04 - Sideswipe
10235,MURRAY ST btwn PARENT AVE & DALHOUSIE ST,367931.6878,5032531.329,2/26/16,15:46,01 - Clear,01 - Dry,10 - No control,01 - Non intersection,01 - Daylight,03 - P.D. only,06 - SMV unattended vehicle
10236,MURRAY ST btwn PARENT AVE & DALHOUSIE ST,367888.3865,5032503.142,6/14/16,22:36,01 - Clear,01 - Dry,10 - No control,01 - Non intersection,07 - Dark,03 - P.D. only,06 - SMV unattended vehicle
10237,MURRAY ST btwn PARENT AVE & DALHOUSIE ST,367874.7448,5032497.292,4/10/16,3:38,01 - Clear,01 - Dry,10 - No control,01 - Non intersection,07 - Dark,03 - P.D. only,06 - SMV unattended vehicle
10238,MURRAY ST btwn SUSSEX DR & PARENT AVE,367840.9411,5032475.463,4/21/16,17:30,01 - Clear,01 - Dry,10 - No control,01 - Non intersection,01 - Daylight,02 - Non-fatal injury,04 - Sideswipe
10239,MURRAY ST btwn SUSSEX DR & PARENT AVE,367772.2931,5032435.551,2/6/16,17:13,01 - Clear,01 - Dry,10 - No control,01 - Non intersection,07 - Dark,03 - P.D. only,06 - SMV unattended vehicle
10240,MURRAY ST btwn SUSSEX DR & PARENT AVE,367724.4336,5032404.816,1/25/16,19:24,01 - Clear,02 - Wet,10 - No control,01 - Non intersection,07 - Dark,03 - P.D. only,04 - Sideswipe
10241,MUSTANG ST @ NAVAN RD,387695.7961,5032042.76,11/3/16,6:15,02 - Rain,02 - Wet,02 - Stop sign,03 - At intersection,03 - Dawn,03 - P.D. only,02 - Angle
10242,MUTUAL ST @ RAINIER ST,371968.0437,5032993.126,5/5/16,12:31,01 - Clear,01 - Dry,10 - No control,02 - Intersection related,01 - Daylight,03 - P.D. only,03 - Rear end
10243,MUTUAL ST btwn MAY ST & ST. LAURENT BLVD,371861.2561,5032959.856,12/30/16,16:45,01 - Clear,03 - Loose snow,10 - No control,01 - Non intersection,05 - Dusk,03 - P.D. only,06 - SMV unattended vehicle
10244,NANAIMO DR @ OKANAGAN DR,359436.4561,5022678.841,11/14/16,9:57,01 - Clear,01 - Dry,02 - Stop sign,03 - At intersection,01 - Daylight,03 - P.D. only,99 - Other
10245,NANTES ST btwn BRIAN COBURN BLVD & IVANY WAY,386099.4111,5035697.258,10/29/16,16:45,01 - Clear,01 - Dry,10 - No control,04 - At/near private drive,05 - Dusk,03 - P.D. only,06 - SMV unattended vehicle
10246,NASKAPI DR btwn ROTHWELL DR & LUDGATE CRT,374845.3939,5034735.156,1/16/16,0:00,03 - Snow,03 - Loose snow,10 - No control,01 - Non intersection,00 - Unknown,03 - P.D. only,06 - SMV unattended vehicle
10247,NATIONAL CAPITAL COMM DRWY btwn HOLLAND AVE & TUNIS AVE,365518.8183,5027759.638,7/24/16,14:35,01 - Clear,01 - Dry,10 - No control,01 - Non intersection,01 - Daylight,02 - Non-fatal injury,01 - Approaching
10248,NATIONAL CAPITAL COMM DRWY btwn TUNIS AVE & ASH LANE,365563.9828,5027534.835,12/23/16,4:50,01 - Clear,04 - Slush,10 - No control,01 - Non intersection,07 - Dark,03 - P.D. only,07 - SMV other
10249,NATURE TRAIL CRES btwn PAGE RD & NOBLEWOOD WAY (1),381249.8201,5033718.949,10/20/16,17:30,02 - Rain,02 - Wet,10 - No control,01 - Non intersection,07 - Dark,03 - P.D. only,06 - SMV unattended vehicle
10250,NAUGHTON ST @ QUEEN MARY ST,371333.4964,5032068.035,3/2/16,10:52,01 - Clear,05 - Packed snow,02 - Stop sign,03 - At intersection,01 - Daylight,03 - P.D. only,02 - Angle
10251,NAUGHTON ST btwn AVE. VINCENT MASSEY AVE & KING GEORGE ST,371317.5091,5032203.97,7/24/16,0:00,01 - Clear,01 - Dry,10 - No control,01 - Non intersection,00 - Unknown,03 - P.D. only,06 - SMV unattended vehicle
10252,NAVAHO DR @ DEERFIELD DR,363162.1443,5023961.138,6/9/16,12:22,01 - Clear,01 - Dry,02 - Stop sign,03 - At intersection,01 - Daylight,03 - P.D. only,05 - Turning movement
10253,NAVAHO DR @ WOODROFFE AVE/TRANSITWAY N BASELIN,362705.1442,5023493.899,2/12/16,15:27,01 - Clear,01 - Dry,01 - Traffic signal,02 - Intersection related,01 - Daylight,02 - Non-fatal injury,03 - Rear end
10254,NAVAHO DR @ WOODROFFE AVE/TRANSITWAY N BASELIN,362706.4614,5023492.142,10/16/16,13:56,01 - Clear,01 - Dry,01 - Traffic signal,03 - At intersection,01 - Daylight,02 - Non-fatal injury,05 - Turning movement
10255,NAVAHO DR @ WOODROFFE AVE/TRANSITWAY N BASELIN,362706.036,5023494.021,1/23/16,11:17,01 - Clear,01 - Dry,01 - Traffic signal,02 - Intersection related,01 - Daylight,02 - Non-fatal injury,03 - Rear end
10256,NAVAHO DR @ WOODROFFE AVE/TRANSITWAY N BASELIN,362705.5833,5023492.582,7/9/16,12:19,01 - Clear,01 - Dry,01 - Traffic signal,02 - Intersection related,01 - Daylight,02 - Non-fatal injury,03 - Rear end
10257,NAVAHO DR @ WOODROFFE AVE/TRANSITWAY N BASELIN,362706.4614,5023491.703,10/19/16,7:35,01 - Clear,01 - Dry,01 - Traffic signal,03 - At intersection,01 - Daylight,03 - P.D. only,05 - Turning movement
10258,NAVAHO DR @ WOODROFFE AVE/TRANSITWAY N BASELIN,362707.8982,5023492.387,9/3/16,10:04,01 - Clear,01 - Dry,01 - Traffic signal,02 - Intersection related,01 - Daylight,03 - P.D. only,03 - Rear end
10259,NAVAHO DR @ WOODROFFE AVE/TRANSITWAY N BASELIN,362706.0174,5023493.026,4/9/16,11:15,01 - Clear,01 - Dry,01 - Traffic signal,02 - Intersection related,01 - Daylight,03 - P.D. only,03 - Rear end
10260,NAVAHO DR @ WOODROFFE AVE/TRANSITWAY N BASELIN,362705.4914,5023493.176,1/13/16,8:25,03 - Snow,03 - Loose snow,01 - Traffic signal,03 - At intersection,01 - Daylight,03 - P.D. only,05 - Turning movement
10261,NAVAHO DR @ WOODROFFE AVE/TRANSITWAY N BASELIN,362706.4664,5023493.923,5/6/16,9:32,01 - Clear,01 - Dry,01 - Traffic signal,02 - Intersection related,01 - Daylight,03 - P.D. only,03 - Rear end
10262,NAVAHO DR @ WOODROFFE AVE/TRANSITWAY N BASELIN,362706.4664,5023492.577,4/13/16,16:00,01 - Clear,01 - Dry,01 - Traffic signal,03 - At intersection,01 - Daylight,03 - P.D. only,05 - Turning movement
10263,NAVAHO DR @ WOODROFFE AVE/TRANSITWAY N BASELIN,362706.4614,5023493.021,11/15/16,20:14,01 - Clear,01 - Dry,01 - Traffic signal,03 - At intersection,07 - Dark,03 - P.D. only,05 - Turning movement
10264,NAVAHO DR @ WOODROFFE AVE/TRANSITWAY N BASELIN,362705.789,5023493.62,12/8/16,22:21,04 - Freezing Rain,06 - Ice,01 - Traffic signal,02 - Intersection related,07 - Dark,03 - P.D. only,99 - Other
10265,NAVAHO DR @ WOODROFFE AVE/TRANSITWAY N BASELIN,362705.1442,5023493.46,12/1/16,12:18,01 - Clear,01 - Dry,01 - Traffic signal,02 - Intersection related,01 - Daylight,03 - P.D. only,05 - Turning movement
10266,NAVAHO DR btwn GAGE CRES & BASELINE RD,363082.6172,5024103.653,11/1/16,6:46,01 - Clear,01 - Dry,10 - No control,04 - At/near private drive,07 - Dark,03 - P.D. only,05 - Turning movement
10267,NAVAHO DR btwn NAVAHO DR & DEERFIELD DR,363133.792,5024009.721,9/6/16,16:45,01 - Clear,01 - Dry,10 - No control,01 - Non intersection,01 - Daylight,02 - Non-fatal injury,07 - SMV other
10268,NAVAN RD @ PAGE RD,381659.1014,5032771.648,11/2/16,16:09,01 - Clear,01 - Dry,02 - Stop sign,03 - At intersection,01 - Daylight,02 - Non-fatal injury,05 - Turning movement
10269,NAVAN RD @ PAGE RD,381659.9855,5032770.775,6/16/16,20:07,01 - Clear,01 - Dry,02 - Stop sign,03 - At intersection,01 - Daylight,03 - P.D. only,02 - Angle
10270,NAVAN RD @ PAGE RD,381659.2516,5032770.438,1/25/16,16:46,01 - Clear,01 - Dry,02 - Stop sign,03 - At intersection,05 - Dusk,03 - P.D. only,02 - Angle
10271,NAVAN RD @ TENTH LINE RD,385757.563,5031832.758,1/8/16,20:45,01 - Clear,01 - Dry,01 - Traffic signal,02 - Intersection related,07 - Dark,02 - Non-fatal injury,03 - Rear end
10272,NAVAN RD @ TENTH LINE RD,385758.4617,5031832.983,5/2/16,11:46,01 - Clear,01 - Dry,01 - Traffic signal,02 - Intersection related,01 - Daylight,02 - Non-fatal injury,03 - Rear end
10273,NAVAN RD @ TRIM RD,388560.0187,5032374.428,1/28/16,6:52,01 - Clear,01 - Dry,02 - Stop sign,03 - At intersection,07 - Dark,03 - P.D. only,02 - Angle
10274,NAVAN RD btwn DIAMOND WAY & TENTH LINE RD,385558.4617,5031877.477,5/7/16,7:51,01 - Clear,01 - Dry,10 - No control,01 - Non intersection,01 - Daylight,02 - Non-fatal injury,07 - SMV other
10275,NAVAN RD btwn DIAMOND WAY & TENTH LINE RD,385461.2624,5031897.062,8/31/16,16:41,02 - Rain,02 - Wet,10 - No control,01 - Non intersection,01 - Daylight,02 - Non-fatal injury,05 - Turning movement
10276,NAVAN RD btwn DIAMOND WAY & TENTH LINE RD,384343.6156,5032097.155,2/11/16,14:27,01 - Clear,01 - Dry,10 - No control,04 - At/near private drive,01 - Daylight,03 - P.D. only,05 - Turning movement
10277,NAVAN RD btwn INNES RD & ORLEANS BLVD,379685.2631,5033233.123,6/20/16,1:35,01 - Clear,01 - Dry,10 - No control,01 - Non intersection,07 - Dark,03 - P.D. only,03 - Rear end
10278,NAVAN RD btwn INNES RD & ORLEANS BLVD,379921.2689,5033218.504,6/7/16,7:00,01 - Clear,01 - Dry,10 - No control,01 - Non intersection,01 - Daylight,03 - P.D. only,07 - SMV other
10279,NAVAN RD btwn MER BLEUE RD & DIAMOND WAY,384151.8018,5032184.355,4/6/16,18:00,03 - Snow,05 - Packed snow,10 - No control,01 - Non intersection,01 - Daylight,02 - Non-fatal injury,01 - Approaching
10280,NAVAN RD btwn MUSTANG ST & TO BE DETERMINED,387975.1143,5032152.523,8/6/16,17:16,01 - Clear,01 - Dry,10 - No control,01 - Non intersection,01 - Daylight,03 - P.D. only,03 - Rear end
10281,NAVAN RD btwn MUSTANG ST & TO BE DETERMINED,388420.0265,5032315.526,7/11/16,13:03,01 - Clear,01 - Dry,10 - No control,01 - Non intersection,01 - Daylight,03 - P.D. only,01 - Approaching
10282,NAVAN RD btwn ORLEANS BLVD & PAGE RD,381608.9276,5032779.651,2/17/16,18:40,03 - Snow,06 - Ice,10 - No control,04 - At/near private drive,07 - Dark,03 - P.D. only,03 - Rear end
10283,NAVAN RD btwn ORLEANS BLVD & PAGE RD,381485.847,5032806.575,12/5/16,18:40,03 - Snow,05 - Packed snow,10 - No control,04 - At/near private drive,07 - Dark,03 - P.D. only,03 - Rear end
10284,NAVAN RD W @ MER BLEUE RD,384007.5254,5032256.969,4/27/16,16:05,01 - Clear,01 - Dry,02 - Stop sign,03 - At intersection,01 - Daylight,02 - Non-fatal injury,03 - Rear end
10285,NAVY PRIV @ PRINCE OF WALES DR,366839.7247,5028678.42,2/25/16,17:02,03 - Snow,06 - Ice,02 - Stop sign,02 - Intersection related,01 - Daylight,03 - P.D. only,03 - Rear end
10286,NEIL WAY @ RIVERSIDE DR,369464.9323,5028291.518,5/16/16,8:30,01 - Clear,01 - Dry,02 - Stop sign,03 - At intersection,01 - Daylight,03 - P.D. only,03 - Rear end
10287,NEIL WAY @ RIVERSIDE DR,369463.9351,5028290.768,11/9/16,16:49,01 - Clear,01 - Dry,02 - Stop sign,03 - At intersection,05 - Dusk,03 - P.D. only,02 - Angle
10288,NEIL WAY @ RIVERSIDE DR,369465.9122,5028291.256,12/23/16,15:08,01 - Clear,02 - Wet,02 - Stop sign,02 - Intersection related,01 - Daylight,03 - P.D. only,04 - Sideswipe
10289,NELSON ST @ RIDEAU ST,368651.4403,5032497.803,4/1/16,21:47,01 - Clear,01 - Dry,01 - Traffic signal,03 - At intersection,07 - Dark,02 - Non-fatal injury,05 - Turning movement
10290,NELSON ST @ RIDEAU ST,368650.7616,5032499.61,8/25/16,16:23,01 - Clear,01 - Dry,01 - Traffic signal,03 - At intersection,01 - Daylight,02 - Non-fatal injury,05 - Turning movement
10291,NELSON ST @ RIDEAU ST,368650.3152,5032499.173,3/15/16,16:55,02 - Rain,02 - Wet,01 - Traffic signal,03 - At intersection,01 - Daylight,03 - P.D. only,05 - Turning movement
10292,NELSON ST @ RIDEAU ST,368651.2006,5032498.731,12/15/16,16:09,01 - Clear,01 - Dry,01 - Traffic signal,02 - Intersection related,05 - Dusk,03 - P.D. only,05 - Turning movement
10293,NELSON ST @ SOMERSET ST,369095.3652,5031761.357,9/28/16,18:37,01 - Clear,01 - Dry,02 - Stop sign,03 - At intersection,01 - Daylight,02 - Non-fatal injury,05 - Turning movement
10294,NELSON ST @ SOMERSET ST,369095.3652,5031761.796,2/3/16,16:00,01 - Clear,02 - Wet,02 - Stop sign,03 - At intersection,01 - Daylight,03 - P.D. only,05 - Turning movement
10295,NELSON ST @ STEWART ST,368771.1032,5032289.025,9/28/16,21:40,01 - Clear,01 - Dry,02 - Stop sign,03 - At intersection,07 - Dark,03 - P.D. only,02 - Angle
10296,NELSON ST @ STEWART ST,368770.4959,5032289.677,12/22/16,16:03,01 - Clear,04 - Slush,02 - Stop sign,03 - At intersection,05 - Dusk,03 - P.D. only,02 - Angle
10297,NELSON ST btwn BESSERER ST & DALY AVE,368695.7903,5032413.872,8/27/16,0:00,01 - Clear,01 - Dry,10 - No control,01 - Non intersection,00 - Unknown,03 - P.D. only,06 - SMV unattended vehicle
10298,NELSON ST btwn MURRAY ST & END,368409.1244,5032876.863,2/20/16,14:30,02 - Rain,04 - Slush,10 - No control,01 - Non intersection,01 - Daylight,03 - P.D. only,06 - SMV unattended vehicle
10299,NELSON ST btwn SOMERSET ST E & TEMPLETON ST,369126.1766,5031711.473,12/31/16,23:08,03 - Snow,03 - Loose snow,10 - No control,01 - Non intersection,07 - Dark,03 - P.D. only,04 - Sideswipe
10300,NELSON ST btwn YORK ST & RIDEAU ST,368596.755,5032585.669,1/1/16,22:35,03 - Snow,03 - Loose snow,10 - No control,01 - Non intersection,07 - Dark,03 - P.D. only,04 - Sideswipe
10301,NELSON ST btwn YORK ST & RIDEAU ST,368628.8433,5032533.217,4/10/16,13:42,01 - Clear,01 - Dry,10 - No control,01 - Non intersection,01 - Daylight,03 - P.D. only,06 - SMV unattended vehicle
10302,NEPEAN ST @ BANK ST,367561.2042,5031133.951,5/6/16,11:55,01 - Clear,01 - Dry,02 - Stop sign,03 - At intersection,01 - Daylight,02 - Non-fatal injury,07 - SMV other
10303,NEPEAN ST @ BANK ST,367562.9324,5031133.576,8/6/16,19:24,01 - Clear,01 - Dry,02 - Stop sign,02 - Intersection related,01 - Daylight,02 - Non-fatal injury,03 - Rear end
10304,NEPEAN ST @ BANK ST,367562.0465,5031133.356,10/15/16,9:56,01 - Clear,01 - Dry,02 - Stop sign,03 - At intersection,01 - Daylight,02 - Non-fatal injury,07 - SMV other
10305,NEPEAN ST @ BANK ST,367562.4778,5031133.576,8/3/16,19:05,01 - Clear,01 - Dry,02 - Stop sign,03 - At intersection,01 - Daylight,03 - P.D. only,02 - Angle
10306,NEPEAN ST @ O'CONNOR ST,367720.0681,5031226.371,9/22/16,9:00,01 - Clear,01 - Dry,02 - Stop sign,02 - Intersection related,01 - Daylight,02 - Non-fatal injury,03 - Rear end
10307,NEPEAN ST @ O'CONNOR ST,367720.0335,5031226.81,6/22/16,16:20,01 - Clear,01 - Dry,02 - Stop sign,03 - At intersection,01 - Daylight,03 - P.D. only,02 - Angle
10308,NEPEAN ST @ O'CONNOR ST,367720.8544,5031226.06,1/11/16,13:32,01 - Clear,01 - Dry,02 - Stop sign,02 - Intersection related,01 - Daylight,03 - P.D. only,04 - Sideswipe
10309,NEPEAN ST @ O'CONNOR ST,367720.9294,5031225.487,1/20/16,13:28,01 - Clear,02 - Wet,02 - Stop sign,03 - At intersection,01 - Daylight,03 - P.D. only,02 - Angle
10310,NEPEAN ST @ O'CONNOR ST,367720.4854,5031226.36,2/11/16,17:15,03 - Snow,03 - Loose snow,02 - Stop sign,03 - At intersection,05 - Dusk,03 - P.D. only,02 - Angle
10311,NEPEAN ST @ O'CONNOR ST,367720.7435,5031226.273,5/12/16,17:29,01 - Clear,01 - Dry,02 - Stop sign,03 - At intersection,01 - Daylight,03 - P.D. only,02 - Angle
10312,NEPEAN ST btwn BRONSON AVE & PERCY ST,366963.2794,5030789.904,5/5/16,17:20,01 - Clear,01 - Dry,10 - No control,01 - Non intersection,01 - Daylight,03 - P.D. only,06 - SMV unattended vehicle
10313,NEPEAN ST btwn METCALFE ST & ELGIN ST,367984.1256,5031384.985,4/22/16,7:00,02 - Rain,02 - Wet,10 - No control,04 - At/near private drive,01 - Daylight,03 - P.D. only,05 - Turning movement
10314,NEPEAN ST btwn O'CONNOR ST & METCALFE ST,367857.8603,5031310.135,4/12/16,17:21,01 - Clear,01 - Dry,10 - No control,01 - Non intersection,01 - Daylight,03 - P.D. only,04 - Sideswipe
10315,NEPEAN ST btwn O'CONNOR ST & METCALFE ST,367768.7568,5031253.928,9/20/16,11:12,01 - Clear,01 - Dry,10 - No control,01 - Non intersection,01 - Daylight,03 - P.D. only,06 - SMV unattended vehicle
10316,NERTA ST @ ST. LAURENT BLVD,373675.6326,5028604.332,9/17/16,17:01,02 - Rain,02 - Wet,02 - Stop sign,03 - At intersection,01 - Daylight,02 - Non-fatal injury,01 - Approaching
10317,NERTA ST @ ST. LAURENT BLVD,373675.9021,5028606.622,11/16/16,8:55,02 - Rain,02 - Wet,02 - Stop sign,02 - Intersection related,01 - Daylight,02 - Non-fatal injury,03 - Rear end
10318,NESS ST btwn MEADOWLANDS DR E & WIGAN DR,366464.352,5024865.327,11/24/16,19:30,01 - Clear,03 - Loose snow,10 - No control,01 - Non intersection,07 - Dark,03 - P.D. only,06 - SMV unattended vehicle
10319,NEW ORCHARD AVE @ RICHMOND RD,361293.4579,5026219.302,10/3/16,16:04,01 - Clear,01 - Dry,01 - Traffic signal,02 - Intersection related,01 - Daylight,03 - P.D. only,02 - Angle
10320,NEW ORCHARD AVE @ RICHMOND RD,361293.4579,5026219.741,12/1/16,16:33,02 - Rain,02 - Wet,01 - Traffic signal,03 - At intersection,05 - Dusk,03 - P.D. only,05 - Turning movement
10321,NEWBURY AVE btwn TIVERTON DR & BELIVEAU ST,365574.5625,5024507.153,6/26/16,2:00,01 - Clear,01 - Dry,10 - No control,01 - Non intersection,07 - Dark,03 - P.D. only,06 - SMV unattended vehicle
10322,NEWPORT CRES btwn HUNTERSFIELD DR & HUNTERSFIELD DR,373196.4032,5025145.332,2/26/16,17:06,04 - Freezing Rain,06 - Ice,10 - No control,01 - Non intersection,01 - Daylight,03 - P.D. only,07 - SMV other
10323,NICHOLAS ST btwn BESSERER ST & DALY AVE,368208.6051,5032073.848,8/30/16,21:06,01 - Clear,01 - Dry,10 - No control,01 - Non intersection,07 - Dark,03 - P.D. only,04 - Sideswipe
10324,NICHOLAS ST btwn BESSERER ST & DALY AVE,368218.4295,5032060.883,7/6/16,10:48,01 - Clear,01 - Dry,10 - No control,01 - Non intersection,01 - Daylight,03 - P.D. only,06 - SMV unattended vehicle
10325,NICHOLAS ST btwn DALY AVE & SB RAMP FROM WALLER/NICHOLAS/MACKENZIE KIN,368243.8374,5032022.028,6/4/16,12:28,01 - Clear,01 - Dry,10 - No control,01 - Non intersection,01 - Daylight,02 - Non-fatal injury,03 - Rear end
10326,NICHOLAS ST btwn RIDEAU ST & BESSERER ST,368142.9524,5032180.096,3/24/16,8:49,02 - Rain,02 - Wet,10 - No control,01 - Non intersection,01 - Daylight,03 - P.D. only,03 - Rear end
10327,NICHOLAS ST btwn RIDEAU ST & BESSERER ST,368146.0167,5032175.849,9/18/16,0:00,01 - Clear,01 - Dry,10 - No control,01 - Non intersection,00 - Unknown,03 - P.D. only,06 - SMV unattended vehicle
10328,NICHOLAS ST NB btwn HWY417 IC118 RAMP52 & WALLER ST,369100.8273,5031300.418,12/18/16,8:30,04 - Freezing Rain,06 - Ice,10 - No control,01 - Non intersection,01 - Daylight,02 - Non-fatal injury,07 - SMV other
10329,NICHOLAS ST NB btwn HWY417 IC118 RAMP52 & WALLER ST,368944.9049,5031377.946,8/26/16,18:09,01 - Clear,01 - Dry,10 - No control,01 - Non intersection,01 - Daylight,03 - P.D. only,03 - Rear end
10330,NICHOLAS ST NB btwn HWY417 IC118 RAMP52 & WALLER ST,368772.4515,5031500.926,2/24/16,9:45,03 - Snow,05 - Packed snow,10 - No control,01 - Non intersection,01 - Daylight,03 - P.D. only,04 - Sideswipe
10331,NICHOLAS ST NB btwn HWY417 IC118 RAMP52 & WALLER ST,368774.1562,5031499.602,4/28/16,14:33,01 - Clear,01 - Dry,10 - No control,01 - Non intersection,01 - Daylight,03 - P.D. only,03 - Rear end
10332,NICHOLAS ST NB btwn HWY417 IC118 RAMP52 & WALLER ST,369027.04,5031335.585,4/30/16,13:00,01 - Clear,01 - Dry,10 - No control,01 - Non intersection,01 - Daylight,03 - P.D. only,03 - Rear end
10333,NICHOLAS ST NB btwn HWY417 IC118 RAMP52 & WALLER ST,368536.015,5031678.747,6/10/16,7:10,01 - Clear,01 - Dry,10 - No control,01 - Non intersection,01 - Daylight,03 - P.D. only,03 - Rear end
10334,NICHOLAS ST NB btwn HWY417 IC118 RAMP52 & WALLER ST,369118.2208,5031295.407,7/2/16,14:04,01 - Clear,01 - Dry,10 - No control,01 - Non intersection,01 - Daylight,03 - P.D. only,03 - Rear end
10335,NICHOLAS ST NB btwn HWY417 IC118 RAMP52 & WALLER ST,369053.6401,5031325.169,12/30/16,12:30,01 - Clear,02 - Wet,10 - No control,01 - Non intersection,01 - Daylight,03 - P.D. only,04 - Sideswipe
10336,NICHOLAS ST NB btwn HWY417 IC118 RAMP52 & WALLER ST,368615.0339,5031618.016,11/26/16,10:53,01 - Clear,01 - Dry,10 - No control,01 - Non intersection,01 - Daylight,03 - P.D. only,04 - Sideswipe
10337,NICHOLAS ST NB btwn LAURIER AVE E & WALLER ST,368417.0713,5031765.314,5/4/16,15:00,01 - Clear,01 - Dry,10 - No control,01 - Non intersection,01 - Daylight,03 - P.D. only,04 - Sideswipe
10338,NICHOLAS ST NB btwn LAURIER AVE E & WALLER ST,368449.6799,5031736.304,5/15/16,13:59,01 - Clear,01 - Dry,10 - No control,01 - Non intersection,01 - Daylight,03 - P.D. only,03 - Rear end
10339,NICHOLAS ST NB btwn LAURIER AVE E & WALLER ST,368405.107,5031785.433,12/23/16,15:13,01 - Clear,01 - Dry,10 - No control,01 - Non intersection,01 - Daylight,03 - P.D. only,04 - Sideswipe
10340,NICHOLAS ST NB btwn NICHOLAS ST NB OFF RAMP TO NICHOLAS ST SB & LAURIE,368363.635,5031879.935,5/26/16,21:22,02 - Rain,02 - Wet,10 - No control,04 - At/near private drive,07 - Dark,03 - P.D. only,02 - Angle
10341,NICHOLAS ST NB OFF RAMP TO NICHOLAS ST SB @ SB RAMP FROM WALLER/NICHOLAS/MACKENZIE KING BR,368343.7671,5031925.152,1/6/16,22:21,01 - Clear,02 - Wet,03 - Yield sign,03 - At intersection,07 - Dark,03 - P.D. only,02 - Angle
10342,NICHOLAS ST SB btwn Continuation of NICHOLAS ST & HWY417 IC118 RAMP35,368608.2652,5031613.808,1/11/16,10:10,01 - Clear,01 - Dry,10 - No control,01 - Non intersection,01 - Daylight,02 - Non-fatal injury,03 - Rear end
10343,NICHOLAS ST SB btwn Continuation of NICHOLAS ST & HWY417 IC118 RAMP35,368766.3358,5031495.918,3/6/16,2:18,01 - Clear,02 - Wet,10 - No control,01 - Non intersection,07 - Dark,03 - P.D. only,03 - Rear end
10344,NICHOLAS ST SB btwn LAURIER AVE E & Continuation of NICHOLAS ST,368442.3741,5031728.291,9/30/16,15:01,01 - Clear,01 - Dry,10 - No control,01 - Non intersection,01 - Daylight,02 - Non-fatal injury,03 - Rear end
10345,NICHOLAS ST SB btwn LAURIER AVE E & Continuation of NICHOLAS ST,368455.086,5031718.577,2/16/16,12:15,03 - Snow,03 - Loose snow,10 - No control,01 - Non intersection,01 - Daylight,03 - P.D. only,04 - Sideswipe
10346,NICHOLAS ST SB btwn LAURIER AVE E & Continuation of NICHOLAS ST,368444.109,5031726.481,2/5/16,11:00,01 - Clear,01 - Dry,10 - No control,01 - Non intersection,01 - Daylight,03 - P.D. only,04 - Sideswipe
10347,NICHOLAS ST SB btwn LAURIER AVE E & Continuation of NICHOLAS ST,368443.4504,5031726.7,2/20/16,11:56,03 - Snow,03 - Loose snow,10 - No control,01 - Non intersection,01 - Daylight,03 - P.D. only,03 - Rear end
10348,NICHOLAS ST SB btwn LAURIER AVE E & Continuation of NICHOLAS ST,368375.8259,5031791.912,4/22/16,2:40,02 - Rain,02 - Wet,10 - No control,01 - Non intersection,07 - Dark,03 - P.D. only,03 - Rear end
10349,NICHOLAS ST SB btwn LAURIER AVE E & Continuation of NICHOLAS ST,368374.0868,5031797.651,4/22/16,2:30,01 - Clear,01 - Dry,10 - No control,01 - Non intersection,07 - Dark,03 - P.D. only,03 - Rear end
10350,NICHOLAS ST SB btwn LAURIER AVE E & Continuation of NICHOLAS ST,368381.3643,5031787.815,8/2/16,17:43,01 - Clear,01 - Dry,10 - No control,01 - Non intersection,01 - Daylight,03 - P.D. only,04 - Sideswipe
10351,NICHOLAS ST SB btwn LAURIER AVE E & Continuation of NICHOLAS ST,368517.0236,5031680.283,12/18/16,16:00,01 - Clear,04 - Slush,10 - No control,01 - Non intersection,05 - Dusk,03 - P.D. only,03 - Rear end
10352,NICHOLAS ST SB btwn RAMP & LAURIER AVE E,368330.9521,5031878.68,4/26/16,12:37,01 - Clear,01 - Dry,10 - No control,01 - Non intersection,01 - Daylight,03 - P.D. only,04 - Sideswipe
10353,NICHOLAS ST SB btwn RAMP & LAURIER AVE E,368360.6744,5031821.577,4/6/16,23:00,03 - Snow,03 - Loose snow,10 - No control,01 - Non intersection,07 - Dark,03 - P.D. only,03 - Rear end