Record,Location,X,Y,Date,Time,Environment,Road_Surface,Traffic_Control,Collision_Location,Light,Collision_Classification,Impact_type
10354,NICHOLAS ST/NICHOLAS ST SB @ SB RAMP FROM WALL,368322.0884,5031893.868,9/18/16,14:02,01 - Clear,01 - Dry,01 - Traffic signal,02 - Intersection related,01 - Daylight,03 - P.D. only,03 - Rear end
10355,NINTH LINE RD btwn ANDERSON RD & FARMERS WAY,382962.9276,5021645.497,12/2/16,21:11,01 - Clear,01 - Dry,10 - No control,01 - Non intersection,07 - Dark,03 - P.D. only,07 - SMV other
10356,NINTH LINE RD btwn RAMSAYVILLE RD & ANDERSON RD,381135.7441,5020565.347,5/31/16,17:11,01 - Clear,01 - Dry,10 - No control,04 - At/near private drive,01 - Daylight,03 - P.D. only,03 - Rear end
10357,NIXON DR btwn BUCKLES ST & DALMENY RD,374960.2678,4999247.862,5/13/16,0:59,01 - Clear,01 - Dry,10 - No control,01 - Non intersection,07 - Dark,02 - Non-fatal injury,07 - SMV other
10358,NIXON DR btwn BUCKLES ST & DALMENY RD,374980.119,4999135.04,4/18/16,14:52,01 - Clear,01 - Dry,10 - No control,01 - Non intersection,01 - Daylight,02 - Non-fatal injury,07 - SMV other
10359,NIXON DR btwn TAYLOR WAY & OSGOODE MAIN ST,374393.4531,5000487.86,3/17/16,7:00,01 - Clear,02 - Wet,10 - No control,01 - Non intersection,03 - Dawn,03 - P.D. only,07 - SMV other
10360,NIXON DR/ROGER STEVENS DR @ RIVER RD,373169.5302,5002765.85,9/19/16,16:38,01 - Clear,01 - Dry,02 - Stop sign,02 - Intersection related,01 - Daylight,02 - Non-fatal injury,03 - Rear end
10361,NIXON DR/ROGER STEVENS DR @ RIVER RD,373169.0985,5002762.561,8/10/16,8:36,01 - Clear,01 - Dry,02 - Stop sign,03 - At intersection,01 - Daylight,03 - P.D. only,02 - Angle
10362,NO NAME btwn LANTHIER DR & END,383507.503,5035812.606,5/15/16,16:40,01 - Clear,01 - Dry,10 - No control,01 - Non intersection,01 - Daylight,03 - P.D. only,99 - Other
10363,NOBLEWOOD WAY btwn NATURE TRAIL CRES & NATURE TRAIL CRES,381422.0055,5033528.29,10/2/16,11:12,02 - Rain,02 - Wet,10 - No control,04 - At/near private drive,01 - Daylight,03 - P.D. only,06 - SMV unattended vehicle
10364,NORBERRY CRES S @ SPRINGLAND DR,368599.42,5025583.124,7/30/16,12:56,01 - Clear,01 - Dry,02 - Stop sign,02 - Intersection related,01 - Daylight,03 - P.D. only,05 - Turning movement
10365,NORICE ST @ WOODROFFE AVE,363193.8558,5022397.078,9/7/16,14:33,01 - Clear,01 - Dry,01 - Traffic signal,02 - Intersection related,01 - Daylight,02 - Non-fatal injury,03 - Rear end
10366,NORICE ST @ WOODROFFE AVE,363195.3426,5022397.273,2/10/16,8:40,03 - Snow,03 - Loose snow,01 - Traffic signal,02 - Intersection related,01 - Daylight,03 - P.D. only,05 - Turning movement
10367,NORICE ST @ WOODROFFE AVE,363195.7009,5022396.768,9/3/16,17:30,01 - Clear,01 - Dry,01 - Traffic signal,02 - Intersection related,01 - Daylight,03 - P.D. only,03 - Rear end
10368,NORICE ST @ WOODROFFE AVE,363195.5122,5022398.734,10/20/16,12:25,02 - Rain,02 - Wet,01 - Traffic signal,02 - Intersection related,01 - Daylight,03 - P.D. only,03 - Rear end
10369,NORICE ST @ WOODROFFE AVE,363196.3403,5022396.25,10/28/16,17:01,02 - Rain,02 - Wet,01 - Traffic signal,02 - Intersection related,01 - Daylight,03 - P.D. only,03 - Rear end
10370,NORICE ST @ WOODROFFE AVE,363195.1432,5022396.344,9/7/16,9:43,01 - Clear,01 - Dry,01 - Traffic signal,02 - Intersection related,01 - Daylight,03 - P.D. only,03 - Rear end
10371,NORICE ST @ WOODROFFE AVE,363195.3604,5022397.718,5/19/16,12:52,01 - Clear,01 - Dry,01 - Traffic signal,02 - Intersection related,01 - Daylight,03 - P.D. only,03 - Rear end
10372,NORICE ST @ WOODROFFE AVE,363196.3403,5022396.25,11/9/16,10:41,01 - Clear,01 - Dry,01 - Traffic signal,02 - Intersection related,01 - Daylight,03 - P.D. only,03 - Rear end
10373,NORICE ST @ WOODROFFE AVE,363193.0277,5022395.422,10/12/16,7:33,01 - Clear,01 - Dry,01 - Traffic signal,02 - Intersection related,01 - Daylight,03 - P.D. only,03 - Rear end
10374,NORICE ST @ WOODROFFE AVE,363194.684,5022398.734,11/29/16,13:53,01 - Clear,01 - Dry,01 - Traffic signal,02 - Intersection related,01 - Daylight,03 - P.D. only,03 - Rear end
10375,NORICE ST btwn VIEWMOUNT DR & MALCOLM PL,364113.0985,5022971.965,7/28/16,22:30,01 - Clear,01 - Dry,10 - No control,01 - Non intersection,07 - Dark,03 - P.D. only,07 - SMV other
10376,NORICE ST btwn WOODROFFE AVE & SULLIVAN AVE,363211.9448,5022404.622,1/3/16,17:02,01 - Clear,01 - Dry,10 - No control,01 - Non intersection,05 - Dusk,03 - P.D. only,06 - SMV unattended vehicle
10377,NORICE ST btwn WOODROFFE AVE & SULLIVAN AVE,363274.7291,5022441.461,6/16/16,15:00,01 - Clear,01 - Dry,10 - No control,04 - At/near private drive,01 - Daylight,03 - P.D. only,06 - SMV unattended vehicle
10378,NORMAN ST @ PRESTON ST,366716.9275,5029193.778,9/21/16,13:39,01 - Clear,01 - Dry,02 - Stop sign,03 - At intersection,01 - Daylight,02 - Non-fatal injury,07 - SMV other
10379,NORMAN ST @ PRESTON ST,366716.9327,5029193.558,5/13/16,19:38,01 - Clear,01 - Dry,02 - Stop sign,03 - At intersection,01 - Daylight,03 - P.D. only,02 - Angle
10380,NORMAN ST @ ROCHESTER ST,366889.9195,5029269.458,12/8/16,15:48,01 - Clear,01 - Dry,02 - Stop sign,03 - At intersection,01 - Daylight,03 - P.D. only,02 - Angle
10381,NORMAN ST btwn PRESTON ST & ROCHESTER ST,366798.6027,5029230.39,2/16/16,13:37,03 - Snow,04 - Slush,10 - No control,01 - Non intersection,01 - Daylight,03 - P.D. only,06 - SMV unattended vehicle
10382,NORMANDY CRES btwn FISHER AVE & ORTONA AVE (2),366818.0369,5024866.481,7/19/16,7:08,01 - Clear,01 - Dry,10 - No control,01 - Non intersection,01 - Daylight,03 - P.D. only,07 - SMV other
10383,NORMANDY CRES btwn NORMANDY CRES & FISHER AVE (2),366660.5782,5024765.161,4/15/16,9:00,01 - Clear,01 - Dry,10 - No control,01 - Non intersection,01 - Daylight,03 - P.D. only,03 - Rear end
10384,NORMANDY CRES S @ ORTONA AVE S,367029.8905,5024390.088,10/14/16,0:03,01 - Clear,01 - Dry,02 - Stop sign,03 - At intersection,07 - Dark,03 - P.D. only,07 - SMV other
10385,NORTH RIVER RD btwn COLUMBUS AVE & GLYNN AVE,370010.2183,5032108.809,12/12/16,16:13,03 - Snow,04 - Slush,10 - No control,01 - Non intersection,05 - Dusk,02 - Non-fatal injury,07 - SMV other
10386,NORTH RIVER RD btwn MONTREAL RD & SELKIRK ST,369757.9304,5032832.042,9/19/16,15:36,01 - Clear,01 - Dry,10 - No control,04 - At/near private drive,01 - Daylight,03 - P.D. only,07 - SMV other
10387,NORTH RIVER RD btwn ONTARIO ST & DONALD ST,369966.3533,5032237.127,6/26/16,13:07,01 - Clear,01 - Dry,10 - No control,01 - Non intersection,01 - Daylight,02 - Non-fatal injury,06 - SMV unattended vehicle
10388,NORTH SERVICE RD btwn ROSSIGNOL CRES & TRIM RD,384077.3233,5040127.793,9/5/16,18:00,01 - Clear,01 - Dry,10 - No control,01 - Non intersection,01 - Daylight,03 - P.D. only,01 - Approaching
10389,NORTHLANDS DR btwn SACRAMENTO DR & NICOLET WAY,384870.0115,5037349.681,6/9/16,17:20,01 - Clear,01 - Dry,10 - No control,01 - Non intersection,01 - Daylight,03 - P.D. only,06 - SMV unattended vehicle
10390,NORTHLANDS DR btwn SACRAMENTO DR & SUNLAND DR,384863.0713,5037165.903,3/8/16,19:00,01 - Clear,01 - Dry,10 - No control,01 - Non intersection,07 - Dark,03 - P.D. only,06 - SMV unattended vehicle
10391,NORTHPARK DR @ RIDGEBURN GT,378072.7462,5033304.723,4/12/16,18:30,03 - Snow,05 - Packed snow,02 - Stop sign,02 - Intersection related,01 - Daylight,03 - P.D. only,07 - SMV other
10392,NORTHPARK DR btwn BURNVIEW CRES & BURNVIEW CRES,377930.3846,5033253.374,2/10/16,7:01,03 - Snow,03 - Loose snow,10 - No control,04 - At/near private drive,03 - Dawn,03 - P.D. only,99 - Other
10393,NORTHSIDE RD @ CASSIDY RD,358854.2478,5021475.668,12/11/16,9:03,01 - Clear,01 - Dry,10 - No control,02 - Intersection related,99 - Other,03 - P.D. only,07 - SMV other
10394,NORTHSIDE RD btwn LARKSPUR DR & TO BE DETERMINED,358302.9107,5021153.063,1/14/16,9:30,03 - Snow,04 - Slush,10 - No control,01 - Non intersection,01 - Daylight,03 - P.D. only,04 - Sideswipe
10395,NORTHVIEW RD btwn WALLFORD WAY & GREENCREST PL,365175.3856,5024938.261,3/4/16,21:58,03 - Snow,03 - Loose snow,10 - No control,01 - Non intersection,07 - Dark,03 - P.D. only,06 - SMV unattended vehicle
10396,NORTHWESTERN AVE btwn CLEARVIEW AVE & PREMIER AVE,364142.749,5029371.672,3/25/16,13:19,01 - Clear,02 - Wet,10 - No control,04 - At/near private drive,01 - Daylight,03 - P.D. only,02 - Angle
10397,NORTOBA CRES btwn STIKINE DR & STIKINE DR,349896.3048,5020129.238,1/1/16,10:00,01 - Clear,03 - Loose snow,10 - No control,01 - Non intersection,01 - Daylight,03 - P.D. only,06 - SMV unattended vehicle
10398,NORTON AVE btwn CARLING AVE & SACKVILLE ST,360664.6846,5024938.372,3/27/16,9:24,01 - Clear,01 - Dry,10 - No control,04 - At/near private drive,01 - Daylight,03 - P.D. only,06 - SMV unattended vehicle
10399,NOTMAN WAY btwn PITTAWAY AVE & ELLISSON WAY,374105.4417,5026047.645,5/12/16,11:30,01 - Clear,01 - Dry,10 - No control,01 - Non intersection,01 - Daylight,03 - P.D. only,06 - SMV unattended vehicle
10400,NOTRE DAME ST @ ORLEANS BLVD,380689.0656,5036867.478,5/13/16,6:52,01 - Clear,01 - Dry,02 - Stop sign,03 - At intersection,01 - Daylight,02 - Non-fatal injury,02 - Angle
10401,NOTRE DAME ST @ ORLEANS BLVD,380689.4735,5036865.248,3/10/16,8:20,01 - Clear,02 - Wet,02 - Stop sign,02 - Intersection related,01 - Daylight,02 - Non-fatal injury,03 - Rear end
10402,NOTRE DAME ST btwn HENRI LAUZON ST & BOYER RD,380228.243,5036611.714,4/21/16,17:12,01 - Clear,01 - Dry,10 - No control,04 - At/near private drive,01 - Daylight,02 - Non-fatal injury,02 - Angle
10403,NOTRE DAME ST btwn HENRI LAUZON ST & BOYER RD,380218.1516,5036606.222,4/19/16,10:30,01 - Clear,01 - Dry,10 - No control,01 - Non intersection,01 - Daylight,03 - P.D. only,06 - SMV unattended vehicle
10404,NOTRE DAME ST E @ ST. JOSEPH BLVD,380006.5298,5036569.015,8/19/16,13:26,01 - Clear,01 - Dry,02 - Stop sign,02 - Intersection related,01 - Daylight,03 - P.D. only,04 - Sideswipe
10405,OAKDALE AVE @ SCOTT ST,363937.6843,5029105.802,10/12/16,16:01,01 - Clear,01 - Dry,02 - Stop sign,02 - Intersection related,01 - Daylight,02 - Non-fatal injury,03 - Rear end
10406,OAKLAND AVE btwn WILTON LANE & MONK ST,368482.5299,5029004.738,2/21/16,12:00,01 - Clear,02 - Wet,10 - No control,01 - Non intersection,01 - Daylight,03 - P.D. only,06 - SMV unattended vehicle
10407,OAKLAND AVE btwn WILTON LANE & MONK ST,368482.7858,5029006.507,7/8/16,14:13,01 - Clear,01 - Dry,10 - No control,01 - Non intersection,01 - Daylight,03 - P.D. only,06 - SMV unattended vehicle
10408,OAKRIDGE BLVD @ SULLIVAN AVE,363466.3408,5022780.569,12/16/16,21:46,04 - Freezing Rain,06 - Ice,03 - Yield sign,03 - At intersection,07 - Dark,03 - P.D. only,07 - SMV other
10409,OBERON ST @ WESTCLIFFE RD,356483.8784,5019909.013,5/4/16,14:03,01 - Clear,01 - Dry,02 - Stop sign,03 - At intersection,01 - Daylight,03 - P.D. only,05 - Turning movement
10410,O'CONNOR ST @ PATTERSON AVE,368401.1573,5030130.109,8/2/16,14:40,01 - Clear,01 - Dry,02 - Stop sign,03 - At intersection,01 - Daylight,03 - P.D. only,02 - Angle
10411,O'CONNOR ST @ SLATER ST,367579.0231,5031451.94,7/27/16,12:10,01 - Clear,01 - Dry,01 - Traffic signal,03 - At intersection,01 - Daylight,02 - Non-fatal injury,07 - SMV other
10412,O'CONNOR ST @ SLATER ST,367580.144,5031451.454,2/12/16,17:11,03 - Snow,03 - Loose snow,01 - Traffic signal,02 - Intersection related,07 - Dark,03 - P.D. only,03 - Rear end
10413,O'CONNOR ST @ SLATER ST,367579.7049,5031449.887,1/19/16,12:00,01 - Clear,02 - Wet,01 - Traffic signal,02 - Intersection related,01 - Daylight,03 - P.D. only,05 - Turning movement
10414,O'CONNOR ST @ SLATER ST,367578.9266,5031450.36,7/8/16,14:18,01 - Clear,01 - Dry,01 - Traffic signal,02 - Intersection related,01 - Daylight,03 - P.D. only,04 - Sideswipe
10415,O'CONNOR ST @ SLATER ST,367577.7183,5031445.867,7/26/16,19:35,01 - Clear,01 - Dry,01 - Traffic signal,03 - At intersection,01 - Daylight,03 - P.D. only,02 - Angle
10416,O'CONNOR ST @ SOMERSET ST,367856.0494,5031012.746,5/2/16,12:36,01 - Clear,01 - Dry,01 - Traffic signal,03 - At intersection,01 - Daylight,02 - Non-fatal injury,02 - Angle
10417,O'CONNOR ST @ SOMERSET ST,367855.9321,5031011.908,3/14/16,17:28,02 - Rain,02 - Wet,01 - Traffic signal,03 - At intersection,01 - Daylight,03 - P.D. only,02 - Angle
10418,O'CONNOR ST @ SOMERSET ST,367855.4906,5031013.233,1/14/16,10:10,03 - Snow,03 - Loose snow,01 - Traffic signal,02 - Intersection related,01 - Daylight,03 - P.D. only,04 - Sideswipe
10419,O'CONNOR ST @ SOMERSET ST,367855.6754,5031013.449,8/17/16,11:32,01 - Clear,01 - Dry,01 - Traffic signal,02 - Intersection related,01 - Daylight,03 - P.D. only,03 - Rear end
10420,O'CONNOR ST @ SOMERSET ST,367855.7101,5031013.263,2/11/16,14:26,01 - Clear,02 - Wet,01 - Traffic signal,03 - At intersection,01 - Daylight,03 - P.D. only,99 - Other
10421,O'CONNOR ST @ SOMERSET ST,367855.0515,5031011.915,8/25/16,17:15,01 - Clear,01 - Dry,01 - Traffic signal,03 - At intersection,01 - Daylight,03 - P.D. only,04 - Sideswipe
10422,O'CONNOR ST @ SOMERSET ST,367856.5383,5031013.816,12/4/16,2:59,01 - Clear,01 - Dry,01 - Traffic signal,02 - Intersection related,07 - Dark,03 - P.D. only,03 - Rear end
10423,O'CONNOR ST @ WELLINGTON ST,367412.871,5031722.168,12/15/16,7:05,01 - Clear,03 - Loose snow,01 - Traffic signal,03 - At intersection,03 - Dawn,02 - Non-fatal injury,07 - SMV other
10424,O'CONNOR ST @ WELLINGTON ST,367414.3555,5031723.008,5/24/16,3:47,01 - Clear,01 - Dry,01 - Traffic signal,03 - At intersection,07 - Dark,03 - P.D. only,04 - Sideswipe
10425,O'CONNOR ST @ WELLINGTON ST,367413.1884,5031722.964,5/6/16,23:03,01 - Clear,01 - Dry,01 - Traffic signal,02 - Intersection related,07 - Dark,03 - P.D. only,07 - SMV other
10426,O'CONNOR ST @ WELLINGTON ST,367413.8983,5031723.015,10/20/16,17:00,02 - Rain,02 - Wet,01 - Traffic signal,02 - Intersection related,01 - Daylight,03 - P.D. only,04 - Sideswipe
10427,O'CONNOR ST btwn ALBERT ST & SLATER ST,367541.868,5031515.719,5/13/16,10:50,02 - Rain,02 - Wet,10 - No control,01 - Non intersection,01 - Daylight,02 - Non-fatal injury,04 - Sideswipe
10428,O'CONNOR ST btwn ALBERT ST & SLATER ST,367575.0946,5031459.138,10/20/16,13:39,02 - Rain,02 - Wet,10 - No control,01 - Non intersection,01 - Daylight,03 - P.D. only,04 - Sideswipe
10429,O'CONNOR ST btwn COOPER ST & SOMERSET ST W,367827.9985,5031054.242,10/21/16,12:04,02 - Rain,02 - Wet,10 - No control,04 - At/near private drive,01 - Daylight,03 - P.D. only,02 - Angle
10430,O'CONNOR ST btwn COOPER ST & SOMERSET ST W,367811.5652,5031080.522,9/9/16,13:18,01 - Clear,01 - Dry,10 - No control,01 - Non intersection,01 - Daylight,03 - P.D. only,04 - Sideswipe
10431,O'CONNOR ST btwn COOPER ST & SOMERSET ST W,367846.2699,5031025.527,1/3/16,21:29,01 - Clear,05 - Packed snow,10 - No control,01 - Non intersection,07 - Dark,03 - P.D. only,06 - SMV unattended vehicle
10432,O'CONNOR ST btwn FIRST AVE & SECOND AVE,368568.1458,5029843.255,1/8/16,15:36,03 - Snow,03 - Loose snow,10 - No control,01 - Non intersection,01 - Daylight,03 - P.D. only,06 - SMV unattended vehicle
10433,O'CONNOR ST btwn FRANK ST & GLADSTONE AVE,368064.4795,5030677.589,3/29/16,17:09,01 - Clear,01 - Dry,10 - No control,01 - Non intersection,01 - Daylight,03 - P.D. only,04 - Sideswipe
10434,O'CONNOR ST btwn FRANK ST & GLADSTONE AVE,368072.2914,5030662.277,4/26/16,19:27,01 - Clear,01 - Dry,10 - No control,01 - Non intersection,01 - Daylight,03 - P.D. only,06 - SMV unattended vehicle
10435,O'CONNOR ST btwn GLADSTONE AVE & MCLEOD ST,368087.2249,5030639.031,12/5/16,8:23,03 - Snow,05 - Packed snow,10 - No control,04 - At/near private drive,01 - Daylight,03 - P.D. only,05 - Turning movement
10436,O'CONNOR ST btwn GLOUCESTER ST & NEPEAN ST,367715.447,5031236.678,4/21/16,12:40,01 - Clear,01 - Dry,10 - No control,01 - Non intersection,01 - Daylight,03 - P.D. only,04 - Sideswipe
10437,O'CONNOR ST btwn ISABELLA ST & PRETORIA AVE,368331.9757,5030247.461,5/27/16,12:30,01 - Clear,01 - Dry,10 - No control,01 - Non intersection,01 - Daylight,03 - P.D. only,06 - SMV unattended vehicle
10438,O'CONNOR ST btwn LAURIER AVE W & GLOUCESTER ST,367656.356,5031326.911,6/8/16,13:50,01 - Clear,01 - Dry,10 - No control,01 - Non intersection,01 - Daylight,03 - P.D. only,04 - Sideswipe
10439,O'CONNOR ST btwn LAURIER AVE W & GLOUCESTER ST,367669.6185,5031308.035,6/21/16,14:30,01 - Clear,01 - Dry,10 - No control,01 - Non intersection,01 - Daylight,03 - P.D. only,04 - Sideswipe
10440,O'CONNOR ST btwn LISGAR ST & COOPER ST,367801.2578,5031097.579,10/12/16,17:07,01 - Clear,01 - Dry,10 - No control,01 - Non intersection,01 - Daylight,03 - P.D. only,06 - SMV unattended vehicle
10441,O'CONNOR ST btwn MCLEOD ST & ARGYLE AVE,368168.7557,5030509.843,5/11/16,13:44,01 - Clear,01 - Dry,10 - No control,01 - Non intersection,01 - Daylight,03 - P.D. only,04 - Sideswipe
10442,O'CONNOR ST btwn MCLEOD ST & ARGYLE AVE,368125.1505,5030579.27,6/13/16,18:56,01 - Clear,01 - Dry,10 - No control,01 - Non intersection,01 - Daylight,03 - P.D. only,03 - Rear end
10443,O'CONNOR ST btwn MCLEOD ST & ARGYLE AVE,368147.1323,5030546.592,4/22/16,12:45,01 - Clear,02 - Wet,10 - No control,01 - Non intersection,01 - Daylight,03 - P.D. only,04 - Sideswipe
10444,O'CONNOR ST btwn MCLEOD ST & ARGYLE AVE,368131.0259,5030572.027,12/20/16,16:38,01 - Clear,01 - Dry,10 - No control,01 - Non intersection,05 - Dusk,03 - P.D. only,04 - Sideswipe
10445,O'CONNOR ST btwn NEPEAN ST & LISGAR ST,367753.6069,5031173.167,7/9/16,17:20,01 - Clear,01 - Dry,10 - No control,01 - Non intersection,01 - Daylight,03 - P.D. only,04 - Sideswipe
10446,O'CONNOR ST btwn SLATER ST & LAURIER AVE W,367605.3778,5031408.754,8/11/16,12:15,01 - Clear,01 - Dry,10 - No control,01 - Non intersection,01 - Daylight,03 - P.D. only,03 - Rear end
10447,O'CONNOR ST btwn SOMERSET ST W & MACLAREN ST,367866.0284,5030994.352,11/2/16,15:43,01 - Clear,01 - Dry,10 - No control,04 - At/near private drive,01 - Daylight,02 - Non-fatal injury,02 - Angle
10448,OGILVIE RD @ 125 E OF ELMLEA GT ,375094.7809,5033551.35,9/2/16,12:19,01 - Clear,01 - Dry,01 - Traffic signal,02 - Intersection related,01 - Daylight,03 - P.D. only,03 - Rear end
10449,OGILVIE RD @ 240 W OF BLAIR RD,374298.1305,5033077.224,10/17/16,15:40,01 - Clear,01 - Dry,01 - Traffic signal,03 - At intersection,01 - Daylight,02 - Non-fatal injury,03 - Rear end
10450,OGILVIE RD @ 240 W OF BLAIR RD,374300.2514,5033077.136,1/12/16,14:33,03 - Snow,03 - Loose snow,01 - Traffic signal,02 - Intersection related,01 - Daylight,03 - P.D. only,03 - Rear end
10451,OGILVIE RD @ BATHGATE DR/CITYPARK DR W,373828.396,5032801.246,8/13/16,10:27,02 - Rain,02 - Wet,01 - Traffic signal,03 - At intersection,01 - Daylight,02 - Non-fatal injury,02 - Angle
10452,OGILVIE RD @ BATHGATE DR/CITYPARK DR W,373828.6708,5032800.91,6/1/16,10:10,01 - Clear,01 - Dry,01 - Traffic signal,03 - At intersection,01 - Daylight,02 - Non-fatal injury,05 - Turning movement
10453,OGILVIE RD @ BATHGATE DR/CITYPARK DR W,373829.4423,5032798.752,11/6/16,15:45,01 - Clear,01 - Dry,01 - Traffic signal,02 - Intersection related,01 - Daylight,02 - Non-fatal injury,07 - SMV other
10454,OGILVIE RD @ BATHGATE DR/CITYPARK DR W,373828.1289,5032799.933,1/5/16,8:40,01 - Clear,01 - Dry,01 - Traffic signal,02 - Intersection related,01 - Daylight,03 - P.D. only,04 - Sideswipe
10455,OGILVIE RD @ BATHGATE DR/CITYPARK DR W,373829.8198,5032800.357,1/9/16,18:15,01 - Clear,02 - Wet,01 - Traffic signal,02 - Intersection related,07 - Dark,03 - P.D. only,99 - Other
10456,OGILVIE RD @ BATHGATE DR/CITYPARK DR W,373828.1289,5032799.933,1/5/16,8:46,01 - Clear,01 - Dry,01 - Traffic signal,03 - At intersection,01 - Daylight,03 - P.D. only,05 - Turning movement
10457,OGILVIE RD @ BATHGATE DR/CITYPARK DR W,373828.9884,5032801.375,3/12/16,13:43,01 - Clear,01 - Dry,01 - Traffic signal,02 - Intersection related,01 - Daylight,03 - P.D. only,05 - Turning movement
10458,OGILVIE RD @ BATHGATE DR/CITYPARK DR W,373828.7433,5032797.509,6/11/16,15:14,01 - Clear,01 - Dry,01 - Traffic signal,02 - Intersection related,01 - Daylight,03 - P.D. only,03 - Rear end
10459,OGILVIE RD @ CITY PARK DR E/CSIS HQ ACCESS,374187.8082,5033009.544,10/20/16,8:38,"07 - Fog, mist, smoke, dust",01 - Dry,01 - Traffic signal,03 - At intersection,01 - Daylight,02 - Non-fatal injury,05 - Turning movement
10460,OGILVIE RD @ CITY PARK DR E/CSIS HQ ACCESS,374189.0265,5033010.811,9/8/16,13:51,02 - Rain,02 - Wet,01 - Traffic signal,03 - At intersection,01 - Daylight,02 - Non-fatal injury,05 - Turning movement
10461,OGILVIE RD @ CITY PARK DR E/CSIS HQ ACCESS,374187.7054,5033009.777,6/3/16,14:10,01 - Clear,01 - Dry,01 - Traffic signal,02 - Intersection related,01 - Daylight,02 - Non-fatal injury,03 - Rear end
10462,OGILVIE RD @ CITY PARK DR E/CSIS HQ ACCESS,374188.0611,5033011.1,6/2/16,18:47,01 - Clear,01 - Dry,01 - Traffic signal,03 - At intersection,01 - Daylight,02 - Non-fatal injury,05 - Turning movement
10463,OGILVIE RD @ CITY PARK DR E/CSIS HQ ACCESS,374188.8673,5033011.918,1/29/16,12:48,03 - Snow,02 - Wet,01 - Traffic signal,03 - At intersection,01 - Daylight,03 - P.D. only,03 - Rear end
10464,OGILVIE RD @ CITY PARK DR E/CSIS HQ ACCESS,374186.7751,5033010.577,9/6/16,19:27,01 - Clear,01 - Dry,01 - Traffic signal,03 - At intersection,07 - Dark,03 - P.D. only,05 - Turning movement
10465,OGILVIE RD @ CITY PARK DR E/CSIS HQ ACCESS,374188.6356,5033011.27,6/21/16,5:38,01 - Clear,01 - Dry,01 - Traffic signal,03 - At intersection,03 - Dawn,03 - P.D. only,02 - Angle
10466,OGILVIE RD @ CITY PARK DR E/CSIS HQ ACCESS,374188.7282,5033009.335,12/30/16,13:03,01 - Clear,01 - Dry,01 - Traffic signal,02 - Intersection related,01 - Daylight,03 - P.D. only,03 - Rear end
10467,OGILVIE RD @ ELMLEA GT/SHOPPERS CITY EAST SC,374989.0464,5033486.464,1/23/16,16:46,01 - Clear,01 - Dry,01 - Traffic signal,02 - Intersection related,05 - Dusk,02 - Non-fatal injury,03 - Rear end
10468,OGILVIE RD @ ELMLEA GT/SHOPPERS CITY EAST SC,374988.96,5033486.128,6/16/16,16:32,01 - Clear,01 - Dry,01 - Traffic signal,02 - Intersection related,01 - Daylight,02 - Non-fatal injury,03 - Rear end
10469,OGILVIE RD @ ELMLEA GT/SHOPPERS CITY EAST SC,374988.0975,5033487.11,12/6/16,9:39,01 - Clear,02 - Wet,01 - Traffic signal,03 - At intersection,01 - Daylight,02 - Non-fatal injury,07 - SMV other
10470,OGILVIE RD @ ELMLEA GT/SHOPPERS CITY EAST SC,374986.2482,5033487.825,12/2/16,14:29,01 - Clear,01 - Dry,01 - Traffic signal,03 - At intersection,01 - Daylight,03 - P.D. only,07 - SMV other
10471,OGILVIE RD @ ELMRIDGE DR/JASMINE CRES N,375419.508,5034059.222,5/2/16,21:30,01 - Clear,01 - Dry,01 - Traffic signal,03 - At intersection,07 - Dark,02 - Non-fatal injury,07 - SMV other
10472,OGILVIE RD @ MATHESON RD/PALMERSTON DR,373380.0816,5032536.509,2/18/16,10:34,01 - Clear,02 - Wet,01 - Traffic signal,03 - At intersection,01 - Daylight,03 - P.D. only,05 - Turning movement
10473,OGILVIE RD @ MATHESON RD/PALMERSTON DR,373380.3972,5032537.188,8/29/16,8:55,01 - Clear,01 - Dry,01 - Traffic signal,03 - At intersection,01 - Daylight,03 - P.D. only,02 - Angle
10474,OGILVIE RD btwn AVIATION PKWY & MATHESON RD,373365.2999,5032527.763,9/3/16,11:56,01 - Clear,01 - Dry,10 - No control,01 - Non intersection,01 - Daylight,03 - P.D. only,04 - Sideswipe
10475,OGILVIE RD btwn AVIATION PKWY & MATHESON RD,373177.795,5032416.751,11/30/16,9:34,"07 - Fog, mist, smoke, dust",02 - Wet,10 - No control,01 - Non intersection,01 - Daylight,03 - P.D. only,03 - Rear end
10476,OGILVIE RD btwn BATHGATE DR & CITY PARK DR (1),373843.0464,5032809.213,8/13/16,17:08,03 - Snow,02 - Wet,10 - No control,01 - Non intersection,01 - Daylight,02 - Non-fatal injury,03 - Rear end
10477,OGILVIE RD btwn BATHGATE DR & CITY PARK DR (1),373915.0938,5032850.86,7/4/16,16:27,01 - Clear,01 - Dry,10 - No control,01 - Non intersection,01 - Daylight,02 - Non-fatal injury,03 - Rear end
10478,OGILVIE RD btwn BATHGATE DR & CITY PARK DR (2),374145.664,5032984.076,11/1/16,11:14,01 - Clear,01 - Dry,10 - No control,01 - Non intersection,01 - Daylight,03 - P.D. only,03 - Rear end