Record,Location,X,Y,Date,Time,Environment,Road_Surface,Traffic_Control,Collision_Location,Light,Collision_Classification,Impact_type
10479,OGILVIE RD btwn BEAULIEU PL & AVIATION PKWY,373103.3068,5032372.321,4/26/16,14:50,01 - Clear,01 - Dry,10 - No control,01 - Non intersection,01 - Daylight,03 - P.D. only,04 - Sideswipe
10480,OGILVIE RD btwn BLAIR PL & ELMLEA GT,374969.5346,5033473.924,9/8/16,15:34,01 - Clear,01 - Dry,10 - No control,01 - Non intersection,01 - Daylight,03 - P.D. only,03 - Rear end
10481,OGILVIE RD btwn BLAIR RD & DUNHAM ST,374703.7464,5033315.032,1/11/16,16:10,01 - Clear,01 - Dry,10 - No control,01 - Non intersection,01 - Daylight,03 - P.D. only,04 - Sideswipe
10482,OGILVIE RD btwn CADBORO RD & BATHGATE DR,373760.4065,5032760.276,5/6/16,17:28,01 - Clear,01 - Dry,10 - No control,01 - Non intersection,01 - Daylight,03 - P.D. only,03 - Rear end
10483,OGILVIE RD btwn CADBORO RD & BATHGATE DR,373645.9549,5032692.501,2/21/16,0:00,01 - Clear,02 - Wet,10 - No control,01 - Non intersection,07 - Dark,03 - P.D. only,06 - SMV unattended vehicle
10484,OGILVIE RD btwn CITY PARK DR & BLAIR RD (1),374212.4969,5033025.519,9/30/16,13:01,01 - Clear,01 - Dry,10 - No control,04 - At/near private drive,01 - Daylight,03 - P.D. only,02 - Angle
10485,OGILVIE RD btwn CUMMINGS AVE & BEAULIEU PL,372751.5742,5032171.244,8/26/16,13:42,01 - Clear,01 - Dry,10 - No control,01 - Non intersection,01 - Daylight,02 - Non-fatal injury,04 - Sideswipe
10486,OGILVIE RD btwn CUMMINGS AVE & BEAULIEU PL,372947.0295,5032280.75,1/7/16,11:34,01 - Clear,02 - Wet,10 - No control,01 - Non intersection,01 - Daylight,02 - Non-fatal injury,04 - Sideswipe
10487,OGILVIE RD btwn CUMMINGS AVE & BEAULIEU PL,372760.617,5032177.095,5/3/16,15:35,01 - Clear,01 - Dry,10 - No control,04 - At/near private drive,01 - Daylight,03 - P.D. only,02 - Angle
10488,OGILVIE RD btwn CYRVILLE RD & MURDOCK GT,372607.1403,5032098.329,8/30/16,9:52,01 - Clear,01 - Dry,10 - No control,01 - Non intersection,01 - Daylight,01 - Fatal injury,04 - Sideswipe
10489,OGILVIE RD btwn CYRVILLE RD & MURDOCK GT,372489.2145,5032026.983,7/8/16,14:19,01 - Clear,01 - Dry,10 - No control,04 - At/near private drive,01 - Daylight,02 - Non-fatal injury,05 - Turning movement
10490,OGILVIE RD btwn CYRVILLE RD & MURDOCK GT,372608.1302,5032096.939,5/8/16,20:47,01 - Clear,01 - Dry,10 - No control,04 - At/near private drive,07 - Dark,03 - P.D. only,02 - Angle
10491,OGILVIE RD btwn CYRVILLE RD & MURDOCK GT,372460.709,5032009.854,5/19/16,19:00,01 - Clear,01 - Dry,10 - No control,04 - At/near private drive,01 - Daylight,03 - P.D. only,02 - Angle
10492,OGILVIE RD btwn EASTVALE DR & LASSITER TER,375477.5868,5034982.667,7/15/16,16:30,02 - Rain,02 - Wet,10 - No control,01 - Non intersection,01 - Daylight,03 - P.D. only,07 - SMV other
10493,OGILVIE RD btwn ELMRIDGE DR & 190 E OF ELMRIDGE DR/JASMINE CRES,375506.0667,5034181.215,11/21/16,21:51,03 - Snow,03 - Loose snow,10 - No control,01 - Non intersection,07 - Dark,03 - P.D. only,01 - Approaching
10494,OGILVIE RD btwn JASMINE CRES & ELMRIDGE DR,375369.3857,5033739.231,3/2/16,18:53,01 - Clear,06 - Ice,10 - No control,01 - Non intersection,05 - Dusk,03 - P.D. only,07 - SMV other
10495,OGILVIE RD btwn JASMINE CRES & ELMRIDGE DR,375402.1459,5033794.866,3/2/16,19:53,01 - Clear,06 - Ice,10 - No control,01 - Non intersection,07 - Dark,03 - P.D. only,07 - SMV other
10496,OGILVIE RD btwn KENDER AVE & LA VERENDRYE DR,375337.4067,5035376.073,4/28/16,7:48,01 - Clear,01 - Dry,10 - No control,04 - At/near private drive,01 - Daylight,02 - Non-fatal injury,03 - Rear end
10497,OGILVIE RD btwn MATHESON RD & CADBORO RD,373582.0914,5032654.462,4/8/16,17:28,01 - Clear,02 - Wet,10 - No control,01 - Non intersection,01 - Daylight,03 - P.D. only,04 - Sideswipe
10498,OGILVIE RD btwn MONTREAL RD & GREGORY CRT,375678.6279,5034366.765,1/16/16,15:17,03 - Snow,04 - Slush,10 - No control,01 - Non intersection,01 - Daylight,03 - P.D. only,07 - SMV other
10499,OGILVIE RD btwn MURDOCK GT & CUMMINGS AVE,372727.1886,5032159.265,3/14/16,8:30,01 - Clear,01 - Dry,10 - No control,01 - Non intersection,01 - Daylight,03 - P.D. only,07 - SMV other
10500,OGILVIE RD btwn NASKAPI DR & MONTREAL RD,375641.9337,5034594.131,1/12/16,15:15,03 - Snow,03 - Loose snow,10 - No control,01 - Non intersection,01 - Daylight,03 - P.D. only,03 - Rear end
10501,OGILVIE RD btwn RADFORD CRT & KENDER AVE,375171.5206,5035625.571,12/8/16,12:53,01 - Clear,01 - Dry,10 - No control,01 - Non intersection,01 - Daylight,02 - Non-fatal injury,07 - SMV other
10502,OGILVIE WALK CRES btwn AMBASSADOR AVE & AMBASSADOR AVE,374071.9804,5032666.418,2/18/16,7:59,01 - Clear,05 - Packed snow,10 - No control,04 - At/near private drive,01 - Daylight,03 - P.D. only,02 - Angle
10503,O'GRADY ST btwn MANOTICK MAIN ST & DICKINSON ST,368962.885,5009772.517,5/11/16,12:28,01 - Clear,01 - Dry,10 - No control,01 - Non intersection,01 - Daylight,03 - P.D. only,06 - SMV unattended vehicle
10504,OHIO ST btwn CLEMENTINE BLVD & BANK ST,369564.2168,5027549.092,11/30/16,19:09,02 - Rain,02 - Wet,10 - No control,01 - Non intersection,07 - Dark,02 - Non-fatal injury,07 - SMV other
10505,OLD ALMONTE RD btwn HOWIE RD & BEAVERTAIL RD,340890.1596,5014012.575,3/15/16,19:41,"07 - Fog, mist, smoke, dust",01 - Dry,10 - No control,04 - At/near private drive,07 - Dark,03 - P.D. only,07 - SMV other
10506,OLD ALMONTE RD btwn HOWIE RD & BEAVERTAIL RD,341244.9369,5014520.645,8/2/16,6:04,01 - Clear,01 - Dry,10 - No control,01 - Non intersection,03 - Dawn,03 - P.D. only,07 - SMV other
10507,OLD CARRIAGE CRT btwn DOW ST & DOW ST,385186.3471,5011414.366,3/3/16,12:59,03 - Snow,03 - Loose snow,10 - No control,01 - Non intersection,01 - Daylight,03 - P.D. only,06 - SMV unattended vehicle
10508,OLD GEORGE ST btwn OSGOODE MAIN ST & LION ST,374741.8302,5000783.656,10/15/16,12:45,01 - Clear,01 - Dry,10 - No control,04 - At/near private drive,01 - Daylight,03 - P.D. only,02 - Angle
10509,OLD INNES RD @ BANTREE ST,373727.0351,5030355.204,7/20/16,14:55,01 - Clear,01 - Dry,02 - Stop sign,02 - Intersection related,01 - Daylight,02 - Non-fatal injury,03 - Rear end
10510,OLD INNES RD @ BANTREE ST,373727.7687,5030352.464,7/7/16,14:29,01 - Clear,01 - Dry,02 - Stop sign,03 - At intersection,01 - Daylight,02 - Non-fatal injury,02 - Angle
10511,OLD INNES RD @ BANTREE ST,373728.4966,5030353.117,6/17/16,18:29,01 - Clear,01 - Dry,02 - Stop sign,03 - At intersection,01 - Daylight,03 - P.D. only,02 - Angle
10512,OLD INNES RD @ BANTREE ST,373727.3153,5030352.865,7/21/16,8:10,01 - Clear,01 - Dry,02 - Stop sign,03 - At intersection,01 - Daylight,03 - P.D. only,02 - Angle
10513,OLD INNES RD @ BANTREE ST,373727.0318,5030348.086,11/7/16,10:20,01 - Clear,01 - Dry,02 - Stop sign,03 - At intersection,01 - Daylight,03 - P.D. only,05 - Turning movement
10514,OLD INNES RD @ BANTREE ST,373728.3899,5030353.222,12/6/16,8:31,01 - Clear,02 - Wet,02 - Stop sign,03 - At intersection,01 - Daylight,03 - P.D. only,02 - Angle
10515,OLD INNES RD @ BANTREE ST,373727.3107,5030352.44,11/22/16,17:25,01 - Clear,02 - Wet,02 - Stop sign,03 - At intersection,07 - Dark,03 - P.D. only,02 - Angle
10516,OLD MONTREAL RD btwn BECKETT'S CREEK RD & REGIONAL ROAD 174,394291.3678,5042761.695,6/9/16,15:55,01 - Clear,01 - Dry,10 - No control,01 - Non intersection,01 - Daylight,03 - P.D. only,07 - SMV other
10517,OLD MONTREAL RD btwn FAUBERT ST & MARKET ST,390323.9268,5042534.185,12/11/16,16:22,03 - Snow,04 - Slush,10 - No control,01 - Non intersection,05 - Dusk,03 - P.D. only,06 - SMV unattended vehicle
10518,OLD MONTREAL RD btwn PIERRETTE DR & PIERRETTE DR,392001.7273,5042673.815,9/16/16,7:03,01 - Clear,01 - Dry,10 - No control,01 - Non intersection,01 - Daylight,03 - P.D. only,07 - SMV other
10519,OLD MONTREAL RD btwn QUIGLEY HILL RD & CHEVALIER CRT,389400.3519,5042155.963,1/9/16,21:41,04 - Freezing Rain,06 - Ice,10 - No control,01 - Non intersection,07 - Dark,03 - P.D. only,07 - SMV other
10520,OLD MONTREAL RD E @ REGIONAL RD 174,394610.7218,5043037.719,5/18/16,0:35,01 - Clear,01 - Dry,02 - Stop sign,03 - At intersection,07 - Dark,03 - P.D. only,07 - SMV other
10521,OLD PRESCOTT RD @ THUNDERBIRD DR,377315.9845,5015015.791,11/21/16,6:39,03 - Snow,05 - Packed snow,02 - Stop sign,02 - Intersection related,03 - Dawn,02 - Non-fatal injury,01 - Approaching
10522,OLD PRESCOTT RD btwn CHRIS TIERNEY PRIV & BREANNA CARDILL ST,378532.1269,5010645.943,8/5/16,18:01,01 - Clear,01 - Dry,10 - No control,04 - At/near private drive,01 - Daylight,03 - P.D. only,02 - Angle
10523,OLD PRESCOTT RD btwn MCKEOWN DR & PARKWAY RD,377850.206,5013775.259,8/30/16,22:59,01 - Clear,01 - Dry,10 - No control,01 - Non intersection,07 - Dark,03 - P.D. only,07 - SMV other
10524,OLD RICHMOND RD @ SANIBEL PRIV S,357367.8159,5019164.68,10/6/16,20:46,01 - Clear,01 - Dry,10 - No control,03 - At intersection,07 - Dark,03 - P.D. only,05 - Turning movement
10525,OLD SECOND LINE RD @ TERRY FOX DR,348795.2,5022408.413,10/1/16,16:11,01 - Clear,01 - Dry,01 - Traffic signal,03 - At intersection,01 - Daylight,02 - Non-fatal injury,05 - Turning movement
10526,OLD SECOND LINE RD @ TERRY FOX DR,348795.2,5022408.413,2/16/16,9:53,03 - Snow,03 - Loose snow,01 - Traffic signal,03 - At intersection,01 - Daylight,03 - P.D. only,07 - SMV other
10527,OLD SECOND LINE RD @ TERRY FOX DR,348795.2,5022408.413,1/12/16,17:16,03 - Snow,03 - Loose snow,01 - Traffic signal,03 - At intersection,05 - Dusk,03 - P.D. only,05 - Turning movement
10528,OLD SECOND LINE RD @ TERRY FOX DR,348795.2,5022408.413,12/27/16,17:43,02 - Rain,02 - Wet,01 - Traffic signal,02 - Intersection related,07 - Dark,03 - P.D. only,07 - SMV other
10529,OLD SECOND LINE RD btwn BRADY AVE & TERRY FOX DR,348648.9425,5022569.454,5/13/16,20:46,01 - Clear,01 - Dry,10 - No control,01 - Non intersection,07 - Dark,03 - P.D. only,07 - SMV other
10530,OLD TENTH LINE RD @ TENTH LINE RD,383042.3431,5038359.997,9/6/16,15:00,01 - Clear,01 - Dry,01 - Traffic signal,02 - Intersection related,01 - Daylight,02 - Non-fatal injury,03 - Rear end
10531,OLD TENTH LINE RD @ TENTH LINE RD,383042.2257,5038360.018,1/20/16,8:55,01 - Clear,02 - Wet,01 - Traffic signal,02 - Intersection related,01 - Daylight,03 - P.D. only,03 - Rear end
10532,OLD TENTH LINE RD @ TENTH LINE RD,383043.4656,5038362.01,7/18/16,14:20,01 - Clear,01 - Dry,01 - Traffic signal,02 - Intersection related,01 - Daylight,03 - P.D. only,03 - Rear end
10533,OLD TENTH LINE RD/OR174 IC101 RAMP63 @ ST. JOS,383117.9303,5038788.518,8/14/16,20:16,01 - Clear,01 - Dry,01 - Traffic signal,03 - At intersection,05 - Dusk,02 - Non-fatal injury,02 - Angle
10534,OLD TENTH LINE RD/OR174 IC101 RAMP63 @ ST. JOS,383119.4846,5038784.95,1/5/16,13:58,01 - Clear,05 - Packed snow,01 - Traffic signal,03 - At intersection,01 - Daylight,02 - Non-fatal injury,02 - Angle
10535,OLD TENTH LINE RD/OR174 IC101 RAMP63 @ ST. JOS,383120.4703,5038784.708,10/14/16,22:18,01 - Clear,01 - Dry,01 - Traffic signal,03 - At intersection,07 - Dark,02 - Non-fatal injury,03 - Rear end
10536,OLD TENTH LINE RD/OR174 IC101 RAMP63 @ ST. JOS,383119.2167,5038786.098,2/18/16,8:03,01 - Clear,02 - Wet,01 - Traffic signal,03 - At intersection,01 - Daylight,03 - P.D. only,02 - Angle
10537,OLD TENTH LINE RD/OR174 IC101 RAMP63 @ ST. JOS,383119.2519,5038787.929,10/14/16,11:44,01 - Clear,01 - Dry,01 - Traffic signal,02 - Intersection related,01 - Daylight,03 - P.D. only,04 - Sideswipe
10538,OLD WELLINGTON ST btwn LORD NELSON ST & WATERLOO ST,371948.8457,5001448.565,1/16/16,13:58,01 - Clear,02 - Wet,10 - No control,01 - Non intersection,01 - Daylight,03 - P.D. only,07 - SMV other
10539,OLMSTEAD ST @ JEANNE MANCE ST,370466.9616,5032942.833,4/12/16,8:30,01 - Clear,01 - Dry,02 - Stop sign,03 - At intersection,01 - Daylight,03 - P.D. only,02 - Angle
10540,OLMSTEAD ST btwn DESCHAMPS AVE & MONTREAL RD,370305.4303,5033213.361,6/24/16,23:16,01 - Clear,01 - Dry,10 - No control,01 - Non intersection,07 - Dark,02 - Non-fatal injury,07 - SMV other
10541,OMER-LACASSE AVE btwn COTTONWOOD CRES & COTTONWOOD CRES,383167.165,5036577.348,5/25/16,9:58,01 - Clear,01 - Dry,10 - No control,04 - At/near private drive,01 - Daylight,03 - P.D. only,06 - SMV unattended vehicle
10542,ONTARIO ST @ NORTH RIVER RD,369938.7076,5032315.994,6/21/16,18:04,01 - Clear,01 - Dry,02 - Stop sign,02 - Intersection related,01 - Daylight,03 - P.D. only,03 - Rear end
10543,OR174 IC101 RAMP36 btwn TENTH LINE RD & REGIONAL ROAD 174,382639.6812,5039181.011,9/12/16,20:03,01 - Clear,01 - Dry,10 - No control,01 - Non intersection,07 - Dark,03 - P.D. only,03 - Rear end
10544,OR174 IC102 RAMP15 @ PLACE D'ORLEANS DR,381879.6216,5038346.18,9/3/16,14:30,01 - Clear,01 - Dry,01 - Traffic signal,02 - Intersection related,01 - Daylight,03 - P.D. only,04 - Sideswipe
10545,OR174 IC102 RAMP15 @ PLACE D'ORLEANS DR,381880.1469,5038346.955,7/13/16,16:46,01 - Clear,02 - Wet,01 - Traffic signal,02 - Intersection related,01 - Daylight,03 - P.D. only,04 - Sideswipe
10546,OR174 IC105 RAMP36 btwn JEANNE D'ARC BLVD N & OR174 IC105 RAMP16,379272.0407,5037271.894,5/11/16,15:29,01 - Clear,01 - Dry,10 - No control,01 - Non intersection,01 - Daylight,02 - Non-fatal injury,07 - SMV other
10547,OR174 IC105 RAMP51 btwn REGIONAL ROAD 174 & OR174 IC105 RAMP53,379367.5034,5036852.92,7/7/16,20:11,01 - Clear,01 - Dry,10 - No control,01 - Non intersection,01 - Daylight,02 - Non-fatal injury,07 - SMV other
10548,OR174 IC105 RAMP51 btwn REGIONAL ROAD 174 & OR174 IC105 RAMP53,379364.5367,5036855.154,3/8/16,2:08,01 - Clear,02 - Wet,10 - No control,01 - Non intersection,07 - Dark,03 - P.D. only,04 - Sideswipe
10549,OR174 IC109 RAMP56 @ MONTREAL RD,376179.2937,5034879.367,12/5/16,8:00,03 - Snow,03 - Loose snow,10 - No control,02 - Intersection related,01 - Daylight,03 - P.D. only,03 - Rear end
10550,OR174 IC109 RAMP56 @ REGIONAL RD 174,376310.4259,5034668.941,1/3/16,22:14,01 - Clear,01 - Dry,10 - No control,02 - Intersection related,07 - Dark,02 - Non-fatal injury,04 - Sideswipe
10551,OR174 IC109 RAMP65 @ MONTREAL RD,376402.7716,5034982.552,4/17/16,19:31,01 - Clear,01 - Dry,01 - Traffic signal,03 - At intersection,05 - Dusk,03 - P.D. only,02 - Angle
10552,OR174 IC109 RAMP65 @ MONTREAL RD,376403.0384,5034982.776,2/12/16,22:54,01 - Clear,02 - Wet,01 - Traffic signal,02 - Intersection related,07 - Dark,03 - P.D. only,07 - SMV other
10553,OR174 IC109 RAMP65 @ MONTREAL RD,376399.0638,5034983.718,12/24/16,7:31,03 - Snow,03 - Loose snow,01 - Traffic signal,03 - At intersection,03 - Dawn,03 - P.D. only,04 - Sideswipe
10554,OR174 IC109 RAMP66 @ MONTREAL RD,376297.3829,5034935.602,1/15/16,7:50,01 - Clear,04 - Slush,03 - Yield sign,02 - Intersection related,03 - Dawn,02 - Non-fatal injury,03 - Rear end
10555,OR174 IC109 RAMP86 btwn MONTREAL RD & REGIONAL ROAD 174,376466.4612,5035013.267,7/21/16,9:11,01 - Clear,01 - Dry,10 - No control,01 - Non intersection,01 - Daylight,03 - P.D. only,07 - SMV other
10556,OR174 IC112 RAMP36 btwn REGIONAL ROAD 174 & BLAIR RD,374624.1358,5032744.426,3/24/16,16:45,04 - Freezing Rain,06 - Ice,10 - No control,01 - Non intersection,01 - Daylight,02 - Non-fatal injury,07 - SMV other
10557,OR174 IC112 RAMP36 btwn REGIONAL ROAD 174 & BLAIR RD,374696.0472,5032870.172,3/19/16,19:17,01 - Clear,01 - Dry,10 - No control,01 - Non intersection,07 - Dark,03 - P.D. only,07 - SMV other
10558,OR174 IC112 RAMP61 btwn OR174 IC112 RAMP36 & REGIONAL ROAD 174,374681.054,5033017.261,2/16/16,8:06,03 - Snow,05 - Packed snow,10 - No control,01 - Non intersection,01 - Daylight,03 - P.D. only,03 - Rear end
10559,ORANGEVILLE ST/HWY 417 ROCHEST IC121BR51 @ ROC,366778.2244,5029520.966,1/9/16,16:21,02 - Rain,02 - Wet,01 - Traffic signal,03 - At intersection,05 - Dusk,03 - P.D. only,02 - Angle
10560,ORANGEVILLE ST/HWY 417 ROCHEST IC121BR51 @ ROC,366778.5325,5029522.802,12/23/16,6:30,01 - Clear,02 - Wet,01 - Traffic signal,03 - At intersection,07 - Dark,03 - P.D. only,02 - Angle
10561,ORCHARDVIEW AVE @ GARDENWAY DR,384735.6727,5036806.362,6/26/16,13:25,01 - Clear,01 - Dry,02 - Stop sign,02 - Intersection related,01 - Daylight,02 - Non-fatal injury,02 - Angle
10562,ORCHARDVIEW AVE @ GARDENWAY DR,384736.8178,5036807.429,4/6/16,17:45,03 - Snow,03 - Loose snow,02 - Stop sign,02 - Intersection related,01 - Daylight,03 - P.D. only,03 - Rear end
10563,ORIENT PARK DR btwn AUTUMN HILL CRES & CLEROUX CRES,379218.4238,5033272.464,12/5/16,9:11,03 - Snow,06 - Ice,10 - No control,01 - Non intersection,01 - Daylight,03 - P.D. only,02 - Angle
10564,ORIENT PARK DR btwn KELDEN CRES & FALKIRK CRES,378550.8626,5032964.423,2/14/16,7:13,01 - Clear,06 - Ice,10 - No control,01 - Non intersection,01 - Daylight,03 - P.D. only,06 - SMV unattended vehicle
10565,ORLEANS BLVD @ LONGLEAF DR N/SILVERBIRCH ST,380738.9845,5034033.675,11/25/16,15:28,01 - Clear,03 - Loose snow,02 - Stop sign,03 - At intersection,01 - Daylight,03 - P.D. only,02 - Angle
10566,ORLEANS BLVD @ MAPLE RUN AVE/BEAUSEJOUR DR S,380572.5344,5035316.228,9/2/16,16:07,01 - Clear,01 - Dry,01 - Traffic signal,02 - Intersection related,01 - Daylight,02 - Non-fatal injury,02 - Angle
10567,ORLEANS BLVD @ MAPLE RUN AVE/BEAUSEJOUR DR S,380571.7365,5035314.675,3/9/16,18:45,01 - Clear,01 - Dry,01 - Traffic signal,03 - At intersection,07 - Dark,03 - P.D. only,05 - Turning movement
10568,ORLEANS BLVD @ MAPLE RUN AVE/BEAUSEJOUR DR S,380572.0953,5035316.228,2/10/16,17:42,03 - Snow,03 - Loose snow,01 - Traffic signal,02 - Intersection related,07 - Dark,03 - P.D. only,03 - Rear end
10569,ORLEANS BLVD @ NAVAN RD,380597.1773,5033094.293,8/10/16,11:15,01 - Clear,01 - Dry,02 - Stop sign,03 - At intersection,01 - Daylight,02 - Non-fatal injury,02 - Angle
10570,ORLEANS BLVD @ NAVAN RD,380593.865,5033089.341,5/2/16,14:55,01 - Clear,01 - Dry,02 - Stop sign,02 - Intersection related,01 - Daylight,03 - P.D. only,99 - Other
10571,ORLEANS BLVD @ NAVAN RD,380595.9826,5033091.479,10/6/16,7:25,01 - Clear,01 - Dry,02 - Stop sign,02 - Intersection related,01 - Daylight,03 - P.D. only,03 - Rear end
10572,ORLEANS BLVD @ PINEGLADE CRES/CRESTMONT PL,380610.8146,5034137.679,2/28/16,11:00,03 - Snow,04 - Slush,02 - Stop sign,02 - Intersection related,01 - Daylight,03 - P.D. only,01 - Approaching
10573,ORLEANS BLVD @ ST. JOSEPH BLVD,380630.9388,5036980.856,4/5/16,20:59,01 - Clear,01 - Dry,01 - Traffic signal,03 - At intersection,07 - Dark,02 - Non-fatal injury,05 - Turning movement
10574,ORLEANS BLVD @ ST. JOSEPH BLVD,380631.5122,5036979.914,6/11/16,8:52,02 - Rain,02 - Wet,01 - Traffic signal,03 - At intersection,01 - Daylight,02 - Non-fatal injury,05 - Turning movement
10575,ORLEANS BLVD @ ST. JOSEPH BLVD,380631.5182,5036979.931,10/28/16,14:58,01 - Clear,02 - Wet,01 - Traffic signal,03 - At intersection,01 - Daylight,02 - Non-fatal injury,05 - Turning movement
10576,ORLEANS BLVD @ ST. JOSEPH BLVD,380631.7377,5036980.176,12/13/16,16:00,01 - Clear,01 - Dry,01 - Traffic signal,02 - Intersection related,05 - Dusk,02 - Non-fatal injury,03 - Rear end
10577,ORLEANS BLVD @ ST. JOSEPH BLVD,380630.9095,5036978.52,8/26/16,14:00,01 - Clear,01 - Dry,01 - Traffic signal,02 - Intersection related,01 - Daylight,03 - P.D. only,03 - Rear end
10578,ORLEANS BLVD @ ST. JOSEPH BLVD,380632.2732,5036979.787,8/18/16,9:15,01 - Clear,01 - Dry,01 - Traffic signal,02 - Intersection related,01 - Daylight,03 - P.D. only,03 - Rear end
10579,ORLEANS BLVD @ ST. JOSEPH BLVD,380633.1154,5036979.442,5/17/16,18:40,01 - Clear,01 - Dry,01 - Traffic signal,03 - At intersection,01 - Daylight,03 - P.D. only,05 - Turning movement
10580,ORLEANS BLVD @ ST. JOSEPH BLVD,380630.8192,5036980.36,6/7/16,16:21,01 - Clear,01 - Dry,01 - Traffic signal,02 - Intersection related,01 - Daylight,03 - P.D. only,03 - Rear end
10581,ORLEANS BLVD @ ST. JOSEPH BLVD,380631.9572,5036980.81,9/30/16,20:20,01 - Clear,01 - Dry,01 - Traffic signal,03 - At intersection,07 - Dark,03 - P.D. only,05 - Turning movement
10582,ORLEANS BLVD @ ST. JOSEPH BLVD,380629.2532,5036980.176,12/19/16,10:03,01 - Clear,04 - Slush,01 - Traffic signal,02 - Intersection related,01 - Daylight,03 - P.D. only,03 - Rear end
10583,ORLEANS BLVD btwn BEAUSEJOUR DR & BOYER RD,380804.9094,5035408.711,7/25/16,10:27,02 - Rain,02 - Wet,10 - No control,01 - Non intersection,01 - Daylight,02 - Non-fatal injury,03 - Rear end
10584,ORLEANS BLVD btwn BEAUSEJOUR DR & BOYER RD,380710.5675,5035371.356,10/29/16,14:40,01 - Clear,01 - Dry,10 - No control,01 - Non intersection,01 - Daylight,03 - P.D. only,02 - Angle
10585,ORLEANS BLVD btwn CRESTMONT PL & LONGLEAF DR,380727.5556,5034046.296,9/1/16,7:50,01 - Clear,01 - Dry,10 - No control,01 - Non intersection,01 - Daylight,03 - P.D. only,06 - SMV unattended vehicle
10586,ORLEANS BLVD btwn FOREST VALLEY DR & OAK MEADOWS DR,380260.7752,5034833.977,8/28/16,15:20,02 - Rain,02 - Wet,10 - No control,01 - Non intersection,01 - Daylight,02 - Non-fatal injury,03 - Rear end
10587,ORLEANS BLVD btwn JEANNE D'ARC BLVD S & BEAUSEJOUR DR,381000.003,5036070.763,9/21/16,16:04,01 - Clear,01 - Dry,10 - No control,04 - At/near private drive,01 - Daylight,03 - P.D. only,02 - Angle
10588,ORLEANS BLVD btwn JEANNE D'ARC BLVD S & BEAUSEJOUR DR,381022.5893,5036002.507,11/10/16,17:24,01 - Clear,01 - Dry,10 - No control,04 - At/near private drive,07 - Dark,03 - P.D. only,02 - Angle
10589,ORLEANS BLVD btwn NOTRE DAME ST & CARRIERE ST,380783.6305,5036629.799,5/5/16,16:18,01 - Clear,01 - Dry,10 - No control,01 - Non intersection,01 - Daylight,03 - P.D. only,03 - Rear end
10590,ORLEANS BLVD btwn ST. JOSEPH BLVD & NOTRE DAME ST,380640.0578,5036967.496,6/28/16,8:35,01 - Clear,01 - Dry,10 - No control,01 - Non intersection,01 - Daylight,03 - P.D. only,07 - SMV other
10591,ORLEANS BLVD btwn TIMOTHY CRT & FORTUNE DR,380155.4563,5037869.65,5/11/16,18:35,01 - Clear,01 - Dry,10 - No control,04 - At/near private drive,01 - Daylight,02 - Non-fatal injury,02 - Angle
10592,OSGOODE MAIN ST @ NIXON DR,374401.9354,5000468.77,8/6/16,11:15,01 - Clear,01 - Dry,02 - Stop sign,02 - Intersection related,01 - Daylight,03 - P.D. only,99 - Other
10593,OSGOODE MAIN ST @ RIVER RD,373031.7035,4999619.303,12/26/16,17:05,04 - Freezing Rain,06 - Ice,02 - Stop sign,02 - Intersection related,07 - Dark,02 - Non-fatal injury,02 - Angle
10594,OSGOODE MAIN ST @ RIVER RD,373031.484,4999618.205,1/23/16,12:51,01 - Clear,01 - Dry,02 - Stop sign,02 - Intersection related,01 - Daylight,03 - P.D. only,99 - Other
10595,OSGOODE MAIN ST btwn BOYD ST & WILSON LANE,374547.261,5000642.789,9/16/16,20:00,01 - Clear,01 - Dry,10 - No control,01 - Non intersection,07 - Dark,03 - P.D. only,03 - Rear end
10596,OSGOODE ST @ RUSSELL AVE,369147.5686,5032035.685,2/7/16,9:21,01 - Clear,02 - Wet,02 - Stop sign,02 - Intersection related,01 - Daylight,03 - P.D. only,06 - SMV unattended vehicle
10597,OSGOODE ST @ RUSSELL AVE,369147.6997,5032035.787,10/7/16,16:22,01 - Clear,01 - Dry,02 - Stop sign,03 - At intersection,01 - Daylight,03 - P.D. only,02 - Angle
10598,OSGOODE ST btwn KING EDWARD AVE & HENDERSON AVE,368915.1,5031894.482,9/7/16,10:20,01 - Clear,01 - Dry,10 - No control,01 - Non intersection,01 - Daylight,03 - P.D. only,06 - SMV unattended vehicle
10599,OSGOODE ST btwn KING EDWARD AVE & HENDERSON AVE,368888.2183,5031875.848,1/22/16,14:32,01 - Clear,02 - Wet,10 - No control,04 - At/near private drive,01 - Daylight,03 - P.D. only,99 - Other
10600,OSGOODE ST btwn RUSSELL AVE & CHAPEL ST,369220.9034,5032079.071,4/3/16,18:30,01 - Clear,01 - Dry,10 - No control,01 - Non intersection,01 - Daylight,03 - P.D. only,06 - SMV unattended vehicle
10601,OSMOND DALEY DR btwn END & WEST LAKE CIRC,344331.6531,5018525.459,11/21/16,20:20,03 - Snow,03 - Loose snow,10 - No control,01 - Non intersection,07 - Dark,03 - P.D. only,07 - SMV other
10602,OSPREY CRES btwn PINE HILL DR & PINE HILL DR,355724.7931,5017550.661,1/13/16,16:51,02 - Rain,06 - Ice,10 - No control,01 - Non intersection,05 - Dusk,03 - P.D. only,07 - SMV other
10603,OSPREY CRES btwn PINE HILL DR & PINE HILL DR,355852.9674,5017497.779,12/5/16,22:43,01 - Clear,05 - Packed snow,10 - No control,01 - Non intersection,07 - Dark,03 - P.D. only,06 - SMV unattended vehicle