Record,Location,X,Y,Date,Time,Environment,Road_Surface,Traffic_Control,Collision_Location,Light,Collision_Classification,Impact_type
10604,OSSINGTON AVE btwn GROSVENOR AVE & BANK ST,368815.7466,5028273.785,1/8/16,17:35,01 - Clear,01 - Dry,10 - No control,01 - Non intersection,05 - Dusk,03 - P.D. only,06 - SMV unattended vehicle
10605,OSSINGTON AVE btwn GROSVENOR AVE & BANK ST,368706.4669,5028207.959,2/27/16,10:30,01 - Clear,05 - Packed snow,10 - No control,01 - Non intersection,01 - Daylight,03 - P.D. only,06 - SMV unattended vehicle
10606,OTHELLO AVE @ WESTON DR,373384.2287,5028906.425,1/9/16,16:30,01 - Clear,02 - Wet,02 - Stop sign,03 - At intersection,05 - Dusk,03 - P.D. only,02 - Angle
10607,OTHELLO AVE btwn WESTON DR & PLEASANT PARK RD,373444.2414,5028747.896,8/2/16,11:15,01 - Clear,01 - Dry,10 - No control,01 - Non intersection,01 - Daylight,03 - P.D. only,06 - SMV unattended vehicle
10608,OTHELLO AVE btwn WINGATE DR & CHAPMAN BLVD,373272.7989,5029190.103,5/20/16,15:37,01 - Clear,01 - Dry,10 - No control,01 - Non intersection,01 - Daylight,02 - Non-fatal injury,03 - Rear end
10609,O'TOOLE RD btwn WILHAVEN DR & INNES RD,388904.9055,5038824.466,8/8/16,19:55,01 - Clear,01 - Dry,10 - No control,01 - Non intersection,01 - Daylight,03 - P.D. only,05 - Turning movement
10610,OTTAWA RIVER PKWY @ ISLAND PARK DR,363299.0993,5029453.677,11/4/16,12:55,01 - Clear,01 - Dry,01 - Traffic signal,03 - At intersection,01 - Daylight,02 - Non-fatal injury,02 - Angle
10611,OTTAWA RIVER PKWY @ ISLAND PARK DR,363298.7447,5029453.537,3/31/16,10:00,02 - Rain,02 - Wet,01 - Traffic signal,02 - Intersection related,01 - Daylight,03 - P.D. only,03 - Rear end
10612,OTTAWA RIVER PKWY @ ISLAND PARK DR,363298.6833,5029453.578,6/27/16,18:26,01 - Clear,01 - Dry,01 - Traffic signal,02 - Intersection related,01 - Daylight,03 - P.D. only,04 - Sideswipe
10613,OTTAWA RIVER PKWY @ ISLAND PARK DR,363299.0993,5029453.677,3/19/16,22:26,01 - Clear,01 - Dry,01 - Traffic signal,02 - Intersection related,07 - Dark,03 - P.D. only,03 - Rear end
10614,OTTAWA RIVER PKWY @ ISLAND PARK DR,363299.4484,5029454.027,5/6/16,16:32,01 - Clear,01 - Dry,01 - Traffic signal,02 - Intersection related,01 - Daylight,03 - P.D. only,03 - Rear end
10615,OTTAWA RIVER PKWY @ ISLAND PARK DR,363299.4484,5029453.328,1/2/16,16:40,01 - Clear,02 - Wet,01 - Traffic signal,02 - Intersection related,05 - Dusk,03 - P.D. only,03 - Rear end
10616,OTTAWA RIVER PKWY @ ISLAND PARK DR,363298.4012,5029452.979,6/14/16,17:55,01 - Clear,01 - Dry,01 - Traffic signal,02 - Intersection related,01 - Daylight,03 - P.D. only,03 - Rear end
10617,OTTAWA RIVER PKWY @ ISLAND PARK DR,363297.9871,5029454.66,3/3/16,8:57,01 - Clear,01 - Dry,01 - Traffic signal,02 - Intersection related,01 - Daylight,03 - P.D. only,03 - Rear end
10618,OTTAWA RIVER PKWY @ ISLAND PARK DR,363298.0077,5029454.19,7/5/16,16:20,01 - Clear,01 - Dry,01 - Traffic signal,02 - Intersection related,01 - Daylight,03 - P.D. only,03 - Rear end
10619,OTTAWA RIVER PKWY @ ISLAND PARK DR,363298.7242,5029453.557,8/29/16,10:36,01 - Clear,01 - Dry,01 - Traffic signal,03 - At intersection,01 - Daylight,03 - P.D. only,05 - Turning movement
10620,OTTAWA RIVER PKWY @ ISLAND PARK DR,363298.1093,5029453.86,12/21/16,15:30,01 - Clear,01 - Dry,01 - Traffic signal,03 - At intersection,01 - Daylight,03 - P.D. only,04 - Sideswipe
10621,OTTAWA RIVER PKWY @ ISLAND PARK DR,363298.8003,5029452.87,9/29/16,7:45,01 - Clear,00 - Unknown,01 - Traffic signal,02 - Intersection related,01 - Daylight,03 - P.D. only,04 - Sideswipe
10622,OTTAWA RIVER PKWY @ ISLAND PARK DR,363298.9542,5029454.489,10/7/16,8:13,01 - Clear,01 - Dry,01 - Traffic signal,02 - Intersection related,01 - Daylight,03 - P.D. only,03 - Rear end
10623,OTTAWA RIVER PKWY @ ISLAND PARK DR,363298.3609,5029454.232,6/30/16,21:00,01 - Clear,01 - Dry,01 - Traffic signal,03 - At intersection,05 - Dusk,03 - P.D. only,05 - Turning movement
10624,OTTAWA RIVER PKWY @ PORTAGE BRIDGE,366516.756,5031314.968,1/4/16,19:48,03 - Snow,03 - Loose snow,01 - Traffic signal,03 - At intersection,07 - Dark,03 - P.D. only,04 - Sideswipe
10625,OTTAWA RIVER PKWY @ PORTAGE BRIDGE,366515.7332,5031314.714,7/9/16,17:39,02 - Rain,02 - Wet,01 - Traffic signal,02 - Intersection related,01 - Daylight,03 - P.D. only,03 - Rear end
10626,OTTAWA RIVER PKWY @ REMIC RAPIDS ENT/TUNNEY'S ,364269.484,5030245.016,2/3/16,15:35,01 - Clear,02 - Wet,01 - Traffic signal,02 - Intersection related,01 - Daylight,03 - P.D. only,03 - Rear end
10627,OTTAWA RIVER PKWY @ REMIC RAPIDS ENT/TUNNEY'S ,364262.4928,5030245.489,1/15/16,18:15,03 - Snow,01 - Dry,01 - Traffic signal,03 - At intersection,07 - Dark,03 - P.D. only,05 - Turning movement
10628,OTTAWA RIVER PKWY @ REMIC RAPIDS ENT/TUNNEY'S ,364262.937,5030245.247,7/19/16,18:50,01 - Clear,01 - Dry,01 - Traffic signal,03 - At intersection,01 - Daylight,03 - P.D. only,05 - Turning movement
10629,OTTAWA RIVER PKWY @ REMIC RAPIDS ENT/TUNNEY'S ,364261.5689,5030240.965,7/9/16,20:28,01 - Clear,01 - Dry,01 - Traffic signal,03 - At intersection,05 - Dusk,03 - P.D. only,05 - Turning movement
10630,OTTAWA RIVER PKWY @ REMIC RAPIDS ENT/TUNNEY'S ,364262.6567,5030244.623,12/28/16,16:20,00 - Unknown,00 - Unknown,01 - Traffic signal,02 - Intersection related,05 - Dusk,03 - P.D. only,03 - Rear end
10631,OTTAWA RIVER PKWY @ RIVER ST/SLIDELL ST,365159.2183,5030375.561,12/29/16,13:32,03 - Snow,03 - Loose snow,01 - Traffic signal,02 - Intersection related,01 - Daylight,01 - Fatal injury,03 - Rear end
10632,OTTAWA RIVER PKWY @ RIVER ST/SLIDELL ST,365153.4615,5030374.982,7/17/16,14:55,01 - Clear,01 - Dry,01 - Traffic signal,03 - At intersection,01 - Daylight,02 - Non-fatal injury,02 - Angle
10633,OTTAWA RIVER PKWY @ RIVER ST/SLIDELL ST,365156.9216,5030377.46,10/30/16,16:00,01 - Clear,01 - Dry,01 - Traffic signal,03 - At intersection,01 - Daylight,03 - P.D. only,02 - Angle
10634,OTTAWA RIVER PKWY @ VIMY PLACE PRIV,365975.8995,5030797.436,1/13/16,16:09,01 - Clear,02 - Wet,01 - Traffic signal,02 - Intersection related,01 - Daylight,03 - P.D. only,03 - Rear end
10635,OTTAWA RIVER PKWY @ VIMY PLACE PRIV,365975.2308,5030799.9,6/25/16,10:56,01 - Clear,01 - Dry,01 - Traffic signal,02 - Intersection related,01 - Daylight,03 - P.D. only,03 - Rear end
10636,OTTAWA RIVER PKWY @ VIMY PLACE PRIV,365973.8208,5030797.267,9/1/16,5:36,01 - Clear,01 - Dry,01 - Traffic signal,02 - Intersection related,07 - Dark,03 - P.D. only,04 - Sideswipe
10637,OTTAWA RIVER PKWY @ VIMY PLACE PRIV,365975.193,5030797.857,12/31/16,13:50,03 - Snow,03 - Loose snow,01 - Traffic signal,03 - At intersection,01 - Daylight,03 - P.D. only,05 - Turning movement
10638,OTTAWA RIVER PKWY @ WOODROFFE AVE,361426.5927,5027003.108,5/30/16,9:29,01 - Clear,01 - Dry,02 - Stop sign,03 - At intersection,01 - Daylight,02 - Non-fatal injury,02 - Angle
10639,OTTAWA RIVER PKWY btwn ISLAND PARK DR & TURN LANE (1),363323.9659,5029495.771,8/13/16,8:05,02 - Rain,02 - Wet,10 - No control,01 - Non intersection,01 - Daylight,03 - P.D. only,04 - Sideswipe
10640,OTTAWA RIVER PKWY btwn TRANSITWAY - TIME POINT & VIMY PLACE PRIV,365949.8542,5030779.928,4/20/16,16:17,01 - Clear,01 - Dry,10 - No control,01 - Non intersection,01 - Daylight,02 - Non-fatal injury,07 - SMV other
10641,OTTAWA RIVER PKWY btwn TRANSITWAY - TIME POINT & VIMY PLACE PRIV,365723.8294,5030498.504,3/2/16,11:05,03 - Snow,06 - Ice,10 - No control,01 - Non intersection,01 - Daylight,03 - P.D. only,07 - SMV other
10642,OTTAWA RIVER PKWY btwn TRANSITWAY - TIME POINT & VIMY PLACE PRIV,365934.3958,5030778.317,9/26/16,17:10,01 - Clear,01 - Dry,10 - No control,01 - Non intersection,01 - Daylight,03 - P.D. only,03 - Rear end
10643,OTTAWA RIVER PKWY btwn VIMY PLACE PRIV & BOOTH ST,366260.2027,5031004.208,7/13/16,15:00,01 - Clear,01 - Dry,10 - No control,01 - Non intersection,01 - Daylight,02 - Non-fatal injury,03 - Rear end
10644,OTTAWA RIVER PKWY btwn VIMY PLACE PRIV & BOOTH ST,366250.2788,5030996.113,6/13/16,15:20,01 - Clear,01 - Dry,10 - No control,01 - Non intersection,01 - Daylight,03 - P.D. only,04 - Sideswipe
10645,OTTAWA RIVER PKWY EB btwn TO BE DETERMINED & TRANSIT,360913.0565,5025419.534,1/19/16,18:10,00 - Unknown,00 - Unknown,10 - No control,01 - Non intersection,07 - Dark,03 - P.D. only,02 - Angle
10646,OTTAWA RIVER PKWY EB btwn TRANSIT & TURN LANE (1),362654.1976,5029010.392,5/12/16,18:15,01 - Clear,02 - Wet,10 - No control,01 - Non intersection,01 - Daylight,03 - P.D. only,04 - Sideswipe
10647,OTTAWA RIVER PKWY EB btwn TRANSIT & TURN LANE (1),362651.5089,5028997.736,7/7/16,6:30,02 - Rain,02 - Wet,10 - No control,01 - Non intersection,01 - Daylight,03 - P.D. only,03 - Rear end
10648,OTTAWA RIVER PKWY EB btwn TRANSIT & TURN LANE (2),361277.7481,5026721.151,5/3/16,7:54,01 - Clear,01 - Dry,10 - No control,01 - Non intersection,01 - Daylight,03 - P.D. only,03 - Rear end
10649,OTTAWA RIVER PKWY EB btwn TRANSIT & TURN LANE (2),361392.9926,5026927.179,4/8/16,6:57,01 - Clear,02 - Wet,10 - No control,01 - Non intersection,01 - Daylight,03 - P.D. only,04 - Sideswipe
10650,OTTAWA RIVER PKWY EB btwn TUNNEY'S PASTURE/REMIC RAPIDS ENT & ISLAND P,364183.6045,5030057.334,2/13/16,7:54,01 - Clear,06 - Ice,10 - No control,01 - Non intersection,01 - Daylight,02 - Non-fatal injury,07 - SMV other
10651,OTTAWA RIVER PKWY EB btwn TUNNEY'S PASTURE/REMIC RAPIDS ENT & ISLAND P,363957.0085,5029938.552,6/2/16,0:15,01 - Clear,02 - Wet,10 - No control,01 - Non intersection,07 - Dark,02 - Non-fatal injury,07 - SMV other
10652,OTTAWA RIVER PKWY EB btwn TUNNEY'S PASTURE/REMIC RAPIDS ENT & ISLAND P,363996.5554,5029943.372,2/25/16,18:30,03 - Snow,06 - Ice,10 - No control,01 - Non intersection,07 - Dark,03 - P.D. only,99 - Other
10653,OTTAWA RIVER PKWY EB btwn TUNNEY'S PASTURE/REMIC RAPIDS ENT & ISLAND P,364141.7118,5030019.457,9/9/16,13:48,01 - Clear,01 - Dry,10 - No control,01 - Non intersection,01 - Daylight,03 - P.D. only,03 - Rear end
10654,OTTAWA RIVER PKWY EB btwn TURN LANE & TRANSIT,361451.7302,5027093.338,2/23/16,4:22,01 - Clear,01 - Dry,10 - No control,01 - Non intersection,07 - Dark,03 - P.D. only,07 - SMV other
10655,OTTAWA RIVER PKWY EB btwn TURN LANE & TRANSIT,362160.7341,5027603.686,7/22/16,13:51,01 - Clear,01 - Dry,10 - No control,01 - Non intersection,01 - Daylight,03 - P.D. only,03 - Rear end
10656,OTTAWA RIVER PKWY WB btwn OTTAWA RIVER PKWY WB RAMP/CARLING AVE WB & W,360959.01,5025665.175,5/31/16,17:05,01 - Clear,01 - Dry,10 - No control,01 - Non intersection,01 - Daylight,02 - Non-fatal injury,03 - Rear end
10657,OTTAWA RIVER PKWY WB btwn OTTAWA RIVER PKWY WB RAMP/CARLING AVE WB & W,361388.7397,5026973.298,1/18/16,8:35,01 - Clear,03 - Loose snow,10 - No control,01 - Non intersection,01 - Daylight,03 - P.D. only,07 - SMV other
10658,OTTAWA RIVER PKWY WB btwn RAMP & RAMP,364742.7525,5030441.883,4/6/16,19:00,03 - Snow,05 - Packed snow,10 - No control,01 - Non intersection,05 - Dusk,03 - P.D. only,03 - Rear end
10659,OTTAWA RIVER PKWY WB btwn RAMP & RIVER ST,365064.1393,5030356.237,4/27/16,3:20,01 - Clear,01 - Dry,10 - No control,01 - Non intersection,07 - Dark,03 - P.D. only,07 - SMV other
10660,OTTAWA RIVER PKWY WB btwn TRANSIT & TURN LANE,362696.4784,5028621.843,9/10/16,19:20,01 - Clear,01 - Dry,10 - No control,04 - At/near private drive,05 - Dusk,02 - Non-fatal injury,02 - Angle
10661,OTTAWA RIVER PKWY WB btwn TRANSIT & TURN LANE,362626.1754,5028863.755,6/26/16,15:37,01 - Clear,01 - Dry,10 - No control,01 - Non intersection,01 - Daylight,03 - P.D. only,99 - Other
10662,OTTAWA RIVER PKWY WB btwn TRANSIT & TURN LANE,362638.7662,5028835.837,11/16/16,9:15,02 - Rain,02 - Wet,10 - No control,01 - Non intersection,01 - Daylight,03 - P.D. only,04 - Sideswipe
10663,OTTAWA RIVER PKWY WB btwn TRANSIT & TURN LANE,362670.9991,5028762.885,10/12/16,17:45,01 - Clear,01 - Dry,10 - No control,01 - Non intersection,01 - Daylight,03 - P.D. only,04 - Sideswipe
10664,OTTAWA RIVER PKWY WB btwn TUNNEY'S PASTURE/REMIC RAPIDS ENT & PARKDALE,364169.8078,5030136.673,5/26/16,9:00,01 - Clear,01 - Dry,10 - No control,01 - Non intersection,01 - Daylight,02 - Non-fatal injury,03 - Rear end
10665,OTTAWA RIVER PKWY WB btwn TUNNEY'S PASTURE/REMIC RAPIDS ENT & PARKDALE,363356.2097,5029593.167,1/13/16,16:45,01 - Clear,04 - Slush,10 - No control,01 - Non intersection,05 - Dusk,03 - P.D. only,03 - Rear end
10666,OTTAWA RIVER PKWY WB btwn TUNNEY'S PASTURE/REMIC RAPIDS ENT & PARKDALE,364130.6877,5030110.25,2/17/16,16:05,03 - Snow,05 - Packed snow,10 - No control,01 - Non intersection,01 - Daylight,03 - P.D. only,03 - Rear end
10667,OTTAWA RIVER PKWY WB btwn TUNNEY'S PASTURE/REMIC RAPIDS ENT & PARKDALE,363427.5186,5029730.293,2/12/16,17:15,03 - Snow,03 - Loose snow,10 - No control,01 - Non intersection,05 - Dusk,03 - P.D. only,03 - Rear end
10668,OTTAWA RIVER PKWY WB btwn TUNNEY'S PASTURE/REMIC RAPIDS ENT & PARKDALE,363959.302,5030000.946,3/1/16,23:30,03 - Snow,03 - Loose snow,10 - No control,01 - Non intersection,07 - Dark,03 - P.D. only,07 - SMV other
10669,OTTAWA RIVER PKWY WB btwn TUNNEY'S PASTURE/REMIC RAPIDS ENT & PARKDALE,363567.13,5029868.372,6/13/16,17:00,01 - Clear,01 - Dry,10 - No control,01 - Non intersection,01 - Daylight,03 - P.D. only,04 - Sideswipe
10670,OTTAWA RIVER PKWY WB btwn TUNNEY'S PASTURE/REMIC RAPIDS ENT & PARKDALE,363367.6947,5029615.421,8/26/16,15:20,01 - Clear,01 - Dry,10 - No control,01 - Non intersection,01 - Daylight,03 - P.D. only,04 - Sideswipe
10671,OTTAWA RIVER PKWY WB btwn TUNNEY'S PASTURE/REMIC RAPIDS ENT & PARKDALE,364033.6638,5030043.282,11/22/16,17:15,01 - Clear,01 - Dry,10 - No control,01 - Non intersection,07 - Dark,03 - P.D. only,03 - Rear end
10672,OTTAWA RIVER PKWY WB btwn TUNNEY'S PASTURE/REMIC RAPIDS ENT & PARKDALE,363379.8616,5029645.41,4/11/16,16:00,01 - Clear,02 - Wet,10 - No control,01 - Non intersection,01 - Daylight,03 - P.D. only,03 - Rear end
10673,OTTAWA RIVER PKWY WB btwn TUNNEY'S PASTURE/REMIC RAPIDS ENT & PARKDALE,364259.4759,5030240.544,12/14/16,16:15,01 - Clear,99 - Other,10 - No control,01 - Non intersection,05 - Dusk,03 - P.D. only,03 - Rear end
10674,OTTAWA RIVER PKWY WB btwn WOODROFFE AVE & TRANSIT,362388.6374,5027965.465,3/25/16,7:40,04 - Freezing Rain,04 - Slush,10 - No control,01 - Non intersection,01 - Daylight,02 - Non-fatal injury,07 - SMV other
10675,OTTAWA RIVER PKWY WB btwn WOODROFFE AVE & TRANSIT,361978.3184,5027367.955,1/27/16,23:55,01 - Clear,01 - Dry,10 - No control,01 - Non intersection,07 - Dark,03 - P.D. only,07 - SMV other
10676,OTTAWA RIVER PKWY WB btwn WOODROFFE AVE & TRANSIT,361410.9972,5027099.087,6/22/16,9:09,01 - Clear,01 - Dry,10 - No control,01 - Non intersection,01 - Daylight,03 - P.D. only,04 - Sideswipe
10677,OTTAWA RIVER PKWY WB RAMP/CARLING AVE WB btwn CARLING AVE & OTTAWA RIV,360891.5295,5025438.48,7/20/16,19:55,01 - Clear,01 - Dry,10 - No control,01 - Non intersection,01 - Daylight,03 - P.D. only,02 - Angle
10678,OTTAWA RIVER PKWY WB RAMP/CARLING AVE WB btwn CARLING AVE & OTTAWA RIV,360891.9979,5025439.273,6/20/16,17:50,01 - Clear,01 - Dry,10 - No control,01 - Non intersection,01 - Daylight,03 - P.D. only,03 - Rear end
10679,OTTAWA ROAD 29 btwn GALETTA SIDE RD & WALTER BRADLEY RD,318988.9241,5027147.713,10/16/16,21:24,"07 - Fog, mist, smoke, dust",02 - Wet,10 - No control,01 - Non intersection,07 - Dark,02 - Non-fatal injury,07 - SMV other
10680,OTTAWA ROAD 29 btwn GALETTA SIDE RD & WALTER BRADLEY RD,318958.3291,5026958.248,3/20/16,3:09,01 - Clear,01 - Dry,10 - No control,01 - Non intersection,07 - Dark,02 - Non-fatal injury,07 - SMV other
10681,OTTAWA ST btwn COLONEL MURRAY ST & COCKBURN ST,357855.2994,5005409.021,11/29/16,0:21,"07 - Fog, mist, smoke, dust",02 - Wet,10 - No control,01 - Non intersection,07 - Dark,02 - Non-fatal injury,05 - Turning movement
10682,OWL VALLEY DR @ SHORELINE DR,368381.7949,5015616.758,2/5/16,8:22,01 - Clear,01 - Dry,02 - Stop sign,03 - At intersection,01 - Daylight,02 - Non-fatal injury,03 - Rear end
10683,OWL VALLEY DR btwn Continuation of OWL VALLEY DR & Continuation of OWL,368393.2245,5015672.061,4/16/16,13:30,01 - Clear,01 - Dry,10 - No control,01 - Non intersection,01 - Daylight,03 - P.D. only,06 - SMV unattended vehicle
10684,OWL VALLEY DR btwn Continuation of OWL VALLEY DR & Continuation of OWL,368498.7346,5015805.383,11/25/16,17:50,01 - Clear,04 - Slush,10 - No control,04 - At/near private drive,07 - Dark,03 - P.D. only,06 - SMV unattended vehicle
10685,OWLS CABIN AVE btwn FEATHER MOSS WAY & SPRATT RD,369183.3289,5016674.373,6/6/16,9:13,01 - Clear,01 - Dry,10 - No control,01 - Non intersection,01 - Daylight,03 - P.D. only,06 - SMV unattended vehicle
10686,OWLSHEAD RD btwn CADE CRT & COOLBROOK CRES,348421.4638,5003131.978,9/4/16,2:15,01 - Clear,01 - Dry,10 - No control,01 - Non intersection,07 - Dark,03 - P.D. only,07 - SMV other
10687,OXFORD ST btwn PINEHURST AVE & HINCHEY AVE,365166.8251,5029522.223,12/13/16,17:45,03 - Snow,04 - Slush,10 - No control,01 - Non intersection,07 - Dark,03 - P.D. only,06 - SMV unattended vehicle
10688,PAGE RD btwn MONTPELIER PL & NAVAN RD,381617.8787,5032863.943,3/24/16,18:53,03 - Snow,06 - Ice,10 - No control,01 - Non intersection,07 - Dark,03 - P.D. only,07 - SMV other
10689,PALLADIUM DR @ SILVER SEVEN RD,351051.8297,5017888.113,2/26/16,8:42,01 - Clear,06 - Ice,01 - Traffic signal,02 - Intersection related,01 - Daylight,02 - Non-fatal injury,03 - Rear end
10690,PALLADIUM DR @ SILVER SEVEN RD,351051.1485,5017887.676,6/12/16,15:37,01 - Clear,01 - Dry,01 - Traffic signal,02 - Intersection related,01 - Daylight,02 - Non-fatal injury,03 - Rear end
10691,PALLADIUM DR @ SILVER SEVEN RD,351052.5262,5017886.758,2/26/16,11:48,01 - Clear,06 - Ice,01 - Traffic signal,02 - Intersection related,01 - Daylight,03 - P.D. only,03 - Rear end
10692,PALLADIUM DR @ SILVER SEVEN RD,351052.2841,5017887.221,6/3/16,11:24,01 - Clear,01 - Dry,01 - Traffic signal,03 - At intersection,01 - Daylight,03 - P.D. only,04 - Sideswipe
10693,PALLADIUM DR btwn HUNTMAR DR & HWY417 IC142 RAMP25,349596.353,5017272.132,10/24/16,10:26,01 - Clear,01 - Dry,10 - No control,01 - Non intersection,01 - Daylight,02 - Non-fatal injury,05 - Turning movement
10694,PALLADIUM DR btwn HUNTMAR DR & HWY417 IC142 RAMP25,349549.6296,5017133.056,1/14/16,0:05,01 - Clear,01 - Dry,10 - No control,01 - Non intersection,07 - Dark,03 - P.D. only,07 - SMV other
10695,PALLADIUM DR btwn HWY417 IC142 RAMP62 & HUNTMAR DR,348971.6272,5017948.973,11/24/16,8:09,03 - Snow,03 - Loose snow,10 - No control,04 - At/near private drive,01 - Daylight,03 - P.D. only,03 - Rear end
10696,PALLADIUM DR btwn SILVER SEVEN RD & TERRY FOX DR,351175.2081,5017988.654,2/18/16,19:28,01 - Clear,01 - Dry,10 - No control,04 - At/near private drive,07 - Dark,03 - P.D. only,02 - Angle
10697,PALLISTER PRIV btwn DALKOWSKI PRIV & TO BE DETERMINED,362752.0656,5022873.326,3/21/16,11:15,01 - Clear,01 - Dry,10 - No control,04 - At/near private drive,01 - Daylight,03 - P.D. only,99 - Other
10698,PALMADEO DR btwn RODEO DR & ALAMEDA WAY,365106.2326,5015804.383,2/2/16,19:20,01 - Clear,02 - Wet,10 - No control,01 - Non intersection,07 - Dark,03 - P.D. only,06 - SMV unattended vehicle
10699,PALMERSTON DR btwn MATHESON RD & PEREZ CRES,373384.5482,5032528.723,2/2/16,12:22,01 - Clear,01 - Dry,10 - No control,01 - Non intersection,01 - Daylight,03 - P.D. only,07 - SMV other
10700,PALMERSTON DR btwn PEREZ CRES & HALMONT DR,373538.4919,5032358.856,7/13/16,14:45,01 - Clear,01 - Dry,10 - No control,01 - Non intersection,01 - Daylight,03 - P.D. only,04 - Sideswipe
10701,PALOMINO DR btwn APPALOOSA DR & CHICKASAW CRES N,354440.3206,5017556.683,2/9/16,19:05,03 - Snow,02 - Wet,10 - No control,04 - At/near private drive,07 - Dark,03 - P.D. only,05 - Turning movement
10702,PALOMINO DR btwn CHICKASAW CRES N & CHICKASAW CRES S,354388.3325,5017480.47,12/15/16,16:33,01 - Clear,01 - Dry,10 - No control,01 - Non intersection,05 - Dusk,03 - P.D. only,06 - SMV unattended vehicle
10703,PAMILLA ST @ PRESTON ST,366749.5314,5029120.147,12/31/16,22:11,03 - Snow,03 - Loose snow,01 - Traffic signal,02 - Intersection related,07 - Dark,03 - P.D. only,01 - Approaching
10704,PAMILLA ST btwn PRESTON ST & END,366730.8904,5029118.983,7/5/16,19:59,01 - Clear,01 - Dry,10 - No control,01 - Non intersection,01 - Daylight,03 - P.D. only,06 - SMV unattended vehicle
10705,PAMILLA ST btwn PRESTON ST & END,366734.6245,5029121.803,12/16/16,0:00,01 - Clear,02 - Wet,10 - No control,01 - Non intersection,00 - Unknown,03 - P.D. only,06 - SMV unattended vehicle
10706,PAMILLA ST btwn PRESTON ST & ROCHESTER ST,366901.5397,5029189.216,6/29/16,10:30,01 - Clear,01 - Dry,10 - No control,01 - Non intersection,01 - Daylight,03 - P.D. only,06 - SMV unattended vehicle
10707,PAMPERO CRES btwn KONA LANE E & KONA LANE W,349816.3578,5016496.32,10/20/16,14:41,01 - Clear,01 - Dry,10 - No control,04 - At/near private drive,01 - Daylight,03 - P.D. only,06 - SMV unattended vehicle
10708,PANET ST btwn CHRISTINE AVE & EMPEROR AVE,364945.1046,5026717.52,2/21/16,6:00,03 - Snow,03 - Loose snow,10 - No control,04 - At/near private drive,07 - Dark,03 - P.D. only,07 - SMV other
10709,PANMURE RD @ HWY 417 PANMURE IC163R16,331523.0154,5021652.508,2/16/16,11:09,01 - Clear,05 - Packed snow,10 - No control,03 - At intersection,01 - Daylight,03 - P.D. only,07 - SMV other
10710,PANMURE RD @ UPPER DWYER HILL RD,329349.4225,5019817.306,12/2/16,19:28,03 - Snow,02 - Wet,02 - Stop sign,02 - Intersection related,07 - Dark,03 - P.D. only,07 - SMV other
10711,PANMURE RD btwn BREEZY HEIGHTS RD & MARSHWOOD RD,330363.0042,5020677.317,4/24/16,0:00,01 - Clear,01 - Dry,10 - No control,01 - Non intersection,07 - Dark,03 - P.D. only,07 - SMV other
10712,PANMURE RD btwn HWY417 IC163 RAMP15 & HWY417 IC163 RAMP16,331134.7631,5021328.89,11/5/16,22:13,01 - Clear,02 - Wet,10 - No control,01 - Non intersection,07 - Dark,03 - P.D. only,07 - SMV other
10713,PANMURE RD btwn MORNINGDOVE DR & DEERWOOD DR,332763.3484,5022723.484,2/27/16,9:38,05 - Drifting Snow,06 - Ice,10 - No control,01 - Non intersection,01 - Daylight,02 - Non-fatal injury,07 - SMV other
10714,PANSY AVE @ SENECA ST,368182.6269,5028343.867,4/16/16,12:32,01 - Clear,01 - Dry,02 - Stop sign,03 - At intersection,01 - Daylight,03 - P.D. only,06 - SMV unattended vehicle
10715,PARADISE CRES btwn GARDENWAY DR & GARDENWAY DR,385354.332,5037182.819,5/31/16,16:21,01 - Clear,01 - Dry,10 - No control,04 - At/near private drive,01 - Daylight,03 - P.D. only,99 - Other
10716,PARENT AVE @ ST. PATRICK ST,367821.3117,5032556.593,9/23/16,20:19,01 - Clear,01 - Dry,01 - Traffic signal,03 - At intersection,07 - Dark,02 - Non-fatal injury,02 - Angle
10717,PARENT AVE @ ST. PATRICK ST,367821.6595,5032556.398,6/9/16,18:49,01 - Clear,01 - Dry,01 - Traffic signal,03 - At intersection,01 - Daylight,03 - P.D. only,03 - Rear end
10718,PARENT AVE @ ST. PATRICK ST,367821.4828,5032555.934,1/5/16,14:47,01 - Clear,01 - Dry,01 - Traffic signal,02 - Intersection related,01 - Daylight,03 - P.D. only,04 - Sideswipe
10719,PARENT AVE @ ST. PATRICK ST,367822.5012,5032556.327,3/30/16,12:45,01 - Clear,01 - Dry,01 - Traffic signal,03 - At intersection,01 - Daylight,03 - P.D. only,05 - Turning movement
10720,PARENT AVE @ ST. PATRICK ST,367821.9436,5032556.966,6/21/16,15:16,01 - Clear,01 - Dry,01 - Traffic signal,02 - Intersection related,01 - Daylight,03 - P.D. only,03 - Rear end
10721,PARENT AVE btwn BOLTON ST & CATHCART ST,367636.8853,5032853.856,4/25/16,11:45,01 - Clear,01 - Dry,10 - No control,01 - Non intersection,01 - Daylight,03 - P.D. only,06 - SMV unattended vehicle
10722,PARENT AVE btwn MURRAY ST & CLARENCE ST,367863.8411,5032484.96,5/28/16,14:13,01 - Clear,01 - Dry,10 - No control,01 - Non intersection,01 - Daylight,03 - P.D. only,04 - Sideswipe
10723,PARENT AVE btwn MURRAY ST & CLARENCE ST,367887.4394,5032448.48,6/18/16,14:00,01 - Clear,01 - Dry,10 - No control,01 - Non intersection,01 - Daylight,03 - P.D. only,06 - SMV unattended vehicle