Record,Location,X,Y,Date,Time,Environment,Road_Surface,Traffic_Control,Collision_Location,Light,Collision_Classification,Impact_type
10974,PRESTON ST btwn PRIMROSE AVE & ELM ST,366221.3176,5030324.643,1/12/16,21:48,03 - Snow,05 - Packed snow,10 - No control,01 - Non intersection,07 - Dark,03 - P.D. only,04 - Sideswipe
10975,PRESTON ST btwn SOMERSET ST W & ECCLES ST,366321.7935,5030093.688,2/5/16,10:29,01 - Clear,01 - Dry,10 - No control,01 - Non intersection,01 - Daylight,03 - P.D. only,06 - SMV unattended vehicle
10976,PRESTON ST btwn YOUNG ST & GEORGE ST W,366593.1192,5029478.299,8/4/16,10:57,01 - Clear,01 - Dry,10 - No control,04 - At/near private drive,01 - Daylight,02 - Non-fatal injury,03 - Rear end
10977,PRESTON ST btwn YOUNG ST & GEORGE ST W,366615.9957,5029423.324,6/11/16,19:42,01 - Clear,01 - Dry,10 - No control,01 - Non intersection,01 - Daylight,03 - P.D. only,04 - Sideswipe
10978,PRESTON ST btwn YOUNG ST & GEORGE ST W,366600.5466,5029458.256,1/19/16,8:40,01 - Clear,03 - Loose snow,10 - No control,04 - At/near private drive,01 - Daylight,03 - P.D. only,02 - Angle
10979,PRESTONE DR @ MOUNTAINSIDE CRES S/TURNER CRES ,382933.4241,5038128.833,5/9/16,22:51,01 - Clear,01 - Dry,02 - Stop sign,03 - At intersection,07 - Dark,03 - P.D. only,02 - Angle
10980,PRESTONE DR @ RIVER RIDGE CRES W/KENNEDY LANE,382626.9329,5038238.793,5/24/16,17:50,01 - Clear,01 - Dry,02 - Stop sign,02 - Intersection related,01 - Daylight,03 - P.D. only,99 - Other
10981,PRESTONE DR @ ST. JOSEPH BLVD,382325.9664,5038273.363,3/13/16,14:12,01 - Clear,02 - Wet,01 - Traffic signal,03 - At intersection,01 - Daylight,03 - P.D. only,02 - Angle
10982,PRESTONE DR @ TOMPKINS AVE,382892.4599,5037915.92,3/6/16,11:02,01 - Clear,01 - Dry,02 - Stop sign,03 - At intersection,01 - Daylight,03 - P.D. only,02 - Angle
10983,PRESTONE DR btwn LAURIN CRES & MOUNTAINSIDE CRES,382933.4666,5038106.967,2/16/16,10:48,05 - Drifting Snow,03 - Loose snow,10 - No control,01 - Non intersection,01 - Daylight,03 - P.D. only,07 - SMV other
10984,PRESTWICK DR @ ROXDALE AVE,383058.5165,5037352.391,2/24/16,15:08,03 - Snow,06 - Ice,02 - Stop sign,03 - At intersection,01 - Daylight,03 - P.D. only,02 - Angle
10985,PRESTWICK DR btwn DU GRAND BOIS AVE & INNES RD,383521.9049,5036036.365,5/27/16,16:55,01 - Clear,01 - Dry,10 - No control,01 - Non intersection,01 - Daylight,02 - Non-fatal injury,07 - SMV other
10986,PRESTWICK DR btwn ROXDALE AVE & GALLOWAY DR,383069.5139,5037323.186,10/19/16,15:15,01 - Clear,01 - Dry,10 - No control,01 - Non intersection,01 - Daylight,03 - P.D. only,06 - SMV unattended vehicle
10987,PRETORIA AVE btwn METCALFE ST & ELGIN ST,368515.7118,5030346.026,6/26/16,15:41,01 - Clear,01 - Dry,10 - No control,04 - At/near private drive,01 - Daylight,02 - Non-fatal injury,02 - Angle
10988,PRIMROSE AVE btwn PRESTON ST & ROCHESTER ST,366219.8664,5030351.847,1/12/16,2:32,03 - Snow,03 - Loose snow,10 - No control,01 - Non intersection,07 - Dark,03 - P.D. only,06 - SMV unattended vehicle
10989,PRIMROSE AVE btwn ROCHESTER ST & BOOTH ST,366402.2856,5030430.931,7/14/16,20:45,01 - Clear,01 - Dry,10 - No control,01 - Non intersection,05 - Dusk,03 - P.D. only,06 - SMV unattended vehicle
10990,PRINCE CHARLES RD btwn LOCKHART AVE & SAVILLE ROW,361822.6896,5026534.952,2/28/16,11:00,01 - Clear,02 - Wet,10 - No control,04 - At/near private drive,01 - Daylight,03 - P.D. only,06 - SMV unattended vehicle
10991,PRINCE CHARLES RD btwn SAVILLE ROW & IROQUOIS RD,362259.5022,5026462.673,3/5/16,8:00,01 - Clear,01 - Dry,10 - No control,01 - Non intersection,01 - Daylight,03 - P.D. only,03 - Rear end
10992,PRINCE OF WALES DR @ 257 S OF PRESTON ST/SIR J,366776.9071,5028558.227,3/10/16,17:47,01 - Clear,01 - Dry,01 - Traffic signal,02 - Intersection related,01 - Daylight,02 - Non-fatal injury,03 - Rear end
10993,PRINCE OF WALES DR @ 257 S OF PRESTON ST/SIR J,366777.5063,5028558.293,8/15/16,8:17,01 - Clear,01 - Dry,01 - Traffic signal,02 - Intersection related,01 - Daylight,02 - Non-fatal injury,03 - Rear end
10994,PRINCE OF WALES DR @ FAIRPARK DR,367268.8175,5015413.846,9/21/16,18:39,01 - Clear,01 - Dry,02 - Stop sign,02 - Intersection related,01 - Daylight,03 - P.D. only,03 - Rear end
10995,PRINCE OF WALES DR @ FALAISE RD/KOCHAR DR N,367460.0322,5024904.514,4/26/16,10:30,01 - Clear,01 - Dry,01 - Traffic signal,02 - Intersection related,01 - Daylight,03 - P.D. only,03 - Rear end
10996,PRINCE OF WALES DR @ FALLOWFIELD RD,367399.4827,5019166.47,8/3/16,12:41,01 - Clear,01 - Dry,01 - Traffic signal,03 - At intersection,01 - Daylight,02 - Non-fatal injury,02 - Angle
10997,PRINCE OF WALES DR @ FALLOWFIELD RD,367399.932,5019165.804,3/7/16,12:30,01 - Clear,01 - Dry,01 - Traffic signal,02 - Intersection related,01 - Daylight,03 - P.D. only,03 - Rear end
10998,PRINCE OF WALES DR @ FALLOWFIELD RD,367400.2455,5019166.738,9/13/16,16:30,01 - Clear,01 - Dry,01 - Traffic signal,02 - Intersection related,01 - Daylight,03 - P.D. only,03 - Rear end
10999,PRINCE OF WALES DR @ FALLOWFIELD RD,367399.4905,5019166.69,1/17/16,9:30,01 - Clear,01 - Dry,01 - Traffic signal,02 - Intersection related,01 - Daylight,03 - P.D. only,03 - Rear end
11000,PRINCE OF WALES DR @ FALLOWFIELD RD,367400.3834,5019167.144,5/4/16,15:38,01 - Clear,01 - Dry,01 - Traffic signal,02 - Intersection related,01 - Daylight,03 - P.D. only,03 - Rear end
11001,PRINCE OF WALES DR @ FALLOWFIELD RD,367398.6391,5019165.132,8/18/16,16:25,02 - Rain,02 - Wet,01 - Traffic signal,02 - Intersection related,01 - Daylight,03 - P.D. only,03 - Rear end
11002,PRINCE OF WALES DR @ FALLOWFIELD RD,367400.3686,5019166.69,6/29/16,15:03,01 - Clear,01 - Dry,01 - Traffic signal,02 - Intersection related,01 - Daylight,03 - P.D. only,03 - Rear end
11003,PRINCE OF WALES DR @ FALLOWFIELD RD,367399.9345,5019166.246,4/13/16,16:41,01 - Clear,01 - Dry,01 - Traffic signal,02 - Intersection related,01 - Daylight,03 - P.D. only,03 - Rear end
11004,PRINCE OF WALES DR @ FALLOWFIELD RD,367398.8818,5019164.4,9/22/16,9:00,01 - Clear,01 - Dry,01 - Traffic signal,02 - Intersection related,01 - Daylight,03 - P.D. only,03 - Rear end
11005,PRINCE OF WALES DR @ FALLOWFIELD RD,367398.8818,5019165.228,10/17/16,9:16,01 - Clear,02 - Wet,01 - Traffic signal,02 - Intersection related,01 - Daylight,03 - P.D. only,03 - Rear end
11006,PRINCE OF WALES DR @ FALLOWFIELD RD,367398.8818,5019167.712,11/1/16,11:51,01 - Clear,02 - Wet,01 - Traffic signal,02 - Intersection related,01 - Daylight,03 - P.D. only,03 - Rear end
11007,PRINCE OF WALES DR @ HARTWELL LOCKS/548 N OF R,367017.2707,5027301.555,1/14/16,15:25,01 - Clear,02 - Wet,01 - Traffic signal,02 - Intersection related,01 - Daylight,02 - Non-fatal injury,03 - Rear end
11008,PRINCE OF WALES DR @ MEADOWLANDS DR/HOG'S BACK,367371.2603,5025693.257,10/16/16,16:17,01 - Clear,01 - Dry,01 - Traffic signal,03 - At intersection,01 - Daylight,02 - Non-fatal injury,02 - Angle
11009,PRINCE OF WALES DR @ MEADOWLANDS DR/HOG'S BACK,367371.2603,5025693.257,7/12/16,6:00,01 - Clear,01 - Dry,01 - Traffic signal,03 - At intersection,03 - Dawn,02 - Non-fatal injury,02 - Angle
11010,PRINCE OF WALES DR @ MEADOWLANDS DR/HOG'S BACK,367371.5283,5025691.915,7/8/16,8:55,01 - Clear,01 - Dry,01 - Traffic signal,02 - Intersection related,01 - Daylight,02 - Non-fatal injury,02 - Angle
11011,PRINCE OF WALES DR @ MEADOWLANDS DR/HOG'S BACK,367372.503,5025694.275,2/8/16,8:50,01 - Clear,01 - Dry,01 - Traffic signal,03 - At intersection,01 - Daylight,03 - P.D. only,05 - Turning movement
11012,PRINCE OF WALES DR @ MEADOWLANDS DR/HOG'S BACK,367371.0167,5025692.554,2/14/16,15:45,01 - Clear,01 - Dry,01 - Traffic signal,03 - At intersection,01 - Daylight,03 - P.D. only,04 - Sideswipe
11013,PRINCE OF WALES DR @ MEADOWLANDS DR/HOG'S BACK,367371.3057,5025693.677,10/17/16,8:16,01 - Clear,01 - Dry,01 - Traffic signal,03 - At intersection,01 - Daylight,03 - P.D. only,05 - Turning movement
11014,PRINCE OF WALES DR @ MEADOWLANDS DR/HOG'S BACK,367372.2431,5025693.008,4/24/16,14:07,01 - Clear,01 - Dry,01 - Traffic signal,02 - Intersection related,01 - Daylight,03 - P.D. only,03 - Rear end
11015,PRINCE OF WALES DR @ MEADOWLANDS DR/HOG'S BACK,367371.2603,5025692.818,7/5/16,16:20,01 - Clear,01 - Dry,01 - Traffic signal,02 - Intersection related,01 - Daylight,03 - P.D. only,03 - Rear end
11016,PRINCE OF WALES DR @ MEADOWLANDS DR/HOG'S BACK,367370.747,5025693.477,3/17/16,17:00,01 - Clear,02 - Wet,01 - Traffic signal,02 - Intersection related,01 - Daylight,03 - P.D. only,03 - Rear end
11017,PRINCE OF WALES DR @ MEADOWLANDS DR/HOG'S BACK,367371.1884,5025693.711,5/30/16,13:50,01 - Clear,01 - Dry,01 - Traffic signal,02 - Intersection related,01 - Daylight,03 - P.D. only,03 - Rear end
11018,PRINCE OF WALES DR @ MEADOWLANDS DR/HOG'S BACK,367373.0908,5025695.04,3/31/16,8:25,01 - Clear,02 - Wet,01 - Traffic signal,02 - Intersection related,01 - Daylight,03 - P.D. only,03 - Rear end
11019,PRINCE OF WALES DR @ MEADOWLANDS DR/HOG'S BACK,367370.5984,5025694.297,6/3/16,19:33,01 - Clear,01 - Dry,01 - Traffic signal,03 - At intersection,01 - Daylight,03 - P.D. only,05 - Turning movement
11020,PRINCE OF WALES DR @ MEADOWLANDS DR/HOG'S BACK,367371.6436,5025694.529,10/13/16,8:41,01 - Clear,02 - Wet,01 - Traffic signal,02 - Intersection related,01 - Daylight,03 - P.D. only,03 - Rear end
11021,PRINCE OF WALES DR @ MEADOWLANDS DR/HOG'S BACK,367372.3184,5025692.501,12/15/16,9:29,01 - Clear,04 - Slush,01 - Traffic signal,02 - Intersection related,01 - Daylight,03 - P.D. only,03 - Rear end
11022,PRINCE OF WALES DR @ MEADOWLANDS DR/HOG'S BACK,367371.9044,5025693.078,12/9/16,7:36,01 - Clear,06 - Ice,01 - Traffic signal,03 - At intersection,03 - Dawn,03 - P.D. only,05 - Turning movement
11023,PRINCE OF WALES DR @ MERIVALE RD,367450.809,5017615.802,1/8/16,16:59,01 - Clear,01 - Dry,01 - Traffic signal,02 - Intersection related,05 - Dusk,03 - P.D. only,03 - Rear end
11024,PRINCE OF WALES DR @ MERIVALE RD,367449.7113,5017615.218,10/21/16,16:37,02 - Rain,02 - Wet,01 - Traffic signal,02 - Intersection related,01 - Daylight,03 - P.D. only,03 - Rear end
11025,PRINCE OF WALES DR @ MERIVALE RD,367449.7113,5017618.531,11/22/16,17:05,01 - Clear,06 - Ice,01 - Traffic signal,02 - Intersection related,07 - Dark,03 - P.D. only,03 - Rear end
11026,PRINCE OF WALES DR @ NORMANDY CRES S/KOCHAR DR,367447.1375,5024563.018,3/17/16,13:24,02 - Rain,02 - Wet,01 - Traffic signal,02 - Intersection related,01 - Daylight,03 - P.D. only,03 - Rear end
11027,PRINCE OF WALES DR @ NORMANDY CRES S/KOCHAR DR,367446.7794,5024562.112,1/18/16,16:40,03 - Snow,04 - Slush,01 - Traffic signal,02 - Intersection related,05 - Dusk,03 - P.D. only,03 - Rear end
11028,PRINCE OF WALES DR @ RIDEAU HEIGHTS LANE,367478.5588,5022689.312,1/11/16,19:26,01 - Clear,01 - Dry,02 - Stop sign,02 - Intersection related,07 - Dark,03 - P.D. only,04 - Sideswipe
11029,PRINCE OF WALES DR @ SANFORD AVE,366806.3656,5026129.775,9/29/16,10:30,01 - Clear,01 - Dry,02 - Stop sign,03 - At intersection,01 - Daylight,03 - P.D. only,03 - Rear end
11030,PRINCE OF WALES DR @ SECOND LINE RD,365843.7234,5006594.478,5/2/16,7:49,02 - Rain,02 - Wet,02 - Stop sign,03 - At intersection,01 - Daylight,03 - P.D. only,02 - Angle
11031,PRINCE OF WALES DR @ STRANDHERD DR,367173.9582,5014823.925,1/30/16,14:11,01 - Clear,01 - Dry,01 - Traffic signal,03 - At intersection,01 - Daylight,02 - Non-fatal injury,05 - Turning movement
11032,PRINCE OF WALES DR @ STRANDHERD DR,367175.0703,5014823.532,11/11/16,16:08,01 - Clear,01 - Dry,01 - Traffic signal,03 - At intersection,01 - Daylight,02 - Non-fatal injury,05 - Turning movement
11033,PRINCE OF WALES DR @ STRANDHERD DR,367175.0625,5014824.191,6/23/16,10:57,01 - Clear,01 - Dry,01 - Traffic signal,02 - Intersection related,01 - Daylight,02 - Non-fatal injury,03 - Rear end
11034,PRINCE OF WALES DR @ STRANDHERD DR,367175.2898,5014823.961,9/2/16,16:46,01 - Clear,01 - Dry,01 - Traffic signal,02 - Intersection related,01 - Daylight,03 - P.D. only,03 - Rear end
11035,PRINCE OF WALES DR @ STRANDHERD DR,367174.7543,5014824.994,8/16/16,10:27,01 - Clear,01 - Dry,01 - Traffic signal,02 - Intersection related,01 - Daylight,03 - P.D. only,03 - Rear end
11036,PRINCE OF WALES DR @ STRANDHERD DR,367175.2898,5014823.777,10/12/16,9:12,01 - Clear,01 - Dry,01 - Traffic signal,02 - Intersection related,01 - Daylight,03 - P.D. only,03 - Rear end
11037,PRINCE OF WALES DR @ STRANDHERD DR,367175.0678,5014824.413,2/17/16,17:04,03 - Snow,06 - Ice,01 - Traffic signal,02 - Intersection related,01 - Daylight,03 - P.D. only,03 - Rear end
11038,PRINCE OF WALES DR @ STRANDHERD DR,367175.5143,5014824.864,3/8/16,13:08,01 - Clear,02 - Wet,01 - Traffic signal,02 - Intersection related,01 - Daylight,03 - P.D. only,03 - Rear end
11039,PRINCE OF WALES DR @ STRANDHERD DR,367175.9632,5014823.518,3/9/16,8:47,01 - Clear,01 - Dry,01 - Traffic signal,02 - Intersection related,01 - Daylight,03 - P.D. only,03 - Rear end
11040,PRINCE OF WALES DR @ STRANDHERD DR,367175.9716,5014824.646,7/29/16,16:00,01 - Clear,01 - Dry,01 - Traffic signal,02 - Intersection related,01 - Daylight,03 - P.D. only,03 - Rear end
11041,PRINCE OF WALES DR @ STRANDHERD DR,367176.2083,5014824.421,6/9/16,14:16,01 - Clear,01 - Dry,01 - Traffic signal,02 - Intersection related,01 - Daylight,03 - P.D. only,04 - Sideswipe
11042,PRINCE OF WALES DR @ STRANDHERD DR,367173.6335,5014824.605,11/12/16,14:27,01 - Clear,01 - Dry,01 - Traffic signal,02 - Intersection related,01 - Daylight,03 - P.D. only,03 - Rear end
11043,PRINCE OF WALES DR @ STRANDHERD DR,367176.118,5014824.605,10/9/16,14:22,01 - Clear,01 - Dry,01 - Traffic signal,03 - At intersection,01 - Daylight,03 - P.D. only,03 - Rear end
11044,PRINCE OF WALES DR @ STRANDHERD DR,367174.4616,5014825.433,12/15/16,8:24,01 - Clear,06 - Ice,01 - Traffic signal,03 - At intersection,01 - Daylight,03 - P.D. only,02 - Angle
11045,PRINCE OF WALES DR @ STRANDHERD DR,367176.9461,5014825.433,12/5/16,7:27,05 - Drifting Snow,05 - Packed snow,01 - Traffic signal,02 - Intersection related,03 - Dawn,03 - P.D. only,03 - Rear end
11046,PRINCE OF WALES DR @ STRANDHERD DR,367176.9461,5014824.605,11/29/16,18:25,01 - Clear,01 - Dry,01 - Traffic signal,02 - Intersection related,07 - Dark,03 - P.D. only,03 - Rear end
11047,PRINCE OF WALES DR @ WATERBEND LANE,367402.3825,5021573.816,5/26/16,8:00,01 - Clear,01 - Dry,02 - Stop sign,02 - Intersection related,01 - Daylight,03 - P.D. only,05 - Turning movement
11048,PRINCE OF WALES DR @ WATERFORD DR,367364.0274,5021038.364,1/5/16,17:15,01 - Clear,01 - Dry,02 - Stop sign,02 - Intersection related,05 - Dusk,02 - Non-fatal injury,03 - Rear end
11049,PRINCE OF WALES DR @ WEST HUNT CLUB RD,367458.5139,5021891.398,2/29/16,4:45,02 - Rain,02 - Wet,01 - Traffic signal,03 - At intersection,07 - Dark,02 - Non-fatal injury,07 - SMV other
11050,PRINCE OF WALES DR @ WEST HUNT CLUB RD,367458.9298,5021890.845,2/20/16,7:14,02 - Rain,04 - Slush,01 - Traffic signal,03 - At intersection,03 - Dawn,02 - Non-fatal injury,02 - Angle
11051,PRINCE OF WALES DR @ WEST HUNT CLUB RD,367458.7103,5021891.089,10/16/16,4:15,01 - Clear,01 - Dry,01 - Traffic signal,02 - Intersection related,07 - Dark,02 - Non-fatal injury,03 - Rear end
11052,PRINCE OF WALES DR @ WEST HUNT CLUB RD,367457.9114,5021891.237,4/14/16,7:03,01 - Clear,01 - Dry,01 - Traffic signal,02 - Intersection related,01 - Daylight,02 - Non-fatal injury,03 - Rear end
11053,PRINCE OF WALES DR @ WEST HUNT CLUB RD,367458.7103,5021889.433,11/15/16,18:42,01 - Clear,01 - Dry,01 - Traffic signal,02 - Intersection related,07 - Dark,02 - Non-fatal injury,03 - Rear end
11054,PRINCE OF WALES DR @ WEST HUNT CLUB RD,367457.054,5021890.261,11/16/16,15:11,01 - Clear,01 - Dry,01 - Traffic signal,02 - Intersection related,01 - Daylight,02 - Non-fatal injury,03 - Rear end
11055,PRINCE OF WALES DR @ WEST HUNT CLUB RD,367461.1948,5021891.503,11/5/16,21:36,01 - Clear,01 - Dry,01 - Traffic signal,02 - Intersection related,07 - Dark,02 - Non-fatal injury,03 - Rear end
11056,PRINCE OF WALES DR @ WEST HUNT CLUB RD,367458.0517,5021892.162,2/19/16,11:53,01 - Clear,01 - Dry,01 - Traffic signal,02 - Intersection related,01 - Daylight,03 - P.D. only,03 - Rear end
11057,PRINCE OF WALES DR @ WEST HUNT CLUB RD,367459.1009,5021892.285,6/4/16,17:01,01 - Clear,01 - Dry,01 - Traffic signal,02 - Intersection related,01 - Daylight,03 - P.D. only,03 - Rear end
11058,PRINCE OF WALES DR @ WEST HUNT CLUB RD,367458.4848,5021892.18,6/23/16,14:40,01 - Clear,01 - Dry,01 - Traffic signal,02 - Intersection related,01 - Daylight,03 - P.D. only,03 - Rear end
11059,PRINCE OF WALES DR @ WEST HUNT CLUB RD,367459.8467,5021891.503,5/24/16,18:36,01 - Clear,01 - Dry,01 - Traffic signal,02 - Intersection related,01 - Daylight,03 - P.D. only,03 - Rear end
11060,PRINCE OF WALES DR @ WEST HUNT CLUB RD,367457.5516,5021892.199,1/5/16,11:50,01 - Clear,01 - Dry,01 - Traffic signal,02 - Intersection related,01 - Daylight,03 - P.D. only,03 - Rear end
11061,PRINCE OF WALES DR @ WEST HUNT CLUB RD,367458.0517,5021891.284,2/7/16,11:50,01 - Clear,01 - Dry,01 - Traffic signal,02 - Intersection related,01 - Daylight,03 - P.D. only,03 - Rear end
11062,PRINCE OF WALES DR @ WEST HUNT CLUB RD,367459.8202,5021892.613,2/19/16,12:15,01 - Clear,01 - Dry,01 - Traffic signal,02 - Intersection related,01 - Daylight,03 - P.D. only,03 - Rear end
11063,PRINCE OF WALES DR @ WEST HUNT CLUB RD,367458.4908,5021891.284,1/20/16,18:07,01 - Clear,01 - Dry,01 - Traffic signal,02 - Intersection related,07 - Dark,03 - P.D. only,03 - Rear end
11064,PRINCE OF WALES DR @ WEST HUNT CLUB RD,367457.5516,5021891.272,3/2/16,8:57,03 - Snow,03 - Loose snow,01 - Traffic signal,02 - Intersection related,01 - Daylight,03 - P.D. only,03 - Rear end
11065,PRINCE OF WALES DR @ WEST HUNT CLUB RD,367459.7446,5021891.488,2/29/16,14:41,01 - Clear,02 - Wet,01 - Traffic signal,02 - Intersection related,01 - Daylight,03 - P.D. only,03 - Rear end
11066,PRINCE OF WALES DR @ WEST HUNT CLUB RD,367458.9766,5021890.704,3/18/16,14:07,01 - Clear,01 - Dry,01 - Traffic signal,02 - Intersection related,01 - Daylight,03 - P.D. only,03 - Rear end
11067,PRINCE OF WALES DR @ WEST HUNT CLUB RD,367458.9766,5021891.77,3/21/16,11:39,01 - Clear,01 - Dry,01 - Traffic signal,02 - Intersection related,01 - Daylight,03 - P.D. only,03 - Rear end
11068,PRINCE OF WALES DR @ WEST HUNT CLUB RD,367458.444,5021891.77,4/5/16,7:31,01 - Clear,01 - Dry,01 - Traffic signal,02 - Intersection related,01 - Daylight,03 - P.D. only,03 - Rear end
11069,PRINCE OF WALES DR @ WEST HUNT CLUB RD,367459.5385,5021891.917,11/16/16,19:43,01 - Clear,01 - Dry,01 - Traffic signal,02 - Intersection related,07 - Dark,03 - P.D. only,03 - Rear end
11070,PRINCE OF WALES DR @ WEST HUNT CLUB RD,367458.483,5021892.412,7/29/16,17:22,01 - Clear,01 - Dry,01 - Traffic signal,02 - Intersection related,01 - Daylight,03 - P.D. only,03 - Rear end
11071,PRINCE OF WALES DR @ WEST HUNT CLUB RD,367458.0384,5021892.623,3/24/16,19:30,04 - Freezing Rain,05 - Packed snow,01 - Traffic signal,03 - At intersection,07 - Dark,03 - P.D. only,02 - Angle
11072,PRINCE OF WALES DR @ WEST HUNT CLUB RD,367458.4848,5021891.729,6/29/16,18:00,01 - Clear,01 - Dry,01 - Traffic signal,02 - Intersection related,01 - Daylight,03 - P.D. only,04 - Sideswipe
11073,PRINCE OF WALES DR @ WEST HUNT CLUB RD,367458.0517,5021890.845,9/23/16,15:19,02 - Rain,02 - Wet,01 - Traffic signal,02 - Intersection related,01 - Daylight,03 - P.D. only,04 - Sideswipe
11074,PRINCE OF WALES DR @ WEST HUNT CLUB RD,367458.0339,5021892.18,5/28/16,18:28,01 - Clear,01 - Dry,01 - Traffic signal,02 - Intersection related,01 - Daylight,03 - P.D. only,03 - Rear end
11075,PRINCE OF WALES DR @ WEST HUNT CLUB RD,367458.0285,5021891.503,8/17/16,11:30,01 - Clear,01 - Dry,01 - Traffic signal,02 - Intersection related,01 - Daylight,03 - P.D. only,03 - Rear end
11076,PRINCE OF WALES DR @ WEST HUNT CLUB RD,367458.4908,5021890.845,5/31/16,15:59,01 - Clear,01 - Dry,01 - Traffic signal,02 - Intersection related,01 - Daylight,03 - P.D. only,03 - Rear end
11077,PRINCE OF WALES DR @ WEST HUNT CLUB RD,367458.7103,5021891.917,11/11/16,16:46,01 - Clear,01 - Dry,01 - Traffic signal,02 - Intersection related,05 - Dusk,03 - P.D. only,03 - Rear end
11078,PRINCE OF WALES DR @ WEST HUNT CLUB RD,367457.8821,5021891.917,10/15/16,15:10,02 - Rain,02 - Wet,01 - Traffic signal,02 - Intersection related,01 - Daylight,03 - P.D. only,03 - Rear end
11079,PRINCE OF WALES DR @ WEST HUNT CLUB RD,367457.054,5021890.261,10/7/16,21:24,01 - Clear,01 - Dry,01 - Traffic signal,02 - Intersection related,07 - Dark,03 - P.D. only,03 - Rear end
11080,PRINCE OF WALES DR @ WEST HUNT CLUB RD,367457.6126,5021891.284,11/3/16,22:04,02 - Rain,02 - Wet,01 - Traffic signal,02 - Intersection related,07 - Dark,03 - P.D. only,04 - Sideswipe
11081,PRINCE OF WALES DR @ WEST HUNT CLUB RD,367458.7103,5021891.089,2/19/16,8:00,01 - Clear,01 - Dry,01 - Traffic signal,02 - Intersection related,01 - Daylight,03 - P.D. only,03 - Rear end
11082,PRINCE OF WALES DR @ WEST HUNT CLUB RD,367456.2258,5021891.917,12/13/16,18:35,03 - Snow,02 - Wet,01 - Traffic signal,02 - Intersection related,07 - Dark,03 - P.D. only,03 - Rear end
11083,PRINCE OF WALES DR @ WEST HUNT CLUB RD,367459.5385,5021891.917,12/22/16,8:36,03 - Snow,04 - Slush,01 - Traffic signal,02 - Intersection related,01 - Daylight,03 - P.D. only,03 - Rear end
11084,PRINCE OF WALES DR @ WEST HUNT CLUB RD,367459.5385,5021890.261,12/5/16,7:43,03 - Snow,06 - Ice,01 - Traffic signal,02 - Intersection related,03 - Dawn,03 - P.D. only,03 - Rear end
11085,PRINCE OF WALES DR @ WINDING WAY N,367411.866,5017053.847,12/24/16,21:06,01 - Clear,01 - Dry,02 - Stop sign,02 - Intersection related,07 - Dark,03 - P.D. only,99 - Other
11086,PRINCE OF WALES DR btwn 187 N OF MEADOWLANDS DR & MEADOWLANDS DR/HOG'S,367333.5627,5025804.764,10/28/16,8:03,03 - Snow,02 - Wet,10 - No control,04 - At/near private drive,03 - Dawn,02 - Non-fatal injury,02 - Angle
11087,PRINCE OF WALES DR btwn 187 N OF MEADOWLANDS DR & MEADOWLANDS DR/HOG'S,367332.6214,5025805.661,1/18/16,16:33,03 - Snow,04 - Slush,10 - No control,04 - At/near private drive,01 - Daylight,02 - Non-fatal injury,02 - Angle
11088,PRINCE OF WALES DR btwn 187 N OF MEADOWLANDS DR & MEADOWLANDS DR/HOG'S,367341.8421,5025790.733,2/12/16,21:38,01 - Clear,04 - Slush,10 - No control,01 - Non intersection,07 - Dark,03 - P.D. only,04 - Sideswipe
11089,PRINCE OF WALES DR btwn 187 N OF MEADOWLANDS DR & MEADOWLANDS DR/HOG'S,367314.7078,5025832.425,1/4/16,18:54,01 - Clear,06 - Ice,10 - No control,01 - Non intersection,07 - Dark,03 - P.D. only,04 - Sideswipe
11090,PRINCE OF WALES DR btwn 187 N OF MEADOWLANDS DR & MEADOWLANDS DR/HOG'S,367361.981,5025729.502,10/16/16,15:08,01 - Clear,01 - Dry,10 - No control,04 - At/near private drive,01 - Daylight,03 - P.D. only,03 - Rear end
11091,PRINCE OF WALES DR btwn 187 N OF MEADOWLANDS DR & MEADOWLANDS DR/HOG'S,367357.8402,5025743.166,12/17/16,20:50,03 - Snow,03 - Loose snow,10 - No control,01 - Non intersection,07 - Dark,03 - P.D. only,05 - Turning movement
11092,PRINCE OF WALES DR btwn BASELINE RD & TURN LANE,366881.706,5026472.717,2/25/16,18:09,03 - Snow,06 - Ice,10 - No control,01 - Non intersection,07 - Dark,03 - P.D. only,01 - Approaching
11093,PRINCE OF WALES DR btwn BASELINE RD/HERON RD & GREEN VALLEY CRES,366902.7573,5026538.873,2/13/16,8:00,01 - Clear,05 - Packed snow,10 - No control,01 - Non intersection,01 - Daylight,03 - P.D. only,07 - SMV other
11094,PRINCE OF WALES DR btwn BASELINE RD/HERON RD & GREEN VALLEY CRES,366983.082,5026687.121,1/29/16,11:24,01 - Clear,03 - Loose snow,10 - No control,01 - Non intersection,01 - Daylight,03 - P.D. only,05 - Turning movement
11095,PRINCE OF WALES DR btwn BLAZER AVE & DEAKIN ST,367348.69,5021174.006,7/1/16,6:08,01 - Clear,01 - Dry,10 - No control,04 - At/near private drive,01 - Daylight,02 - Non-fatal injury,02 - Angle