Record,Location,X,Y,Date,Time,Environment,Road_Surface,Traffic_Control,Collision_Location,Light,Collision_Classification,Impact_type
11096,PRINCE OF WALES DR btwn BLAZER AVE & DEAKIN ST,367349.3985,5021157.419,12/19/16,3:40,03 - Snow,04 - Slush,10 - No control,01 - Non intersection,07 - Dark,02 - Non-fatal injury,01 - Approaching
11097,PRINCE OF WALES DR btwn BLAZER AVE & DEAKIN ST,367379.7183,5021476.917,9/10/16,13:41,01 - Clear,01 - Dry,10 - No control,04 - At/near private drive,01 - Daylight,03 - P.D. only,03 - Rear end
11098,PRINCE OF WALES DR btwn BLAZER AVE & DEAKIN ST,367346.914,5021185.577,11/20/16,19:48,03 - Snow,05 - Packed snow,10 - No control,01 - Non intersection,07 - Dark,03 - P.D. only,03 - Rear end
11099,PRINCE OF WALES DR btwn BLAZER AVE & DEAKIN ST,367346.4635,5021186.011,12/5/16,9:56,02 - Rain,03 - Loose snow,10 - No control,04 - At/near private drive,01 - Daylight,03 - P.D. only,02 - Angle
11100,PRINCE OF WALES DR btwn BORDEN SIDE RD & NORMANDY CRES,367231.778,5024285.348,1/23/16,2:44,01 - Clear,01 - Dry,10 - No control,01 - Non intersection,07 - Dark,02 - Non-fatal injury,07 - SMV other
11101,PRINCE OF WALES DR btwn BORDEN SIDE RD & NORMANDY CRES,367199.1881,5024237.826,7/27/16,16:37,01 - Clear,01 - Dry,10 - No control,01 - Non intersection,01 - Daylight,02 - Non-fatal injury,03 - Rear end
11102,PRINCE OF WALES DR btwn BORDEN SIDE RD & NORMANDY CRES,367286.3918,5024356.357,6/28/16,15:25,01 - Clear,01 - Dry,10 - No control,04 - At/near private drive,01 - Daylight,03 - P.D. only,05 - Turning movement
11103,PRINCE OF WALES DR btwn COLONNADE RD & STEPHANIE AVE,367513.3856,5022824.23,8/7/16,10:09,01 - Clear,01 - Dry,10 - No control,01 - Non intersection,01 - Daylight,03 - P.D. only,99 - Other
11104,PRINCE OF WALES DR btwn COLONNADE RD & STEPHANIE AVE,367489.7406,5022981.792,1/7/16,8:30,01 - Clear,02 - Wet,10 - No control,01 - Non intersection,01 - Daylight,03 - P.D. only,03 - Rear end
11105,PRINCE OF WALES DR btwn COLONNADE RD & STEPHANIE AVE,367513.3772,5022840.969,4/23/16,16:02,01 - Clear,01 - Dry,10 - No control,01 - Non intersection,01 - Daylight,03 - P.D. only,03 - Rear end
11106,PRINCE OF WALES DR btwn COLONNADE RD & STEPHANIE AVE,367410.4748,5023233.764,8/15/16,14:10,01 - Clear,01 - Dry,10 - No control,01 - Non intersection,01 - Daylight,03 - P.D. only,03 - Rear end
11107,PRINCE OF WALES DR btwn CRESTWAY DR & WINDING WAY,367394.4826,5016830.238,2/17/16,22:22,01 - Clear,06 - Ice,10 - No control,01 - Non intersection,07 - Dark,02 - Non-fatal injury,01 - Approaching
11108,PRINCE OF WALES DR btwn CRESTWAY DR & WINDING WAY,367392.8484,5016827.642,6/15/16,16:36,01 - Clear,01 - Dry,10 - No control,01 - Non intersection,01 - Daylight,02 - Non-fatal injury,03 - Rear end
11109,PRINCE OF WALES DR btwn CRESTWAY DR & WINDING WAY,367373.6827,5016606.221,6/9/16,11:46,01 - Clear,01 - Dry,10 - No control,01 - Non intersection,01 - Daylight,03 - P.D. only,07 - SMV other
11110,PRINCE OF WALES DR btwn FAIRPARK DR & WATERBRIDGE DR,367277.8186,5015514.785,1/29/16,11:07,03 - Snow,03 - Loose snow,10 - No control,01 - Non intersection,01 - Daylight,02 - Non-fatal injury,01 - Approaching
11111,PRINCE OF WALES DR btwn FALLOWFIELD RD & AMBERWOOD CRES,367379.7772,5019362.887,3/24/16,18:20,04 - Freezing Rain,05 - Packed snow,10 - No control,01 - Non intersection,07 - Dark,02 - Non-fatal injury,01 - Approaching
11112,PRINCE OF WALES DR btwn FALLOWFIELD RD & AMBERWOOD CRES,367390.7089,5019268.117,2/25/16,20:28,03 - Snow,03 - Loose snow,10 - No control,01 - Non intersection,07 - Dark,03 - P.D. only,07 - SMV other
11113,PRINCE OF WALES DR btwn FALLOWFIELD RD & AMBERWOOD CRES,367459.6514,5020554.479,2/17/16,19:56,03 - Snow,03 - Loose snow,10 - No control,01 - Non intersection,07 - Dark,03 - P.D. only,03 - Rear end
11114,PRINCE OF WALES DR btwn FALLOWFIELD RD & AMBERWOOD CRES,367487.2966,5020434.766,7/17/16,21:42,01 - Clear,01 - Dry,10 - No control,01 - Non intersection,07 - Dark,03 - P.D. only,03 - Rear end
11115,PRINCE OF WALES DR btwn FALLOWFIELD RD & AMBERWOOD CRES,367390.9449,5019266.538,9/30/16,16:10,01 - Clear,01 - Dry,10 - No control,01 - Non intersection,01 - Daylight,03 - P.D. only,03 - Rear end
11116,PRINCE OF WALES DR btwn FISHER AVE & NE/OT BOUNDARY,367161.3783,5023952.942,3/15/16,12:16,01 - Clear,01 - Dry,10 - No control,04 - At/near private drive,01 - Daylight,02 - Non-fatal injury,02 - Angle
11117,PRINCE OF WALES DR btwn FISHER AVE & NE/OT BOUNDARY,367159.308,5023962.485,3/29/16,16:37,01 - Clear,01 - Dry,10 - No control,04 - At/near private drive,01 - Daylight,03 - P.D. only,05 - Turning movement
11118,PRINCE OF WALES DR btwn FOREST HILL AVE & BASELINE RD/HERON RD,366850.3773,5026348.257,5/26/16,11:00,01 - Clear,01 - Dry,10 - No control,01 - Non intersection,01 - Daylight,03 - P.D. only,03 - Rear end
11119,PRINCE OF WALES DR btwn GREENBANK RD & BARNSDALE RD,366646.6962,5011512.123,10/11/16,19:30,01 - Clear,01 - Dry,10 - No control,04 - At/near private drive,07 - Dark,02 - Non-fatal injury,03 - Rear end
11120,PRINCE OF WALES DR btwn GREENBANK RD & BARNSDALE RD,366201.9592,5009749.049,12/12/16,17:32,03 - Snow,04 - Slush,10 - No control,01 - Non intersection,07 - Dark,03 - P.D. only,04 - Sideswipe
11121,PRINCE OF WALES DR btwn GREENBANK RD & PRINCE OF WALES DR,366316.5552,5009167.094,9/14/16,17:37,01 - Clear,01 - Dry,10 - No control,01 - Non intersection,01 - Daylight,03 - P.D. only,03 - Rear end
11122,PRINCE OF WALES DR btwn GREENBANK RD & PRINCE OF WALES DR,366364.953,5009024.562,11/4/16,16:47,01 - Clear,01 - Dry,10 - No control,01 - Non intersection,05 - Dusk,03 - P.D. only,03 - Rear end
11123,PRINCE OF WALES DR btwn HOLBORN AVE & RIDEAU GLEN DR,367452.6912,5017818.57,1/19/16,8:33,01 - Clear,01 - Dry,10 - No control,01 - Non intersection,01 - Daylight,02 - Non-fatal injury,05 - Turning movement
11124,PRINCE OF WALES DR btwn HOLBORN AVE & RIDEAU GLEN DR,367454.4877,5017920.775,8/19/16,10:57,01 - Clear,01 - Dry,10 - No control,01 - Non intersection,01 - Daylight,02 - Non-fatal injury,01 - Approaching
11125,PRINCE OF WALES DR btwn JOCKVALE RD & MAPLEHILL WAY,366730.6976,5012373.6,10/28/16,15:45,02 - Rain,02 - Wet,10 - No control,04 - At/near private drive,01 - Daylight,03 - P.D. only,03 - Rear end
11126,PRINCE OF WALES DR btwn LODGE RD & STRANDHERD DR,367158.9037,5014793.439,4/26/16,15:12,01 - Clear,01 - Dry,10 - No control,01 - Non intersection,01 - Daylight,03 - P.D. only,04 - Sideswipe
11127,PRINCE OF WALES DR btwn MAPLEHILL WAY & LODGE RD,366920.2584,5013247.354,12/19/16,18:58,01 - Clear,02 - Wet,10 - No control,04 - At/near private drive,07 - Dark,02 - Non-fatal injury,05 - Turning movement
11128,PRINCE OF WALES DR btwn MAPLEHILL WAY & LODGE RD,366773.6722,5012694.897,4/26/16,15:16,01 - Clear,01 - Dry,10 - No control,01 - Non intersection,01 - Daylight,03 - P.D. only,04 - Sideswipe
11129,PRINCE OF WALES DR btwn MAPLEHILL WAY & LODGE RD,366914.9641,5013177.116,12/17/16,8:31,03 - Snow,03 - Loose snow,10 - No control,01 - Non intersection,01 - Daylight,03 - P.D. only,07 - SMV other
11130,PRINCE OF WALES DR btwn MEADOWLANDS DR & NESBITT PL,367383.4167,5025604.935,1/17/16,15:56,03 - Snow,02 - Wet,10 - No control,04 - At/near private drive,01 - Daylight,02 - Non-fatal injury,02 - Angle
11131,PRINCE OF WALES DR btwn MEADOWLANDS DR & NESBITT PL,367381.4601,5025603.677,2/25/16,12:14,03 - Snow,02 - Wet,10 - No control,04 - At/near private drive,01 - Daylight,03 - P.D. only,02 - Angle
11132,PRINCE OF WALES DR btwn MEADOWLANDS DR & NESBITT PL,367382.1191,5025608.456,8/16/16,15:24,02 - Rain,02 - Wet,10 - No control,04 - At/near private drive,01 - Daylight,03 - P.D. only,02 - Angle
11133,PRINCE OF WALES DR btwn MEADOWLANDS DR & NESBITT PL,367374.1874,5025669.606,4/28/16,19:13,01 - Clear,01 - Dry,10 - No control,04 - At/near private drive,01 - Daylight,03 - P.D. only,02 - Angle
11134,PRINCE OF WALES DR btwn NATIONAL CAPITAL COMM DRWY & HARTWELL LOCKS/54,366922.3608,5027904.283,6/29/16,19:47,01 - Clear,01 - Dry,10 - No control,01 - Non intersection,01 - Daylight,03 - P.D. only,03 - Rear end
11135,PRINCE OF WALES DR btwn NATIONAL CAPITAL COMM DRWY & HARTWELL LOCKS/54,366990.834,5027347.581,6/23/16,23:26,01 - Clear,01 - Dry,10 - No control,01 - Non intersection,07 - Dark,03 - P.D. only,07 - SMV other
11136,PRINCE OF WALES DR btwn NATIONAL CAPITAL COMM DRWY & HARTWELL LOCKS/54,366993.2239,5027340.061,8/18/16,16:56,01 - Clear,01 - Dry,10 - No control,01 - Non intersection,01 - Daylight,03 - P.D. only,03 - Rear end
11137,PRINCE OF WALES DR btwn NAVY PRIV & PRESTON ST,366895.0935,5028767.559,5/12/16,7:31,01 - Clear,01 - Dry,10 - No control,04 - At/near private drive,01 - Daylight,02 - Non-fatal injury,05 - Turning movement
11138,PRINCE OF WALES DR btwn NORMANDY CRES & FALAISE RD (1),367477.1242,5024756.619,12/11/16,20:42,03 - Snow,02 - Wet,10 - No control,01 - Non intersection,07 - Dark,03 - P.D. only,01 - Approaching
11139,PRINCE OF WALES DR btwn RIDEAU GLEN DR & FALLOWFIELD RD,367401.7257,5019155.048,2/26/16,17:31,03 - Snow,04 - Slush,10 - No control,01 - Non intersection,07 - Dark,03 - P.D. only,01 - Approaching
11140,PRINCE OF WALES DR btwn RIDEAU GLEN DR & FALLOWFIELD RD,367456.1267,5018298.066,9/24/16,10:50,01 - Clear,01 - Dry,10 - No control,04 - At/near private drive,01 - Daylight,03 - P.D. only,05 - Turning movement
11141,PRINCE OF WALES DR btwn RIDEAU HEIGHTS LANE & STEPHANIE AVE,367509.2955,5022786.323,12/29/16,14:12,03 - Snow,03 - Loose snow,10 - No control,01 - Non intersection,01 - Daylight,03 - P.D. only,01 - Approaching
11142,PRINCE OF WALES DR btwn RIDEAU SHORE CRT & COLONNADE RD,367389.9978,5023276.617,3/1/16,8:02,01 - Clear,02 - Wet,10 - No control,01 - Non intersection,01 - Daylight,03 - P.D. only,04 - Sideswipe
11143,PRINCE OF WALES DR btwn RIDEAU SHORE CRT & COLONNADE RD,367370.3599,5023320.18,6/7/16,16:28,02 - Rain,02 - Wet,10 - No control,01 - Non intersection,01 - Daylight,03 - P.D. only,03 - Rear end
11144,PRINCE OF WALES DR btwn SECOND LINE RD S & BANKFIELD RD,366418.5483,5008858.372,9/19/16,7:50,"07 - Fog, mist, smoke, dust",01 - Dry,10 - No control,01 - Non intersection,01 - Daylight,03 - P.D. only,07 - SMV other
11145,PRINCE OF WALES DR btwn SIR JOHN A CARLING BLDG & NAVY PRIV,366822.5705,5028652.698,5/22/16,11:31,01 - Clear,01 - Dry,10 - No control,01 - Non intersection,01 - Daylight,02 - Non-fatal injury,03 - Rear end
11146,PRINCE OF WALES DR btwn STRANDHERD DR & BARNSTONE DR,367177.7047,5014829.24,8/22/16,22:00,01 - Clear,01 - Dry,10 - No control,01 - Non intersection,07 - Dark,03 - P.D. only,04 - Sideswipe
11147,PRINCE OF WALES DR btwn STRANDHERD DR & BARNSTONE DR,367231.1761,5014970.563,7/27/16,10:00,01 - Clear,01 - Dry,10 - No control,01 - Non intersection,01 - Daylight,03 - P.D. only,03 - Rear end
11148,PRINCE OF WALES DR btwn STRATTON DR & THIRD LINE RD S,366839.1451,5001534.565,5/20/16,5:24,01 - Clear,01 - Dry,10 - No control,01 - Non intersection,03 - Dawn,03 - P.D. only,07 - SMV other
11149,PRINCE OF WALES DR btwn TURN LANE & BASELINE RD,366856.3948,5026366.449,12/28/16,9:26,01 - Clear,02 - Wet,10 - No control,01 - Non intersection,01 - Daylight,03 - P.D. only,04 - Sideswipe
11150,PRINCE OF WALES DR btwn TURN LANE & FISHER AVE,367160.9402,5023921.384,1/12/16,8:32,01 - Clear,01 - Dry,10 - No control,01 - Non intersection,01 - Daylight,02 - Non-fatal injury,04 - Sideswipe
11151,PRINCE OF WALES DR btwn TURN LANE & FISHER AVE,367163.7503,5023883.42,8/18/16,16:24,02 - Rain,02 - Wet,10 - No control,01 - Non intersection,01 - Daylight,03 - P.D. only,03 - Rear end
11152,PRINCE OF WALES DR btwn TURN LANE & JAMES CRAIG ST,366374.7263,4999634.375,4/14/16,17:00,01 - Clear,01 - Dry,10 - No control,01 - Non intersection,01 - Daylight,03 - P.D. only,07 - SMV other
11153,PRINCE OF WALES DR btwn TURN LANE & RIDEAU SHORE CRT,367219.1984,5023658.908,1/14/16,15:16,01 - Clear,02 - Wet,10 - No control,01 - Non intersection,01 - Daylight,03 - P.D. only,03 - Rear end
11154,PRINCE OF WALES DR btwn TURN LANE & WEST HUNT CLUB RD,367450.1483,5021809.176,12/3/16,21:22,01 - Clear,01 - Dry,10 - No control,04 - At/near private drive,07 - Dark,02 - Non-fatal injury,05 - Turning movement
11155,PRINCE OF WALES DR btwn TURN LANE & WEST HUNT CLUB RD,367457.1735,5021877.233,11/7/16,9:17,01 - Clear,01 - Dry,10 - No control,01 - Non intersection,01 - Daylight,03 - P.D. only,03 - Rear end
11156,PRINCE OF WALES DR btwn VILLA CRES & MARYLAND AVE,366923.1345,5026022.056,3/4/16,12:11,02 - Rain,02 - Wet,10 - No control,04 - At/near private drive,01 - Daylight,03 - P.D. only,04 - Sideswipe
11157,PRINCE OF WALES DR btwn WATERBRIDGE DR & CRESTWAY DR,367325.8638,5016049.651,9/24/16,15:30,01 - Clear,01 - Dry,10 - No control,01 - Non intersection,01 - Daylight,03 - P.D. only,99 - Other
11158,PRINCE OF WALES DR btwn WELLSMERE CRT & RIDEAU HEIGHTS LANE,367389.1169,5022407.634,3/23/16,12:20,01 - Clear,01 - Dry,10 - No control,01 - Non intersection,01 - Daylight,03 - P.D. only,03 - Rear end
11159,PRINCE OF WALES DR btwn WELLSMERE CRT & TURN LANE,367435.6721,5022091.926,1/20/16,18:00,01 - Clear,01 - Dry,10 - No control,01 - Non intersection,07 - Dark,03 - P.D. only,03 - Rear end
11160,PRINCE OF WALES DR btwn WELLSMERE CRT & TURN LANE,367415.5745,5022179.671,5/11/16,17:09,01 - Clear,01 - Dry,10 - No control,01 - Non intersection,01 - Daylight,03 - P.D. only,03 - Rear end
11161,PRINCE OF WALES DR btwn WEST HUNT CLUB RD & TURN LANE,367458.2558,5021957.412,8/8/16,16:09,01 - Clear,01 - Dry,10 - No control,01 - Non intersection,01 - Daylight,03 - P.D. only,04 - Sideswipe
11162,PRINCE OF WALES DR btwn WILLIAM MCEWEN DR & CARSONBY RD W,365817.048,5005542.119,3/29/16,7:24,01 - Clear,01 - Dry,10 - No control,01 - Non intersection,01 - Daylight,03 - P.D. only,07 - SMV other
11163,PRINCE OF WALES DR btwn WINDING WAY & MERIVALE RD,367449.8968,5017526.453,10/26/16,16:16,01 - Clear,01 - Dry,10 - No control,01 - Non intersection,01 - Daylight,02 - Non-fatal injury,03 - Rear end
11164,PRINCE OF WALES DR btwn WINDING WAY & MERIVALE RD,367449.4866,5017604.775,5/11/16,10:00,01 - Clear,01 - Dry,10 - No control,04 - At/near private drive,01 - Daylight,03 - P.D. only,03 - Rear end
11165,PRINCE ST @ SUMMERVILLE AVE,365040.4795,5026545.201,2/5/16,16:39,01 - Clear,01 - Dry,02 - Stop sign,03 - At intersection,01 - Daylight,02 - Non-fatal injury,02 - Angle
11166,PRINCESS AVE @ ROCKCLIFFE PKWY,368225.8339,5034329.92,7/7/16,8:30,01 - Clear,01 - Dry,11 - Roundabout,03 - At intersection,01 - Daylight,02 - Non-fatal injury,02 - Angle
11167,PRINCESS PATRICIA WAY @ QUEEN ELIZABETH DRWY,368968.6932,5029417.992,5/18/16,11:56,01 - Clear,01 - Dry,02 - Stop sign,02 - Intersection related,01 - Daylight,03 - P.D. only,03 - Rear end
11168,PRINCETON AVE btwn HILLCREST AVE & BROADVIEW AVE,362847.6455,5027442.744,3/8/16,15:20,01 - Clear,03 - Loose snow,10 - No control,01 - Non intersection,01 - Daylight,03 - P.D. only,04 - Sideswipe
11169,ProposedCANYON WALK DR @ EARL ARMSTRONG RD,369396.1484,5015633.742,9/16/16,14:54,01 - Clear,01 - Dry,01 - Traffic signal,02 - Intersection related,01 - Daylight,03 - P.D. only,02 - Angle
11170,ProposedCANYON WALK DR @ EARL ARMSTRONG RD,369396.931,5015630.132,10/24/16,19:07,01 - Clear,01 - Dry,01 - Traffic signal,03 - At intersection,07 - Dark,03 - P.D. only,05 - Turning movement
11171,ProposedCANYON WALK DR @ EARL ARMSTRONG RD,369397.0839,5015631.712,4/6/16,17:34,03 - Snow,03 - Loose snow,01 - Traffic signal,02 - Intersection related,01 - Daylight,03 - P.D. only,05 - Turning movement
11172,PROVENCE AVE btwn INNES RD & SCALA AVE,386123.7009,5037047.341,5/19/16,7:49,01 - Clear,01 - Dry,10 - No control,04 - At/near private drive,01 - Daylight,02 - Non-fatal injury,02 - Angle
11173,PROVOST DR btwn HYDE ST & MARCEL ST,369441.437,5025249.204,6/20/16,16:28,01 - Clear,01 - Dry,10 - No control,01 - Non intersection,01 - Daylight,03 - P.D. only,06 - SMV unattended vehicle
11174,PUTMAN AVE @ SPRINGFIELD RD,369186.3095,5033909.594,5/31/16,16:16,01 - Clear,01 - Dry,02 - Stop sign,03 - At intersection,01 - Daylight,03 - P.D. only,02 - Angle
11175,QUEEN ELIZABETH DRWY @ QUEEN ELIZABETH PL,368584.089,5028843.829,2/12/16,15:49,01 - Clear,02 - Wet,02 - Stop sign,02 - Intersection related,01 - Daylight,03 - P.D. only,03 - Rear end
11176,QUEEN ELIZABETH DRWY @ TORRINGTON PL,367984.4861,5028613.333,9/1/16,11:49,01 - Clear,01 - Dry,02 - Stop sign,02 - Intersection related,01 - Daylight,02 - Non-fatal injury,07 - SMV other
11177,QUEEN ELIZABETH DRWY @ WAVERLEY ST,368874.9801,5031264.633,6/23/16,8:39,01 - Clear,01 - Dry,02 - Stop sign,02 - Intersection related,01 - Daylight,03 - P.D. only,03 - Rear end
11178,QUEEN ELIZABETH DRWY @ WAVERLEY ST,368874.9801,5031264.185,9/19/16,18:40,01 - Clear,01 - Dry,02 - Stop sign,02 - Intersection related,05 - Dusk,03 - P.D. only,05 - Turning movement
11179,QUEEN ELIZABETH DRWY btwn BRONSON AVE OVERPASS & LAKEVIEW TER,367709.4771,5028567.661,4/27/16,15:00,01 - Clear,01 - Dry,10 - No control,01 - Non intersection,01 - Daylight,03 - P.D. only,03 - Rear end
11180,QUEEN ELIZABETH DRWY btwn LAWRENCE FREIMAN LANE & TURN LANE,368137.5016,5031749.969,12/15/16,17:36,01 - Clear,06 - Ice,10 - No control,01 - Non intersection,07 - Dark,03 - P.D. only,03 - Rear end
11181,QUEEN ELIZABETH DRWY btwn PRESTON ST & CRESCENT HGTS,367098.8094,5028958.076,4/6/16,16:47,03 - Snow,03 - Loose snow,10 - No control,01 - Non intersection,01 - Daylight,03 - P.D. only,03 - Rear end
11182,QUEEN ELIZABETH DRWY btwn QUEEN ELIZABETH DRWY TO WB & QUEEN ELIZABETH,368481.755,5028818.774,1/26/16,19:30,03 - Snow,02 - Wet,10 - No control,01 - Non intersection,07 - Dark,02 - Non-fatal injury,07 - SMV other
11183,QUEEN ELIZABETH DRWY btwn QUEEN ELIZABETH PL & FIFTH AVE,368967.268,5029406.756,10/13/16,10:45,02 - Rain,03 - Loose snow,10 - No control,01 - Non intersection,01 - Daylight,02 - Non-fatal injury,01 - Approaching
11184,QUEEN ELIZABETH DRWY btwn QUEEN ELIZABETH PL & FIFTH AVE,369006.5739,5029330.235,7/20/16,7:14,01 - Clear,01 - Dry,10 - No control,01 - Non intersection,01 - Daylight,02 - Non-fatal injury,01 - Approaching
11185,QUEEN ELIZABETH DRWY btwn QUEEN ELIZABETH PL & FIFTH AVE,368849.0573,5029629.704,10/16/16,17:14,01 - Clear,00 - Unknown,10 - No control,01 - Non intersection,05 - Dusk,02 - Non-fatal injury,07 - SMV other
11186,QUEEN ELIZABETH DRWY btwn QUEEN ELIZABETH PL & FIFTH AVE,368644.5204,5028859.295,7/24/16,0:23,01 - Clear,01 - Dry,10 - No control,01 - Non intersection,07 - Dark,02 - Non-fatal injury,07 - SMV other
11187,QUEEN ELIZABETH DRWY btwn TO BE DETERMINED & QUEEN ELIZABETH PL,368578.8994,5028841.805,10/4/16,23:45,01 - Clear,01 - Dry,10 - No control,01 - Non intersection,07 - Dark,03 - P.D. only,07 - SMV other
11188,QUEEN ELIZABETH DRWY EB btwn BRONSON AVE OVERPASS & TORRINGTON PL (1),367766.1128,5028578.957,11/2/16,18:11,01 - Clear,01 - Dry,10 - No control,01 - Non intersection,07 - Dark,03 - P.D. only,03 - Rear end
11189,QUEEN ELIZABETH PL @ WILTON CRES,368549.7531,5028948.475,11/13/16,13:38,01 - Clear,01 - Dry,02 - Stop sign,03 - At intersection,01 - Daylight,02 - Non-fatal injury,05 - Turning movement
11190,QUEEN MARY ST @ ISIDORE ST,371673.3033,5032103.657,7/31/16,16:24,01 - Clear,01 - Dry,02 - Stop sign,03 - At intersection,01 - Daylight,03 - P.D. only,02 - Angle
11191,QUEEN MARY ST @ NORTH RIVER RD,370078.5572,5031924.491,12/18/16,18:47,01 - Clear,03 - Loose snow,02 - Stop sign,03 - At intersection,07 - Dark,02 - Non-fatal injury,07 - SMV other
11192,QUEEN MARY ST @ VANIER PKWY,370363.7105,5031957.171,9/5/16,18:35,01 - Clear,01 - Dry,01 - Traffic signal,02 - Intersection related,01 - Daylight,02 - Non-fatal injury,99 - Other
11193,QUEEN MARY ST @ VANIER PKWY,370365.3668,5031956.343,12/21/16,7:14,01 - Clear,02 - Wet,01 - Traffic signal,02 - Intersection related,03 - Dawn,03 - P.D. only,03 - Rear end
11194,QUEEN MARY ST @ VERA ST,370522.4938,5031972.918,1/21/16,16:43,01 - Clear,01 - Dry,02 - Stop sign,03 - At intersection,05 - Dusk,03 - P.D. only,02 - Angle
11195,QUEEN MARY ST btwn BERNARD ST & ALESTHER ST,372085.9214,5032149.887,2/28/16,21:00,04 - Freezing Rain,06 - Ice,10 - No control,01 - Non intersection,07 - Dark,03 - P.D. only,06 - SMV unattended vehicle
11196,QUEEN MARY ST btwn FRANCES ST & ISIDORE ST,371655.3159,5032102.216,4/19/16,0:00,02 - Rain,02 - Wet,10 - No control,01 - Non intersection,00 - Unknown,03 - P.D. only,06 - SMV unattended vehicle
11197,QUEEN MARY ST btwn LOLA ST & NAUGHTON ST,371228.1844,5032056.398,3/26/16,10:50,01 - Clear,06 - Ice,10 - No control,04 - At/near private drive,01 - Daylight,03 - P.D. only,02 - Angle
11198,QUEEN MARY ST btwn NAUGHTON ST & FRANCES ST,371393.0678,5032074.152,1/2/16,16:30,01 - Clear,05 - Packed snow,10 - No control,01 - Non intersection,05 - Dusk,03 - P.D. only,06 - SMV unattended vehicle
11199,QUEEN MARY ST btwn QUILL ST & EDITH AVE,370896.5388,5032018.364,2/16/16,23:23,03 - Snow,05 - Packed snow,10 - No control,01 - Non intersection,07 - Dark,03 - P.D. only,06 - SMV unattended vehicle
11200,QUEEN MARY ST btwn VANIER PKWY & VERA ST,370491.1062,5031970.888,6/27/16,18:31,01 - Clear,01 - Dry,10 - No control,01 - Non intersection,01 - Daylight,03 - P.D. only,06 - SMV unattended vehicle
11201,QUEEN ST @ LYON ST,367018.3385,5031287.688,2/19/16,19:42,03 - Snow,03 - Loose snow,01 - Traffic signal,03 - At intersection,07 - Dark,02 - Non-fatal injury,02 - Angle
11202,QUEEN ST @ LYON ST,367018.1682,5031288.384,7/26/16,3:26,01 - Clear,01 - Dry,01 - Traffic signal,03 - At intersection,07 - Dark,03 - P.D. only,03 - Rear end
11203,QUEEN ST btwn BANK ST & O'CONNOR ST,367427.2621,5031543.243,10/18/16,18:00,01 - Clear,01 - Dry,10 - No control,01 - Non intersection,01 - Daylight,03 - P.D. only,04 - Sideswipe
11204,QUEEN ST btwn LYON ST N & KENT ST,367162.3434,5031375.826,3/22/16,12:35,01 - Clear,01 - Dry,10 - No control,01 - Non intersection,01 - Daylight,03 - P.D. only,03 - Rear end
11205,QUEEN ST btwn O'CONNOR ST & METCALFE ST,367523.1101,5031600.082,6/1/16,15:48,01 - Clear,01 - Dry,10 - No control,04 - At/near private drive,01 - Daylight,03 - P.D. only,05 - Turning movement
11206,QUEEN VICTORIA ST btwn STANLEY AVE & RIVER LANE,368272.9812,5033692.511,2/22/16,9:00,01 - Clear,05 - Packed snow,10 - No control,01 - Non intersection,01 - Daylight,03 - P.D. only,06 - SMV unattended vehicle
11207,QUEENSBURY DR btwn GRENADIER WAY & WOODROFFE AVE,365665.8676,5016292.253,9/24/16,11:44,01 - Clear,01 - Dry,10 - No control,04 - At/near private drive,01 - Daylight,03 - P.D. only,02 - Angle
11208,QUEENSDALE AVE @ ALBION RD,372446.6766,5022922.32,11/18/16,1:24,"07 - Fog, mist, smoke, dust",02 - Wet,02 - Stop sign,03 - At intersection,07 - Dark,02 - Non-fatal injury,05 - Turning movement
11209,QUEENSDALE AVE btwn BANK ST & SIXTH ST,373346.0611,5023450.513,6/9/16,14:58,01 - Clear,01 - Dry,10 - No control,04 - At/near private drive,01 - Daylight,03 - P.D. only,05 - Turning movement
11210,QUEENSLINE DR btwn ESQUIMAULT AVE & QUALICUM ST,359709.4436,5022515.484,1/9/16,14:12,02 - Rain,02 - Wet,10 - No control,01 - Non intersection,01 - Daylight,03 - P.D. only,99 - Other
11211,QUEENSTON DR btwn MOORE ST & REGAL CRES,357158.8367,5007032.429,9/27/16,2:00,02 - Rain,02 - Wet,10 - No control,01 - Non intersection,07 - Dark,03 - P.D. only,07 - SMV other
11212,QUEENSVIEW DR btwn PINECREST RD & END,360477.1068,5023836.702,11/7/16,17:19,01 - Clear,01 - Dry,10 - No control,04 - At/near private drive,05 - Dusk,03 - P.D. only,05 - Turning movement
11213,QUINN RD btwn GILLIGAN RD & ALBION RD,373373.3507,5019954.638,10/13/16,9:00,02 - Rain,02 - Wet,10 - No control,01 - Non intersection,01 - Daylight,03 - P.D. only,06 - SMV unattended vehicle
11214,QUINTON ST btwn JUNO AVE & LOUISIANA AVE,372085.2873,5027742.429,1/1/16,16:30,03 - Snow,03 - Loose snow,10 - No control,01 - Non intersection,05 - Dusk,03 - P.D. only,06 - SMV unattended vehicle
11215,RADCLIFFE GT @ WEYBRIDGE DR,362112.889,5014897.648,1/2/16,22:51,01 - Clear,06 - Ice,02 - Stop sign,02 - Intersection related,07 - Dark,02 - Non-fatal injury,03 - Rear end