Record,Location,X,Y,Date,Time,Environment,Road_Surface,Traffic_Control,Collision_Location,Light,Collision_Classification,Impact_type
11216,RAFTSMAN LANE btwn VOYAGEUR DR & VOYAGEUR DR,378951.6915,5037834.668,7/17/16,0:00,01 - Clear,01 - Dry,10 - No control,01 - Non intersection,00 - Unknown,03 - P.D. only,06 - SMV unattended vehicle
11217,RAFTSMAN LANE W @ VOYAGEUR DR W,378973.3871,5037930.372,1/26/16,15:32,01 - Clear,02 - Wet,02 - Stop sign,03 - At intersection,01 - Daylight,03 - P.D. only,02 - Angle
11218,RALSTON ST @ RANDALL AVE,370105.72,5027329.804,1/21/16,11:24,01 - Clear,02 - Wet,02 - Stop sign,03 - At intersection,01 - Daylight,02 - Non-fatal injury,07 - SMV other
11219,RAMP btwn HIGHWAY 7 & HWY417 IC145 RAMP56,346075.7487,5014575.068,8/29/16,14:15,01 - Clear,01 - Dry,10 - No control,01 - Non intersection,01 - Daylight,03 - P.D. only,04 - Sideswipe
11220,RAMSAYVILLE RD @ EIGHTH LINE RD,379533.1414,5021917.867,12/11/16,18:21,03 - Snow,03 - Loose snow,02 - Stop sign,02 - Intersection related,07 - Dark,03 - P.D. only,01 - Approaching
11221,RAMSAYVILLE RD @ LEITRIM RD,378727.4483,5023873.73,5/14/16,9:49,01 - Clear,01 - Dry,02 - Stop sign,03 - At intersection,01 - Daylight,02 - Non-fatal injury,02 - Angle
11222,RAMSAYVILLE RD @ LEITRIM RD,378729.4375,5023871.234,10/27/16,18:32,03 - Snow,02 - Wet,02 - Stop sign,02 - Intersection related,07 - Dark,02 - Non-fatal injury,01 - Approaching
11223,RAMSAYVILLE RD @ LEITRIM RD,378726.7719,5023873.091,11/24/16,11:41,03 - Snow,05 - Packed snow,02 - Stop sign,02 - Intersection related,01 - Daylight,02 - Non-fatal injury,03 - Rear end
11224,RAMSAYVILLE RD @ LEITRIM RD,378726.9959,5023874.177,3/22/16,7:31,01 - Clear,06 - Ice,02 - Stop sign,03 - At intersection,01 - Daylight,03 - P.D. only,02 - Angle
11225,RAMSAYVILLE RD @ LEITRIM RD,378725.1156,5023874.747,9/13/16,8:35,01 - Clear,01 - Dry,02 - Stop sign,02 - Intersection related,01 - Daylight,03 - P.D. only,03 - Rear end
11226,RAMSAYVILLE RD @ LOUISEIZE RD,379561.2333,5021841.347,8/9/16,0:44,01 - Clear,01 - Dry,02 - Stop sign,03 - At intersection,07 - Dark,03 - P.D. only,07 - SMV other
11227,RAMSAYVILLE RD @ LOUISEIZE RD,379564.7681,5021851.178,2/4/16,16:07,01 - Clear,01 - Dry,02 - Stop sign,03 - At intersection,01 - Daylight,03 - P.D. only,05 - Turning movement
11228,RAMSAYVILLE RD @ MITCH OWENS RD,381144.2228,5018036.852,10/13/16,10:07,02 - Rain,02 - Wet,02 - Stop sign,02 - Intersection related,01 - Daylight,02 - Non-fatal injury,05 - Turning movement
11229,RAMSAYVILLE RD @ MITCH OWENS RD,381145.0109,5018038.691,1/20/16,7:37,01 - Clear,06 - Ice,02 - Stop sign,02 - Intersection related,03 - Dawn,03 - P.D. only,03 - Rear end
11230,RAMSAYVILLE RD @ RIDEAU RD,380352.1209,5019957.257,10/11/16,16:31,01 - Clear,01 - Dry,02 - Stop sign,02 - Intersection related,01 - Daylight,03 - P.D. only,99 - Other
11231,RAMSAYVILLE RD @ RIDEAU RD,380351.6818,5019957.696,12/7/16,7:30,02 - Rain,02 - Wet,02 - Stop sign,02 - Intersection related,03 - Dawn,03 - P.D. only,02 - Angle
11232,RAMSAYVILLE RD @ RIDGE RD,376684.205,5028863.766,5/26/16,16:12,01 - Clear,01 - Dry,02 - Stop sign,03 - At intersection,01 - Daylight,03 - P.D. only,02 - Angle
11233,RAMSAYVILLE RD @ RUSSELL RD N,377777.542,5026758.314,11/20/16,8:58,02 - Rain,02 - Wet,02 - Stop sign,03 - At intersection,01 - Daylight,03 - P.D. only,05 - Turning movement
11234,RAMSAYVILLE RD @ WALKLEY EXTENSION RD,376463.6347,5029421.66,3/2/16,4:42,03 - Snow,03 - Loose snow,10 - No control,03 - At intersection,07 - Dark,03 - P.D. only,02 - Angle
11235,RAMSAYVILLE RD btwn GENERATION CRT & RUSSELL RD,377832.5764,5026073.365,9/22/16,16:52,02 - Rain,02 - Wet,10 - No control,01 - Non intersection,01 - Daylight,02 - Non-fatal injury,04 - Sideswipe
11236,RAMSAYVILLE RD btwn LEITRIM RD & EIGHTH LINE RD,378937.9148,5023360.833,7/14/16,4:20,01 - Clear,01 - Dry,10 - No control,01 - Non intersection,07 - Dark,03 - P.D. only,07 - SMV other
11237,RAMSAYVILLE RD btwn LOUISEIZE RD & NINTH LINE RD,380218.1685,5020283.655,5/20/16,8:12,01 - Clear,01 - Dry,10 - No control,04 - At/near private drive,01 - Daylight,03 - P.D. only,02 - Angle
11238,RAMSAYVILLE RD btwn LOUISEIZE RD & NINTH LINE RD,380265.8104,5020164.28,10/7/16,14:28,01 - Clear,01 - Dry,10 - No control,01 - Non intersection,01 - Daylight,03 - P.D. only,05 - Turning movement
11239,RAMSAYVILLE RD btwn LOUISEIZE RD & NINTH LINE RD,379578.16,5021821.73,11/16/16,6:58,01 - Clear,01 - Dry,10 - No control,01 - Non intersection,03 - Dawn,03 - P.D. only,03 - Rear end
11240,RAMSAYVILLE RD btwn LOUISEIZE RD & NINTH LINE RD,379985.9453,5020827.591,12/13/16,17:01,01 - Clear,03 - Loose snow,10 - No control,01 - Non intersection,07 - Dark,03 - P.D. only,01 - Approaching
11241,RAMSAYVILLE RD btwn LOUISEIZE RD & NINTH LINE RD,380167.2723,5020400.955,12/9/16,18:17,01 - Clear,01 - Dry,10 - No control,01 - Non intersection,07 - Dark,03 - P.D. only,07 - SMV other
11242,RAMSAYVILLE RD btwn RIDGE RD & RUSSELL RD,377042.4983,5027924.065,5/10/16,1:35,01 - Clear,01 - Dry,10 - No control,01 - Non intersection,07 - Dark,03 - P.D. only,07 - SMV other
11243,RAMSAYVILLE RD btwn RIDGE RD & RUSSELL RD,376723.7154,5028772.103,12/23/16,22:30,01 - Clear,02 - Wet,10 - No control,01 - Non intersection,07 - Dark,03 - P.D. only,07 - SMV other
11244,RAMSAYVILLE RD btwn RUSSELL RD & RUSSELL RD,377902.9173,5026659.88,3/12/16,5:00,01 - Clear,01 - Dry,10 - No control,01 - Non intersection,07 - Dark,03 - P.D. only,07 - SMV other
11245,RAMSAYVILLE RD btwn WALKLEY EXTENSION RD & RIDGE RD,376488.7612,5029363.821,12/27/16,2:52,02 - Rain,06 - Ice,10 - No control,01 - Non intersection,07 - Dark,03 - P.D. only,07 - SMV other
11246,RAMSAYVILLE RD btwn WHYTE SIDE RD & LEITRIM RD,378464.5572,5024521.164,2/9/16,6:54,03 - Snow,03 - Loose snow,10 - No control,01 - Non intersection,03 - Dawn,03 - P.D. only,07 - SMV other
11247,RAMSAYVILLE RD btwn WHYTE SIDE RD & LEITRIM RD,378707.6107,5023922.08,9/12/16,17:41,01 - Clear,01 - Dry,10 - No control,01 - Non intersection,01 - Daylight,03 - P.D. only,01 - Approaching
11248,RAMSEY CRES btwn DUMAURIER AVE & DUMAURIER AVE,360121.4407,5023510.359,6/8/16,9:08,01 - Clear,01 - Dry,10 - No control,04 - At/near private drive,01 - Daylight,03 - P.D. only,02 - Angle
11249,RAND AVE @ SOUTHMORE DR,369786.4986,5025426.397,5/16/16,15:26,01 - Clear,01 - Dry,03 - Yield sign,03 - At intersection,01 - Daylight,03 - P.D. only,02 - Angle
11250,RANGE RD @ SOMERSET ST,369609.4594,5032072.702,5/8/16,21:18,01 - Clear,01 - Dry,02 - Stop sign,03 - At intersection,07 - Dark,02 - Non-fatal injury,02 - Angle
11251,RANGE RD btwn LAURIER AVE E & OSGOODE ST,369402.96,5032413.797,10/5/16,17:20,01 - Clear,01 - Dry,10 - No control,01 - Non intersection,05 - Dusk,03 - P.D. only,03 - Rear end
11252,RANGE RD btwn LAURIER AVE E & OSGOODE ST,369394.0184,5032425.542,12/21/16,0:00,01 - Clear,01 - Dry,10 - No control,01 - Non intersection,00 - Unknown,03 - P.D. only,06 - SMV unattended vehicle
11253,RANGE RD btwn SOMERSET ST E & TEMPLETON ST,369694.6486,5031929.117,4/21/16,0:00,01 - Clear,01 - Dry,10 - No control,01 - Non intersection,00 - Unknown,03 - P.D. only,06 - SMV unattended vehicle
11254,RANGE RD btwn SOMERSET ST E & TEMPLETON ST,369694.8404,5031933.948,12/21/16,0:00,03 - Snow,03 - Loose snow,10 - No control,01 - Non intersection,00 - Unknown,03 - P.D. only,06 - SMV unattended vehicle
11255,RANGE RD btwn TEMPLETON ST & MANN AVE,369722.608,5031885.374,5/29/16,15:30,01 - Clear,01 - Dry,10 - No control,01 - Non intersection,01 - Daylight,03 - P.D. only,06 - SMV unattended vehicle
11256,RASTILA CRES btwn TAPIOLA CRES & TAPIOLA CRES,372102.2608,5025306.388,5/31/16,13:57,01 - Clear,01 - Dry,10 - No control,01 - Non intersection,01 - Daylight,03 - P.D. only,06 - SMV unattended vehicle
11257,RAVEN AVE @ KIRKWOOD AVE,364690.5301,5026773.933,9/2/16,10:12,01 - Clear,01 - Dry,02 - Stop sign,03 - At intersection,01 - Daylight,03 - P.D. only,05 - Turning movement
11258,RAVEN AVE @ KIRKWOOD AVE,364691.3567,5026773.764,2/9/16,19:20,03 - Snow,02 - Wet,02 - Stop sign,03 - At intersection,07 - Dark,03 - P.D. only,02 - Angle
11259,RAVEN AVE @ KIRKWOOD AVE,364690.5185,5026773.137,3/14/16,12:36,02 - Rain,02 - Wet,02 - Stop sign,03 - At intersection,01 - Daylight,03 - P.D. only,02 - Angle
11260,RAYMOND ST/HWY 417 ROCHEST IC121BR16 @ ROCHEST,366737.2692,5029618.663,4/27/16,6:45,01 - Clear,01 - Dry,01 - Traffic signal,03 - At intersection,01 - Daylight,03 - P.D. only,02 - Angle
11261,RAYMOND ST/HWY 417 ROCHEST IC121BR16 @ ROCHEST,366737.7542,5029618.736,12/16/16,9:21,01 - Clear,01 - Dry,01 - Traffic signal,03 - At intersection,01 - Daylight,03 - P.D. only,02 - Angle
11262,REGINA LANE @ RICHMOND RD,360808.6121,5025608.441,11/18/16,9:52,01 - Clear,01 - Dry,10 - No control,03 - At intersection,01 - Daylight,03 - P.D. only,02 - Angle
11263,REGINA ST btwn DON ST & CROYDON AVE,360360.1182,5025356.701,2/13/16,11:45,01 - Clear,06 - Ice,10 - No control,04 - At/near private drive,01 - Daylight,03 - P.D. only,03 - Rear end
11264,REGINA ST btwn POULIN AVE & DON ST,360258.9105,5025310.913,5/17/16,16:00,01 - Clear,01 - Dry,10 - No control,04 - At/near private drive,01 - Daylight,03 - P.D. only,06 - SMV unattended vehicle
11265,REGIONAL RD 174 @ EAST ST/PETER HARKNESS LANE,390420.1464,5042704.498,6/23/16,6:45,01 - Clear,01 - Dry,02 - Stop sign,02 - Intersection related,01 - Daylight,02 - Non-fatal injury,03 - Rear end
11266,REGIONAL RD 174 @ TRIM RD,384350.9854,5039991.159,2/21/16,12:56,01 - Clear,01 - Dry,01 - Traffic signal,02 - Intersection related,01 - Daylight,02 - Non-fatal injury,03 - Rear end
11267,REGIONAL RD 174 @ TRIM RD,384352.1913,5039989.85,6/28/16,10:14,01 - Clear,01 - Dry,01 - Traffic signal,02 - Intersection related,01 - Daylight,02 - Non-fatal injury,03 - Rear end
11268,REGIONAL RD 174 @ TRIM RD,384352.5275,5039991.24,5/14/16,20:00,02 - Rain,02 - Wet,01 - Traffic signal,02 - Intersection related,01 - Daylight,02 - Non-fatal injury,03 - Rear end
11269,REGIONAL RD 174 @ TRIM RD,384352.1727,5039991.159,2/5/16,15:15,01 - Clear,01 - Dry,01 - Traffic signal,02 - Intersection related,01 - Daylight,03 - P.D. only,03 - Rear end
11270,REGIONAL RD 174 @ TRIM RD,384350.9854,5039989.378,2/8/16,16:15,01 - Clear,02 - Wet,01 - Traffic signal,02 - Intersection related,01 - Daylight,03 - P.D. only,03 - Rear end
11271,REGIONAL RD 174 @ TRIM RD,384352.0753,5039990.563,2/22/16,16:20,01 - Clear,01 - Dry,01 - Traffic signal,02 - Intersection related,01 - Daylight,03 - P.D. only,03 - Rear end
11272,REGIONAL RD 174 @ TRIM RD,384351.7894,5039989.961,10/27/16,7:05,01 - Clear,01 - Dry,01 - Traffic signal,02 - Intersection related,01 - Daylight,03 - P.D. only,03 - Rear end
11273,REGIONAL RD 174 @ TRIM RD,384351.8533,5039989.965,1/4/16,14:50,01 - Clear,01 - Dry,01 - Traffic signal,02 - Intersection related,01 - Daylight,03 - P.D. only,03 - Rear end
11274,REGIONAL RD 174 @ TRIM RD,384350.7556,5039991.438,1/20/16,15:15,01 - Clear,01 - Dry,01 - Traffic signal,02 - Intersection related,01 - Daylight,03 - P.D. only,03 - Rear end
11275,REGIONAL RD 174 @ TRIM RD,384351.984,5039989.891,6/21/16,7:20,01 - Clear,01 - Dry,01 - Traffic signal,02 - Intersection related,01 - Daylight,03 - P.D. only,03 - Rear end
11276,REGIONAL RD 174 @ TRIM RD,384354.7175,5039990.63,12/9/16,17:22,01 - Clear,01 - Dry,01 - Traffic signal,02 - Intersection related,07 - Dark,03 - P.D. only,03 - Rear end
11277,REGIONAL RD 174 EB @ OR174 IC109 RAMP54,376386.252,5034800.076,11/29/16,19:35,01 - Clear,01 - Dry,10 - No control,02 - Intersection related,07 - Dark,02 - Non-fatal injury,03 - Rear end
11278,REGIONAL RD 174 EB btwn REGIONAL RD 174 & TRIM RD,384377.2134,5039980.747,7/4/16,15:32,01 - Clear,01 - Dry,10 - No control,01 - Non intersection,01 - Daylight,03 - P.D. only,99 - Other
11279,REGIONAL RD 174 EB btwn REGIONAL RD 174 & TRIM RD,384391.8184,5039992.227,4/7/16,16:01,01 - Clear,01 - Dry,10 - No control,01 - Non intersection,01 - Daylight,03 - P.D. only,99 - Other
11280,REGIONAL RD 174 EB btwn REGIONAL RD 174 & TRIM RD,384401.8149,5039997.439,11/1/16,18:20,02 - Rain,02 - Wet,10 - No control,01 - Non intersection,07 - Dark,03 - P.D. only,03 - Rear end
11281,REGIONAL ROAD 174 btwn CAMERON ST & WEST ST,389990.3202,5042637.361,9/6/16,7:16,01 - Clear,01 - Dry,10 - No control,01 - Non intersection,01 - Daylight,03 - P.D. only,03 - Rear end
11282,REGIONAL ROAD 174 btwn CANAAN RD & END,395843.8657,5043440.466,10/29/16,22:36,01 - Clear,01 - Dry,10 - No control,01 - Non intersection,07 - Dark,03 - P.D. only,07 - SMV other
11283,REGIONAL ROAD 174 btwn Continuation of REGIONAL ROAD 174 & OR174 IC112,373978.827,5032228.2,8/12/16,16:10,02 - Rain,02 - Wet,10 - No control,01 - Non intersection,01 - Daylight,02 - Non-fatal injury,04 - Sideswipe
11284,REGIONAL ROAD 174 btwn Continuation of REGIONAL ROAD 174 & OR174 IC112,374071.5506,5032294.704,1/12/16,7:58,01 - Clear,01 - Dry,10 - No control,01 - Non intersection,01 - Daylight,02 - Non-fatal injury,03 - Rear end
11285,REGIONAL ROAD 174 btwn Continuation of REGIONAL ROAD 174 & OR174 IC112,374277.0908,5032457.417,8/18/16,15:43,01 - Clear,01 - Dry,10 - No control,01 - Non intersection,01 - Daylight,02 - Non-fatal injury,03 - Rear end
11286,REGIONAL ROAD 174 btwn Continuation of REGIONAL ROAD 174 & OR174 IC112,374440.5675,5032578.829,10/6/16,16:13,01 - Clear,01 - Dry,10 - No control,01 - Non intersection,01 - Daylight,02 - Non-fatal injury,03 - Rear end
11287,REGIONAL ROAD 174 btwn Continuation of REGIONAL ROAD 174 & OR174 IC112,374120.8034,5032335.111,12/18/16,11:53,03 - Snow,03 - Loose snow,10 - No control,01 - Non intersection,01 - Daylight,02 - Non-fatal injury,99 - Other
11288,REGIONAL ROAD 174 btwn Continuation of REGIONAL ROAD 174 & OR174 IC112,374079.0054,5032303.255,7/6/16,9:50,01 - Clear,01 - Dry,10 - No control,01 - Non intersection,01 - Daylight,02 - Non-fatal injury,03 - Rear end
11289,REGIONAL ROAD 174 btwn Continuation of REGIONAL ROAD 174 & OR174 IC112,374384.2639,5032533.342,10/18/16,7:56,01 - Clear,02 - Wet,10 - No control,01 - Non intersection,01 - Daylight,03 - P.D. only,03 - Rear end
11290,REGIONAL ROAD 174 btwn Continuation of REGIONAL ROAD 174 & OR174 IC112,373979.4184,5032226.032,1/6/16,15:55,01 - Clear,01 - Dry,10 - No control,01 - Non intersection,01 - Daylight,03 - P.D. only,04 - Sideswipe
11291,REGIONAL ROAD 174 btwn Continuation of REGIONAL ROAD 174 & OR174 IC112,374507.7487,5032626.232,9/12/16,8:59,01 - Clear,01 - Dry,10 - No control,01 - Non intersection,01 - Daylight,03 - P.D. only,03 - Rear end
11292,REGIONAL ROAD 174 btwn Continuation of REGIONAL ROAD 174 & OR174 IC112,374121.5024,5032340.148,9/7/16,6:58,01 - Clear,01 - Dry,10 - No control,01 - Non intersection,01 - Daylight,03 - P.D. only,03 - Rear end
11293,REGIONAL ROAD 174 btwn Continuation of REGIONAL ROAD 174 & OR174 IC112,374439.1284,5032577.435,9/7/16,8:25,01 - Clear,01 - Dry,10 - No control,01 - Non intersection,01 - Daylight,03 - P.D. only,03 - Rear end
11294,REGIONAL ROAD 174 btwn Continuation of REGIONAL ROAD 174 & OR174 IC112,374442.2637,5032579.634,10/3/16,16:28,01 - Clear,01 - Dry,10 - No control,01 - Non intersection,01 - Daylight,03 - P.D. only,03 - Rear end
11295,REGIONAL ROAD 174 btwn Continuation of REGIONAL ROAD 174 & OR174 IC112,374122.7999,5032336.938,10/27/16,7:17,01 - Clear,01 - Dry,10 - No control,01 - Non intersection,01 - Daylight,03 - P.D. only,03 - Rear end
11296,REGIONAL ROAD 174 btwn Continuation of REGIONAL ROAD 174 & OR174 IC112,374358.1268,5032514.142,11/19/16,20:11,01 - Clear,01 - Dry,10 - No control,01 - Non intersection,07 - Dark,03 - P.D. only,07 - SMV other
11297,REGIONAL ROAD 174 btwn EAST ST & EAST SHORE RD,390517.1131,5042719.877,8/9/16,21:12,01 - Clear,01 - Dry,10 - No control,01 - Non intersection,07 - Dark,03 - P.D. only,04 - Sideswipe
11298,REGIONAL ROAD 174 btwn FAUBERT ST & EAST ST,390319.8712,5042690.438,11/18/16,13:50,01 - Clear,01 - Dry,10 - No control,01 - Non intersection,01 - Daylight,03 - P.D. only,03 - Rear end
11299,REGIONAL ROAD 174 btwn HIGHWAY 417 & HWY417 IC113 RAMP65,373337.1536,5031735.12,9/10/16,14:15,01 - Clear,01 - Dry,10 - No control,01 - Non intersection,01 - Daylight,02 - Non-fatal injury,03 - Rear end
11300,REGIONAL ROAD 174 btwn HIGHWAY 417 & HWY417 IC113 RAMP65,373304.1497,5031719.155,1/9/16,4:26,03 - Snow,03 - Loose snow,10 - No control,01 - Non intersection,07 - Dark,03 - P.D. only,07 - SMV other
11301,REGIONAL ROAD 174 btwn HIGHWAY 417 & HWY417 IC113 RAMP65,373592.8413,5031824.19,3/12/16,19:31,01 - Clear,01 - Dry,10 - No control,01 - Non intersection,07 - Dark,03 - P.D. only,03 - Rear end
11302,REGIONAL ROAD 174 btwn HIGHWAY 417 & HWY417 IC113 RAMP65,373345.6068,5031743.786,9/6/16,15:40,01 - Clear,01 - Dry,10 - No control,01 - Non intersection,01 - Daylight,03 - P.D. only,04 - Sideswipe
11303,REGIONAL ROAD 174 btwn HIGHWAY 417 & HWY417 IC113 RAMP65,373335.5817,5031738.561,12/15/16,6:28,01 - Clear,01 - Dry,10 - No control,01 - Non intersection,07 - Dark,03 - P.D. only,04 - Sideswipe
11304,REGIONAL ROAD 174 btwn HIGHWAY 417 & HWY417 IC113 RAMP65,373320.0758,5031727.472,11/7/16,16:25,01 - Clear,01 - Dry,10 - No control,01 - Non intersection,05 - Dusk,03 - P.D. only,03 - Rear end
11305,REGIONAL ROAD 174 btwn HIGHWAY 417 & HWY417 IC113 RAMP67,373285.3402,5031742.707,4/6/16,14:43,03 - Snow,04 - Slush,10 - No control,01 - Non intersection,01 - Daylight,03 - P.D. only,03 - Rear end
11306,REGIONAL ROAD 174 btwn HWY417 IC113 RAMP67 & Continuation of REGIONAL ,373606.583,5031949.761,12/14/16,16:08,01 - Clear,01 - Dry,10 - No control,01 - Non intersection,05 - Dusk,03 - P.D. only,03 - Rear end
11307,REGIONAL ROAD 174 btwn MCTEER RD & CANAAN RD,395674.1212,5043379.083,2/2/16,13:20,01 - Clear,01 - Dry,10 - No control,01 - Non intersection,01 - Daylight,03 - P.D. only,03 - Rear end
11308,REGIONAL ROAD 174 btwn MCTEER RD & CANAAN RD,395568.4549,5043340.638,12/14/16,23:20,03 - Snow,03 - Loose snow,10 - No control,01 - Non intersection,07 - Dark,03 - P.D. only,01 - Approaching
11309,REGIONAL ROAD 174 btwn MORIN RD & OLD MONTREAL RD,392434.2402,5042752.897,4/8/16,19:05,01 - Clear,01 - Dry,10 - No control,01 - Non intersection,07 - Dark,03 - P.D. only,03 - Rear end
11310,REGIONAL ROAD 174 btwn OLD MONTREAL RD & MCTEER RD,394805.7011,5043082.903,11/18/16,6:51,"07 - Fog, mist, smoke, dust",02 - Wet,10 - No control,01 - Non intersection,07 - Dark,03 - P.D. only,99 - Other
11311,REGIONAL ROAD 174 btwn OLD MONTREAL RD & MCTEER RD,394665.0227,5043046.735,12/13/16,4:37,01 - Clear,02 - Wet,10 - No control,01 - Non intersection,07 - Dark,03 - P.D. only,07 - SMV other
11312,REGIONAL ROAD 174 btwn OLD MONTREAL RD & OLD MONTREAL RD,393417.1421,5042795.102,2/16/16,9:01,03 - Snow,03 - Loose snow,10 - No control,01 - Non intersection,01 - Daylight,02 - Non-fatal injury,07 - SMV other
11313,REGIONAL ROAD 174 btwn OLD MONTREAL RD & OLD MONTREAL RD,394452.1083,5043001.104,5/10/16,23:15,01 - Clear,01 - Dry,10 - No control,01 - Non intersection,07 - Dark,02 - Non-fatal injury,04 - Sideswipe
11314,REGIONAL ROAD 174 btwn OLD MONTREAL RD & OLD MONTREAL RD,394528.8284,5043022.855,3/27/16,23:17,01 - Clear,01 - Dry,10 - No control,01 - Non intersection,07 - Dark,02 - Non-fatal injury,07 - SMV other
11315,REGIONAL ROAD 174 btwn OLD MONTREAL RD & OLD MONTREAL RD,393673.3758,5042841.89,11/17/16,21:45,01 - Clear,01 - Dry,10 - No control,01 - Non intersection,07 - Dark,02 - Non-fatal injury,07 - SMV other
11316,REGIONAL ROAD 174 btwn OLD MONTREAL RD & OLD MONTREAL RD,393552.3475,5042821.269,1/16/16,9:45,03 - Snow,03 - Loose snow,10 - No control,01 - Non intersection,01 - Daylight,03 - P.D. only,07 - SMV other
11317,REGIONAL ROAD 174 btwn OLD MONTREAL RD & OLD MONTREAL RD,394418.6348,5042998.418,11/25/16,22:10,"07 - Fog, mist, smoke, dust",02 - Wet,10 - No control,01 - Non intersection,07 - Dark,03 - P.D. only,01 - Approaching
11318,REGIONAL ROAD 174 btwn OR174 IC101 RAMP36 & OR174 IC101 RAMP26,382603.6149,5038837.446,12/31/16,20:42,03 - Snow,03 - Loose snow,10 - No control,01 - Non intersection,07 - Dark,02 - Non-fatal injury,07 - SMV other
11319,REGIONAL ROAD 174 btwn OR174 IC101 RAMP36 & OR174 IC101 RAMP26,382332.0262,5038680.739,3/13/16,16:47,01 - Clear,01 - Dry,10 - No control,01 - Non intersection,01 - Daylight,03 - P.D. only,03 - Rear end
11320,REGIONAL ROAD 174 btwn OR174 IC101 RAMP45 & RAMP,384179.7912,5039847.99,3/24/16,16:47,04 - Freezing Rain,06 - Ice,10 - No control,01 - Non intersection,01 - Daylight,03 - P.D. only,07 - SMV other
11321,REGIONAL ROAD 174 btwn OR174 IC101 RAMP61 & TRIM RD,383338.011,5039295.539,9/7/16,20:26,01 - Clear,01 - Dry,10 - No control,01 - Non intersection,07 - Dark,02 - Non-fatal injury,03 - Rear end
11322,REGIONAL ROAD 174 btwn OR174 IC101 RAMP61 & TRIM RD,383521.2205,5039429.468,5/24/16,19:46,01 - Clear,01 - Dry,10 - No control,01 - Non intersection,01 - Daylight,02 - Non-fatal injury,07 - SMV other
11323,REGIONAL ROAD 174 btwn OR174 IC102 RAMP15 & OR174 IC101 RAMP63,382594.3815,5038802.042,5/4/16,21:12,02 - Rain,02 - Wet,10 - No control,01 - Non intersection,07 - Dark,03 - P.D. only,03 - Rear end
11324,REGIONAL ROAD 174 btwn OR174 IC102 RAMP15 & OR174 IC101 RAMP63,382601.4778,5038808.163,5/4/16,21:12,02 - Rain,02 - Wet,10 - No control,01 - Non intersection,07 - Dark,03 - P.D. only,03 - Rear end
11325,REGIONAL ROAD 174 btwn OR174 IC102 RAMP26 & REGIONAL ROAD 174,381542.6779,5038234.966,1/23/16,7:25,01 - Clear,01 - Dry,10 - No control,01 - Non intersection,03 - Dawn,02 - Non-fatal injury,07 - SMV other
11326,REGIONAL ROAD 174 btwn OR174 IC102 RAMP26 & REGIONAL ROAD 174,381573.5662,5038251.193,9/28/16,20:02,01 - Clear,01 - Dry,10 - No control,01 - Non intersection,07 - Dark,03 - P.D. only,04 - Sideswipe
11327,REGIONAL ROAD 174 btwn OR174 IC102 RAMP26 & REGIONAL ROAD 174,381545.4393,5038237.276,11/20/16,22:00,03 - Snow,03 - Loose snow,10 - No control,01 - Non intersection,07 - Dark,03 - P.D. only,07 - SMV other
11328,REGIONAL ROAD 174 btwn OR174 IC102 RAMP36 & OR174 IC102 RAMP26,381131.5788,5038006.188,9/19/16,8:21,01 - Clear,01 - Dry,10 - No control,01 - Non intersection,01 - Daylight,03 - P.D. only,07 - SMV other
11329,REGIONAL ROAD 174 btwn OR174 IC102 RAMP36 & OR174 IC102 RAMP26,381408.8007,5038160.558,11/20/16,14:40,03 - Snow,04 - Slush,10 - No control,01 - Non intersection,01 - Daylight,03 - P.D. only,07 - SMV other
11330,REGIONAL ROAD 174 btwn OR174 IC102 RAMP51 & REGIONAL ROAD 174,381403.8178,5038129.171,4/20/16,12:56,01 - Clear,01 - Dry,10 - No control,01 - Non intersection,01 - Daylight,02 - Non-fatal injury,07 - SMV other
11331,REGIONAL ROAD 174 btwn OR174 IC102 RAMP51 & REGIONAL ROAD 174,381469.9101,5038168.705,5/20/16,10:54,01 - Clear,01 - Dry,10 - No control,01 - Non intersection,01 - Daylight,03 - P.D. only,07 - SMV other
11332,REGIONAL ROAD 174 btwn OR174 IC102 RAMP51 & REGIONAL ROAD 174,381571.8209,5038224.2,6/29/16,22:47,01 - Clear,01 - Dry,10 - No control,01 - Non intersection,07 - Dark,03 - P.D. only,99 - Other
11333,REGIONAL ROAD 174 btwn OR174 IC102 RAMP51 & REGIONAL ROAD 174,381143.9646,5037982.432,9/23/16,15:20,01 - Clear,01 - Dry,10 - No control,01 - Non intersection,01 - Daylight,03 - P.D. only,07 - SMV other
11334,REGIONAL ROAD 174 btwn OR174 IC102 RAMP61 & OR174 IC101 RAMP36,382201.6309,5038608.668,12/17/16,11:42,01 - Clear,03 - Loose snow,10 - No control,01 - Non intersection,01 - Daylight,03 - P.D. only,04 - Sideswipe
11335,REGIONAL ROAD 174 btwn OR174 IC102 RAMP61 & OR174 IC101 RAMP36,382282.9397,5038655.512,11/29/16,15:26,01 - Clear,02 - Wet,10 - No control,01 - Non intersection,01 - Daylight,03 - P.D. only,04 - Sideswipe
11336,REGIONAL ROAD 174 btwn OR174 IC105 RAMP16 & OR174 IC105 RAMP26,378965.8498,5036779.269,8/7/16,13:40,01 - Clear,01 - Dry,10 - No control,01 - Non intersection,01 - Daylight,03 - P.D. only,07 - SMV other