Record,Location,X,Y,Date,Time,Environment,Road_Surface,Traffic_Control,Collision_Location,Light,Collision_Classification,Impact_type
11452,REGIONAL ROAD 174 btwn TRANSIT & OR174 IC109 RAMP54,376077.185,5034117.454,4/18/16,19:15,02 - Rain,02 - Wet,10 - No control,01 - Non intersection,01 - Daylight,03 - P.D. only,07 - SMV other
11453,REGIONAL ROAD 174 btwn TRANSIT & OR174 IC109 RAMP54,376384.3987,5034794.266,9/26/16,16:32,02 - Rain,02 - Wet,10 - No control,01 - Non intersection,01 - Daylight,03 - P.D. only,04 - Sideswipe
11454,REGIONAL ROAD 174 btwn TRANSIT & OR174 IC109 RAMP56,376042.5453,5034084.588,6/18/16,7:41,01 - Clear,01 - Dry,10 - No control,01 - Non intersection,01 - Daylight,02 - Non-fatal injury,07 - SMV other
11455,REGIONAL ROAD 174 btwn TRANSIT & OR174 IC109 RAMP56,376298.5966,5034636.43,8/18/16,7:18,01 - Clear,01 - Dry,10 - No control,01 - Non intersection,01 - Daylight,02 - Non-fatal injury,03 - Rear end
11456,REGIONAL ROAD 174 btwn TRANSIT & OR174 IC109 RAMP56,376270.093,5034579.54,12/16/16,17:51,01 - Clear,06 - Ice,10 - No control,01 - Non intersection,07 - Dark,02 - Non-fatal injury,03 - Rear end
11457,REGIONAL ROAD 174 btwn TRANSIT & OR174 IC109 RAMP56,376259.5189,5034556.079,3/18/16,6:47,01 - Clear,02 - Wet,10 - No control,01 - Non intersection,01 - Daylight,03 - P.D. only,07 - SMV other
11458,REGIONAL ROAD 174 btwn TRANSIT & OR174 IC109 RAMP56,376293.4494,5034638.772,2/29/16,17:17,01 - Clear,01 - Dry,10 - No control,01 - Non intersection,01 - Daylight,03 - P.D. only,03 - Rear end
11459,REGIONAL ROAD 174 btwn TRANSIT & OR174 IC109 RAMP56,376208.7681,5034442.95,10/27/16,7:22,01 - Clear,01 - Dry,10 - No control,01 - Non intersection,01 - Daylight,03 - P.D. only,03 - Rear end
11460,REGIONAL ROAD 174 btwn TRANSIT & OR174 IC109 RAMP56,376286.358,5034614.379,12/17/16,2:23,03 - Snow,03 - Loose snow,10 - No control,01 - Non intersection,07 - Dark,03 - P.D. only,07 - SMV other
11461,REGIONAL ROAD 174 btwn TRANSIT & OR174 IC109 RAMP56,376187.1763,5034399.892,11/21/16,17:42,03 - Snow,02 - Wet,10 - No control,01 - Non intersection,07 - Dark,03 - P.D. only,03 - Rear end
11462,REGIONAL ROAD 174 EB btwn HWY417 IC113 RAMP65 & OR174 BLAIR IC112 RAMP51,374619.3311,5032690.575,8/2/16,16:28,01 - Clear,01 - Dry,10 - No control,01 - Non intersection,01 - Daylight,02 - Non-fatal injury,03 - Rear end
11463,REGIONAL ROAD 174 EB btwn HWY417 IC113 RAMP65 & OR174 BLAIR IC112 RAMP51,374627.8321,5032694.975,4/13/16,15:20,01 - Clear,01 - Dry,10 - No control,01 - Non intersection,01 - Daylight,02 - Non-fatal injury,04 - Sideswipe
11464,REGIONAL ROAD 174 EB btwn HWY417 IC113 RAMP65 & OR174 BLAIR IC112 RAMP51,374624.2967,5032689.607,2/2/16,16:35,01 - Clear,01 - Dry,10 - No control,01 - Non intersection,01 - Daylight,02 - Non-fatal injury,03 - Rear end
11465,REGIONAL ROAD 174 EB btwn HWY417 IC113 RAMP65 & OR174 BLAIR IC112 RAMP51,374705.2614,5032751.172,4/26/16,15:52,01 - Clear,01 - Dry,10 - No control,01 - Non intersection,01 - Daylight,03 - P.D. only,03 - Rear end
11466,REGIONAL ROAD 174 EB btwn HWY417 IC113 RAMP65 & OR174 BLAIR IC112 RAMP51,374385.5268,5032511.91,3/3/16,16:55,01 - Clear,01 - Dry,10 - No control,01 - Non intersection,01 - Daylight,03 - P.D. only,03 - Rear end
11467,REGIONAL ROAD 174 EB btwn HWY417 IC113 RAMP65 & OR174 BLAIR IC112 RAMP51,374624.6048,5032692.634,2/9/16,9:28,01 - Clear,01 - Dry,10 - No control,01 - Non intersection,01 - Daylight,03 - P.D. only,03 - Rear end
11468,REGIONAL ROAD 174 EB btwn HWY417 IC113 RAMP65 & OR174 BLAIR IC112 RAMP51,374770.8177,5032797.574,2/11/16,15:50,01 - Clear,06 - Ice,10 - No control,06 - Underpass or tunnel,01 - Daylight,03 - P.D. only,03 - Rear end
11469,REGIONAL ROAD 174 EB btwn HWY417 IC113 RAMP65 & OR174 BLAIR IC112 RAMP51,374585.7162,5032665.283,1/4/16,15:40,01 - Clear,01 - Dry,10 - No control,01 - Non intersection,01 - Daylight,03 - P.D. only,03 - Rear end
11470,REGIONAL ROAD 174 EB btwn HWY417 IC113 RAMP65 & OR174 BLAIR IC112 RAMP51,374783.7422,5032807.087,4/6/16,17:36,03 - Snow,05 - Packed snow,10 - No control,01 - Non intersection,01 - Daylight,03 - P.D. only,03 - Rear end
11471,REGIONAL ROAD 174 EB btwn HWY417 IC113 RAMP65 & OR174 BLAIR IC112 RAMP51,374659.1807,5032716.489,4/27/16,13:39,01 - Clear,01 - Dry,10 - No control,01 - Non intersection,01 - Daylight,03 - P.D. only,04 - Sideswipe
11472,REGIONAL ROAD 174 EB btwn HWY417 IC113 RAMP65 & OR174 BLAIR IC112 RAMP51,374784.5633,5032808.148,3/3/16,16:07,01 - Clear,01 - Dry,10 - No control,01 - Non intersection,01 - Daylight,03 - P.D. only,03 - Rear end
11473,REGIONAL ROAD 174 EB btwn HWY417 IC113 RAMP65 & OR174 BLAIR IC112 RAMP51,374811.7768,5032830.211,7/21/16,16:05,01 - Clear,01 - Dry,10 - No control,01 - Non intersection,01 - Daylight,03 - P.D. only,03 - Rear end
11474,REGIONAL ROAD 174 EB btwn HWY417 IC113 RAMP65 & OR174 BLAIR IC112 RAMP51,374746.3993,5032777.896,9/20/16,14:27,01 - Clear,01 - Dry,10 - No control,01 - Non intersection,01 - Daylight,03 - P.D. only,03 - Rear end
11475,REGIONAL ROAD 174 EB btwn HWY417 IC113 RAMP65 & OR174 BLAIR IC112 RAMP51,374782.8212,5032805.508,5/17/16,14:59,01 - Clear,01 - Dry,10 - No control,01 - Non intersection,01 - Daylight,03 - P.D. only,03 - Rear end
11476,REGIONAL ROAD 174 EB btwn HWY417 IC113 RAMP65 & OR174 BLAIR IC112 RAMP51,374701.7768,5032747.484,8/10/16,9:32,01 - Clear,01 - Dry,10 - No control,01 - Non intersection,01 - Daylight,03 - P.D. only,03 - Rear end
11477,REGIONAL ROAD 174 EB btwn HWY417 IC113 RAMP65 & OR174 BLAIR IC112 RAMP51,374752.3466,5032783.454,10/21/16,16:45,02 - Rain,02 - Wet,10 - No control,01 - Non intersection,01 - Daylight,03 - P.D. only,03 - Rear end
11478,REGIONAL ROAD 174 EB btwn OR174 IC109 RAMP55 & TRANSIT,376466.3183,5034974.059,6/14/16,11:09,01 - Clear,01 - Dry,10 - No control,01 - Non intersection,01 - Daylight,02 - Non-fatal injury,03 - Rear end
11479,REGIONAL ROAD 174 EB btwn OR174 IC109 RAMP55 & TRANSIT,376470.974,5034983.677,11/2/16,18:01,01 - Clear,01 - Dry,10 - No control,01 - Non intersection,07 - Dark,02 - Non-fatal injury,03 - Rear end
11480,REGIONAL ROAD 174 EB btwn OR174 IC109 RAMP55 & TRANSIT,376504.2745,5035054.547,5/13/16,15:48,02 - Rain,02 - Wet,10 - No control,01 - Non intersection,01 - Daylight,02 - Non-fatal injury,03 - Rear end
11481,REGIONAL ROAD 174 EB btwn OR174 IC109 RAMP55 & TRANSIT,376505.1673,5035057.806,9/23/16,16:20,01 - Clear,01 - Dry,10 - No control,01 - Non intersection,01 - Daylight,02 - Non-fatal injury,03 - Rear end
11482,REGIONAL ROAD 174 EB btwn OR174 IC109 RAMP55 & TRANSIT,376504.4015,5035054.29,11/29/16,16:50,02 - Rain,02 - Wet,10 - No control,01 - Non intersection,05 - Dusk,02 - Non-fatal injury,03 - Rear end
11483,REGIONAL ROAD 174 EB btwn OR174 IC109 RAMP55 & TRANSIT,376495.4844,5035034,1/19/16,8:45,01 - Clear,02 - Wet,10 - No control,01 - Non intersection,01 - Daylight,03 - P.D. only,04 - Sideswipe
11484,REGIONAL ROAD 174 EB btwn OR174 IC109 RAMP55 & TRANSIT,376490.8289,5035022.682,5/12/16,17:27,01 - Clear,01 - Dry,10 - No control,01 - Non intersection,01 - Daylight,03 - P.D. only,03 - Rear end
11485,REGIONAL ROAD 174 EB btwn OR174 IC109 RAMP55 & TRANSIT,376483.5856,5035010.797,2/9/16,17:40,03 - Snow,04 - Slush,10 - No control,01 - Non intersection,05 - Dusk,03 - P.D. only,03 - Rear end
11486,REGIONAL ROAD 174 EB btwn OR174 IC109 RAMP55 & TRANSIT,376480.6262,5035004.876,8/23/16,22:32,01 - Clear,01 - Dry,10 - No control,01 - Non intersection,07 - Dark,03 - P.D. only,03 - Rear end
11487,REGIONAL ROAD 174 EB btwn OR174 IC109 RAMP55 & TRANSIT,376572.0816,5035211.017,6/14/16,16:45,01 - Clear,01 - Dry,10 - No control,01 - Non intersection,01 - Daylight,03 - P.D. only,03 - Rear end
11488,REGIONAL ROAD 174 EB btwn OR174 IC109 RAMP55 & TRANSIT,376502.4252,5035051.431,10/25/16,18:30,01 - Clear,01 - Dry,10 - No control,01 - Non intersection,07 - Dark,03 - P.D. only,03 - Rear end
11489,REGIONAL ROAD 174 EB btwn OR174 IC109 RAMP55 & TRANSIT,376593.2287,5035241.045,12/10/16,12:30,01 - Clear,01 - Dry,10 - No control,01 - Non intersection,01 - Daylight,03 - P.D. only,03 - Rear end
11490,REGIONAL ROAD 174 EB btwn OR174 IC109 RAMP55 & TRANSIT,376477.549,5034996.082,4/28/16,19:09,01 - Clear,01 - Dry,10 - No control,01 - Non intersection,01 - Daylight,03 - P.D. only,03 - Rear end
11491,REGIONAL ROAD 174 EB btwn OR174 IC109 RAMP55 & TRANSIT,376469.4961,5034982.039,7/11/16,23:51,01 - Clear,01 - Dry,10 - No control,01 - Non intersection,07 - Dark,03 - P.D. only,07 - SMV other
11492,REGIONAL ROAD 174 EB btwn OR174 IC109 RAMP55 & TRANSIT,376510.8313,5035071.982,7/27/16,15:55,01 - Clear,01 - Dry,10 - No control,01 - Non intersection,01 - Daylight,03 - P.D. only,03 - Rear end
11493,REGIONAL ROAD 174 EB btwn OR174 IC109 RAMP55 & TRANSIT,376586.8581,5035238.908,10/21/16,12:56,02 - Rain,02 - Wet,10 - No control,01 - Non intersection,01 - Daylight,03 - P.D. only,07 - SMV other
11494,REGIONAL ROAD 174 EB btwn OR174 IC109 RAMP55 & TRANSIT,376502.1294,5035050.949,12/14/16,6:58,01 - Clear,02 - Wet,10 - No control,01 - Non intersection,03 - Dawn,03 - P.D. only,04 - Sideswipe
11495,REGIONAL ROAD 174 EB btwn OR174 IC109 RAMP55 & TRANSIT,376464.5316,5034968.923,12/28/16,10:27,01 - Clear,01 - Dry,10 - No control,01 - Non intersection,01 - Daylight,03 - P.D. only,07 - SMV other
11496,REGIONAL ROAD 174 EB btwn OR174 IC109 RAMP55 & TRANSIT,376541.191,5035143.687,12/1/16,16:15,02 - Rain,02 - Wet,10 - No control,01 - Non intersection,05 - Dusk,03 - P.D. only,07 - SMV other
11497,REIS RD btwn CARP RD & TANSLEY DR,345289.501,5018234.714,11/24/16,9:46,03 - Snow,04 - Slush,10 - No control,04 - At/near private drive,01 - Daylight,03 - P.D. only,07 - SMV other
11498,REMINGTON WAY btwn NICKERSON WAY & COLLIER CRES,378092.0867,5014355.928,3/17/16,18:10,01 - Clear,01 - Dry,10 - No control,04 - At/near private drive,05 - Dusk,03 - P.D. only,02 - Angle
11499,REMNOR AVE btwn BADGELEY AVE & BADGELEY AVE,349592.546,5020469.021,1/4/16,0:00,01 - Clear,01 - Dry,10 - No control,01 - Non intersection,00 - Unknown,03 - P.D. only,06 - SMV unattended vehicle
11500,REMNOR AVE btwn BADGELEY AVE & BADGELEY AVE,349705.7681,5020384.547,12/26/16,9:07,04 - Freezing Rain,06 - Ice,10 - No control,01 - Non intersection,01 - Daylight,03 - P.D. only,06 - SMV unattended vehicle
11501,RENAISSANCE DR btwn CASABELLA DR & CASABELLA DR,384452.8831,5036245.833,12/6/16,0:00,03 - Snow,03 - Loose snow,10 - No control,01 - Non intersection,07 - Dark,03 - P.D. only,06 - SMV unattended vehicle
11502,RENAUD RD @ MER BLEUE RD,383445.6363,5033735.359,8/14/16,8:47,01 - Clear,01 - Dry,02 - Stop sign,03 - At intersection,01 - Daylight,03 - P.D. only,07 - SMV other
11503,RENAUD RD @ NAVAN RD,381819.4747,5032737.852,1/5/16,18:41,01 - Clear,01 - Dry,01 - Traffic signal,03 - At intersection,07 - Dark,03 - P.D. only,02 - Angle
11504,RENAUD RD @ NAVAN RD,381819.4935,5032735.81,1/7/16,16:17,01 - Clear,01 - Dry,01 - Traffic signal,02 - Intersection related,01 - Daylight,03 - P.D. only,03 - Rear end
11505,RENAUD RD @ PAGE RD,381704.3101,5032669.902,2/19/16,18:55,03 - Snow,03 - Loose snow,02 - Stop sign,03 - At intersection,07 - Dark,03 - P.D. only,02 - Angle
11506,RENAUD RD @ RENAUD RD N,379765.5175,5032026.668,3/20/16,4:38,01 - Clear,01 - Dry,10 - No control,03 - At intersection,07 - Dark,03 - P.D. only,07 - SMV other
11507,RENAUD RD btwn Continuation of RENAUD RD & PERCIFOR WAY,380308.8684,5031801.198,12/5/16,9:52,03 - Snow,03 - Loose snow,10 - No control,01 - Non intersection,01 - Daylight,02 - Non-fatal injury,07 - SMV other
11508,RENAUD RD btwn Continuation of RENAUD RD & PERCIFOR WAY,380992.9266,5032223.444,3/24/16,15:27,04 - Freezing Rain,06 - Ice,10 - No control,01 - Non intersection,01 - Daylight,03 - P.D. only,07 - SMV other
11509,RENAUD RD btwn Continuation of RENAUD RD & PERCIFOR WAY,381030.6302,5032248.159,9/29/16,8:04,01 - Clear,01 - Dry,10 - No control,01 - Non intersection,01 - Daylight,03 - P.D. only,07 - SMV other
11510,RENAUD RD btwn Continuation of RENAUD RD & PERCIFOR WAY,380903.0099,5032169.649,12/12/16,6:41,03 - Snow,05 - Packed snow,10 - No control,01 - Non intersection,07 - Dark,03 - P.D. only,07 - SMV other
11511,RENAUD RD btwn IDA ST & Continuation of RENAUD RD,379694.9404,5032013.581,3/31/16,11:24,02 - Rain,02 - Wet,10 - No control,01 - Non intersection,01 - Daylight,03 - P.D. only,07 - SMV other
11512,RENAUD RD btwn NAVAN RD & WHITE ST,381919.6174,5032796.914,6/14/16,18:59,01 - Clear,01 - Dry,10 - No control,01 - Non intersection,01 - Daylight,03 - P.D. only,03 - Rear end
11513,RENAUD RD btwn NAVAN RD & WHITE ST,382529.7853,5033179.731,7/7/16,6:17,02 - Rain,02 - Wet,10 - No control,01 - Non intersection,01 - Daylight,03 - P.D. only,07 - SMV other
11514,RENAUD RD btwn WHITE ST & MER BLEUE RD,383233.4019,5033606.106,6/30/16,7:01,01 - Clear,01 - Dry,10 - No control,04 - At/near private drive,01 - Daylight,03 - P.D. only,05 - Turning movement
11515,RENFREW AVE btwn BRONSON AVE & IMPERIAL AVE,367468.3544,5029620.135,2/3/16,14:57,01 - Clear,03 - Loose snow,10 - No control,01 - Non intersection,01 - Daylight,03 - P.D. only,06 - SMV unattended vehicle
11516,RENSHAW AVE btwn DELAMERE DR & HOBIN ST,349058.9019,5013707.82,11/23/16,15:41,01 - Clear,01 - Dry,10 - No control,04 - At/near private drive,01 - Daylight,03 - P.D. only,99 - Other
11517,REPIN btwn RIVERSIDE DR & TURN LANE (1),368455.5091,5027247.068,4/6/16,20:30,03 - Snow,05 - Packed snow,10 - No control,01 - Non intersection,07 - Dark,03 - P.D. only,99 - Other
11518,REPIN btwn RIVERSIDE DR & TURN LANE (1),368455.4003,5027246.875,4/6/16,21:18,03 - Snow,05 - Packed snow,10 - No control,01 - Non intersection,07 - Dark,03 - P.D. only,04 - Sideswipe
11519,RESEARCH RD @ UPLANDS DR,370831.5029,5021554.374,5/15/16,16:23,01 - Clear,01 - Dry,01 - Traffic signal,02 - Intersection related,01 - Daylight,02 - Non-fatal injury,03 - Rear end
11520,RESEARCH RD @ UPLANDS DR,370831.5639,5021555.675,11/21/16,14:12,03 - Snow,03 - Loose snow,01 - Traffic signal,02 - Intersection related,01 - Daylight,03 - P.D. only,07 - SMV other
11521,RESEARCH RD @ UPLANDS DR,370831.0698,5021555.281,11/3/16,7:30,02 - Rain,02 - Wet,01 - Traffic signal,03 - At intersection,03 - Dawn,03 - P.D. only,02 - Angle
11522,REVELSTOKE DR @ RIVERSIDE DR,368217.2732,5024423.957,3/4/16,17:28,01 - Clear,04 - Slush,01 - Traffic signal,02 - Intersection related,01 - Daylight,03 - P.D. only,03 - Rear end
11523,REVELSTOKE DR @ RIVERSIDE DR,368217.4878,5024423.742,4/13/16,16:20,01 - Clear,01 - Dry,01 - Traffic signal,02 - Intersection related,01 - Daylight,03 - P.D. only,03 - Rear end
11524,REVELSTOKE DR @ RIVERSIDE DR,368218.2031,5024422.782,10/8/16,21:04,01 - Clear,01 - Dry,01 - Traffic signal,03 - At intersection,07 - Dark,03 - P.D. only,07 - SMV other
11525,REVOL RD btwn VAAN DR & ARCO WAY,364591.3593,5020845.944,1/22/16,18:15,01 - Clear,01 - Dry,10 - No control,01 - Non intersection,07 - Dark,03 - P.D. only,06 - SMV unattended vehicle
11526,RICHARDSON SIDE RD @ SPRUCE RIDGE RD,343201.3062,5014397.23,8/14/16,15:05,01 - Clear,01 - Dry,02 - Stop sign,03 - At intersection,01 - Daylight,03 - P.D. only,02 - Angle
11527,RICHARDSON SIDE RD @ TERRY FOX DR,348803.086,5019506.072,11/17/16,12:02,01 - Clear,01 - Dry,01 - Traffic signal,03 - At intersection,01 - Daylight,02 - Non-fatal injury,05 - Turning movement
11528,RICHARDSON SIDE RD @ TERRY FOX DR,348803.086,5019506.072,2/5/16,13:57,01 - Clear,01 - Dry,01 - Traffic signal,03 - At intersection,01 - Daylight,03 - P.D. only,05 - Turning movement
11529,RICHARDSON SIDE RD @ TERRY FOX DR,348803.086,5019506.072,1/12/16,11:26,03 - Snow,03 - Loose snow,01 - Traffic signal,03 - At intersection,01 - Daylight,03 - P.D. only,05 - Turning movement
11530,RICHARDSON SIDE RD @ TERRY FOX DR,348803.086,5019506.072,8/20/16,21:38,01 - Clear,01 - Dry,01 - Traffic signal,02 - Intersection related,07 - Dark,03 - P.D. only,03 - Rear end
11531,RICHARDSON SIDE RD @ TERRY FOX DR,348803.086,5019506.072,6/30/16,12:10,01 - Clear,01 - Dry,01 - Traffic signal,03 - At intersection,01 - Daylight,03 - P.D. only,02 - Angle
11532,RICHARDSON SIDE RD @ TERRY FOX DR,348803.086,5019506.072,5/16/16,21:08,01 - Clear,01 - Dry,01 - Traffic signal,03 - At intersection,07 - Dark,03 - P.D. only,05 - Turning movement
11533,RICHARDSON SIDE RD btwn BEAVERTAIL RD & SPRUCE RIDGE RD,343155.1328,5014354.165,3/13/16,14:06,01 - Clear,01 - Dry,10 - No control,01 - Non intersection,01 - Daylight,03 - P.D. only,07 - SMV other
11534,RICHARDSON SIDE RD btwn BREWER HUNT WAY & CARLING AVE,351574.7506,5022024.813,3/3/16,17:37,01 - Clear,01 - Dry,10 - No control,04 - At/near private drive,05 - Dusk,02 - Non-fatal injury,02 - Angle
11535,RICHARDSON SIDE RD btwn CARP RD & OAK CREEK RD,346662.6133,5017590.706,1/18/16,10:08,01 - Clear,03 - Loose snow,10 - No control,01 - Non intersection,01 - Daylight,02 - Non-fatal injury,07 - SMV other
11536,RICHARDSON SIDE RD btwn CARP RD & OAK CREEK RD,346325.4977,5017267.703,10/27/16,7:36,01 - Clear,01 - Dry,10 - No control,01 - Non intersection,01 - Daylight,03 - P.D. only,07 - SMV other
11537,RICHARDSON SIDE RD btwn CARP RD & OAK CREEK RD,346736.9824,5017662.175,5/13/16,17:17,01 - Clear,01 - Dry,10 - No control,04 - At/near private drive,01 - Daylight,03 - P.D. only,05 - Turning movement
11538,RICHARDSON SIDE RD btwn DAVID MANCHESTER RD & WILLIAM MOONEY RD,344347.8565,5015444.602,12/15/16,20:46,01 - Clear,01 - Dry,10 - No control,01 - Non intersection,07 - Dark,03 - P.D. only,07 - SMV other
11539,RICHARDSON SIDE RD btwn OAK CREEK RD & HUNTMAR DR,347473.9398,5018329.879,1/10/16,23:50,04 - Freezing Rain,06 - Ice,10 - No control,04 - At/near private drive,07 - Dark,03 - P.D. only,03 - Rear end
11540,RICHARDSON SIDE RD btwn SPRUCE RIDGE RD & WILDMEADOW CIRC,343243.841,5014436.869,5/19/16,14:54,01 - Clear,01 - Dry,10 - No control,01 - Non intersection,01 - Daylight,03 - P.D. only,07 - SMV other
11541,RICHARDSON SIDE RD btwn WILLIAM MOONEY RD & CARDEVCO RD,345578.5176,5016593.147,8/4/16,10:53,01 - Clear,01 - Dry,10 - No control,01 - Non intersection,01 - Daylight,03 - P.D. only,07 - SMV other
11542,RICHMOND RD @ 140 E OF POULIN AVE ,360400.5062,5025022.156,9/4/16,17:43,01 - Clear,01 - Dry,01 - Traffic signal,02 - Intersection related,01 - Daylight,03 - P.D. only,03 - Rear end
11543,RICHMOND RD @ BELLFIELD ST/RIDGEVALLEY DR,359492.5889,5023528.511,8/15/16,15:03,01 - Clear,01 - Dry,02 - Stop sign,03 - At intersection,01 - Daylight,02 - Non-fatal injury,03 - Rear end
11544,RICHMOND RD @ CAMBRIAN RD N,359113.3574,5009588.741,5/22/16,21:58,01 - Clear,01 - Dry,02 - Stop sign,02 - Intersection related,07 - Dark,03 - P.D. only,07 - SMV other
11545,RICHMOND RD @ EDGEWORTH AVE/MCEWEN AVE,361075.18,5025883.018,6/28/16,10:23,01 - Clear,01 - Dry,01 - Traffic signal,02 - Intersection related,01 - Daylight,03 - P.D. only,03 - Rear end
11546,RICHMOND RD @ FRASER AVE,362489.0333,5027691.324,8/31/16,17:09,01 - Clear,01 - Dry,01 - Traffic signal,02 - Intersection related,01 - Daylight,02 - Non-fatal injury,07 - SMV other
11547,RICHMOND RD @ HOLLY ACRES RD/NANAIMO DR,359058.4443,5022748.496,6/28/16,12:53,01 - Clear,01 - Dry,01 - Traffic signal,03 - At intersection,01 - Daylight,02 - Non-fatal injury,05 - Turning movement
11548,RICHMOND RD @ HOLLY ACRES RD/NANAIMO DR,359058.4521,5022747.837,12/22/16,18:06,01 - Clear,02 - Wet,01 - Traffic signal,03 - At intersection,07 - Dark,02 - Non-fatal injury,05 - Turning movement
11549,RICHMOND RD @ HOLLY ACRES RD/NANAIMO DR,359057.5739,5022749.155,9/20/16,13:28,01 - Clear,01 - Dry,01 - Traffic signal,02 - Intersection related,01 - Daylight,03 - P.D. only,04 - Sideswipe
11550,RICHMOND RD @ HOLLY ACRES RD/NANAIMO DR,359058.1361,5022749.299,9/13/16,17:17,01 - Clear,01 - Dry,01 - Traffic signal,02 - Intersection related,01 - Daylight,03 - P.D. only,03 - Rear end
11551,RICHMOND RD @ HOLLY ACRES RD/NANAIMO DR,359059.4998,5022747.254,10/27/16,16:18,02 - Rain,02 - Wet,01 - Traffic signal,02 - Intersection related,01 - Daylight,03 - P.D. only,03 - Rear end
11552,RICHMOND RD @ HOLLY ACRES RD/NANAIMO DR,359057.0153,5022747.254,11/16/16,19:10,01 - Clear,01 - Dry,01 - Traffic signal,02 - Intersection related,07 - Dark,03 - P.D. only,03 - Rear end
11553,RICHMOND RD @ HOLLY ACRES RD/NANAIMO DR,359057.8434,5022748.082,10/14/16,17:55,01 - Clear,01 - Dry,01 - Traffic signal,02 - Intersection related,01 - Daylight,03 - P.D. only,03 - Rear end
11554,RICHMOND RD @ HOLLY ACRES RD/NANAIMO DR,359058.6079,5022748.984,9/19/16,10:50,01 - Clear,01 - Dry,01 - Traffic signal,02 - Intersection related,01 - Daylight,03 - P.D. only,04 - Sideswipe
11555,RICHMOND RD @ HOLLY ACRES RD/NANAIMO DR,359059.4998,5022748.91,12/17/16,0:19,04 - Freezing Rain,06 - Ice,01 - Traffic signal,02 - Intersection related,07 - Dark,03 - P.D. only,03 - Rear end
11556,RICHMOND RD @ HOLLY ACRES RD/NANAIMO DR,359060.3279,5022749.738,12/19/16,12:15,01 - Clear,01 - Dry,01 - Traffic signal,02 - Intersection related,01 - Daylight,03 - P.D. only,03 - Rear end
11557,RICHMOND RD @ HOLLY ACRES RD/NANAIMO DR,359060.3279,5022748.91,12/7/16,14:04,01 - Clear,01 - Dry,01 - Traffic signal,03 - At intersection,01 - Daylight,03 - P.D. only,03 - Rear end
11558,RICHMOND RD @ LYNHAR RD/STAFFORD RD,358137.7994,5021086.029,6/22/16,15:29,01 - Clear,01 - Dry,01 - Traffic signal,02 - Intersection related,01 - Daylight,02 - Non-fatal injury,03 - Rear end
11559,RICHMOND RD @ LYNHAR RD/STAFFORD RD,358142.7851,5021081.709,8/11/16,17:54,01 - Clear,01 - Dry,01 - Traffic signal,02 - Intersection related,01 - Daylight,03 - P.D. only,03 - Rear end
11560,RICHMOND RD @ LYNHAR RD/STAFFORD RD,358138.4925,5021085.233,2/22/16,9:33,01 - Clear,01 - Dry,01 - Traffic signal,02 - Intersection related,01 - Daylight,03 - P.D. only,02 - Angle
11561,RICHMOND RD @ LYNHAR RD/STAFFORD RD,358137.7726,5021086.012,2/24/16,12:47,03 - Snow,03 - Loose snow,01 - Traffic signal,03 - At intersection,01 - Daylight,03 - P.D. only,02 - Angle
11562,RICHMOND RD @ LYNHAR RD/STAFFORD RD,358137.4876,5021086.484,4/20/16,14:26,01 - Clear,01 - Dry,01 - Traffic signal,02 - Intersection related,01 - Daylight,03 - P.D. only,03 - Rear end
11563,RICHMOND RD @ LYNHAR RD/STAFFORD RD,358135.7217,5021089.409,4/7/16,19:27,01 - Clear,01 - Dry,01 - Traffic signal,02 - Intersection related,01 - Daylight,03 - P.D. only,03 - Rear end
11564,RICHMOND RD @ LYNHAR RD/STAFFORD RD,358136.6325,5021086.883,5/11/16,14:36,01 - Clear,01 - Dry,01 - Traffic signal,02 - Intersection related,01 - Daylight,03 - P.D. only,03 - Rear end
11565,RICHMOND RD @ LYNHAR RD/STAFFORD RD,358144.014,5021084.212,6/4/16,18:04,01 - Clear,01 - Dry,01 - Traffic signal,02 - Intersection related,01 - Daylight,03 - P.D. only,04 - Sideswipe
11566,RICHMOND RD @ LYNHAR RD/STAFFORD RD,358137.063,5021087.739,12/29/16,14:41,01 - Clear,05 - Packed snow,01 - Traffic signal,02 - Intersection related,01 - Daylight,03 - P.D. only,03 - Rear end
11567,RICHMOND RD @ LYNHAR RD/STAFFORD RD,358139.5724,5021086.484,12/28/16,12:01,01 - Clear,01 - Dry,01 - Traffic signal,02 - Intersection related,01 - Daylight,03 - P.D. only,04 - Sideswipe
11568,RICHMOND RD @ NORTHSIDE RD E,358329.1717,5021226.997,2/2/16,18:36,01 - Clear,01 - Dry,01 - Traffic signal,02 - Intersection related,07 - Dark,03 - P.D. only,02 - Angle
11569,RICHMOND RD @ NORTHSIDE RD E,358328.7223,5021225.674,3/23/16,9:55,01 - Clear,01 - Dry,01 - Traffic signal,02 - Intersection related,01 - Daylight,03 - P.D. only,03 - Rear end
11570,RICHMOND RD @ NORTHSIDE RD E,358328.4723,5021226.034,8/17/16,4:58,02 - Rain,02 - Wet,01 - Traffic signal,03 - At intersection,07 - Dark,03 - P.D. only,07 - SMV other
11571,RICHMOND RD @ NORTHSIDE RD E,358328.9357,5021226.204,10/21/16,21:36,02 - Rain,02 - Wet,01 - Traffic signal,03 - At intersection,07 - Dark,03 - P.D. only,02 - Angle
11572,RICHMOND RD @ ROBERTSON RD,357579.3114,5020750.723,10/3/16,17:04,01 - Clear,01 - Dry,01 - Traffic signal,02 - Intersection related,01 - Daylight,02 - Non-fatal injury,03 - Rear end