Record,Location,X,Y,Date,Time,Environment,Road_Surface,Traffic_Control,Collision_Location,Light,Collision_Classification,Impact_type
11573,RICHMOND RD @ ROBERTSON RD,357577.6551,5020749.067,10/29/16,17:48,02 - Rain,02 - Wet,01 - Traffic signal,02 - Intersection related,07 - Dark,03 - P.D. only,03 - Rear end
11574,RICHMOND RD @ ROBERTSON RD,357578.7774,5020748.808,4/12/16,17:09,01 - Clear,01 - Dry,01 - Traffic signal,02 - Intersection related,01 - Daylight,03 - P.D. only,07 - SMV other
11575,RICHMOND RD @ ROBERTSON RD,357577.6551,5020747.411,11/24/16,9:43,03 - Snow,04 - Slush,01 - Traffic signal,02 - Intersection related,01 - Daylight,03 - P.D. only,03 - Rear end
11576,RICHMOND RD @ ROBERTSON RD,357578.0994,5020749.762,11/28/16,13:55,01 - Clear,01 - Dry,01 - Traffic signal,02 - Intersection related,01 - Daylight,03 - P.D. only,02 - Angle
11577,RICHMOND RD @ SEYTON DR,357399.3138,5019314.696,2/17/16,16:12,01 - Clear,03 - Loose snow,01 - Traffic signal,02 - Intersection related,01 - Daylight,02 - Non-fatal injury,05 - Turning movement
11578,RICHMOND RD @ SEYTON DR,357399.3243,5019313.347,5/27/16,15:52,01 - Clear,01 - Dry,01 - Traffic signal,02 - Intersection related,01 - Daylight,03 - P.D. only,03 - Rear end
11579,RICHMOND RD @ STEEPLE HILL CRES N,357391.3394,5014373.72,12/5/16,8:30,03 - Snow,03 - Loose snow,02 - Stop sign,03 - At intersection,01 - Daylight,03 - P.D. only,02 - Angle
11580,RICHMOND RD @ STINSON AVE,357873.6585,5020928.319,8/13/16,23:44,02 - Rain,02 - Wet,01 - Traffic signal,02 - Intersection related,07 - Dark,03 - P.D. only,07 - SMV other
11581,RICHMOND RD @ STONEHAVEN DR,356781.4216,5015890.778,8/13/16,12:41,02 - Rain,02 - Wet,01 - Traffic signal,03 - At intersection,01 - Daylight,02 - Non-fatal injury,99 - Other
11582,RICHMOND RD @ STONEHAVEN DR,356781.8631,5015891.215,1/5/16,11:28,01 - Clear,01 - Dry,01 - Traffic signal,02 - Intersection related,01 - Daylight,02 - Non-fatal injury,03 - Rear end
11583,RICHMOND RD @ STONEHAVEN DR,356780.9752,5015892.547,2/15/16,17:40,01 - Clear,01 - Dry,01 - Traffic signal,03 - At intersection,07 - Dark,02 - Non-fatal injury,05 - Turning movement
11584,RICHMOND RD @ STONEHAVEN DR,356781.4166,5015891.213,5/2/16,16:18,01 - Clear,01 - Dry,01 - Traffic signal,03 - At intersection,01 - Daylight,02 - Non-fatal injury,05 - Turning movement
11585,RICHMOND RD @ STONEHAVEN DR,356780.9825,5015890.778,2/12/16,17:44,03 - Snow,03 - Loose snow,01 - Traffic signal,02 - Intersection related,07 - Dark,03 - P.D. only,03 - Rear end
11586,RICHMOND RD @ STONEHAVEN DR,356781.4216,5015891.217,1/16/16,16:40,01 - Clear,01 - Dry,01 - Traffic signal,02 - Intersection related,05 - Dusk,03 - P.D. only,04 - Sideswipe
11587,RICHMOND RD @ STONEHAVEN DR,356781.6411,5015890.994,3/4/16,8:00,01 - Clear,01 - Dry,01 - Traffic signal,02 - Intersection related,01 - Daylight,03 - P.D. only,03 - Rear end
11588,RICHMOND RD @ STONEHAVEN DR,356780.9825,5015890.778,9/22/16,14:43,01 - Clear,01 - Dry,01 - Traffic signal,03 - At intersection,01 - Daylight,03 - P.D. only,02 - Angle
11589,RICHMOND RD @ STONEHAVEN DR,356781.4138,5015891.892,6/29/16,13:37,01 - Clear,01 - Dry,01 - Traffic signal,02 - Intersection related,01 - Daylight,03 - P.D. only,03 - Rear end
11590,RICHMOND RD @ STONEHAVEN DR,356781.6411,5015891.023,11/16/16,6:31,02 - Rain,02 - Wet,01 - Traffic signal,02 - Intersection related,07 - Dark,03 - P.D. only,03 - Rear end
11591,RICHMOND RD @ WEST HUNT CLUB RD,357145.8693,5018153.128,2/19/16,20:30,03 - Snow,06 - Ice,01 - Traffic signal,03 - At intersection,07 - Dark,02 - Non-fatal injury,05 - Turning movement
11592,RICHMOND RD @ WEST HUNT CLUB RD,357145.4226,5018152.912,5/10/16,19:13,01 - Clear,01 - Dry,01 - Traffic signal,02 - Intersection related,01 - Daylight,02 - Non-fatal injury,03 - Rear end
11593,RICHMOND RD @ WEST HUNT CLUB RD,357145.4278,5018152.243,6/29/16,19:44,01 - Clear,01 - Dry,01 - Traffic signal,02 - Intersection related,01 - Daylight,02 - Non-fatal injury,04 - Sideswipe
11594,RICHMOND RD @ WEST HUNT CLUB RD,357146.7747,5018153.139,6/2/16,21:42,02 - Rain,02 - Wet,01 - Traffic signal,02 - Intersection related,07 - Dark,02 - Non-fatal injury,03 - Rear end
11595,RICHMOND RD @ WEST HUNT CLUB RD,357143.1628,5018152.876,12/14/16,13:00,01 - Clear,01 - Dry,01 - Traffic signal,03 - At intersection,01 - Daylight,02 - Non-fatal injury,05 - Turning movement
11596,RICHMOND RD @ WEST HUNT CLUB RD,357146.3978,5018150.586,1/6/16,7:20,01 - Clear,02 - Wet,01 - Traffic signal,03 - At intersection,03 - Dawn,03 - P.D. only,05 - Turning movement
11597,RICHMOND RD @ WEST HUNT CLUB RD,357145.8718,5018151.34,5/7/16,17:15,01 - Clear,01 - Dry,01 - Traffic signal,02 - Intersection related,01 - Daylight,03 - P.D. only,03 - Rear end
11598,RICHMOND RD @ WEST HUNT CLUB RD,357142.6241,5018150.56,9/9/16,20:35,01 - Clear,01 - Dry,01 - Traffic signal,03 - At intersection,07 - Dark,03 - P.D. only,04 - Sideswipe
11599,RICHMOND RD @ WEST HUNT CLUB RD,357145.8746,5018152.008,7/15/16,19:42,01 - Clear,01 - Dry,01 - Traffic signal,02 - Intersection related,01 - Daylight,03 - P.D. only,04 - Sideswipe
11600,RICHMOND RD @ WEST HUNT CLUB RD,357146.4755,5018153.29,11/30/16,8:55,"07 - Fog, mist, smoke, dust",02 - Wet,01 - Traffic signal,02 - Intersection related,01 - Daylight,03 - P.D. only,03 - Rear end
11601,RICHMOND RD @ WEST HUNT CLUB RD,357145.8668,5018152.682,11/24/16,10:45,03 - Snow,03 - Loose snow,01 - Traffic signal,02 - Intersection related,01 - Daylight,03 - P.D. only,04 - Sideswipe
11602,RICHMOND RD @ WINONA AVE,363293.43,5028337.461,10/21/16,20:43,02 - Rain,02 - Wet,02 - Stop sign,02 - Intersection related,07 - Dark,03 - P.D. only,99 - Other
11603,RICHMOND RD @ WINONA AVE,363295.474,5028339.633,12/13/16,12:15,01 - Clear,01 - Dry,02 - Stop sign,02 - Intersection related,01 - Daylight,03 - P.D. only,04 - Sideswipe
11604,RICHMOND RD @ WOODROFFE AVE,361583.55,5026654.069,8/3/16,18:18,02 - Rain,02 - Wet,01 - Traffic signal,02 - Intersection related,01 - Daylight,02 - Non-fatal injury,04 - Sideswipe
11605,RICHMOND RD @ WOODROFFE AVE,361584.0278,5026654.304,10/26/16,18:23,01 - Clear,01 - Dry,01 - Traffic signal,03 - At intersection,07 - Dark,02 - Non-fatal injury,05 - Turning movement
11606,RICHMOND RD @ WOODROFFE AVE,361584.4201,5026654.257,3/24/16,8:02,03 - Snow,02 - Wet,01 - Traffic signal,02 - Intersection related,01 - Daylight,02 - Non-fatal injury,07 - SMV other
11607,RICHMOND RD @ WOODROFFE AVE,361584.9111,5026654.973,4/1/16,13:03,01 - Clear,01 - Dry,01 - Traffic signal,02 - Intersection related,01 - Daylight,03 - P.D. only,03 - Rear end
11608,RICHMOND RD @ WOODROFFE AVE,361584.9059,5026654.743,8/27/16,10:52,01 - Clear,01 - Dry,01 - Traffic signal,02 - Intersection related,01 - Daylight,03 - P.D. only,05 - Turning movement
11609,RICHMOND RD @ WOODROFFE AVE,361584.4288,5026654.479,1/3/16,12:28,01 - Clear,02 - Wet,01 - Traffic signal,03 - At intersection,01 - Daylight,03 - P.D. only,03 - Rear end
11610,RICHMOND RD @ WOODROFFE AVE,361584.0205,5026653.857,2/9/16,18:56,03 - Snow,03 - Loose snow,01 - Traffic signal,02 - Intersection related,07 - Dark,03 - P.D. only,07 - SMV other
11611,RICHMOND RD @ WOODROFFE AVE,361584.6864,5026653.193,4/4/16,18:05,01 - Clear,01 - Dry,01 - Traffic signal,03 - At intersection,01 - Daylight,03 - P.D. only,05 - Turning movement
11612,RICHMOND RD @ WOODROFFE AVE,361584.013,5026654.748,4/23/16,21:03,01 - Clear,01 - Dry,01 - Traffic signal,03 - At intersection,07 - Dark,03 - P.D. only,02 - Angle
11613,RICHMOND RD @ WOODROFFE AVE,361584.4609,5026654.298,5/30/16,14:52,01 - Clear,01 - Dry,01 - Traffic signal,02 - Intersection related,01 - Daylight,03 - P.D. only,07 - SMV other
11614,RICHMOND RD @ WOODROFFE AVE,361584.6864,5026654.937,11/10/16,6:27,01 - Clear,01 - Dry,01 - Traffic signal,02 - Intersection related,03 - Dawn,03 - P.D. only,03 - Rear end
11615,RICHMOND RD @ WOODROFFE AVE,361584.4669,5026655.621,11/16/16,14:50,01 - Clear,01 - Dry,01 - Traffic signal,03 - At intersection,01 - Daylight,03 - P.D. only,05 - Turning movement
11616,RICHMOND RD btwn 140 E OF POULIN AVE & FOREST ST,360436.8625,5025088.413,9/21/16,19:40,01 - Clear,01 - Dry,10 - No control,04 - At/near private drive,07 - Dark,02 - Non-fatal injury,03 - Rear end
11617,RICHMOND RD btwn ASSALY RD & REGINA LANE,360781.8977,5025581.504,4/7/16,14:08,01 - Clear,01 - Dry,10 - No control,04 - At/near private drive,01 - Daylight,03 - P.D. only,02 - Angle
11618,RICHMOND RD btwn ATHLONE AVE & TWEEDSMUIR AVE,363507.9666,5028474.792,4/28/16,19:30,01 - Clear,01 - Dry,10 - No control,01 - Non intersection,05 - Dusk,02 - Non-fatal injury,04 - Sideswipe
11619,RICHMOND RD btwn BASELINE RD TURN LANE & NORTHSIDE RD,358426.1909,5021365.989,2/13/16,10:04,01 - Clear,06 - Ice,10 - No control,06 - Underpass or tunnel,01 - Daylight,02 - Non-fatal injury,07 - SMV other
11620,RICHMOND RD btwn BASELINE RD TURN LANE & NORTHSIDE RD,358485.5467,5021489.76,1/25/16,17:45,01 - Clear,03 - Loose snow,10 - No control,01 - Non intersection,07 - Dark,03 - P.D. only,07 - SMV other
11621,RICHMOND RD btwn BAYSHORE DR & MAGWOOD AVE/HWY417 IC130 RAMP62,359385.5071,5023386.553,6/3/16,20:00,01 - Clear,01 - Dry,10 - No control,01 - Non intersection,01 - Daylight,03 - P.D. only,04 - Sideswipe
11622,RICHMOND RD btwn BERKLEY AVE & ROOSEVELT AVE,362917.0731,5028071.857,7/5/16,12:46,01 - Clear,01 - Dry,10 - No control,01 - Non intersection,01 - Daylight,03 - P.D. only,04 - Sideswipe
11623,RICHMOND RD btwn BERKLEY AVE & ROOSEVELT AVE,362973.0755,5028111.712,5/18/16,11:52,01 - Clear,01 - Dry,10 - No control,01 - Non intersection,01 - Daylight,03 - P.D. only,06 - SMV unattended vehicle
11624,RICHMOND RD btwn CHURCHILL AVE N & WINONA AVE,363239.5052,5028301.727,6/22/16,11:30,01 - Clear,01 - Dry,10 - No control,01 - Non intersection,01 - Daylight,03 - P.D. only,06 - SMV unattended vehicle
11625,RICHMOND RD btwn CHURCHILL AVE N & WINONA AVE,363291.4831,5028335.702,2/29/16,12:27,01 - Clear,01 - Dry,10 - No control,01 - Non intersection,01 - Daylight,03 - P.D. only,06 - SMV unattended vehicle
11626,RICHMOND RD btwn CHURCHILL AVE N & WINONA AVE,363243.3756,5028303.006,7/18/16,15:05,01 - Clear,01 - Dry,10 - No control,04 - At/near private drive,01 - Daylight,03 - P.D. only,02 - Angle
11627,RICHMOND RD btwn CLIFTON RD & KIRKWOOD AVE,363712.827,5028600.621,12/22/16,19:58,03 - Snow,04 - Slush,10 - No control,04 - At/near private drive,07 - Dark,03 - P.D. only,04 - Sideswipe
11628,RICHMOND RD btwn CROYDON AVE & ASSALY RD,360558.5391,5025294.842,5/29/16,1:11,01 - Clear,01 - Dry,10 - No control,04 - At/near private drive,07 - Dark,02 - Non-fatal injury,05 - Turning movement
11629,RICHMOND RD btwn EDEN AVE & EDGEWOOD AVE,363393.4945,5028401.672,6/25/16,11:20,01 - Clear,01 - Dry,10 - No control,01 - Non intersection,01 - Daylight,03 - P.D. only,06 - SMV unattended vehicle
11630,RICHMOND RD btwn EDGEWORTH AVE/MCEWEN AVE & REGINA LANE,360866.8283,5025668.818,4/11/16,19:29,01 - Clear,01 - Dry,10 - No control,04 - At/near private drive,05 - Dusk,03 - P.D. only,05 - Turning movement
11631,RICHMOND RD btwn EDGEWORTH AVE/MCEWEN AVE & REGINA LANE,360850.1806,5025651.72,11/25/16,19:01,01 - Clear,02 - Wet,10 - No control,01 - Non intersection,07 - Dark,03 - P.D. only,06 - SMV unattended vehicle
11632,RICHMOND RD btwn FALLOWFIELD RD & RUSHMORE RD,358121.276,5012614.005,10/13/16,20:17,01 - Clear,01 - Dry,10 - No control,04 - At/near private drive,07 - Dark,02 - Non-fatal injury,03 - Rear end
11633,RICHMOND RD btwn FALLOWFIELD RD & RUSHMORE RD,357806.9358,5013331.072,11/21/16,8:07,03 - Snow,03 - Loose snow,10 - No control,01 - Non intersection,01 - Daylight,03 - P.D. only,07 - SMV other
11634,RICHMOND RD btwn FOREST ST & WINTHROP PRIV,360492.6847,5025181.836,10/22/16,0:00,02 - Rain,02 - Wet,10 - No control,01 - Non intersection,00 - Unknown,03 - P.D. only,06 - SMV unattended vehicle
11635,RICHMOND RD btwn FRASER AVE & BROADVIEW AVE,362550.9755,5027748.272,9/12/16,15:24,01 - Clear,01 - Dry,10 - No control,01 - Non intersection,01 - Daylight,02 - Non-fatal injury,03 - Rear end
11636,RICHMOND RD btwn FRASER AVE & BROADVIEW AVE,362672.8863,5027859.623,8/20/16,12:21,01 - Clear,01 - Dry,10 - No control,01 - Non intersection,01 - Daylight,03 - P.D. only,04 - Sideswipe
11637,RICHMOND RD btwn FRASER AVE & BROADVIEW AVE,362526.1308,5027725.084,12/18/16,2:27,04 - Freezing Rain,06 - Ice,10 - No control,01 - Non intersection,07 - Dark,03 - P.D. only,07 - SMV other
11638,RICHMOND RD btwn GOLDEN AVE & BERKLEY AVE,362865.9823,5028029.839,11/3/16,20:03,02 - Rain,02 - Wet,10 - No control,01 - Non intersection,07 - Dark,03 - P.D. only,05 - Turning movement
11639,RICHMOND RD btwn GRENON AVE & MARIELLE CRT,359913.501,5024211.633,10/11/16,9:10,01 - Clear,01 - Dry,10 - No control,04 - At/near private drive,01 - Daylight,03 - P.D. only,02 - Angle
11640,RICHMOND RD btwn HIGHFIELD CRES & GRENON AVE,359771.1862,5023975.868,5/4/16,16:25,01 - Clear,01 - Dry,10 - No control,04 - At/near private drive,01 - Daylight,02 - Non-fatal injury,02 - Angle
11641,RICHMOND RD btwn HIGHFIELD CRES & GRENON AVE,359799.4257,5024023.192,11/26/16,11:02,01 - Clear,01 - Dry,10 - No control,04 - At/near private drive,01 - Daylight,03 - P.D. only,02 - Angle
11642,RICHMOND RD btwn HOPE SIDE RD & KHYMER CRT,357145.5776,5015004.357,8/29/16,10:10,01 - Clear,01 - Dry,10 - No control,01 - Non intersection,01 - Daylight,02 - Non-fatal injury,07 - SMV other
11643,RICHMOND RD btwn HWY417 IC130 RAMP25 & HWY417 IC130 RAMP35,359101.2497,5022838.34,7/26/16,1:11,01 - Clear,01 - Dry,10 - No control,01 - Non intersection,07 - Dark,03 - P.D. only,07 - SMV other
11644,RICHMOND RD btwn HWY417 IC130 RAMP25 & HWY417 IC130 RAMP35,359102.033,5022842.72,5/18/16,19:02,01 - Clear,01 - Dry,10 - No control,01 - Non intersection,01 - Daylight,03 - P.D. only,03 - Rear end
11645,RICHMOND RD btwn JOHN SUTHERLAND DR & HOLLY ACRES RD,358830.7694,5022245.344,1/21/16,13:12,01 - Clear,01 - Dry,10 - No control,01 - Non intersection,01 - Daylight,03 - P.D. only,06 - SMV unattended vehicle
11646,RICHMOND RD btwn JOHN SUTHERLAND DR & HOLLY ACRES RD,359055.8496,5022743.036,9/6/16,16:03,01 - Clear,01 - Dry,10 - No control,01 - Non intersection,01 - Daylight,03 - P.D. only,04 - Sideswipe
11647,RICHMOND RD btwn JOHN SUTHERLAND DR & HOLLY ACRES RD,359021.4045,5022659.055,12/2/16,19:42,01 - Clear,01 - Dry,10 - No control,01 - Non intersection,07 - Dark,03 - P.D. only,03 - Rear end
11648,RICHMOND RD btwn KHYMER CRT & STEEPLE HILL CRES,357320.9153,5014545.112,9/8/16,18:56,01 - Clear,01 - Dry,10 - No control,01 - Non intersection,01 - Daylight,02 - Non-fatal injury,07 - SMV other
11649,RICHMOND RD btwn KIRKWOOD AVE & HILSON AVE,363848.9212,5028687.096,8/10/16,8:45,01 - Clear,01 - Dry,10 - No control,01 - Non intersection,01 - Daylight,03 - P.D. only,01 - Approaching
11650,RICHMOND RD btwn LEIGHTON TER & ISLAND PARK DR,364111.07,5028853.352,7/6/16,21:30,02 - Rain,02 - Wet,10 - No control,01 - Non intersection,07 - Dark,03 - P.D. only,06 - SMV unattended vehicle
11651,RICHMOND RD btwn MCRAE AVE & CLIFTON RD,363689.4555,5028586.949,3/16/16,19:21,02 - Rain,02 - Wet,10 - No control,01 - Non intersection,07 - Dark,03 - P.D. only,07 - SMV other
11652,RICHMOND RD btwn NEW ORCHARD AVE & WOODROFFE AVE,361463.381,5026491.398,8/31/16,8:46,01 - Clear,01 - Dry,10 - No control,04 - At/near private drive,01 - Daylight,02 - Non-fatal injury,02 - Angle
11653,RICHMOND RD btwn NEW ORCHARD AVE & WOODROFFE AVE,361506.311,5026548.486,9/30/16,16:50,01 - Clear,01 - Dry,10 - No control,01 - Non intersection,01 - Daylight,02 - Non-fatal injury,07 - SMV other
11654,RICHMOND RD btwn NORTHSIDE RD & NORTHSIDE RD (2),358306.0485,5021202.131,10/26/16,14:52,01 - Clear,01 - Dry,10 - No control,01 - Non intersection,01 - Daylight,03 - P.D. only,04 - Sideswipe
11655,RICHMOND RD btwn PATRICIA AVE & LEIGHTON TER,364004.6193,5028786.208,5/9/16,16:00,01 - Clear,01 - Dry,10 - No control,01 - Non intersection,01 - Daylight,03 - P.D. only,06 - SMV unattended vehicle
11656,RICHMOND RD btwn PERTH ST & CAMBRIAN RD,359084.4397,5009401.548,2/11/16,8:51,03 - Snow,03 - Loose snow,10 - No control,01 - Non intersection,01 - Daylight,02 - Non-fatal injury,07 - SMV other
11657,RICHMOND RD btwn PERTH ST & CAMBRIAN RD,358670.5274,5007869.231,10/30/16,9:58,01 - Clear,01 - Dry,10 - No control,01 - Non intersection,01 - Daylight,03 - P.D. only,07 - SMV other
11658,RICHMOND RD btwn PIETY HILL WAY & FALLOWFIELD RD,357567.6642,5013927.796,11/21/16,14:22,05 - Drifting Snow,06 - Ice,10 - No control,01 - Non intersection,01 - Daylight,02 - Non-fatal injury,07 - SMV other
11659,RICHMOND RD btwn REDWOOD AVE & WAVELL AVE,362047.5402,5027284.419,12/9/16,8:33,01 - Clear,06 - Ice,10 - No control,01 - Non intersection,01 - Daylight,03 - P.D. only,03 - Rear end
11660,RICHMOND RD btwn REDWOOD AVE & WAVELL AVE,362047.0745,5027282.016,12/9/16,8:31,01 - Clear,06 - Ice,10 - No control,04 - At/near private drive,01 - Daylight,03 - P.D. only,02 - Angle
11661,RICHMOND RD btwn ROBERTSON RD & 141 S OF ROBERTSON RD/TOWNHALL,357583.2921,5020742.491,6/7/16,8:02,01 - Clear,01 - Dry,10 - No control,04 - At/near private drive,01 - Daylight,03 - P.D. only,02 - Angle
11662,RICHMOND RD btwn ROBERTSON RD & STINSON AVE,357750.5741,5020854.476,3/1/16,6:57,01 - Clear,01 - Dry,10 - No control,04 - At/near private drive,01 - Daylight,03 - P.D. only,02 - Angle
11663,RICHMOND RD btwn ROBERTSON RD & STINSON AVE,357839.2286,5020910.097,12/12/16,7:30,03 - Snow,03 - Loose snow,10 - No control,04 - At/near private drive,03 - Dawn,03 - P.D. only,02 - Angle
11664,RICHMOND RD btwn ROOSEVELT AVE & WINSTON AVE,362994.1412,5028126.524,12/31/16,16:20,03 - Snow,03 - Loose snow,10 - No control,01 - Non intersection,05 - Dusk,03 - P.D. only,07 - SMV other
11665,RICHMOND RD btwn STAFFORD RD & NORTHSIDE RD,358142.8714,5021089.079,10/14/16,12:33,01 - Clear,01 - Dry,10 - No control,01 - Non intersection,01 - Daylight,03 - P.D. only,03 - Rear end
11666,RICHMOND RD btwn STEEPLE HILL CRES & CAMBRIAN RD,359116.6881,5009622.182,7/4/16,12:28,01 - Clear,01 - Dry,10 - No control,01 - Non intersection,01 - Daylight,02 - Non-fatal injury,07 - SMV other
11667,RICHMOND RD btwn STEEPLE HILL CRES & CAMBRIAN RD,359027.8301,5010537.512,7/11/16,20:15,01 - Clear,01 - Dry,10 - No control,01 - Non intersection,01 - Daylight,02 - Non-fatal injury,07 - SMV other
11668,RICHMOND RD btwn STINSON AVE & STAFFORD RD,358095.1207,5021061.223,5/15/16,22:29,01 - Clear,01 - Dry,10 - No control,01 - Non intersection,07 - Dark,02 - Non-fatal injury,03 - Rear end
11669,RICHMOND RD btwn STINSON AVE & STAFFORD RD,358027.8186,5021020.745,5/26/16,17:43,01 - Clear,01 - Dry,10 - No control,01 - Non intersection,01 - Daylight,03 - P.D. only,03 - Rear end
11670,RICHMOND RD btwn STINSON AVE & STAFFORD RD,358034,5021022.495,8/24/16,12:32,01 - Clear,01 - Dry,10 - No control,04 - At/near private drive,01 - Daylight,03 - P.D. only,02 - Angle
11671,RICHMOND RD btwn STINSON AVE & STAFFORD RD,357957.8227,5020977.608,11/21/16,18:21,03 - Snow,02 - Wet,10 - No control,01 - Non intersection,07 - Dark,03 - P.D. only,03 - Rear end
11672,RICHMOND RD btwn STONEHAVEN DR & HOPE SIDE RD,356789.9227,5015867.006,11/15/16,6:29,"07 - Fog, mist, smoke, dust",01 - Dry,10 - No control,01 - Non intersection,03 - Dawn,03 - P.D. only,07 - SMV other
11673,RICHMOND RD btwn TURN LANE & HWY416 IC75A RAMP53,358620.4401,5021797.416,6/17/16,17:37,01 - Clear,01 - Dry,10 - No control,01 - Non intersection,01 - Daylight,03 - P.D. only,03 - Rear end
11674,RICHMOND RD btwn TURN LANE & JOHN SUTHERLAND DR,358706.0272,5021975.222,5/14/16,16:45,01 - Clear,01 - Dry,10 - No control,01 - Non intersection,01 - Daylight,03 - P.D. only,03 - Rear end
11675,RICHMOND RD btwn WEST HUNT CLUB RD & STONEHAVEN DR,357129.4431,5018076.769,2/19/16,16:28,01 - Clear,06 - Ice,10 - No control,01 - Non intersection,01 - Daylight,02 - Non-fatal injury,07 - SMV other
11676,RICHMOND RD btwn WEST HUNT CLUB RD & STONEHAVEN DR,357044.2726,5017697.968,6/8/16,8:30,01 - Clear,01 - Dry,10 - No control,01 - Non intersection,01 - Daylight,02 - Non-fatal injury,03 - Rear end
11677,RICHMOND RD btwn WEST HUNT CLUB RD & STONEHAVEN DR,356758.6985,5016383.316,7/4/16,21:37,01 - Clear,01 - Dry,10 - No control,01 - Non intersection,07 - Dark,03 - P.D. only,07 - SMV other
11678,RICHMOND RD btwn WEST HUNT CLUB RD & STONEHAVEN DR,357124.1152,5018059.295,11/20/16,17:46,03 - Snow,04 - Slush,10 - No control,01 - Non intersection,07 - Dark,03 - P.D. only,07 - SMV other
11679,RICHMOND RD btwn WEST HUNT CLUB RD & STONEHAVEN DR,357035.9274,5017655.313,7/18/16,0:01,02 - Rain,02 - Wet,10 - No control,01 - Non intersection,07 - Dark,03 - P.D. only,07 - SMV other
11680,RICHMOND RD btwn WEST HUNT CLUB RD & STONEHAVEN DR,356764.0468,5016376.007,7/4/16,21:37,01 - Clear,01 - Dry,10 - No control,01 - Non intersection,07 - Dark,03 - P.D. only,03 - Rear end
11681,RICHMOND RD btwn WEST HUNT CLUB RD & STONEHAVEN DR,357144.8191,5018139.212,11/7/16,20:25,01 - Clear,01 - Dry,10 - No control,01 - Non intersection,07 - Dark,03 - P.D. only,07 - SMV other
11682,RICHMOND RD btwn WEST HUNT CLUB RD & STONEHAVEN DR,357134.8813,5018105.257,12/9/16,17:04,01 - Clear,01 - Dry,10 - No control,01 - Non intersection,07 - Dark,03 - P.D. only,01 - Approaching
11683,RICHMOND RD btwn WINSTON AVE & CHURCHILL AVE N,363124.9026,5028223.432,12/2/16,13:00,01 - Clear,01 - Dry,10 - No control,04 - At/near private drive,01 - Daylight,02 - Non-fatal injury,02 - Angle
11684,RICHMOND RD btwn WINSTON AVE & CHURCHILL AVE N,363143.2517,5028236.664,8/19/16,15:45,02 - Rain,02 - Wet,10 - No control,04 - At/near private drive,01 - Daylight,03 - P.D. only,02 - Angle
11685,RICHMOND RD btwn WINSTON AVE & CHURCHILL AVE N,363085.7413,5028195.997,2/15/16,10:35,01 - Clear,01 - Dry,10 - No control,01 - Non intersection,01 - Daylight,03 - P.D. only,06 - SMV unattended vehicle
11686,RICHMOND RD btwn WINSTON AVE & CHURCHILL AVE N,363143.9816,5028236.223,1/28/16,12:16,03 - Snow,02 - Wet,10 - No control,01 - Non intersection,01 - Daylight,03 - P.D. only,99 - Other
11687,RICHMOND RD btwn WINSTON AVE & CHURCHILL AVE N,363054.6827,5028172.937,2/18/16,17:12,02 - Rain,02 - Wet,10 - No control,01 - Non intersection,05 - Dusk,03 - P.D. only,04 - Sideswipe
11688,RICHMOND RD btwn WINSTON AVE & CHURCHILL AVE N,363077.1182,5028189.685,2/26/16,13:30,01 - Clear,06 - Ice,10 - No control,04 - At/near private drive,01 - Daylight,03 - P.D. only,06 - SMV unattended vehicle
11689,RICHMOND RD btwn WINSTON AVE & CHURCHILL AVE N,363209.4743,5028282.199,12/14/16,19:16,01 - Clear,01 - Dry,10 - No control,01 - Non intersection,07 - Dark,03 - P.D. only,04 - Sideswipe
11690,RICHMOND RD btwn WINSTON AVE & CHURCHILL AVE N,363098.2499,5028203.285,11/25/16,14:45,01 - Clear,02 - Wet,10 - No control,01 - Non intersection,01 - Daylight,03 - P.D. only,04 - Sideswipe
11691,RICHMOND RD btwn WOODROFFE AVE & LOCKHART AVE,361627.6078,5026717.894,5/12/16,12:46,01 - Clear,01 - Dry,10 - No control,04 - At/near private drive,01 - Daylight,03 - P.D. only,05 - Turning movement
11692,RICHMOND RD btwn WOODROFFE AVE & LOCKHART AVE,361615.577,5026702.55,6/15/16,15:48,01 - Clear,01 - Dry,10 - No control,04 - At/near private drive,01 - Daylight,03 - P.D. only,05 - Turning movement
11693,RIDDELL DR btwn MARCH VALLEY RD & SIXTH LINE RD,348205.9981,5027269.494,2/12/16,23:21,03 - Snow,03 - Loose snow,10 - No control,01 - Non intersection,07 - Dark,03 - P.D. only,07 - SMV other
11694,RIDEAU RD btwn ALBION RD & BANK ST,376912.7772,5017816.414,4/26/16,19:20,01 - Clear,01 - Dry,10 - No control,04 - At/near private drive,01 - Daylight,03 - P.D. only,05 - Turning movement
11695,RIDEAU RD btwn BANK ST & DONCASTER RD,377388.2068,5018095.673,7/12/16,16:55,01 - Clear,01 - Dry,10 - No control,01 - Non intersection,01 - Daylight,02 - Non-fatal injury,03 - Rear end
11696,RIDEAU RD btwn BANK ST & DONCASTER RD,378076.4801,5018499.85,1/18/16,10:17,03 - Snow,03 - Loose snow,10 - No control,01 - Non intersection,01 - Daylight,02 - Non-fatal injury,01 - Approaching