Record,Location,X,Y,Date,Time,Environment,Road_Surface,Traffic_Control,Collision_Location,Light,Collision_Classification,Impact_type
11697,RIDEAU RD btwn BANK ST & DONCASTER RD,377304.7525,5018047.139,12/6/16,16:54,01 - Clear,02 - Wet,10 - No control,01 - Non intersection,07 - Dark,02 - Non-fatal injury,03 - Rear end
11698,RIDEAU RD btwn BANK ST & DONCASTER RD,377689.3977,5018271.251,5/19/16,21:31,01 - Clear,01 - Dry,10 - No control,04 - At/near private drive,07 - Dark,03 - P.D. only,05 - Turning movement
11699,RIDEAU RD btwn BOWESVILLE RD & ALBION RD,373489.9059,5015642.098,4/6/16,17:42,03 - Snow,04 - Slush,10 - No control,01 - Non intersection,01 - Daylight,03 - P.D. only,03 - Rear end
11700,RIDEAU RD btwn BOWESVILLE RD & ALBION RD,374781.0769,5016383.776,11/19/16,3:33,01 - Clear,01 - Dry,10 - No control,01 - Non intersection,07 - Dark,03 - P.D. only,07 - SMV other
11701,RIDEAU RD btwn LIMEBANK RD & DOWNEY RD,371704.3278,5014506.166,7/12/16,5:21,01 - Clear,01 - Dry,10 - No control,01 - Non intersection,03 - Dawn,03 - P.D. only,07 - SMV other
11702,RIDEAU RD btwn POWER RD & HAWTHORNE RD,378377.6648,5018673.073,10/21/16,6:39,02 - Rain,02 - Wet,10 - No control,01 - Non intersection,07 - Dark,03 - P.D. only,07 - SMV other
11703,RIDEAU RD btwn POWER RD & HAWTHORNE RD,378561.2209,5018906.134,12/7/16,20:00,01 - Clear,01 - Dry,10 - No control,01 - Non intersection,07 - Dark,03 - P.D. only,07 - SMV other
11704,RIDEAU RD btwn SOMME ST & RAMSAYVILLE RD,379460.5972,5019456.58,12/6/16,17:11,01 - Clear,02 - Wet,10 - No control,01 - Non intersection,07 - Dark,03 - P.D. only,03 - Rear end
11705,RIDEAU RD btwn SPRATT RD & LIMEBANK RD,370599.6788,5013937.038,6/24/16,6:13,01 - Clear,01 - Dry,10 - No control,01 - Non intersection,01 - Daylight,02 - Non-fatal injury,04 - Sideswipe
11706,RIDEAU RIVER DR btwn BRIGHTON AVE & SUNNYSIDE AVE,369468.6334,5028955.353,9/19/16,0:00,01 - Clear,01 - Dry,10 - No control,01 - Non intersection,00 - Unknown,03 - P.D. only,06 - SMV unattended vehicle
11707,RIDEAU ST @ WALLER ST,368282.7479,5032273.342,10/21/16,21:30,02 - Rain,02 - Wet,01 - Traffic signal,02 - Intersection related,07 - Dark,02 - Non-fatal injury,07 - SMV other
11708,RIDEAU ST @ WALLER ST,368280.2634,5032272.514,10/31/16,21:22,01 - Clear,01 - Dry,01 - Traffic signal,02 - Intersection related,07 - Dark,02 - Non-fatal injury,03 - Rear end
11709,RIDEAU ST @ WALLER ST,368282.8251,5032274.647,5/26/16,16:26,01 - Clear,01 - Dry,01 - Traffic signal,03 - At intersection,01 - Daylight,02 - Non-fatal injury,07 - SMV other
11710,RIDEAU ST @ WALLER ST,368281.9197,5032274.17,9/18/16,16:40,01 - Clear,01 - Dry,01 - Traffic signal,02 - Intersection related,01 - Daylight,02 - Non-fatal injury,07 - SMV other
11711,RIDEAU ST @ WALLER ST,368282.9734,5032275.261,4/8/16,15:45,03 - Snow,02 - Wet,01 - Traffic signal,02 - Intersection related,01 - Daylight,03 - P.D. only,03 - Rear end
11712,RIDEAU ST @ WALLER ST,368281.576,5032273.803,9/22/16,11:12,01 - Clear,01 - Dry,01 - Traffic signal,02 - Intersection related,01 - Daylight,03 - P.D. only,04 - Sideswipe
11713,RIDEAU ST @ WURTEMBURG ST,369357.1342,5032925.608,7/30/16,22:55,01 - Clear,01 - Dry,01 - Traffic signal,02 - Intersection related,07 - Dark,03 - P.D. only,04 - Sideswipe
11714,RIDEAU ST @ WURTEMBURG ST,369354.2217,5032926.831,8/12/16,15:41,01 - Clear,01 - Dry,01 - Traffic signal,02 - Intersection related,01 - Daylight,03 - P.D. only,03 - Rear end
11715,RIDEAU ST btwn 88 W OF WILLIAM ST & WILLIAM ST,368041.0258,5032121.313,7/29/16,14:00,01 - Clear,01 - Dry,10 - No control,01 - Non intersection,01 - Daylight,03 - P.D. only,04 - Sideswipe
11716,RIDEAU ST btwn AUGUSTA ST & COBOURG ST,369118.7851,5032782.164,6/23/16,16:28,01 - Clear,01 - Dry,10 - No control,04 - At/near private drive,01 - Daylight,03 - P.D. only,05 - Turning movement
11717,RIDEAU ST btwn AUGUSTA ST & COBOURG ST,369117.0071,5032781.109,3/2/16,8:39,03 - Snow,03 - Loose snow,10 - No control,04 - At/near private drive,01 - Daylight,03 - P.D. only,05 - Turning movement
11718,RIDEAU ST btwn CHAPEL ST & AUGUSTA ST,368977.7715,5032696.261,9/30/16,13:50,01 - Clear,01 - Dry,10 - No control,04 - At/near private drive,01 - Daylight,03 - P.D. only,06 - SMV unattended vehicle
11719,RIDEAU ST btwn CHARLOTTE ST & WURTEMBURG ST,369339.1072,5032915.916,10/13/16,18:35,01 - Clear,01 - Dry,10 - No control,01 - Non intersection,05 - Dusk,03 - P.D. only,04 - Sideswipe
11720,RIDEAU ST btwn CHARLOTTE ST & WURTEMBURG ST,369274.9695,5032875.488,7/28/16,20:27,01 - Clear,01 - Dry,10 - No control,01 - Non intersection,05 - Dusk,03 - P.D. only,04 - Sideswipe
11721,RIDEAU ST btwn CHARLOTTE ST & WURTEMBURG ST,369336.8304,5032915.237,12/29/16,13:16,03 - Snow,03 - Loose snow,10 - No control,04 - At/near private drive,01 - Daylight,03 - P.D. only,07 - SMV other
11722,RIDEAU ST btwn COBOURG ST & CHARLOTTE ST,369232.6636,5032849.592,6/21/16,0:26,01 - Clear,01 - Dry,10 - No control,01 - Non intersection,07 - Dark,02 - Non-fatal injury,07 - SMV other
11723,RIDEAU ST btwn COBOURG ST & CHARLOTTE ST,369232.3471,5032848.995,6/12/16,18:02,01 - Clear,01 - Dry,10 - No control,01 - Non intersection,01 - Daylight,03 - P.D. only,04 - Sideswipe
11724,RIDEAU ST btwn COBOURG ST & CHARLOTTE ST,369239.3907,5032854.104,10/22/16,18:00,01 - Clear,01 - Dry,10 - No control,01 - Non intersection,05 - Dusk,03 - P.D. only,04 - Sideswipe
11725,RIDEAU ST btwn CUMBERLAND ST & KING EDWARD AVE,368436.2313,5032366.781,4/14/16,20:18,01 - Clear,01 - Dry,10 - No control,04 - At/near private drive,07 - Dark,02 - Non-fatal injury,02 - Angle
11726,RIDEAU ST btwn CUMBERLAND ST & KING EDWARD AVE,368422.4604,5032357.67,4/14/16,8:55,01 - Clear,01 - Dry,10 - No control,04 - At/near private drive,01 - Daylight,03 - P.D. only,05 - Turning movement
11727,RIDEAU ST btwn CUMBERLAND ST & KING EDWARD AVE,368490.6906,5032401.265,7/27/16,13:58,01 - Clear,01 - Dry,10 - No control,04 - At/near private drive,01 - Daylight,03 - P.D. only,05 - Turning movement
11728,RIDEAU ST btwn DALHOUSIE ST & WALLER ST,368217.4752,5032232.136,12/18/16,0:00,03 - Snow,03 - Loose snow,10 - No control,01 - Non intersection,00 - Unknown,03 - P.D. only,06 - SMV unattended vehicle
11729,RIDEAU ST btwn KING EDWARD AVE & NELSON ST,368587.5303,5032461.029,9/13/16,12:47,01 - Clear,01 - Dry,10 - No control,04 - At/near private drive,01 - Daylight,02 - Non-fatal injury,05 - Turning movement
11730,RIDEAU ST btwn KING EDWARD AVE & NELSON ST,368625.3082,5032485.286,12/26/16,12:33,04 - Freezing Rain,06 - Ice,10 - No control,04 - At/near private drive,01 - Daylight,02 - Non-fatal injury,05 - Turning movement
11731,RIDEAU ST btwn KING EDWARD AVE & NELSON ST,368605.071,5032471.294,10/28/16,18:46,01 - Clear,01 - Dry,10 - No control,01 - Non intersection,07 - Dark,03 - P.D. only,05 - Turning movement
11732,RIDEAU ST btwn KING EDWARD AVE & NELSON ST,368545.2967,5032434.006,7/23/16,11:00,01 - Clear,01 - Dry,10 - No control,01 - Non intersection,01 - Daylight,03 - P.D. only,07 - SMV other
11733,RIDEAU ST btwn KING EDWARD AVE & NELSON ST,368559.6291,5032440.833,9/16/16,16:21,01 - Clear,01 - Dry,10 - No control,04 - At/near private drive,01 - Daylight,03 - P.D. only,02 - Angle
11734,RIDEAU ST btwn NELSON ST & FRIEL ST,368668.8982,5032509.701,3/4/16,8:55,01 - Clear,02 - Wet,10 - No control,01 - Non intersection,01 - Daylight,02 - Non-fatal injury,03 - Rear end
11735,RIDEAU ST btwn NELSON ST & FRIEL ST,368680.2993,5032517.587,8/8/16,14:17,01 - Clear,01 - Dry,10 - No control,01 - Non intersection,01 - Daylight,03 - P.D. only,04 - Sideswipe
11736,RIDEAU ST btwn RIDEAU PL & MONTREAL RD,369534.2462,5032961.821,2/17/16,16:39,05 - Drifting Snow,06 - Ice,10 - No control,01 - Non intersection,01 - Daylight,03 - P.D. only,01 - Approaching
11737,RIDEAU ST btwn SUSSEX DR & 88 W OF WILLIAM ST/FREIMAN MALL,368004.9717,5032099.028,1/21/16,17:20,01 - Clear,02 - Wet,10 - No control,01 - Non intersection,05 - Dusk,03 - P.D. only,04 - Sideswipe
11738,RIDEAU ST btwn WALLER ST & CUMBERLAND ST,368339.3675,5032307.809,5/4/16,12:20,01 - Clear,01 - Dry,10 - No control,01 - Non intersection,01 - Daylight,03 - P.D. only,06 - SMV unattended vehicle
11739,RIDEAU ST btwn WELLINGTON ST & MACKENZIE AVE,367863.6672,5032005.485,8/10/16,22:48,01 - Clear,01 - Dry,10 - No control,01 - Non intersection,07 - Dark,03 - P.D. only,04 - Sideswipe
11740,RIDEAU ST btwn WELLINGTON ST & MACKENZIE AVE,367805.9013,5031967.28,9/8/16,18:04,01 - Clear,01 - Dry,10 - No control,01 - Non intersection,01 - Daylight,03 - P.D. only,04 - Sideswipe
11741,RIDEAU ST btwn WURTEMBURG ST & RIDEAU PL,369443.1396,5032970.11,2/19/16,0:27,01 - Clear,03 - Loose snow,10 - No control,07 - Overpass or bridge,07 - Dark,03 - P.D. only,07 - SMV other
11742,RIDEAU TER btwn NOEL ST & DURHAM PRIV,368994.417,5034112.997,6/17/16,19:40,01 - Clear,01 - Dry,10 - No control,01 - Non intersection,01 - Daylight,03 - P.D. only,04 - Sideswipe
11743,RIDEAU VALLEY DR    N btwn RIDEAU NARROWS DR & PHELAN RD E,372486.3749,5005721.144,2/29/16,7:40,04 - Freezing Rain,06 - Ice,10 - No control,01 - Non intersection,01 - Daylight,03 - P.D. only,07 - SMV other
11744,RIDEAU VALLEY DR    N btwn RIDEAU NARROWS DR & PHELAN RD E,372473.3734,5005803.052,3/2/16,17:14,01 - Clear,05 - Packed snow,10 - No control,01 - Non intersection,01 - Daylight,03 - P.D. only,07 - SMV other
11745,RIDEAU VALLEY DR    N btwn SUTHERLAND DR & MARINA DR,372312.2135,5003309.005,1/22/16,2:20,01 - Clear,02 - Wet,10 - No control,01 - Non intersection,07 - Dark,03 - P.D. only,01 - Approaching
11746,RIDEAU VALLEY DR    N btwn SUTHERLAND DR & MARINA DR,372339.6918,5003430.362,8/21/16,22:39,01 - Clear,01 - Dry,10 - No control,01 - Non intersection,07 - Dark,03 - P.D. only,04 - Sideswipe
11747,RIDEAU VALLEY DR    N btwn SUTHERLAND DR & MARINA DR,372333.7537,5003388.481,6/28/16,9:17,01 - Clear,01 - Dry,10 - No control,01 - Non intersection,01 - Daylight,03 - P.D. only,07 - SMV other
11748,RIDEAU VALLEY DR btwn BARNSDALE RD & BANKFIELD RD,367529.8422,5010966.944,4/6/16,17:37,03 - Snow,03 - Loose snow,10 - No control,01 - Non intersection,01 - Daylight,03 - P.D. only,01 - Approaching
11749,RIDEAU VALLEY DR btwn PRINCE OF WALES DR & BARNSDALE RD,366789.9807,5012137.876,5/27/16,3:00,01 - Clear,01 - Dry,10 - No control,01 - Non intersection,07 - Dark,03 - P.D. only,07 - SMV other
11750,RIDEAUCREST DR btwn COTTINGHAM ST & NEWBOROUGH CRES,365980.9116,5016479.346,4/20/16,17:45,01 - Clear,01 - Dry,10 - No control,01 - Non intersection,01 - Daylight,02 - Non-fatal injury,07 - SMV other
11751,RIDGE RD btwn RAMSAYVILLE RD & ANDERSON RD,377741.1045,5028816.314,10/31/16,15:44,01 - Clear,01 - Dry,10 - No control,01 - Non intersection,01 - Daylight,02 - Non-fatal injury,07 - SMV other
11752,RIDGEMONT AVE btwn BANK ST & EDGE HILL PL,370131.3126,5026634.775,10/11/16,1:57,01 - Clear,01 - Dry,10 - No control,01 - Non intersection,07 - Dark,03 - P.D. only,04 - Sideswipe
11753,RIDGEVALLEY DR btwn KEVIN AVE & FIRWOOD CRES,359409.9575,5023578.578,1/10/16,14:49,02 - Rain,02 - Wet,10 - No control,04 - At/near private drive,01 - Daylight,03 - P.D. only,02 - Angle
11754,RIDGEWOOD AVE @ RIVERSIDE DR,368280.2395,5025610.089,8/20/16,17:10,01 - Clear,01 - Dry,01 - Traffic signal,03 - At intersection,01 - Daylight,03 - P.D. only,07 - SMV other
11755,RIDGEWOOD AVE @ RIVERSIDE DR,368280.0461,5025609.313,5/25/16,18:13,01 - Clear,01 - Dry,01 - Traffic signal,03 - At intersection,01 - Daylight,03 - P.D. only,04 - Sideswipe
11756,RIDGEWOOD AVE @ RIVERSIDE DR,368279.8765,5025608.29,10/1/16,13:37,01 - Clear,01 - Dry,01 - Traffic signal,02 - Intersection related,01 - Daylight,03 - P.D. only,03 - Rear end
11757,RIDGEWOOD AVE btwn RIVERSIDE DR & DUPONT ST,368406.9396,5025625.12,10/6/16,0:00,01 - Clear,01 - Dry,10 - No control,01 - Non intersection,00 - Unknown,03 - P.D. only,06 - SMV unattended vehicle
11758,RIFLE RD btwn LOIS AVE & SANDHILL RD,353428.9126,5024420.597,10/13/16,22:00,01 - Clear,01 - Dry,10 - No control,01 - Non intersection,07 - Dark,03 - P.D. only,07 - SMV other
11759,RIOCAN AVE @ STRANDHERD DR,364171.9893,5014944.353,12/15/16,20:06,01 - Clear,06 - Ice,01 - Traffic signal,03 - At intersection,07 - Dark,02 - Non-fatal injury,05 - Turning movement
11760,RIOCAN AVE @ STRANDHERD DR,364171.2121,5014944.802,1/7/16,19:36,01 - Clear,06 - Ice,01 - Traffic signal,02 - Intersection related,07 - Dark,03 - P.D. only,03 - Rear end
11761,RIOCAN AVE @ STRANDHERD DR,364172.4361,5014944.118,7/13/16,9:57,01 - Clear,01 - Dry,01 - Traffic signal,03 - At intersection,01 - Daylight,03 - P.D. only,02 - Angle
11762,RIOCAN AVE btwn MARKETPLACE AVE & END,364315.1974,5014711.76,1/26/16,11:23,01 - Clear,02 - Wet,10 - No control,04 - At/near private drive,01 - Daylight,02 - Non-fatal injury,02 - Angle
11763,RIOCAN AVE btwn MARKETPLACE AVE & END,364343.3636,5014663.249,9/20/16,17:24,01 - Clear,01 - Dry,10 - No control,01 - Non intersection,01 - Daylight,03 - P.D. only,02 - Angle
11764,RIOCAN AVE btwn STRANDHERD DR & MARKETPLACE AVE,364200.9728,5014905.022,5/4/16,21:15,02 - Rain,02 - Wet,10 - No control,04 - At/near private drive,07 - Dark,03 - P.D. only,05 - Turning movement
11765,RIOCAN AVE btwn STRANDHERD DR & MARKETPLACE AVE,364252.5401,5014819.935,11/11/16,14:15,01 - Clear,01 - Dry,10 - No control,01 - Non intersection,01 - Daylight,03 - P.D. only,05 - Turning movement
11766,RITA AVE @ MERIVALE RD,364612.7824,5024295.897,6/12/16,15:45,01 - Clear,01 - Dry,02 - Stop sign,02 - Intersection related,01 - Daylight,03 - P.D. only,03 - Rear end
11767,RITCHIE SIDE RD btwn IVY ACRES RD & UPPER DWYER HILL RD,322571.9791,5026281.409,11/17/16,17:35,01 - Clear,01 - Dry,10 - No control,01 - Non intersection,07 - Dark,03 - P.D. only,07 - SMV other
11768,RITCHIE ST btwn AHEARN AVE & RIGA PRIV,359531.7297,5024487.041,1/24/16,12:00,01 - Clear,01 - Dry,10 - No control,01 - Non intersection,01 - Daylight,03 - P.D. only,07 - SMV other
11769,RITCHIE ST btwn AHEARN AVE & RIGA PRIV,359513.7299,5024508.124,8/27/16,7:33,01 - Clear,01 - Dry,10 - No control,01 - Non intersection,01 - Daylight,03 - P.D. only,07 - SMV other
11770,RIVER BEND DR @ WESTDALE AVE,357884.6637,5023228.916,11/28/16,12:48,01 - Clear,01 - Dry,03 - Yield sign,02 - Intersection related,01 - Daylight,02 - Non-fatal injury,03 - Rear end
11771,RIVER MIST RD btwn DUNDONALD DR & WHITE ARCTIC,364714.9791,5011998.489,3/22/16,0:00,01 - Clear,01 - Dry,10 - No control,01 - Non intersection,00 - Unknown,03 - P.D. only,06 - SMV unattended vehicle
11772,RIVER RD @ RIDEAU RD,368049.1446,5012371.15,8/24/16,22:55,01 - Clear,01 - Dry,02 - Stop sign,03 - At intersection,07 - Dark,02 - Non-fatal injury,02 - Angle
11773,RIVER RD @ ROYAL PALM CRES N,370225.749,5009687.504,12/29/16,21:00,03 - Snow,04 - Slush,10 - No control,02 - Intersection related,07 - Dark,03 - P.D. only,03 - Rear end
11774,RIVER RD @ RYEBURN DR,368049.0281,5016305.893,2/19/16,8:01,01 - Clear,01 - Dry,02 - Stop sign,03 - At intersection,01 - Daylight,03 - P.D. only,05 - Turning movement
11775,RIVER RD @ TEWSLEY,367968.6819,5015643.711,5/13/16,14:21,01 - Clear,01 - Dry,01 - Traffic signal,02 - Intersection related,01 - Daylight,02 - Non-fatal injury,03 - Rear end
11776,RIVER RD @ TEWSLEY,367969.1411,5015642.789,10/19/16,8:30,01 - Clear,01 - Dry,01 - Traffic signal,02 - Intersection related,01 - Daylight,03 - P.D. only,03 - Rear end
11777,RIVER RD btwn BALMORAL DR & JARVIS DR,368140.3846,5019946.17,8/15/16,11:55,01 - Clear,01 - Dry,10 - No control,04 - At/near private drive,01 - Daylight,02 - Non-fatal injury,02 - Angle
11778,RIVER RD btwn BALMORAL DR & JARVIS DR,368146.9719,5019967.312,10/17/16,10:02,01 - Clear,01 - Dry,10 - No control,04 - At/near private drive,01 - Daylight,03 - P.D. only,07 - SMV other
11779,RIVER RD btwn BRIDGE ST & ROYAL PALM CRES,369762.2332,5010632.512,12/31/16,12:42,03 - Snow,05 - Packed snow,10 - No control,01 - Non intersection,01 - Daylight,02 - Non-fatal injury,01 - Approaching
11780,RIVER RD btwn CABIN RD & OSGOODE MAIN ST,372919.0574,5000713.466,4/20/16,5:00,01 - Clear,01 - Dry,10 - No control,01 - Non intersection,07 - Dark,03 - P.D. only,07 - SMV other
11781,RIVER RD btwn EARL ARMSTRONG RD & 175 N OF EARL ARMSTRONG/LOBLAWS SC,367584.764,5014713.488,7/4/16,10:19,01 - Clear,01 - Dry,10 - No control,01 - Non intersection,01 - Daylight,03 - P.D. only,07 - SMV other
11782,RIVER RD btwn EARL ARMSTRONG RD & NICOLLS ISLAND RD,367677.4226,5013142.504,8/2/16,15:21,01 - Clear,01 - Dry,10 - No control,04 - At/near private drive,01 - Daylight,03 - P.D. only,99 - Other
11783,RIVER RD btwn EARL ARMSTRONG RD & NICOLLS ISLAND RD,367635.0237,5013417.128,1/1/16,2:33,03 - Snow,02 - Wet,10 - No control,01 - Non intersection,07 - Dark,03 - P.D. only,07 - SMV other
11784,RIVER RD btwn EDGEWATER DR & WOODEDEN DR,373378.2263,5005168.541,12/22/16,9:13,03 - Snow,03 - Loose snow,10 - No control,01 - Non intersection,01 - Daylight,03 - P.D. only,03 - Rear end
11785,RIVER RD btwn FLAG STATION RD & SUMMERSIDE DR,373291.2794,5005507.267,9/7/16,9:05,01 - Clear,01 - Dry,10 - No control,01 - Non intersection,01 - Daylight,03 - P.D. only,07 - SMV other
11786,RIVER RD btwn HONEY GABLES DR & RYEBURN DR,368026.448,5016067.025,5/21/16,20:51,01 - Clear,01 - Dry,10 - No control,01 - Non intersection,07 - Dark,02 - Non-fatal injury,03 - Rear end
11787,RIVER RD btwn KILBY LANE & WATERFRONT CRT,371947.0376,5007834.375,1/18/16,9:07,03 - Snow,03 - Loose snow,10 - No control,01 - Non intersection,01 - Daylight,03 - P.D. only,07 - SMV other
11788,RIVER RD btwn KILBY LANE & WATERFRONT CRT,371978.6582,5007800.355,6/30/16,22:05,01 - Clear,01 - Dry,10 - No control,01 - Non intersection,07 - Dark,03 - P.D. only,07 - SMV other
11789,RIVER RD btwn LEWER ST & RIVERSIDE DR,368358.7821,5020458.926,6/25/16,10:59,01 - Clear,01 - Dry,10 - No control,01 - Non intersection,01 - Daylight,02 - Non-fatal injury,07 - SMV other
11790,RIVER RD btwn LORNE BRIDGE RD & ROGER STEVENS DR,373158.8746,5002734.852,11/10/16,18:21,01 - Clear,01 - Dry,10 - No control,01 - Non intersection,07 - Dark,03 - P.D. only,07 - SMV other
11791,RIVER RD btwn LORNE BRIDGE RD & ROGER STEVENS DR,372885.3541,5001803.025,12/12/16,17:24,03 - Snow,04 - Slush,10 - No control,01 - Non intersection,07 - Dark,03 - P.D. only,07 - SMV other
11792,RIVER RD btwn MULLIGAN ST & LEITRIM RD,368017.2883,5017214.56,10/2/16,22:50,"07 - Fog, mist, smoke, dust",02 - Wet,10 - No control,01 - Non intersection,07 - Dark,03 - P.D. only,07 - SMV other
11793,RIVER RD btwn OSGOODE MAIN ST & DALMENY RD,373941.0341,4998508.387,2/4/16,2:36,01 - Clear,06 - Ice,10 - No control,01 - Non intersection,07 - Dark,02 - Non-fatal injury,07 - SMV other
11794,RIVER RD btwn OSGOODE MAIN ST & DALMENY RD,373703.0007,4998719.95,9/15/16,17:14,01 - Clear,01 - Dry,10 - No control,01 - Non intersection,01 - Daylight,02 - Non-fatal injury,07 - SMV other
11795,RIVER RD btwn RIDEAU FOREST DR & KILBY LANE,370678.1942,5008960.631,10/11/16,15:52,01 - Clear,01 - Dry,10 - No control,01 - Non intersection,01 - Daylight,02 - Non-fatal injury,01 - Approaching
11796,RIVER RD btwn RIDEAU RD & KNOTT CRES,368058.8053,5012351.783,2/17/16,13:07,05 - Drifting Snow,03 - Loose snow,10 - No control,01 - Non intersection,01 - Daylight,02 - Non-fatal injury,01 - Approaching
11797,RIVER RD btwn RYEBURN DR & LEITRIM RD,368036.6982,5016965.213,5/9/16,15:31,01 - Clear,01 - Dry,10 - No control,04 - At/near private drive,01 - Daylight,02 - Non-fatal injury,03 - Rear end
11798,RIVER RD btwn SUMMERSIDE DR & EDGEWATER DR,373329.3394,5005356.953,3/20/16,4:08,01 - Clear,01 - Dry,10 - No control,04 - At/near private drive,07 - Dark,03 - P.D. only,07 - SMV other
11799,RIVER RD btwn TEWSLEY DR & RIVERSEDGE CRES,368000.0502,5015843.041,6/28/16,8:18,01 - Clear,01 - Dry,10 - No control,01 - Non intersection,01 - Daylight,03 - P.D. only,03 - Rear end
11800,RIVER RUN AVE btwn RIVER MIST RD & FALLINGWATER CIRC,364300.2919,5012967.426,8/5/16,20:30,01 - Clear,01 - Dry,10 - No control,01 - Non intersection,07 - Dark,03 - P.D. only,06 - SMV unattended vehicle
11801,RIVERDALE AVE @ SUNNYSIDE AVE,369074.5849,5028786.736,1/6/16,13:54,01 - Clear,01 - Dry,01 - Traffic signal,03 - At intersection,01 - Daylight,03 - P.D. only,05 - Turning movement
11802,RIVERDALE AVE btwn ECHO DR & GLENVIEW AVE,369300.443,5029374.167,12/12/16,10:13,03 - Snow,05 - Packed snow,10 - No control,01 - Non intersection,01 - Daylight,02 - Non-fatal injury,03 - Rear end
11803,RIVERDALE AVE btwn ECHO DR & GLENVIEW AVE,369204.2999,5029217.999,4/9/16,18:15,01 - Clear,01 - Dry,10 - No control,01 - Non intersection,05 - Dusk,03 - P.D. only,06 - SMV unattended vehicle
11804,RIVERDALE AVE btwn SUNNYSIDE AVE & SOUTHERN DR,369072.9286,5028793.322,12/5/16,0:00,03 - Snow,03 - Loose snow,10 - No control,01 - Non intersection,00 - Unknown,03 - P.D. only,06 - SMV unattended vehicle
11805,RIVERGATE WAY @ RIVERSIDE DR,368117.8094,5023243.172,2/9/16,18:39,01 - Clear,03 - Loose snow,01 - Traffic signal,03 - At intersection,07 - Dark,02 - Non-fatal injury,05 - Turning movement
11806,RIVERSEDGE CRES btwn TRAILGATE ST & TRAILGATE ST,367769.3636,5015747.334,8/8/16,19:00,01 - Clear,01 - Dry,10 - No control,01 - Non intersection,01 - Daylight,03 - P.D. only,06 - SMV unattended vehicle
11807,RIVERSIDE DR @ 175 S OF HUNT CLUB  RD/RUNWAY C,368028.276,5021765.628,4/6/16,16:16,03 - Snow,03 - Loose snow,01 - Traffic signal,03 - At intersection,01 - Daylight,03 - P.D. only,02 - Angle
11808,RIVERSIDE DR @ 175 S OF HUNT CLUB  RD/RUNWAY C,368029.054,5021769.156,7/27/16,8:39,01 - Clear,01 - Dry,01 - Traffic signal,03 - At intersection,01 - Daylight,03 - P.D. only,05 - Turning movement
11809,RIVERSIDE DR @ BROOKFIELD RD/HOG'S BACK RD,368168.7964,5026224.689,9/24/16,12:55,01 - Clear,01 - Dry,01 - Traffic signal,02 - Intersection related,01 - Daylight,02 - Non-fatal injury,03 - Rear end
11810,RIVERSIDE DR @ BROOKFIELD RD/HOG'S BACK RD,368166.2216,5026222.927,7/19/16,16:58,01 - Clear,01 - Dry,01 - Traffic signal,02 - Intersection related,01 - Daylight,02 - Non-fatal injury,03 - Rear end
11811,RIVERSIDE DR @ BROOKFIELD RD/HOG'S BACK RD,368167.2848,5026221.782,6/17/16,21:28,01 - Clear,01 - Dry,01 - Traffic signal,03 - At intersection,07 - Dark,02 - Non-fatal injury,05 - Turning movement
11812,RIVERSIDE DR @ BROOKFIELD RD/HOG'S BACK RD,368167.711,5026222.254,9/29/16,16:30,01 - Clear,01 - Dry,01 - Traffic signal,02 - Intersection related,01 - Daylight,02 - Non-fatal injury,03 - Rear end
11813,RIVERSIDE DR @ BROOKFIELD RD/HOG'S BACK RD,368167.0292,5026222.067,8/2/16,17:44,01 - Clear,01 - Dry,01 - Traffic signal,02 - Intersection related,01 - Daylight,03 - P.D. only,03 - Rear end
11814,RIVERSIDE DR @ BROOKFIELD RD/HOG'S BACK RD,368168.1299,5026223.294,6/7/16,17:15,01 - Clear,01 - Dry,01 - Traffic signal,02 - Intersection related,01 - Daylight,03 - P.D. only,04 - Sideswipe
11815,RIVERSIDE DR @ BROOKFIELD RD/HOG'S BACK RD,368167.711,5026222.107,10/18/16,8:56,01 - Clear,01 - Dry,01 - Traffic signal,02 - Intersection related,01 - Daylight,03 - P.D. only,03 - Rear end
11816,RIVERSIDE DR @ BROOKFIELD RD/HOG'S BACK RD,368165.953,5026222.925,1/6/16,21:48,01 - Clear,01 - Dry,01 - Traffic signal,03 - At intersection,07 - Dark,03 - P.D. only,05 - Turning movement
11817,RIVERSIDE DR @ BROOKFIELD RD/HOG'S BACK RD,368167.711,5026223.647,1/2/16,16:24,01 - Clear,02 - Wet,01 - Traffic signal,02 - Intersection related,01 - Daylight,03 - P.D. only,03 - Rear end
11818,RIVERSIDE DR @ BROOKFIELD RD/HOG'S BACK RD,368167.4447,5026222.255,3/30/16,21:16,01 - Clear,01 - Dry,01 - Traffic signal,03 - At intersection,07 - Dark,03 - P.D. only,05 - Turning movement
11819,RIVERSIDE DR @ BROOKFIELD RD/HOG'S BACK RD,368166.9121,5026222.788,3/30/16,15:30,01 - Clear,01 - Dry,01 - Traffic signal,02 - Intersection related,01 - Daylight,03 - P.D. only,03 - Rear end
11820,RIVERSIDE DR @ BROOKFIELD RD/HOG'S BACK RD,368167.1931,5026221.916,9/15/16,17:58,01 - Clear,01 - Dry,01 - Traffic signal,02 - Intersection related,01 - Daylight,03 - P.D. only,04 - Sideswipe