Record,Location,X,Y,Date,Time,Environment,Road_Surface,Traffic_Control,Collision_Location,Light,Collision_Classification,Impact_type
11821,RIVERSIDE DR @ BROOKFIELD RD/HOG'S BACK RD,368165.1035,5026223.701,3/27/16,20:55,01 - Clear,01 - Dry,01 - Traffic signal,02 - Intersection related,07 - Dark,03 - P.D. only,03 - Rear end
11822,RIVERSIDE DR @ BROOKFIELD RD/HOG'S BACK RD,368167.5356,5026223.315,5/20/16,8:00,01 - Clear,01 - Dry,01 - Traffic signal,02 - Intersection related,01 - Daylight,03 - P.D. only,03 - Rear end
11823,RIVERSIDE DR @ BROOKFIELD RD/HOG'S BACK RD,368167.9246,5026223.256,9/9/16,22:37,01 - Clear,01 - Dry,01 - Traffic signal,03 - At intersection,07 - Dark,03 - P.D. only,05 - Turning movement
11824,RIVERSIDE DR @ BROOKFIELD RD/HOG'S BACK RD,368167.711,5026222.107,12/23/16,12:40,01 - Clear,01 - Dry,01 - Traffic signal,02 - Intersection related,01 - Daylight,03 - P.D. only,04 - Sideswipe
11825,RIVERSIDE DR @ BROOKFIELD RD/HOG'S BACK RD,368166.0547,5026221.279,12/5/16,8:52,01 - Clear,05 - Packed snow,01 - Traffic signal,02 - Intersection related,01 - Daylight,03 - P.D. only,07 - SMV other
11826,RIVERSIDE DR @ HERON RD,368120.0072,5026646.562,1/5/16,13:04,01 - Clear,01 - Dry,01 - Traffic signal,03 - At intersection,01 - Daylight,02 - Non-fatal injury,02 - Angle
11827,RIVERSIDE DR @ HERON RD,368121.9331,5026646.807,10/31/16,12:18,01 - Clear,01 - Dry,01 - Traffic signal,02 - Intersection related,01 - Daylight,02 - Non-fatal injury,03 - Rear end
11828,RIVERSIDE DR @ HERON RD,368121.1049,5026645.151,9/30/16,15:55,01 - Clear,01 - Dry,01 - Traffic signal,02 - Intersection related,01 - Daylight,02 - Non-fatal injury,03 - Rear end
11829,RIVERSIDE DR @ HERON RD,368121.2895,5026647.499,1/20/16,15:51,01 - Clear,01 - Dry,01 - Traffic signal,02 - Intersection related,01 - Daylight,03 - P.D. only,03 - Rear end
11830,RIVERSIDE DR @ HERON RD,368120.4463,5026647.441,1/22/16,19:25,01 - Clear,01 - Dry,01 - Traffic signal,03 - At intersection,07 - Dark,03 - P.D. only,03 - Rear end
11831,RIVERSIDE DR @ HERON RD,368118.9714,5026649.915,4/21/16,16:30,01 - Clear,01 - Dry,01 - Traffic signal,02 - Intersection related,01 - Daylight,03 - P.D. only,03 - Rear end
11832,RIVERSIDE DR @ HERON RD,368121.7635,5026646.123,1/18/16,9:04,01 - Clear,03 - Loose snow,01 - Traffic signal,02 - Intersection related,01 - Daylight,03 - P.D. only,03 - Rear end
11833,RIVERSIDE DR @ HERON RD,368121.1748,5026647.454,5/25/16,12:10,01 - Clear,01 - Dry,01 - Traffic signal,02 - Intersection related,01 - Daylight,03 - P.D. only,02 - Angle
11834,RIVERSIDE DR @ HERON RD,368121.1049,5026647.665,3/18/16,15:26,01 - Clear,01 - Dry,01 - Traffic signal,02 - Intersection related,01 - Daylight,03 - P.D. only,03 - Rear end
11835,RIVERSIDE DR @ HERON RD,368120.1027,5026649.114,5/4/16,22:25,02 - Rain,02 - Wet,01 - Traffic signal,02 - Intersection related,07 - Dark,03 - P.D. only,03 - Rear end
11836,RIVERSIDE DR @ HERON RD,368120.7506,5026646.834,7/27/16,8:25,01 - Clear,01 - Dry,01 - Traffic signal,02 - Intersection related,01 - Daylight,03 - P.D. only,03 - Rear end
11837,RIVERSIDE DR @ HERON RD,368121.3558,5026647.114,4/5/16,20:16,01 - Clear,01 - Dry,01 - Traffic signal,02 - Intersection related,07 - Dark,03 - P.D. only,03 - Rear end
11838,RIVERSIDE DR @ HERON RD,368121.1676,5026647.584,8/11/16,14:00,01 - Clear,01 - Dry,01 - Traffic signal,03 - At intersection,01 - Daylight,03 - P.D. only,05 - Turning movement
11839,RIVERSIDE DR @ HERON RD,368121.9331,5026645.151,11/3/16,22:01,01 - Clear,01 - Dry,01 - Traffic signal,02 - Intersection related,07 - Dark,03 - P.D. only,03 - Rear end
11840,RIVERSIDE DR @ HERON RD,368122.7612,5026649.291,12/12/16,13:56,03 - Snow,04 - Slush,01 - Traffic signal,02 - Intersection related,01 - Daylight,03 - P.D. only,07 - SMV other
11841,RIVERSIDE DR @ HERON RD,368121.9331,5026646.807,10/24/16,15:40,01 - Clear,01 - Dry,01 - Traffic signal,03 - At intersection,01 - Daylight,03 - P.D. only,03 - Rear end
11842,RIVERSIDE DR @ HERON RD,368121.1049,5026646.807,12/24/16,13:14,02 - Rain,02 - Wet,01 - Traffic signal,02 - Intersection related,01 - Daylight,03 - P.D. only,03 - Rear end
11843,RIVERSIDE DR @ PLEASANT PARK RD,369560.5692,5028414.559,7/19/16,10:59,01 - Clear,01 - Dry,01 - Traffic signal,02 - Intersection related,01 - Daylight,02 - Non-fatal injury,03 - Rear end
11844,RIVERSIDE DR @ PLEASANT PARK RD,369561.7868,5028415.161,2/14/16,18:45,01 - Clear,01 - Dry,01 - Traffic signal,02 - Intersection related,07 - Dark,03 - P.D. only,03 - Rear end
11845,RIVERSIDE DR @ PLEASANT PARK RD,369561.251,5028416.256,11/20/16,20:28,03 - Snow,05 - Packed snow,01 - Traffic signal,02 - Intersection related,07 - Dark,03 - P.D. only,07 - SMV other
11846,RIVERSIDE DR @ PLEASANT PARK RD,369561.251,5028415.428,8/20/16,13:08,01 - Clear,01 - Dry,01 - Traffic signal,02 - Intersection related,01 - Daylight,03 - P.D. only,03 - Rear end
11847,RIVERSIDE DR @ QUESNEL DR,368061.5338,5024100.577,12/9/16,9:14,01 - Clear,01 - Dry,02 - Stop sign,02 - Intersection related,01 - Daylight,03 - P.D. only,04 - Sideswipe
11848,RIVERSIDE DR @ RIVERSIDE HOSPITAL,369715.9255,5028627.49,2/8/16,7:50,01 - Clear,01 - Dry,01 - Traffic signal,02 - Intersection related,01 - Daylight,03 - P.D. only,07 - SMV other
11849,RIVERSIDE DR @ RIVERSIDE HOSPITAL,369715.8355,5028626.035,2/23/16,10:41,01 - Clear,01 - Dry,01 - Traffic signal,02 - Intersection related,01 - Daylight,03 - P.D. only,03 - Rear end
11850,RIVERSIDE DR @ SAN REMO PRIV,370386.167,5030400.831,7/19/16,12:18,01 - Clear,01 - Dry,01 - Traffic signal,02 - Intersection related,01 - Daylight,02 - Non-fatal injury,03 - Rear end
11851,RIVERSIDE DR @ SMYTH RD NORTH SIDE RAMP,369938.3942,5029315.503,12/16/16,12:39,01 - Clear,01 - Dry,01 - Traffic signal,03 - At intersection,01 - Daylight,02 - Non-fatal injury,05 - Turning movement
11852,RIVERSIDE DR @ SMYTH RD NORTH SIDE RAMP,369937.9509,5029316.527,2/14/16,15:07,01 - Clear,01 - Dry,01 - Traffic signal,02 - Intersection related,01 - Daylight,03 - P.D. only,04 - Sideswipe
11853,RIVERSIDE DR @ SMYTH RD NORTH SIDE RAMP,369936.542,5029315.853,10/18/16,10:20,01 - Clear,01 - Dry,01 - Traffic signal,02 - Intersection related,01 - Daylight,03 - P.D. only,05 - Turning movement
11854,RIVERSIDE DR @ SMYTH RD NORTH SIDE RAMP,369937.267,5029314.832,12/5/16,9:59,03 - Snow,06 - Ice,01 - Traffic signal,02 - Intersection related,01 - Daylight,03 - P.D. only,07 - SMV other
11855,RIVERSIDE DR @ SMYTH RD SOUTH SIDE RAMP,369787.7933,5028997.654,7/15/16,21:06,01 - Clear,02 - Wet,01 - Traffic signal,03 - At intersection,07 - Dark,02 - Non-fatal injury,05 - Turning movement
11856,RIVERSIDE DR @ SMYTH RD SOUTH SIDE RAMP,369789.2731,5028998.39,9/14/16,22:31,01 - Clear,01 - Dry,01 - Traffic signal,03 - At intersection,07 - Dark,02 - Non-fatal injury,05 - Turning movement
11857,RIVERSIDE DR @ SMYTH RD SOUTH SIDE RAMP,369788.499,5028998.457,9/2/16,16:22,01 - Clear,01 - Dry,01 - Traffic signal,03 - At intersection,01 - Daylight,03 - P.D. only,05 - Turning movement
11858,RIVERSIDE DR @ SMYTH RD SOUTH SIDE RAMP,369789.1183,5028998.649,4/26/16,18:54,01 - Clear,01 - Dry,01 - Traffic signal,02 - Intersection related,01 - Daylight,03 - P.D. only,03 - Rear end
11859,RIVERSIDE DR @ SMYTH RD SOUTH SIDE RAMP,369787.4014,5028998.852,9/14/16,16:52,01 - Clear,01 - Dry,01 - Traffic signal,03 - At intersection,01 - Daylight,03 - P.D. only,05 - Turning movement
11860,RIVERSIDE DR @ SMYTH RD SOUTH SIDE RAMP,369788.4977,5028998.318,11/24/16,7:46,03 - Snow,03 - Loose snow,01 - Traffic signal,02 - Intersection related,01 - Daylight,03 - P.D. only,03 - Rear end
11861,RIVERSIDE DR @ TRANSITWAY - RIVERSIDE H,369770.5277,5028800.817,2/25/16,18:31,04 - Freezing Rain,06 - Ice,01 - Traffic signal,02 - Intersection related,07 - Dark,03 - P.D. only,03 - Rear end
11862,RIVERSIDE DR @ TREMBLAY RD/HWY417 IC117 RAMP52,370802.6085,5031015.642,5/30/16,20:15,01 - Clear,01 - Dry,01 - Traffic signal,02 - Intersection related,05 - Dusk,02 - Non-fatal injury,03 - Rear end
11863,RIVERSIDE DR @ TREMBLAY RD/HWY417 IC117 RAMP52,370803.1758,5031016.567,1/22/16,8:16,01 - Clear,01 - Dry,01 - Traffic signal,03 - At intersection,01 - Daylight,02 - Non-fatal injury,05 - Turning movement
11864,RIVERSIDE DR @ TREMBLAY RD/HWY417 IC117 RAMP52,370802.2976,5031016.127,9/14/16,13:58,01 - Clear,01 - Dry,01 - Traffic signal,03 - At intersection,01 - Daylight,02 - Non-fatal injury,05 - Turning movement
11865,RIVERSIDE DR @ TREMBLAY RD/HWY417 IC117 RAMP52,370801.0343,5031014.797,1/8/16,13:54,01 - Clear,01 - Dry,01 - Traffic signal,02 - Intersection related,01 - Daylight,03 - P.D. only,04 - Sideswipe
11866,RIVERSIDE DR @ TREMBLAY RD/HWY417 IC117 RAMP52,370802.4222,5031016.724,9/6/16,14:13,01 - Clear,01 - Dry,01 - Traffic signal,02 - Intersection related,01 - Daylight,03 - P.D. only,04 - Sideswipe
11867,RIVERSIDE DR @ TREMBLAY RD/HWY417 IC117 RAMP52,370801.8586,5031016.127,1/22/16,6:53,01 - Clear,01 - Dry,01 - Traffic signal,02 - Intersection related,07 - Dark,03 - P.D. only,03 - Rear end
11868,RIVERSIDE DR @ TREMBLAY RD/HWY417 IC117 RAMP52,370801.1601,5031016.19,1/23/16,9:42,01 - Clear,01 - Dry,01 - Traffic signal,03 - At intersection,01 - Daylight,03 - P.D. only,03 - Rear end
11869,RIVERSIDE DR @ TREMBLAY RD/HWY417 IC117 RAMP52,370801.8561,5031016.13,1/23/16,15:19,01 - Clear,01 - Dry,01 - Traffic signal,02 - Intersection related,01 - Daylight,03 - P.D. only,03 - Rear end
11870,RIVERSIDE DR @ TREMBLAY RD/HWY417 IC117 RAMP52,370801.7075,5031014.928,1/8/16,23:00,01 - Clear,02 - Wet,01 - Traffic signal,02 - Intersection related,07 - Dark,03 - P.D. only,05 - Turning movement
11871,RIVERSIDE DR @ TREMBLAY RD/HWY417 IC117 RAMP52,370801.4047,5031016.581,4/6/16,21:46,03 - Snow,04 - Slush,01 - Traffic signal,02 - Intersection related,07 - Dark,03 - P.D. only,03 - Rear end
11872,RIVERSIDE DR @ TREMBLAY RD/HWY417 IC117 RAMP52,370801.8561,5031016.13,2/20/16,17:07,02 - Rain,02 - Wet,01 - Traffic signal,03 - At intersection,05 - Dusk,03 - P.D. only,07 - SMV other
11873,RIVERSIDE DR @ TREMBLAY RD/HWY417 IC117 RAMP52,370800.3043,5031015.464,3/16/16,15:52,01 - Clear,01 - Dry,01 - Traffic signal,03 - At intersection,01 - Daylight,03 - P.D. only,04 - Sideswipe
11874,RIVERSIDE DR @ TREMBLAY RD/HWY417 IC117 RAMP52,370803.8233,5031017.965,1/20/16,13:15,01 - Clear,04 - Slush,01 - Traffic signal,02 - Intersection related,01 - Daylight,03 - P.D. only,03 - Rear end
11875,RIVERSIDE DR @ TREMBLAY RD/HWY417 IC117 RAMP52,370801.3645,5031015.884,6/16/16,22:18,01 - Clear,01 - Dry,01 - Traffic signal,03 - At intersection,07 - Dark,03 - P.D. only,04 - Sideswipe
11876,RIVERSIDE DR @ TREMBLAY RD/HWY417 IC117 RAMP52,370802.9641,5031017.032,6/27/16,17:17,01 - Clear,01 - Dry,01 - Traffic signal,03 - At intersection,01 - Daylight,03 - P.D. only,02 - Angle
11877,RIVERSIDE DR @ TREMBLAY RD/HWY417 IC117 RAMP52,370803.2004,5031016.581,4/28/16,7:00,01 - Clear,01 - Dry,01 - Traffic signal,02 - Intersection related,01 - Daylight,03 - P.D. only,03 - Rear end
11878,RIVERSIDE DR @ TREMBLAY RD/HWY417 IC117 RAMP52,370800.9804,5031016.567,6/30/16,17:33,01 - Clear,01 - Dry,01 - Traffic signal,03 - At intersection,01 - Daylight,03 - P.D. only,02 - Angle
11879,RIVERSIDE DR @ TREMBLAY RD/HWY417 IC117 RAMP52,370800.3225,5031016.687,11/15/16,16:30,01 - Clear,01 - Dry,01 - Traffic signal,02 - Intersection related,05 - Dusk,03 - P.D. only,03 - Rear end
11880,RIVERSIDE DR @ TREMBLAY RD/HWY417 IC117 RAMP52,370801.7849,5031015.91,5/19/16,16:45,01 - Clear,01 - Dry,01 - Traffic signal,03 - At intersection,01 - Daylight,03 - P.D. only,05 - Turning movement
11881,RIVERSIDE DR @ TREMBLAY RD/HWY417 IC117 RAMP52,370802.0781,5031017.15,12/18/16,14:20,01 - Clear,02 - Wet,01 - Traffic signal,02 - Intersection related,01 - Daylight,03 - P.D. only,03 - Rear end
11882,RIVERSIDE DR @ TREMBLAY RD/HWY417 IC117 RAMP52,370801.2499,5031015.494,12/26/16,11:27,04 - Freezing Rain,06 - Ice,01 - Traffic signal,02 - Intersection related,01 - Daylight,03 - P.D. only,03 - Rear end
11883,RIVERSIDE DR @ TREMBLAY RD/HWY417 IC117 RAMP52,370803.0249,5031015.671,12/28/16,17:13,01 - Clear,01 - Dry,01 - Traffic signal,,07 - Dark,03 - P.D. only,04 - Sideswipe
11884,RIVERSIDE DR @ UPLANDS DR/KIMBERWICK CRES N,368194.716,5022793.914,10/28/16,20:54,01 - Clear,01 - Dry,01 - Traffic signal,03 - At intersection,07 - Dark,02 - Non-fatal injury,03 - Rear end
11885,RIVERSIDE DR @ UPLANDS DR/KIMBERWICK CRES N,368194.4913,5022793.5,4/6/16,18:32,03 - Snow,03 - Loose snow,01 - Traffic signal,03 - At intersection,01 - Daylight,03 - P.D. only,05 - Turning movement
11886,RIVERSIDE DR @ UPLANDS DR/KIMBERWICK CRES N,368194.9407,5022794.399,5/11/16,9:28,01 - Clear,01 - Dry,01 - Traffic signal,02 - Intersection related,01 - Daylight,03 - P.D. only,03 - Rear end
11887,RIVERSIDE DR @ UPLANDS DR/KIMBERWICK CRES N,368194.0342,5022793.955,8/13/16,14:17,01 - Clear,01 - Dry,01 - Traffic signal,02 - Intersection related,01 - Daylight,03 - P.D. only,05 - Turning movement
11888,RIVERSIDE DR @ UPLANDS DR/KIMBERWICK CRES N,368194.9415,5022792.824,6/15/16,17:30,01 - Clear,01 - Dry,01 - Traffic signal,02 - Intersection related,01 - Daylight,03 - P.D. only,04 - Sideswipe
11889,RIVERSIDE DR @ UPLANDS DR/KIMBERWICK CRES N,368194.4905,5022792.824,7/2/16,15:24,01 - Clear,01 - Dry,01 - Traffic signal,02 - Intersection related,01 - Daylight,03 - P.D. only,03 - Rear end
11890,RIVERSIDE DR @ WALKLEY RD,368418.4992,5024853.529,5/8/16,21:12,01 - Clear,01 - Dry,01 - Traffic signal,03 - At intersection,07 - Dark,02 - Non-fatal injury,04 - Sideswipe
11891,RIVERSIDE DR @ WALKLEY RD,368419.3825,5024852.432,2/24/16,22:03,04 - Freezing Rain,04 - Slush,01 - Traffic signal,02 - Intersection related,07 - Dark,03 - P.D. only,07 - SMV other
11892,RIVERSIDE DR @ WALKLEY RD,368418.4994,5024852.856,3/7/16,11:30,01 - Clear,01 - Dry,01 - Traffic signal,02 - Intersection related,01 - Daylight,03 - P.D. only,03 - Rear end
11893,RIVERSIDE DR @ WALKLEY RD,368417.6262,5024853.31,1/14/16,12:32,01 - Clear,02 - Wet,01 - Traffic signal,02 - Intersection related,01 - Daylight,03 - P.D. only,03 - Rear end
11894,RIVERSIDE DR @ WALKLEY RD,368419.4057,5024853.075,7/15/16,15:39,01 - Clear,01 - Dry,01 - Traffic signal,02 - Intersection related,01 - Daylight,03 - P.D. only,03 - Rear end
11895,RIVERSIDE DR @ WALKLEY RD,368418.9479,5024853.305,3/28/16,13:05,02 - Rain,02 - Wet,01 - Traffic signal,02 - Intersection related,01 - Daylight,03 - P.D. only,03 - Rear end
11896,RIVERSIDE DR @ WALKLEY RD,368420.3802,5024852.287,11/21/16,16:13,03 - Snow,05 - Packed snow,01 - Traffic signal,02 - Intersection related,01 - Daylight,03 - P.D. only,07 - SMV other
11897,RIVERSIDE DR @ WALKLEY RD,368417.8957,5024853.115,10/4/16,7:35,01 - Clear,01 - Dry,01 - Traffic signal,02 - Intersection related,01 - Daylight,03 - P.D. only,03 - Rear end
11898,RIVERSIDE DR btwn 175 S OF HUNT CLUB  RD & HUNT CLUB RD,368034.203,5021805.953,7/19/16,9:55,01 - Clear,01 - Dry,10 - No control,01 - Non intersection,01 - Daylight,03 - P.D. only,04 - Sideswipe
11899,RIVERSIDE DR btwn BAYPORT PRIV & MOONEY'S BAY PL,368329.5786,5025400.603,7/22/16,14:36,01 - Clear,01 - Dry,10 - No control,01 - Non intersection,01 - Daylight,03 - P.D. only,03 - Rear end
11900,RIVERSIDE DR btwn FROBISHER LANE & END,370162.0372,5029556.108,4/10/16,22:52,01 - Clear,01 - Dry,10 - No control,01 - Non intersection,07 - Dark,03 - P.D. only,06 - SMV unattended vehicle
11901,RIVERSIDE DR btwn FROBISHER LANE & END,370045.7928,5029310.475,4/25/16,19:38,01 - Clear,01 - Dry,10 - No control,01 - Non intersection,01 - Daylight,03 - P.D. only,01 - Approaching
11902,RIVERSIDE DR btwn FROBISHER LANE & HINCKS LANE,370267.4294,5030188.442,4/27/16,23:21,01 - Clear,01 - Dry,10 - No control,01 - Non intersection,07 - Dark,03 - P.D. only,07 - SMV other
11903,RIVERSIDE DR btwn FROBISHER LANE & HINCKS LANE,370254.2293,5030060.251,1/14/16,14:00,01 - Clear,03 - Loose snow,10 - No control,01 - Non intersection,01 - Daylight,03 - P.D. only,06 - SMV unattended vehicle
11904,RIVERSIDE DR btwn GARDENVIEW PRIV & WALKLEY RD,368412.5086,5024836.215,2/17/16,19:29,01 - Clear,06 - Ice,10 - No control,01 - Non intersection,07 - Dark,03 - P.D. only,03 - Rear end
11905,RIVERSIDE DR btwn HERON RD & HOG'S BACK RD,368157.2762,5026321.235,5/12/16,16:16,01 - Clear,01 - Dry,10 - No control,01 - Non intersection,01 - Daylight,02 - Non-fatal injury,03 - Rear end
11906,RIVERSIDE DR btwn HERON RD & HOG'S BACK RD,368135.5082,5026532.472,9/2/16,19:40,01 - Clear,01 - Dry,10 - No control,01 - Non intersection,07 - Dark,03 - P.D. only,04 - Sideswipe
11907,RIVERSIDE DR btwn HERON RD & RIVERSIDE DR RAMP 34,368112.7624,5026751.722,9/15/16,16:12,01 - Clear,01 - Dry,10 - No control,01 - Non intersection,01 - Daylight,03 - P.D. only,04 - Sideswipe
11908,RIVERSIDE DR btwn HOG'S BACK RD & RIDGEWOOD AVE,368239.6509,5025807.337,6/24/16,21:25,01 - Clear,01 - Dry,10 - No control,01 - Non intersection,07 - Dark,02 - Non-fatal injury,03 - Rear end
11909,RIVERSIDE DR btwn HOG'S BACK RD & RIDGEWOOD AVE,368171.3338,5026202.385,5/13/16,15:33,01 - Clear,01 - Dry,10 - No control,01 - Non intersection,01 - Daylight,03 - P.D. only,03 - Rear end
11910,RIVERSIDE DR btwn HOG'S BACK RD & RIDGEWOOD AVE,368173.6398,5026170.55,9/3/16,7:58,01 - Clear,01 - Dry,10 - No control,01 - Non intersection,01 - Daylight,03 - P.D. only,04 - Sideswipe
11911,RIVERSIDE DR btwn HOG'S BACK RD & RIDGEWOOD AVE,368177.2786,5026126.09,1/22/16,14:41,01 - Clear,01 - Dry,10 - No control,01 - Non intersection,01 - Daylight,03 - P.D. only,04 - Sideswipe
11912,RIVERSIDE DR btwn HOG'S BACK RD & RIDGEWOOD AVE,368225.8888,5025878.636,10/4/16,15:07,01 - Clear,01 - Dry,10 - No control,04 - At/near private drive,01 - Daylight,03 - P.D. only,02 - Angle
11913,RIVERSIDE DR btwn HUNT CLUB RD & KIMBERWICK CRES,368147.5395,5022525.82,10/7/16,17:00,01 - Clear,01 - Dry,10 - No control,01 - Non intersection,05 - Dusk,02 - Non-fatal injury,03 - Rear end
11914,RIVERSIDE DR btwn HUNT CLUB RD & KIMBERWICK CRES,368059.514,5022193.837,8/18/16,18:17,01 - Clear,01 - Dry,10 - No control,01 - Non intersection,01 - Daylight,03 - P.D. only,03 - Rear end
11915,RIVERSIDE DR btwn HUNT CLUB RD & TURN LANE,368037.3848,5022002.771,8/2/16,16:59,01 - Clear,01 - Dry,10 - No control,01 - Non intersection,01 - Daylight,03 - P.D. only,03 - Rear end
11916,RIVERSIDE DR btwn KIMBERWICK CRES & KIMBERWICK CRES,368182.2936,5022696.192,12/29/16,20:52,03 - Snow,03 - Loose snow,10 - No control,01 - Non intersection,07 - Dark,03 - P.D. only,04 - Sideswipe
11917,RIVERSIDE DR btwn KIMBERWICK CRES & MALHOTRA CRT,368198.4896,5022904.266,1/14/16,13:47,01 - Clear,01 - Dry,10 - No control,04 - At/near private drive,01 - Daylight,02 - Non-fatal injury,02 - Angle
11918,RIVERSIDE DR btwn KIMBERWICK CRES & MALHOTRA CRT,368201.4151,5022937.481,2/10/16,7:48,01 - Clear,01 - Dry,10 - No control,01 - Non intersection,01 - Daylight,03 - P.D. only,03 - Rear end
11919,RIVERSIDE DR btwn MOONEY'S BAY PL & WALKLEY RD,368357.9521,5025289.231,10/15/16,2:20,01 - Clear,01 - Dry,10 - No control,01 - Non intersection,07 - Dark,03 - P.D. only,07 - SMV other
11920,RIVERSIDE DR btwn MOONEY'S BAY PL & WALKLEY RD,368421.1903,5024866.534,4/6/16,9:20,01 - Clear,01 - Dry,10 - No control,01 - Non intersection,01 - Daylight,03 - P.D. only,04 - Sideswipe
11921,RIVERSIDE DR btwn MOONEY'S BAY PL & WALKLEY RD,368372.5315,5025232.422,6/1/16,19:33,01 - Clear,01 - Dry,10 - No control,01 - Non intersection,01 - Daylight,03 - P.D. only,03 - Rear end
11922,RIVERSIDE DR btwn RAMP & TURN LANE (1),368354.668,5027196.705,3/1/16,22:08,03 - Snow,04 - Slush,10 - No control,01 - Non intersection,07 - Dark,02 - Non-fatal injury,07 - SMV other
11923,RIVERSIDE DR btwn RAMP & TURN LANE (1),368379.8214,5027220.806,2/5/16,13:15,01 - Clear,01 - Dry,10 - No control,01 - Non intersection,01 - Daylight,03 - P.D. only,03 - Rear end
11924,RIVERSIDE DR btwn RAMP & TURN LANE (1),368380.536,5027220.101,4/20/16,14:45,01 - Clear,01 - Dry,10 - No control,01 - Non intersection,01 - Daylight,03 - P.D. only,03 - Rear end
11925,RIVERSIDE DR btwn REVELSTOKE DR & GARDENVIEW PRIV,368226.2805,5024441.556,6/17/16,20:12,01 - Clear,01 - Dry,10 - No control,01 - Non intersection,01 - Daylight,03 - P.D. only,04 - Sideswipe
11926,RIVERSIDE DR btwn RIDGEWOOD AVE & BAYPORT PRIV,368298.4874,5025530.279,8/23/16,17:02,01 - Clear,01 - Dry,10 - No control,01 - Non intersection,01 - Daylight,03 - P.D. only,04 - Sideswipe
11927,RIVERSIDE DR btwn RIVERGATE WAY & MALHOTRA CRT,368169.2001,5023060.968,1/11/16,11:54,01 - Clear,01 - Dry,10 - No control,04 - At/near private drive,01 - Daylight,03 - P.D. only,03 - Rear end
11928,RIVERSIDE DR btwn RIVERGATE WAY & MALHOTRA CRT,368141.5564,5023148.518,12/18/16,15:24,01 - Clear,02 - Wet,10 - No control,01 - Non intersection,01 - Daylight,03 - P.D. only,04 - Sideswipe
11929,RIVERSIDE DR btwn RIVERSIDE DR & RIVER RD,368399.9686,5020499.528,4/6/16,17:41,03 - Snow,03 - Loose snow,10 - No control,01 - Non intersection,01 - Daylight,02 - Non-fatal injury,07 - SMV other
11930,RIVERSIDE DR btwn RIVERSIDE DR RAMP 42A & RIVERSIDE DR SPLIT,368473.0967,5027294.843,3/24/16,15:51,03 - Snow,04 - Slush,10 - No control,01 - Non intersection,01 - Daylight,03 - P.D. only,01 - Approaching
11931,RIVERSIDE DR btwn RIVERSIDE DR RAMP 42A & RIVERSIDE DR SPLIT,368503.3331,5027324.638,1/6/16,17:27,01 - Clear,02 - Wet,10 - No control,01 - Non intersection,05 - Dusk,03 - P.D. only,04 - Sideswipe
11932,RIVERSIDE DR btwn TURN LANE & DATA CENTRE RD,368860.5012,5027637.369,10/4/16,19:10,01 - Clear,01 - Dry,10 - No control,01 - Non intersection,07 - Dark,03 - P.D. only,03 - Rear end
11933,RIVERSIDE DR btwn TURN LANE & RAMP (2),368418.5971,5027249.116,2/1/16,12:24,01 - Clear,01 - Dry,10 - No control,01 - Non intersection,01 - Daylight,03 - P.D. only,04 - Sideswipe
11934,RIVERSIDE DR NB btwn BANK ST & RIVERSIDE DR NB RAMP FROM EB TO WB,369337.779,5027933.264,5/24/16,20:54,01 - Clear,01 - Dry,10 - No control,01 - Non intersection,07 - Dark,03 - P.D. only,04 - Sideswipe
11935,RIVERSIDE DR NB btwn BANK ST & RIVERSIDE DR NB RAMP FROM EB TO WB,369356.8823,5027972.078,3/17/16,14:18,02 - Rain,02 - Wet,10 - No control,04 - At/near private drive,01 - Daylight,03 - P.D. only,04 - Sideswipe
11936,RIVERSIDE DR NB btwn BILLINGS BRIDGE SC RAMP NB & BILLINGS BRIDGE SC R,369124.504,5027773.227,6/7/16,14:34,01 - Clear,01 - Dry,10 - No control,01 - Non intersection,01 - Daylight,02 - Non-fatal injury,03 - Rear end
11937,RIVERSIDE DR NB btwn BILLINGS BRIDGE SC RAMP SB & BANK ST,369258.1165,5027843.122,1/6/16,14:39,01 - Clear,02 - Wet,10 - No control,04 - At/near private drive,01 - Daylight,03 - P.D. only,04 - Sideswipe
11938,RIVERSIDE DR NB btwn BILLINGS BRIDGE SC RAMP SB & BILLINGS BRIDGE SC R,369194.7609,5027792.767,2/2/16,14:27,01 - Clear,01 - Dry,10 - No control,01 - Non intersection,01 - Daylight,03 - P.D. only,04 - Sideswipe
11939,RIVERSIDE DR NB btwn DATA CENTRE RD & BILLINGS BRIDGESC RAMP NB,368939.7782,5027705.278,3/23/16,11:19,01 - Clear,01 - Dry,10 - No control,01 - Non intersection,01 - Daylight,03 - P.D. only,03 - Rear end
11940,RIVERSIDE DR NB btwn FROBISHER LANE & HINCKS LANE,370156.9432,5030154.657,7/17/16,13:01,01 - Clear,01 - Dry,10 - No control,01 - Non intersection,01 - Daylight,03 - P.D. only,04 - Sideswipe
11941,RIVERSIDE DR NB btwn FROBISHER LANE & HINCKS LANE,370135.297,5029650.14,12/26/16,13:24,04 - Freezing Rain,06 - Ice,10 - No control,01 - Non intersection,01 - Daylight,03 - P.D. only,07 - SMV other
11942,RIVERSIDE DR NB btwn HINCKS LANE & SAN REMO PRIV,370328.1076,5030379.079,4/14/16,10:55,01 - Clear,01 - Dry,10 - No control,01 - Non intersection,01 - Daylight,02 - Non-fatal injury,03 - Rear end
11943,RIVERSIDE DR NB btwn HINCKS LANE & SAN REMO PRIV,370174.7072,5030236.201,4/27/16,0:20,01 - Clear,01 - Dry,10 - No control,01 - Non intersection,07 - Dark,03 - P.D. only,07 - SMV other