Record,Location,X,Y,Date,Time,Environment,Road_Surface,Traffic_Control,Collision_Location,Light,Collision_Classification,Impact_type
11944,RIVERSIDE DR NB btwn HINCKS LANE & SAN REMO PRIV,370339.5104,5030383.619,3/21/16,15:30,01 - Clear,01 - Dry,10 - No control,01 - Non intersection,01 - Daylight,03 - P.D. only,04 - Sideswipe
11945,RIVERSIDE DR NB btwn HINCKS LANE & SAN REMO PRIV,370181.372,5030254.044,5/27/16,12:40,01 - Clear,01 - Dry,10 - No control,01 - Non intersection,01 - Daylight,03 - P.D. only,03 - Rear end
11946,RIVERSIDE DR NB btwn HINCKS LANE & SAN REMO PRIV,370369.4913,5030392.099,7/17/16,13:14,01 - Clear,01 - Dry,10 - No control,01 - Non intersection,01 - Daylight,03 - P.D. only,04 - Sideswipe
11947,RIVERSIDE DR NB btwn HWY417 IC117 RAMP25 & VANIER PKWY,370814.715,5031190.947,2/18/16,16:41,01 - Clear,02 - Wet,10 - No control,07 - Overpass or bridge,01 - Daylight,02 - Non-fatal injury,03 - Rear end
11948,RIVERSIDE DR NB btwn HWY417 IC117 RAMP25 & VANIER PKWY,370816.3164,5031164.651,1/6/16,0:22,01 - Clear,01 - Dry,10 - No control,07 - Overpass or bridge,07 - Dark,03 - P.D. only,04 - Sideswipe
11949,RIVERSIDE DR NB btwn HWY417 IC117 RAMP25 & VANIER PKWY,370820.3419,5031124.814,6/9/16,16:45,01 - Clear,01 - Dry,10 - No control,01 - Non intersection,01 - Daylight,03 - P.D. only,04 - Sideswipe
11950,RIVERSIDE DR NB btwn HWY417 IC117 RAMP25 & VANIER PKWY,370819.7976,5031039.571,6/23/16,8:25,01 - Clear,01 - Dry,10 - No control,01 - Non intersection,01 - Daylight,03 - P.D. only,04 - Sideswipe
11951,RIVERSIDE DR NB btwn INDUSTRIAL AVE & TREMBLAY RD,370731.0413,5030734.595,1/24/16,16:43,03 - Snow,02 - Wet,10 - No control,01 - Non intersection,05 - Dusk,02 - Non-fatal injury,03 - Rear end
11952,RIVERSIDE DR NB btwn INDUSTRIAL AVE & TREMBLAY RD,370715.3604,5030690.69,10/22/16,12:16,02 - Rain,02 - Wet,10 - No control,01 - Non intersection,01 - Daylight,02 - Non-fatal injury,03 - Rear end
11953,RIVERSIDE DR NB btwn INDUSTRIAL AVE & TREMBLAY RD,370695.9567,5030625.76,1/14/16,13:50,01 - Clear,04 - Slush,10 - No control,01 - Non intersection,01 - Daylight,02 - Non-fatal injury,03 - Rear end
11954,RIVERSIDE DR NB btwn INDUSTRIAL AVE & TREMBLAY RD,370808.3416,5030987.804,1/21/16,12:13,01 - Clear,02 - Wet,10 - No control,01 - Non intersection,01 - Daylight,02 - Non-fatal injury,03 - Rear end
11955,RIVERSIDE DR NB btwn INDUSTRIAL AVE & TREMBLAY RD,370731.4804,5030735.912,5/1/16,14:52,02 - Rain,02 - Wet,10 - No control,01 - Non intersection,01 - Daylight,02 - Non-fatal injury,04 - Sideswipe
11956,RIVERSIDE DR NB btwn INDUSTRIAL AVE & TREMBLAY RD,370686.3095,5030598.917,6/7/16,15:10,01 - Clear,01 - Dry,10 - No control,01 - Non intersection,01 - Daylight,02 - Non-fatal injury,03 - Rear end
11957,RIVERSIDE DR NB btwn INDUSTRIAL AVE & TREMBLAY RD,370745.2771,5030783.836,11/8/16,12:53,01 - Clear,01 - Dry,10 - No control,01 - Non intersection,01 - Daylight,02 - Non-fatal injury,03 - Rear end
11958,RIVERSIDE DR NB btwn INDUSTRIAL AVE & TREMBLAY RD,370803.0172,5030982.314,10/17/16,15:22,01 - Clear,01 - Dry,10 - No control,01 - Non intersection,01 - Daylight,03 - P.D. only,03 - Rear end
11959,RIVERSIDE DR NB btwn INDUSTRIAL AVE & TREMBLAY RD,370692.622,5030616.703,2/9/16,15:27,01 - Clear,01 - Dry,10 - No control,01 - Non intersection,01 - Daylight,03 - P.D. only,03 - Rear end
11960,RIVERSIDE DR NB btwn INDUSTRIAL AVE & TREMBLAY RD,370699.8257,5030641.482,5/18/16,16:46,01 - Clear,01 - Dry,10 - No control,01 - Non intersection,01 - Daylight,03 - P.D. only,03 - Rear end
11961,RIVERSIDE DR NB btwn INDUSTRIAL AVE & TREMBLAY RD,370688.0117,5030604.628,2/5/16,15:50,01 - Clear,01 - Dry,10 - No control,01 - Non intersection,01 - Daylight,03 - P.D. only,04 - Sideswipe
11962,RIVERSIDE DR NB btwn INDUSTRIAL AVE & TREMBLAY RD,370788.8197,5030922.874,5/12/16,7:50,01 - Clear,01 - Dry,10 - No control,01 - Non intersection,01 - Daylight,03 - P.D. only,03 - Rear end
11963,RIVERSIDE DR NB btwn INDUSTRIAL AVE & TREMBLAY RD,370788.4417,5030917.726,8/15/16,13:31,01 - Clear,01 - Dry,10 - No control,01 - Non intersection,01 - Daylight,03 - P.D. only,03 - Rear end
11964,RIVERSIDE DR NB btwn INDUSTRIAL AVE & TREMBLAY RD,370730.9418,5030738.438,5/25/16,15:29,01 - Clear,01 - Dry,10 - No control,01 - Non intersection,01 - Daylight,03 - P.D. only,04 - Sideswipe
11965,RIVERSIDE DR NB btwn INDUSTRIAL AVE & TREMBLAY RD,370745.3725,5030781.279,6/7/16,11:18,01 - Clear,01 - Dry,10 - No control,01 - Non intersection,01 - Daylight,03 - P.D. only,03 - Rear end
11966,RIVERSIDE DR NB btwn INDUSTRIAL AVE & TREMBLAY RD,370808.8963,5030994.09,7/28/16,16:45,01 - Clear,01 - Dry,10 - No control,01 - Non intersection,01 - Daylight,03 - P.D. only,04 - Sideswipe
11967,RIVERSIDE DR NB btwn INDUSTRIAL AVE & TREMBLAY RD,370728.6109,5030727.957,11/3/16,16:30,01 - Clear,01 - Dry,10 - No control,01 - Non intersection,05 - Dusk,03 - P.D. only,03 - Rear end
11968,RIVERSIDE DR NB btwn NEIL WAY & PLEASANT PARK RD,369522.042,5028365.514,1/9/16,0:49,03 - Snow,04 - Slush,10 - No control,01 - Non intersection,07 - Dark,03 - P.D. only,04 - Sideswipe
11969,RIVERSIDE DR NB btwn NEIL WAY & PLEASANT PARK RD,369532.2953,5028377.733,4/29/16,12:45,01 - Clear,01 - Dry,10 - No control,01 - Non intersection,01 - Daylight,03 - P.D. only,04 - Sideswipe
11970,RIVERSIDE DR NB btwn RIVERSIDE DR SPLIT & DATA CENTRE RD,368824.4945,5027604.634,8/2/16,16:34,01 - Clear,01 - Dry,10 - No control,01 - Non intersection,01 - Daylight,03 - P.D. only,04 - Sideswipe
11971,RIVERSIDE DR NB btwn SAN REMO PRIV & INDUSTRIAL AVE,370474.105,5030402.79,8/13/16,15:45,02 - Rain,02 - Wet,10 - No control,01 - Non intersection,01 - Daylight,02 - Non-fatal injury,03 - Rear end
11972,RIVERSIDE DR NB btwn SAN REMO PRIV & INDUSTRIAL AVE,370566.793,5030434.042,6/14/16,19:05,01 - Clear,01 - Dry,10 - No control,01 - Non intersection,01 - Daylight,03 - P.D. only,04 - Sideswipe
11973,RIVERSIDE DR NB btwn SAN REMO PRIV & INDUSTRIAL AVE,370679.1692,5030576.349,2/27/16,15:15,01 - Clear,01 - Dry,10 - No control,01 - Non intersection,01 - Daylight,03 - P.D. only,04 - Sideswipe
11974,RIVERSIDE DR NB btwn SAN REMO PRIV & INDUSTRIAL AVE,370650.7342,5030516.772,4/5/16,8:20,01 - Clear,01 - Dry,10 - No control,01 - Non intersection,01 - Daylight,03 - P.D. only,04 - Sideswipe
11975,RIVERSIDE DR NB btwn SAN REMO PRIV & INDUSTRIAL AVE,370640.9067,5030500.426,11/25/16,9:38,03 - Snow,02 - Wet,10 - No control,01 - Non intersection,01 - Daylight,03 - P.D. only,03 - Rear end
11976,RIVERSIDE DR NB btwn SMYTH RD NORTH SIDE RAMP & Continuation of RIVERS,370077.0901,5029510.549,4/29/16,14:04,01 - Clear,01 - Dry,10 - No control,01 - Non intersection,01 - Daylight,03 - P.D. only,05 - Turning movement
11977,RIVERSIDE DR NB btwn SMYTH RD NORTH SIDE RAMP & Continuation of RIVERS,369989.2343,5029376.816,4/29/16,15:16,01 - Clear,01 - Dry,10 - No control,01 - Non intersection,01 - Daylight,03 - P.D. only,04 - Sideswipe
11978,RIVERSIDE DR NB btwn TRANSITWAY - RIVERSIDE H & SMYTH RD SOUTH SIDE RA,369783.5287,5028947.801,11/17/16,14:06,01 - Clear,01 - Dry,10 - No control,01 - Non intersection,01 - Daylight,03 - P.D. only,03 - Rear end
11979,RIVERSIDE DR RAMP 34 @ RIVERSIDE DR,368341.624,5027182.77,10/4/16,16:10,01 - Clear,01 - Dry,03 - Yield sign,02 - Intersection related,01 - Daylight,02 - Non-fatal injury,03 - Rear end
11980,RIVERSIDE DR RAMP 34 @ RIVERSIDE DR,368339.9754,5027182.682,10/24/16,8:30,01 - Clear,01 - Dry,03 - Yield sign,02 - Intersection related,01 - Daylight,03 - P.D. only,99 - Other
11981,RIVERSIDE DR RAMP 34 @ RIVERSIDE DR,368338.9167,5027182.294,4/6/16,23:01,03 - Snow,03 - Loose snow,03 - Yield sign,02 - Intersection related,07 - Dark,03 - P.D. only,07 - SMV other
11982,RIVERSIDE DR RAMP 42A @ RIVERSIDE DR,368440.3963,5027266.948,6/1/16,17:55,01 - Clear,01 - Dry,03 - Yield sign,02 - Intersection related,01 - Daylight,02 - Non-fatal injury,03 - Rear end
11983,RIVERSIDE DR RAMP 42A @ RIVERSIDE DR,368442.1962,5027269.176,8/17/16,15:11,01 - Clear,01 - Dry,03 - Yield sign,02 - Intersection related,01 - Daylight,02 - Non-fatal injury,07 - SMV other
11984,RIVERSIDE DR RAMP 42A @ RIVERSIDE DR,368442.982,5027268.294,4/27/16,10:30,01 - Clear,01 - Dry,03 - Yield sign,02 - Intersection related,01 - Daylight,03 - P.D. only,04 - Sideswipe
11985,RIVERSIDE DR RAMP 42A @ RIVERSIDE DR,368442.0668,5027269.089,12/30/16,15:34,01 - Clear,02 - Wet,03 - Yield sign,02 - Intersection related,01 - Daylight,03 - P.D. only,03 - Rear end
11986,RIVERSIDE DR RAMP 42A @ RIVERSIDE DR,368439.0825,5027258.489,11/19/16,17:16,01 - Clear,01 - Dry,03 - Yield sign,02 - Intersection related,05 - Dusk,03 - P.D. only,03 - Rear end
11987,RIVERSIDE DR RAMP 42A @ RIVERSIDE DR RAMP 42B,368480.4768,5027089.969,6/7/16,16:30,01 - Clear,01 - Dry,03 - Yield sign,02 - Intersection related,01 - Daylight,03 - P.D. only,03 - Rear end
11988,RIVERSIDE DR SB btwn BANK ST & BILLINGS BRIDGE NB RAMP,369237.7905,5028000.011,1/25/16,10:53,01 - Clear,02 - Wet,10 - No control,01 - Non intersection,01 - Daylight,03 - P.D. only,05 - Turning movement
11989,RIVERSIDE DR SB btwn BANK ST & BILLINGS BRIDGE NB RAMP,369236.0014,5027996.199,6/26/16,9:55,01 - Clear,01 - Dry,10 - No control,01 - Non intersection,01 - Daylight,03 - P.D. only,04 - Sideswipe
11990,RIVERSIDE DR SB btwn BILLINGS BRIDGE NB RAMP & NEIL WAY,369285.9188,5028067.65,6/21/16,11:44,01 - Clear,01 - Dry,10 - No control,01 - Non intersection,01 - Daylight,02 - Non-fatal injury,03 - Rear end
11991,RIVERSIDE DR SB btwn Continuation of RIVERSIDE DR & HWY417 IC117 RAMP5,370730.4004,5030784.372,6/23/16,13:30,01 - Clear,01 - Dry,10 - No control,01 - Non intersection,01 - Daylight,03 - P.D. only,04 - Sideswipe
11992,RIVERSIDE DR SB btwn FROBISHER LANE & HINCKS LANE,370150.2665,5030195.236,4/27/16,3:39,01 - Clear,08 - Loose sand or gravel,10 - No control,01 - Non intersection,07 - Dark,03 - P.D. only,07 - SMV other
11993,RIVERSIDE DR SB btwn HINCKS LANE & TO BE DETERMINED,370175.8256,5030268.92,8/12/16,15:43,01 - Clear,01 - Dry,10 - No control,01 - Non intersection,01 - Daylight,03 - P.D. only,03 - Rear end
11994,RIVERSIDE DR SB btwn HWY417 IC117 RAMP52 & HWY417 IC117 RAMP35,370807.5359,5031115.389,6/21/16,16:58,01 - Clear,01 - Dry,10 - No control,01 - Non intersection,01 - Daylight,03 - P.D. only,03 - Rear end
11995,RIVERSIDE DR SB btwn HWY417 IC117 RAMP53 & HWY417 IC117 RAMP52,370774.1967,5030924.36,11/18/16,17:59,01 - Clear,01 - Dry,10 - No control,01 - Non intersection,07 - Dark,02 - Non-fatal injury,04 - Sideswipe
11996,RIVERSIDE DR SB btwn RIVERSIDE DR SPLIT & DATA CENTRE RD,368779.9668,5027613.96,5/22/16,6:26,01 - Clear,01 - Dry,10 - No control,01 - Non intersection,01 - Daylight,02 - Non-fatal injury,07 - SMV other
11997,RIVERSIDE DR SB btwn SAN REMO PRIV & TERMINAL AVE,370408.3,5030406.336,9/20/16,15:15,01 - Clear,01 - Dry,10 - No control,01 - Non intersection,01 - Daylight,03 - P.D. only,03 - Rear end
11998,RIVERSIDE DR SB btwn SMYTH RD SOUTH SIDE RAMP & SMYTH RD NORTH SIDE RA,369811.04,5029156.188,8/29/16,15:39,01 - Clear,01 - Dry,10 - No control,06 - Underpass or tunnel,01 - Daylight,03 - P.D. only,07 - SMV other
11999,RIVERSIDE DR SB btwn TERMINAL AVE & Continuation of RIVERSIDE DR,370701.184,5030695.517,1/22/16,6:40,01 - Clear,01 - Dry,10 - No control,01 - Non intersection,07 - Dark,03 - P.D. only,03 - Rear end
12000,RIVERSIDE DR SB btwn TERMINAL AVE & Continuation of RIVERSIDE DR,370671.8663,5030612.17,5/24/16,15:45,01 - Clear,01 - Dry,10 - No control,01 - Non intersection,01 - Daylight,03 - P.D. only,03 - Rear end
12001,RIVERTREE ST btwn CROWNRIDGE DR & MEADOWBREEZE DR,355852.1245,5015204.53,1/18/16,8:00,01 - Clear,05 - Packed snow,10 - No control,01 - Non intersection,01 - Daylight,03 - P.D. only,06 - SMV unattended vehicle
12002,ROB ROY AVE btwn CRESTHILL ST & END,360295.0014,5024581.125,12/13/16,0:00,03 - Snow,03 - Loose snow,10 - No control,01 - Non intersection,00 - Unknown,03 - P.D. only,06 - SMV unattended vehicle
12003,ROBERTSON RD @ HAANEL DR,354987.9793,5019202.06,12/17/16,22:12,03 - Snow,03 - Loose snow,02 - Stop sign,02 - Intersection related,07 - Dark,03 - P.D. only,07 - SMV other
12004,ROBERTSON RD @ VANIER RD,357396.8257,5020644.702,5/21/16,12:33,01 - Clear,01 - Dry,01 - Traffic signal,02 - Intersection related,01 - Daylight,02 - Non-fatal injury,03 - Rear end
12005,ROBERTSON RD @ VANIER RD,357395.6538,5020645.215,10/6/16,7:30,01 - Clear,01 - Dry,01 - Traffic signal,03 - At intersection,01 - Daylight,02 - Non-fatal injury,03 - Rear end
12006,ROBERTSON RD @ VANIER RD,357394.5561,5020645.703,2/17/16,8:40,01 - Clear,05 - Packed snow,01 - Traffic signal,02 - Intersection related,01 - Daylight,03 - P.D. only,03 - Rear end
12007,ROBERTSON RD @ WESTCLIFFE RD,356395.8696,5020052.339,5/16/16,16:18,01 - Clear,01 - Dry,01 - Traffic signal,03 - At intersection,01 - Daylight,02 - Non-fatal injury,03 - Rear end
12008,ROBERTSON RD btwn FITZGERALD RD & MOODIE DR,357049.3894,5020446.301,12/20/16,9:23,01 - Clear,04 - Slush,10 - No control,04 - At/near private drive,01 - Daylight,02 - Non-fatal injury,02 - Angle
12009,ROBERTSON RD btwn FITZGERALD RD & MOODIE DR,357015.816,5020426.047,12/14/16,7:57,01 - Clear,02 - Wet,10 - No control,04 - At/near private drive,01 - Daylight,02 - Non-fatal injury,05 - Turning movement
12010,ROBERTSON RD btwn FITZGERALD RD & MOODIE DR,356954.1559,5020388.444,5/8/16,15:10,01 - Clear,01 - Dry,10 - No control,04 - At/near private drive,01 - Daylight,03 - P.D. only,02 - Angle
12011,ROBERTSON RD btwn FITZGERALD RD & MOODIE DR,356980.4037,5020405.656,12/12/16,9:31,03 - Snow,03 - Loose snow,10 - No control,04 - At/near private drive,01 - Daylight,03 - P.D. only,02 - Angle
12012,ROBERTSON RD btwn FITZGERALD RD & MOODIE DR,356815.9203,5020305.984,11/24/16,7:55,03 - Snow,06 - Ice,10 - No control,04 - At/near private drive,01 - Daylight,03 - P.D. only,02 - Angle
12013,ROBERTSON RD btwn HAANEL DR & MILL HILL RD,355079.4519,5019259.735,5/24/16,10:51,01 - Clear,01 - Dry,10 - No control,01 - Non intersection,01 - Daylight,02 - Non-fatal injury,07 - SMV other
12014,ROBERTSON RD btwn HAANEL DR & MILL HILL RD,356206.6762,5019940.975,9/2/16,15:02,01 - Clear,01 - Dry,10 - No control,01 - Non intersection,01 - Daylight,03 - P.D. only,03 - Rear end
12015,ROBERTSON RD btwn HAANEL DR & MILL HILL RD,356174.7616,5019922.57,9/15/16,23:44,01 - Clear,01 - Dry,10 - No control,01 - Non intersection,07 - Dark,03 - P.D. only,07 - SMV other
12016,ROBERTSON RD btwn HAANEL DR & MILL HILL RD,355163.2007,5019306.928,11/6/16,1:31,01 - Clear,01 - Dry,10 - No control,01 - Non intersection,07 - Dark,03 - P.D. only,07 - SMV other
12017,ROBERTSON RD btwn HAZELDEAN RD & HAANEL DR,353897.4045,5018551.925,6/2/16,16:16,01 - Clear,01 - Dry,10 - No control,01 - Non intersection,01 - Daylight,02 - Non-fatal injury,07 - SMV other
12018,ROBERTSON RD btwn HAZELDEAN RD & HAANEL DR,354110.2785,5018673.317,4/10/16,6:11,01 - Clear,01 - Dry,10 - No control,01 - Non intersection,03 - Dawn,02 - Non-fatal injury,07 - SMV other
12019,ROBERTSON RD btwn HAZELDEAN RD & HAANEL DR,354699.9062,5019030.412,6/2/16,11:11,01 - Clear,01 - Dry,10 - No control,01 - Non intersection,01 - Daylight,03 - P.D. only,07 - SMV other
12020,ROBERTSON RD btwn HAZELDEAN RD & HAANEL DR,353941.712,5018577.855,4/18/16,18:13,01 - Clear,01 - Dry,10 - No control,01 - Non intersection,01 - Daylight,03 - P.D. only,07 - SMV other
12021,ROBERTSON RD btwn HAZELDEAN RD & HAANEL DR,353754.0199,5018468.992,4/16/16,9:42,01 - Clear,01 - Dry,10 - No control,01 - Non intersection,01 - Daylight,03 - P.D. only,07 - SMV other
12022,ROBERTSON RD btwn HAZELDEAN RD & HAANEL DR,354971.4161,5019192.122,12/12/16,7:21,03 - Snow,05 - Packed snow,10 - No control,01 - Non intersection,03 - Dawn,03 - P.D. only,07 - SMV other
12023,ROBERTSON RD btwn MILL HILL RD & WESTCLIFFE RD,356357.4443,5020030.634,9/1/16,14:16,01 - Clear,01 - Dry,10 - No control,01 - Non intersection,01 - Daylight,03 - P.D. only,04 - Sideswipe
12024,ROBERTSON RD btwn MOODIE DR & VANIER RD,357196.0417,5020529.918,3/6/16,14:45,01 - Clear,01 - Dry,10 - No control,04 - At/near private drive,01 - Daylight,02 - Non-fatal injury,03 - Rear end
12025,ROBERTSON RD btwn MOODIE DR & VANIER RD,357108.6976,5020479.569,7/14/16,8:15,01 - Clear,01 - Dry,10 - No control,01 - Non intersection,01 - Daylight,02 - Non-fatal injury,03 - Rear end
12026,ROBERTSON RD btwn MOODIE DR & VANIER RD,357213.3208,5020542.032,2/24/16,15:09,03 - Snow,03 - Loose snow,10 - No control,04 - At/near private drive,01 - Daylight,03 - P.D. only,02 - Angle
12027,ROBERTSON RD btwn MOODIE DR & VANIER RD,357382.0424,5020639.336,6/18/16,12:46,01 - Clear,01 - Dry,10 - No control,01 - Non intersection,01 - Daylight,03 - P.D. only,04 - Sideswipe
12028,ROBERTSON RD btwn MOODIE DR & VANIER RD,357180.7072,5020522.525,6/17/16,16:56,01 - Clear,01 - Dry,10 - No control,04 - At/near private drive,01 - Daylight,03 - P.D. only,05 - Turning movement
12029,ROBERTSON RD btwn MOODIE DR & VANIER RD,357292.2892,5020587.723,9/26/16,7:37,01 - Clear,01 - Dry,10 - No control,01 - Non intersection,01 - Daylight,03 - P.D. only,04 - Sideswipe
12030,ROBERTSON RD btwn MOODIE DR & VANIER RD,357353.2828,5020620.675,11/15/16,10:57,01 - Clear,01 - Dry,10 - No control,04 - At/near private drive,01 - Daylight,03 - P.D. only,01 - Approaching
12031,ROBERTSON RD btwn VANIER RD & RICHMOND RD,357435.3874,5020669.234,3/8/16,16:06,01 - Clear,01 - Dry,10 - No control,04 - At/near private drive,01 - Daylight,03 - P.D. only,02 - Angle
12032,ROBERTSON RD btwn VANIER RD & RICHMOND RD,357554.8231,5020736.748,2/7/16,16:30,01 - Clear,01 - Dry,10 - No control,01 - Non intersection,01 - Daylight,03 - P.D. only,04 - Sideswipe
12033,ROBERTSON RD btwn VANIER RD & RICHMOND RD,357518.4522,5020714.382,3/2/16,12:39,03 - Snow,03 - Loose snow,10 - No control,01 - Non intersection,01 - Daylight,03 - P.D. only,04 - Sideswipe
12034,ROBERTSON RD btwn VANIER RD & RICHMOND RD,357556.952,5020736.981,6/15/16,23:22,01 - Clear,01 - Dry,10 - No control,01 - Non intersection,07 - Dark,03 - P.D. only,07 - SMV other
12035,ROBERTSON RD btwn WESTCLIFFE RD & FITZGERALD RD,356438.2716,5020081.657,6/2/16,17:50,01 - Clear,01 - Dry,10 - No control,04 - At/near private drive,01 - Daylight,02 - Non-fatal injury,07 - SMV other
12036,ROBERTSON RD btwn WESTCLIFFE RD & FITZGERALD RD,356447.818,5020081.209,12/20/16,19:04,01 - Clear,02 - Wet,10 - No control,01 - Non intersection,07 - Dark,03 - P.D. only,07 - SMV other
12037,ROBERTSON RD btwn WESTCLIFFE RD & FITZGERALD RD,356568.4213,5020155.112,12/2/16,17:44,01 - Clear,01 - Dry,10 - No control,04 - At/near private drive,07 - Dark,03 - P.D. only,02 - Angle
12038,ROBINSON AVE btwn LEES AVE & HURDMAN RD,369580.6869,5031222.488,8/27/16,3:27,01 - Clear,01 - Dry,10 - No control,01 - Non intersection,07 - Dark,03 - P.D. only,01 - Approaching
12039,ROBSON CRT btwn EVANSHEN CRES & END,350555.9638,5019694.828,5/17/16,12:55,01 - Clear,01 - Dry,10 - No control,04 - At/near private drive,01 - Daylight,03 - P.D. only,06 - SMV unattended vehicle
12040,ROCHESTER ST @ SOMERSET ST,366480.6648,5030202.826,7/22/16,14:13,01 - Clear,01 - Dry,01 - Traffic signal,03 - At intersection,01 - Daylight,01 - Fatal injury,07 - SMV other
12041,ROCHESTER ST @ SOMERSET ST,366481.4796,5030203.693,5/18/16,15:02,01 - Clear,01 - Dry,01 - Traffic signal,02 - Intersection related,01 - Daylight,03 - P.D. only,99 - Other
12042,ROCHESTER ST btwn HWY417 IC121B RAMP51 & ABERDEEN ST,366822.075,5029419.835,6/10/16,12:10,01 - Clear,01 - Dry,10 - No control,04 - At/near private drive,01 - Daylight,02 - Non-fatal injury,05 - Turning movement
12043,ROCHESTER ST btwn SOMERSET ST W & ECCLES ST,366494.4862,5030175.82,1/24/16,0:49,01 - Clear,01 - Dry,10 - No control,01 - Non intersection,07 - Dark,03 - P.D. only,07 - SMV other
12044,ROCHESTER ST btwn WILLOW ST & BALSAM ST,366606.0016,5029918.029,1/31/16,14:10,01 - Clear,01 - Dry,10 - No control,01 - Non intersection,01 - Daylight,03 - P.D. only,04 - Sideswipe
12045,ROCKCLIFFE PKWY btwn ACACIA AVE & HILLSDALE RD,368747.8765,5035558.326,7/13/16,8:35,01 - Clear,01 - Dry,10 - No control,01 - Non intersection,01 - Daylight,02 - Non-fatal injury,07 - SMV other
12046,ROCKCLIFFE PKWY btwn ACACIA AVE & HILLSDALE RD,368892.3988,5035568.247,2/24/16,18:39,03 - Snow,06 - Ice,10 - No control,01 - Non intersection,07 - Dark,03 - P.D. only,01 - Approaching
12047,ROCKCLIFFE PKWY btwn Continuation of ROCKCLIFFE PKWY & GL/OT BOUNDARY,372599.7234,5035848.994,12/12/16,7:40,01 - Clear,00 - Unknown,10 - No control,01 - Non intersection,03 - Dawn,03 - P.D. only,07 - SMV other
12048,ROCKCLIFFE PKWY btwn GL/OT BOUNDARY & ST. JOSEPH BLVD,377233.8198,5036024.744,12/4/16,14:56,01 - Clear,01 - Dry,10 - No control,01 - Non intersection,01 - Daylight,02 - Non-fatal injury,07 - SMV other
12049,ROCKCLIFFE PKWY btwn GL/OT BOUNDARY & ST. JOSEPH BLVD,377289.9116,5036225.828,12/13/16,7:33,03 - Snow,03 - Loose snow,10 - No control,01 - Non intersection,03 - Dawn,02 - Non-fatal injury,01 - Approaching
12050,ROCKCLIFFE PKWY btwn GL/OT BOUNDARY & ST. JOSEPH BLVD,377083.7416,5035338.483,7/3/16,16:59,01 - Clear,01 - Dry,10 - No control,01 - Non intersection,01 - Daylight,03 - P.D. only,07 - SMV other
12051,ROCKCLIFFE PKWY btwn GL/OT BOUNDARY & ST. JOSEPH BLVD,377280.3866,5037146.579,11/20/16,21:40,03 - Snow,02 - Wet,10 - No control,01 - Non intersection,07 - Dark,03 - P.D. only,07 - SMV other
12052,ROCKCLIFFE PKWY btwn GL/OT BOUNDARY & ST. JOSEPH BLVD,375879.1085,5036501.343,10/28/16,17:02,01 - Clear,02 - Wet,10 - No control,01 - Non intersection,01 - Daylight,03 - P.D. only,03 - Rear end
12053,ROCKCLIFFE PKWY btwn GL/OT BOUNDARY & ST. JOSEPH BLVD,377425.9325,5037102.899,10/11/16,7:51,01 - Clear,01 - Dry,10 - No control,01 - Non intersection,01 - Daylight,03 - P.D. only,07 - SMV other
12054,ROCKCLIFFE PKWY btwn PRINCESS AVE & BUENA VISTA RD,368245.9443,5034497.915,12/1/16,10:45,01 - Clear,02 - Wet,10 - No control,01 - Non intersection,01 - Daylight,03 - P.D. only,07 - SMV other
12055,ROCKCLIFFE PKWY btwn ROCKCLIFFE PRKY RAMPS & Continuation of ROCKCLIFF,372237.6783,5035734.412,1/18/16,10:40,01 - Clear,02 - Wet,10 - No control,01 - Non intersection,01 - Daylight,03 - P.D. only,07 - SMV other
12056,ROCKCLIFFE PKWY/AVIATION PKWY WB ON RAMP @ AVI,371338.9781,5035661.857,10/17/16,9:06,01 - Clear,01 - Dry,03 - Yield sign,02 - Intersection related,01 - Daylight,02 - Non-fatal injury,03 - Rear end
12057,ROCKDALE RD @ RUSSELL RD,393759.6417,5026972.254,9/19/16,16:42,01 - Clear,01 - Dry,02 - Stop sign,03 - At intersection,01 - Daylight,02 - Non-fatal injury,02 - Angle
12058,ROCKDALE RD @ RUSSELL RD,393761.5175,5026972.888,12/12/16,16:46,03 - Snow,05 - Packed snow,02 - Stop sign,02 - Intersection related,05 - Dusk,03 - P.D. only,01 - Approaching
12059,ROCKDALE RD @ RUSSELL RD,393758.2049,5026973.716,11/30/16,10:56,01 - Clear,02 - Wet,02 - Stop sign,02 - Intersection related,01 - Daylight,03 - P.D. only,07 - SMV other
12060,ROCKDALE RD btwn COLONIAL RD & END,391402.4301,5032703.497,11/18/16,5:55,01 - Clear,08 - Loose sand or gravel,10 - No control,01 - Non intersection,07 - Dark,03 - P.D. only,07 - SMV other
12061,ROCKDALE RD btwn DEVINE RD & FRANK KENNY RD,394891.2858,5024088.088,2/24/16,22:04,01 - Clear,01 - Dry,10 - No control,01 - Non intersection,07 - Dark,03 - P.D. only,07 - SMV other
12062,ROCKDALE RD btwn DEVINE RD & FRANK KENNY RD,394924.7246,5024001.451,1/12/16,12:41,03 - Snow,03 - Loose snow,10 - No control,01 - Non intersection,01 - Daylight,03 - P.D. only,07 - SMV other
12063,ROCKDALE RD btwn FRANK KENNY RD & HIGHWAY LANE,395191.7181,5023334.059,8/28/16,6:43,02 - Rain,02 - Wet,10 - No control,01 - Non intersection,01 - Daylight,03 - P.D. only,07 - SMV other
12064,ROCKDALE RD btwn HWY417 IC88 RAMP61 & HIGHWAY LANE,395357.3625,5022912.64,1/25/16,15:15,01 - Clear,02 - Wet,10 - No control,04 - At/near private drive,01 - Daylight,03 - P.D. only,02 - Angle