Record,Location,X,Y,Date,Time,Environment,Road_Surface,Traffic_Control,Collision_Location,Light,Collision_Classification,Impact_type
12065,ROCKDALE RD btwn HWY417 IC88 RAMP61 & HIGHWAY LANE,395348.2686,5022940.961,11/17/16,22:21,01 - Clear,01 - Dry,10 - No control,01 - Non intersection,07 - Dark,03 - P.D. only,07 - SMV other
12066,ROCKDALE RD btwn MAGLADRY RD & GOLF COURSE RD,392600.1798,5029780.435,8/21/16,22:30,01 - Clear,01 - Dry,10 - No control,01 - Non intersection,07 - Dark,02 - Non-fatal injury,07 - SMV other
12067,ROCKDALE RD btwn MAGLADRY RD & GOLF COURSE RD,393199.8936,5028347.744,1/13/16,8:30,01 - Clear,05 - Packed snow,10 - No control,01 - Non intersection,01 - Daylight,03 - P.D. only,07 - SMV other
12068,ROCKDALE RD N @ HIGHWAY 417,395344.6252,5022678.505,8/23/16,23:18,01 - Clear,01 - Dry,02 - Stop sign,03 - At intersection,07 - Dark,02 - Non-fatal injury,07 - SMV other
12069,ROCKDALE RD S @ HIGHWAY 417,395262.0273,5022266.472,1/14/16,9:20,03 - Snow,03 - Loose snow,02 - Stop sign,03 - At intersection,01 - Daylight,03 - P.D. only,02 - Angle
12070,ROCKINGHAM AVE btwn CLEMENTINE BLVD & BANK ST,369694.8501,5027314.458,5/3/16,13:43,01 - Clear,01 - Dry,10 - No control,04 - At/near private drive,01 - Daylight,03 - P.D. only,06 - SMV unattended vehicle
12071,ROCKROSE WAY btwn BUNCHBERRY WAY & CREEKVIEW WAY,374102.034,5019690.246,9/28/16,18:46,01 - Clear,01 - Dry,10 - No control,01 - Non intersection,05 - Dusk,02 - Non-fatal injury,07 - SMV other
12072,ROCKWAY CRES btwn ROCKWAY CRES & END,361451.8067,5022693.786,10/25/16,16:24,01 - Clear,01 - Dry,10 - No control,01 - Non intersection,01 - Daylight,03 - P.D. only,06 - SMV unattended vehicle
12073,ROCKWAY CRES btwn ROCKWAY CRES & END,361459.3967,5022697.361,12/3/16,17:52,01 - Clear,01 - Dry,10 - No control,04 - At/near private drive,07 - Dark,03 - P.D. only,02 - Angle
12074,ROCKY HILL DR @ PRINCE OF WALES DR,366969.4448,5014402.744,5/25/16,11:53,01 - Clear,01 - Dry,01 - Traffic signal,03 - At intersection,01 - Daylight,03 - P.D. only,02 - Angle
12075,ROCKY HILL DR @ PRINCE OF WALES DR,366968.242,5014403.63,6/5/16,13:06,02 - Rain,02 - Wet,01 - Traffic signal,02 - Intersection related,01 - Daylight,03 - P.D. only,03 - Rear end
12076,ROCKY HILL DR @ PRINCE OF WALES DR,366968.7684,5014403.006,12/16/16,13:07,01 - Clear,01 - Dry,01 - Traffic signal,03 - At intersection,01 - Daylight,03 - P.D. only,02 - Angle
12077,ROCKY HILL DR btwn ASHMORE DR & BEARMAN ST,366841.5238,5014463.317,4/18/16,10:34,01 - Clear,01 - Dry,10 - No control,04 - At/near private drive,01 - Daylight,03 - P.D. only,06 - SMV unattended vehicle
12078,ROGER GUINDON AVE @ SMYTH RD,371933.1064,5029226.686,1/15/16,11:45,01 - Clear,02 - Wet,01 - Traffic signal,03 - At intersection,01 - Daylight,02 - Non-fatal injury,07 - SMV other
12079,ROGER GUINDON AVE @ SMYTH RD,371935.2433,5029226.161,12/15/16,9:57,01 - Clear,02 - Wet,01 - Traffic signal,03 - At intersection,01 - Daylight,02 - Non-fatal injury,07 - SMV other
12080,ROGER GUINDON AVE @ SMYTH RD,371933.2514,5029226.381,10/21/16,17:37,02 - Rain,02 - Wet,01 - Traffic signal,02 - Intersection related,07 - Dark,03 - P.D. only,04 - Sideswipe
12081,ROGER GUINDON AVE btwn SMYTH RD & PETER MORAND CRES,371928.9411,5029239.826,11/8/16,15:54,01 - Clear,01 - Dry,10 - No control,01 - Non intersection,01 - Daylight,02 - Non-fatal injury,07 - SMV other
12082,ROGER STEVENS DR @ SECOND LINE RD,369956.0274,5001500.656,2/7/16,11:43,01 - Clear,01 - Dry,02 - Stop sign,03 - At intersection,01 - Daylight,02 - Non-fatal injury,02 - Angle
12083,ROGER STEVENS DR btwn DWYER HILL RD & MALAKOFF RD,362047.327,4995969.122,2/26/16,7:17,01 - Clear,06 - Ice,10 - No control,01 - Non intersection,01 - Daylight,02 - Non-fatal injury,03 - Rear end
12084,ROGER STEVENS DR btwn DWYER HILL RD & MALAKOFF RD,354625.0807,4989622.845,3/6/16,13:28,01 - Clear,01 - Dry,10 - No control,01 - Non intersection,01 - Daylight,03 - P.D. only,07 - SMV other
12085,ROGER STEVENS DR btwn DWYER HILL RD & MALAKOFF RD,361283.4725,4995301.124,2/19/16,22:15,01 - Clear,02 - Wet,10 - No control,01 - Non intersection,07 - Dark,03 - P.D. only,02 - Angle
12086,ROGER STEVENS DR btwn DWYER HILL RD & MALAKOFF RD,355833.5512,4990648.61,2/8/16,18:50,01 - Clear,01 - Dry,10 - No control,01 - Non intersection,07 - Dark,03 - P.D. only,07 - SMV other
12087,ROGER STEVENS DR btwn DWYER HILL RD & MALAKOFF RD,357433.7949,4991945.631,3/29/16,14:20,01 - Clear,01 - Dry,10 - No control,01 - Non intersection,01 - Daylight,03 - P.D. only,07 - SMV other
12088,ROGER STEVENS DR btwn DWYER HILL RD & MALAKOFF RD,362204.4297,4996110.623,11/16/16,18:00,"07 - Fog, mist, smoke, dust",01 - Dry,10 - No control,01 - Non intersection,07 - Dark,03 - P.D. only,07 - SMV other
12089,ROGER STEVENS DR btwn DWYER HILL RD & MALAKOFF RD,355861.5505,4990645.162,6/14/16,5:15,01 - Clear,01 - Dry,10 - No control,01 - Non intersection,03 - Dawn,03 - P.D. only,07 - SMV other
12090,ROGER STEVENS DR btwn FIRST LINE RD & ROLLING HILLS PL,371789.5158,5002593.505,11/29/16,6:10,04 - Freezing Rain,99 - Other,10 - No control,07 - Overpass or bridge,07 - Dark,03 - P.D. only,07 - SMV other
12091,ROGER STEVENS DR btwn HWY416 IC49 RAMP24 & SECOND LINE RD S,369925.731,5001461.579,2/13/16,9:45,05 - Drifting Snow,06 - Ice,10 - No control,01 - Non intersection,01 - Daylight,03 - P.D. only,07 - SMV other
12092,ROGER STEVENS DR btwn MALAKOFF RD & MCCORDICK RD,363863.6958,4997578.816,4/11/16,7:40,02 - Rain,02 - Wet,10 - No control,04 - At/near private drive,01 - Daylight,03 - P.D. only,05 - Turning movement
12093,ROGER STEVENS DR btwn MALAKOFF RD & MCCORDICK RD,363753.4366,4997476.57,5/18/16,5:27,01 - Clear,01 - Dry,10 - No control,01 - Non intersection,03 - Dawn,03 - P.D. only,07 - SMV other
12094,ROGER STEVENS DR btwn MCCORDICK RD & CRAIGHURST DR,364887.4129,4998471.975,2/20/16,7:35,02 - Rain,04 - Slush,10 - No control,01 - Non intersection,01 - Daylight,03 - P.D. only,07 - SMV other
12095,ROGER STEVENS DR btwn MCKENNA RD & DWYER HILL RD,354315.8381,4989330.154,11/28/16,6:03,01 - Clear,01 - Dry,10 - No control,01 - Non intersection,07 - Dark,03 - P.D. only,07 - SMV other
12096,ROGER STEVENS DR btwn SECOND LINE RD S & DORACK DR,369999.0343,5001548.922,10/7/16,22:20,01 - Clear,01 - Dry,10 - No control,01 - Non intersection,07 - Dark,02 - Non-fatal injury,07 - SMV other
12097,ROGER STEVENS DR btwn SECOND LINE RD S & DORACK DR,370508.0734,5001844.534,2/15/16,12:50,01 - Clear,01 - Dry,10 - No control,01 - Non intersection,01 - Daylight,03 - P.D. only,07 - SMV other
12098,ROGER STEVENS DR btwn SECOND LINE RD S & DORACK DR,370139.8891,5001631.784,7/6/16,8:47,01 - Clear,01 - Dry,10 - No control,01 - Non intersection,01 - Daylight,03 - P.D. only,07 - SMV other
12099,ROLAND MICHENER DR btwn EARL GREY DR & END,350894.6402,5018913.892,10/22/16,18:13,02 - Rain,02 - Wet,10 - No control,04 - At/near private drive,05 - Dusk,03 - P.D. only,02 - Angle
12100,ROLAND MICHENER DR btwn EARL GREY DR & TRANSITWAY,350863.4664,5018912.512,12/29/16,0:46,01 - Clear,01 - Dry,10 - No control,01 - Non intersection,07 - Dark,03 - P.D. only,04 - Sideswipe
12101,ROLLAND AVE btwn SANTA CRUZ PRIV & BLAIR ST,371038.7993,5030305.822,2/26/16,1:30,01 - Clear,05 - Packed snow,10 - No control,01 - Non intersection,07 - Dark,03 - P.D. only,06 - SMV unattended vehicle
12102,ROLLING MEADOW CRES btwn ESTERBROOK DR & KNOTRIDGE ST,381866.1867,5032520.769,12/25/16,9:00,01 - Clear,04 - Slush,10 - No control,01 - Non intersection,01 - Daylight,03 - P.D. only,06 - SMV unattended vehicle
12103,ROOSEVELT AVE @ RICHMOND RD,362979.3669,5028118.228,4/9/16,10:57,01 - Clear,01 - Dry,01 - Traffic signal,02 - Intersection related,01 - Daylight,03 - P.D. only,03 - Rear end
12104,ROSEBELLA AVE btwn ALBION RD & FIRST (1ST) ST,372390.307,5023066.576,12/19/16,15:00,03 - Snow,05 - Packed snow,10 - No control,01 - Non intersection,01 - Daylight,03 - P.D. only,02 - Angle
12105,ROSEHILL AVE @ HUNTMAR DR,350498.6966,5016460.541,8/31/16,12:00,01 - Clear,01 - Dry,11 - Roundabout,03 - At intersection,01 - Daylight,03 - P.D. only,03 - Rear end
12106,ROSEHILL AVE btwn BURNABY DR & ETESIAN ST,350365.8934,5016336.327,8/22/16,7:16,01 - Clear,01 - Dry,10 - No control,01 - Non intersection,01 - Daylight,03 - P.D. only,07 - SMV other
12107,ROSEMOUNT AVE @ WELLINGTON ST,365362.317,5029429.349,6/17/16,11:28,01 - Clear,01 - Dry,02 - Stop sign,02 - Intersection related,01 - Daylight,03 - P.D. only,04 - Sideswipe
12108,ROSEMOUNT AVE @ WELLINGTON ST,365363.1452,5029431.739,12/21/16,19:30,01 - Clear,02 - Wet,02 - Stop sign,02 - Intersection related,07 - Dark,03 - P.D. only,02 - Angle
12109,ROSEMOUNT AVE btwn WELLINGTON ST W & GLADSTONE AVE,365375.7089,5029399.981,2/23/16,11:17,01 - Clear,01 - Dry,10 - No control,04 - At/near private drive,01 - Daylight,03 - P.D. only,06 - SMV unattended vehicle
12110,ROSEWOOD AVE btwn GEORGINA DR & EDGEWORTH AVE,361174.5552,5025229.059,1/6/16,16:15,01 - Clear,01 - Dry,10 - No control,04 - At/near private drive,01 - Daylight,03 - P.D. only,06 - SMV unattended vehicle
12111,ROSINGDALE ST btwn FOXLIGHT CIR & SUMMERGAZE ST,"356,864.55","5,015,648.07",5/3/16,0:00,01 - Clear,01 - Dry,10 - No control,01 - Non intersection,00 - Unknown,03 - P.D. only,06 - SMV unattended vehicle
12112,ROSLYN AVE btwn BEAUCHAMP AVE & HIAWATHA PARK RD,379170.9602,5038493.76,3/15/16,2:00,01 - Clear,02 - Wet,10 - No control,04 - At/near private drive,07 - Dark,03 - P.D. only,06 - SMV unattended vehicle
12113,ROSSLAND AVE btwn PENDER ST & ST. HELEN'S PL,364501.9425,5024048.636,3/5/16,19:48,01 - Clear,04 - Slush,10 - No control,01 - Non intersection,07 - Dark,03 - P.D. only,06 - SMV unattended vehicle
12114,ROTARY WAY btwn BANK ST & FAIRWEATHER ST,375628.7945,5021287.845,12/9/16,8:43,03 - Snow,06 - Ice,10 - No control,01 - Non intersection,01 - Daylight,03 - P.D. only,03 - Rear end
12115,ROTARY WAY btwn KINGSVILLE ST & LAGUNA ST,375836.094,5021408.704,7/31/16,13:31,01 - Clear,01 - Dry,10 - No control,01 - Non intersection,01 - Daylight,03 - P.D. only,07 - SMV other
12116,ROTHBURY CRES btwn PROVENDER AVE & DRAYTON PRIV,372928.7041,5034730.855,2/21/16,18:00,01 - Clear,01 - Dry,10 - No control,01 - Non intersection,07 - Dark,03 - P.D. only,06 - SMV unattended vehicle
12117,ROTHESAY DR @ BALLANTRAE WAY,353850.8448,5016720.796,10/12/16,19:15,01 - Clear,01 - Dry,02 - Stop sign,02 - Intersection related,07 - Dark,03 - P.D. only,05 - Turning movement
12118,ROUGEMOUNT CRES btwn HARROWSMITH WAY & GARDENWAY DR (2),384157.5042,5036359.037,3/4/16,15:46,01 - Clear,01 - Dry,10 - No control,04 - At/near private drive,01 - Daylight,03 - P.D. only,06 - SMV unattended vehicle
12119,ROWANWOOD AVE btwn BYRON AVE & KEENAN AVE,362151.7414,5027039.384,12/30/16,15:35,03 - Snow,06 - Ice,10 - No control,04 - At/near private drive,01 - Daylight,03 - P.D. only,06 - SMV unattended vehicle
12120,ROWE DR btwn MCGIBBON DR & MCGIBBON DR,351207.8988,5018353.331,2/25/16,8:06,02 - Rain,06 - Ice,10 - No control,01 - Non intersection,01 - Daylight,03 - P.D. only,01 - Approaching
12121,ROYAL FERN WAY btwn EYE BRIGHT CRES & EYE BRIGHT CRES,369690.6433,5015846.715,1/4/16,10:30,01 - Clear,05 - Packed snow,10 - No control,01 - Non intersection,01 - Daylight,03 - P.D. only,06 - SMV unattended vehicle
12122,ROYAL ORCHARD DR btwn QUILLIVAN LANE & WILHAVEN DR,392677.8466,5041422.218,2/20/16,14:00,01 - Clear,04 - Slush,10 - No control,01 - Non intersection,01 - Daylight,03 - P.D. only,06 - SMV unattended vehicle
12123,ROYDON PL btwn WOODFIELD DR & WEST HUNT CLUB RD,365480.4308,5022308.876,1/8/16,13:52,01 - Clear,01 - Dry,10 - No control,04 - At/near private drive,01 - Daylight,02 - Non-fatal injury,02 - Angle
12124,ROYDON PL btwn WOODFIELD DR & WEST HUNT CLUB RD,365539.0506,5022347.767,12/8/16,13:56,01 - Clear,02 - Wet,10 - No control,04 - At/near private drive,01 - Daylight,02 - Non-fatal injury,05 - Turning movement
12125,ROYDON PL btwn WOODFIELD DR & WEST HUNT CLUB RD,365541.9018,5022348.717,1/24/16,16:04,01 - Clear,01 - Dry,10 - No control,04 - At/near private drive,01 - Daylight,03 - P.D. only,02 - Angle
12126,ROYDON PL btwn WOODFIELD DR & WEST HUNT CLUB RD,365814.5734,5022392.865,10/28/16,13:25,01 - Clear,02 - Wet,10 - No control,04 - At/near private drive,01 - Daylight,03 - P.D. only,05 - Turning movement
12127,ROYDON PL btwn WOODFIELD DR & WEST HUNT CLUB RD,365893.6096,5022299.964,8/6/16,17:00,01 - Clear,01 - Dry,10 - No control,04 - At/near private drive,01 - Daylight,03 - P.D. only,05 - Turning movement
12128,ROYDON PL btwn WOODFIELD DR & WEST HUNT CLUB RD,365944.9152,5022216.989,12/19/16,14:14,01 - Clear,05 - Packed snow,10 - No control,04 - At/near private drive,01 - Daylight,03 - P.D. only,02 - Angle
12129,ROYDON PL btwn WOODFIELD DR & WEST HUNT CLUB RD,365947.7263,5022209.957,12/11/16,16:00,03 - Snow,02 - Wet,10 - No control,04 - At/near private drive,05 - Dusk,03 - P.D. only,02 - Angle
12130,ROYDON PL btwn WOODFIELD DR & WEST HUNT CLUB RD,365765.3463,5022384.128,12/12/16,15:46,03 - Snow,03 - Loose snow,10 - No control,04 - At/near private drive,01 - Daylight,03 - P.D. only,02 - Angle
12131,RUSKIN ST btwn PARKDALE AVE & MACFARLANE AVE,365652.0005,5028515.032,9/20/16,13:41,01 - Clear,01 - Dry,10 - No control,04 - At/near private drive,01 - Daylight,03 - P.D. only,02 - Angle
12132,RUSSELL AVE @ LAURIER AVE,369037.6247,5032215.313,1/12/16,17:47,03 - Snow,03 - Loose snow,02 - Stop sign,02 - Intersection related,07 - Dark,03 - P.D. only,01 - Approaching
12133,RUSSELL AVE @ LAURIER AVE,369037.521,5032215.969,6/10/16,16:50,01 - Clear,01 - Dry,02 - Stop sign,03 - At intersection,01 - Daylight,03 - P.D. only,02 - Angle
12134,RUSSELL AVE @ LAURIER AVE,369037.786,5032215.797,12/10/16,14:00,01 - Clear,04 - Slush,02 - Stop sign,03 - At intersection,01 - Daylight,03 - P.D. only,02 - Angle
12135,RUSSELL AVE @ LAURIER AVE,369036.8825,5032213.51,12/13/16,9:21,01 - Clear,03 - Loose snow,02 - Stop sign,03 - At intersection,01 - Daylight,03 - P.D. only,02 - Angle
12136,RUSSELL AVE btwn SOMERSET ST E & TEMPLETON ST,369320.531,5031753.977,2/6/16,19:45,01 - Clear,01 - Dry,10 - No control,04 - At/near private drive,07 - Dark,03 - P.D. only,06 - SMV unattended vehicle
12137,RUSSELL RD @ SAUMURE RD/LANGLADE RD,399948.1234,5029464.485,5/10/16,10:51,01 - Clear,01 - Dry,02 - Stop sign,02 - Intersection related,01 - Daylight,03 - P.D. only,03 - Rear end
12138,RUSSELL RD @ SAUMURE RD/LANGLADE RD,399947.6742,5029464.26,5/4/16,20:56,01 - Clear,01 - Dry,02 - Stop sign,02 - Intersection related,05 - Dusk,03 - P.D. only,07 - SMV other
12139,RUSSELL RD @ SOUTHVALE CRES N,373797.3233,5029097.02,3/24/16,17:56,03 - Snow,06 - Ice,01 - Traffic signal,02 - Intersection related,01 - Daylight,03 - P.D. only,07 - SMV other
12140,RUSSELL RD @ SOUTHVALE CRES S,374457.5149,5028633.768,3/29/16,10:30,01 - Clear,01 - Dry,01 - Traffic signal,03 - At intersection,01 - Daylight,02 - Non-fatal injury,07 - SMV other
12141,RUSSELL RD @ THIRSK ST,372542.6471,5029955.251,2/18/16,14:04,03 - Snow,02 - Wet,02 - Stop sign,03 - At intersection,01 - Daylight,03 - P.D. only,02 - Angle
12142,RUSSELL RD @ TUPPER AVE,374257.4098,5028748.096,5/2/16,7:10,01 - Clear,02 - Wet,01 - Traffic signal,02 - Intersection related,01 - Daylight,02 - Non-fatal injury,03 - Rear end
12143,RUSSELL RD btwn ANDERSON RD & FARMERS WAY,381364.2265,5026224.215,4/6/16,17:19,03 - Snow,03 - Loose snow,10 - No control,01 - Non intersection,01 - Daylight,02 - Non-fatal injury,01 - Approaching
12144,RUSSELL RD btwn ANDERSON RD & FARMERS WAY,379976.7585,5026641.35,5/19/16,13:39,01 - Clear,01 - Dry,10 - No control,01 - Non intersection,01 - Daylight,03 - P.D. only,05 - Turning movement
12145,RUSSELL RD btwn ANDERSON RD & FARMERS WAY,379983.9936,5026652.655,11/21/16,21:50,03 - Snow,03 - Loose snow,10 - No control,01 - Non intersection,07 - Dark,03 - P.D. only,07 - SMV other
12146,RUSSELL RD btwn ANDERSON RD & FARMERS WAY,381720.5122,5026254.508,12/13/16,6:42,03 - Snow,06 - Ice,10 - No control,01 - Non intersection,07 - Dark,03 - P.D. only,07 - SMV other
12147,RUSSELL RD btwn BIRCHGROVE RD & CANAAN RD,401090.1022,5030042.348,2/26/16,13:41,01 - Clear,01 - Dry,10 - No control,01 - Non intersection,01 - Daylight,03 - P.D. only,07 - SMV other
12148,RUSSELL RD btwn BIRCHGROVE RD & CANAAN RD,401142.976,5030069.392,2/13/16,16:17,03 - Snow,06 - Ice,10 - No control,01 - Non intersection,01 - Daylight,03 - P.D. only,07 - SMV other
12149,RUSSELL RD btwn BIRCHGROVE RD & CANAAN RD,401042.2354,5030032.004,10/15/16,20:39,01 - Clear,01 - Dry,10 - No control,04 - At/near private drive,07 - Dark,03 - P.D. only,05 - Turning movement
12150,RUSSELL RD btwn BIRCHGROVE RD & CANAAN RD,400445.7555,5029683.024,10/15/16,2:02,01 - Clear,01 - Dry,10 - No control,01 - Non intersection,07 - Dark,03 - P.D. only,07 - SMV other
12151,RUSSELL RD btwn CARLSBAD LANE & MILTON RD,389650.9844,5025323.143,4/30/16,16:18,01 - Clear,01 - Dry,10 - No control,01 - Non intersection,01 - Daylight,03 - P.D. only,04 - Sideswipe
12152,RUSSELL RD btwn CARLSBAD LANE & MILTON RD,389545.2115,5025350.219,6/25/16,22:30,01 - Clear,01 - Dry,10 - No control,01 - Non intersection,07 - Dark,03 - P.D. only,07 - SMV other
12153,RUSSELL RD btwn CLAYTON RD & RUISSELLET RD,398377.9878,5028802.271,2/26/16,5:46,01 - Clear,06 - Ice,10 - No control,01 - Non intersection,07 - Dark,03 - P.D. only,07 - SMV other
12154,RUSSELL RD btwn CUBA AVE & SMYTH RD,373229.3794,5029391.93,1/16/16,10:04,03 - Snow,06 - Ice,10 - No control,01 - Non intersection,01 - Daylight,03 - P.D. only,01 - Approaching
12155,RUSSELL RD btwn CUBA AVE & SMYTH RD,373227.4142,5029397.545,12/8/16,22:14,03 - Snow,06 - Ice,10 - No control,01 - Non intersection,07 - Dark,03 - P.D. only,01 - Approaching
12156,RUSSELL RD btwn DUNNING RD & CLAYTON RD,396483.4905,5028079.167,2/27/16,18:30,05 - Drifting Snow,06 - Ice,10 - No control,01 - Non intersection,07 - Dark,02 - Non-fatal injury,07 - SMV other
12157,RUSSELL RD btwn DUNNING RD & CLAYTON RD,396351.7074,5028010.383,1/17/16,9:00,01 - Clear,06 - Ice,10 - No control,01 - Non intersection,01 - Daylight,03 - P.D. only,07 - SMV other
12158,RUSSELL RD btwn HAIG DR & CUBA AVE,372747.9914,5029635.924,1/1/16,0:00,03 - Snow,03 - Loose snow,10 - No control,01 - Non intersection,00 - Unknown,03 - P.D. only,06 - SMV unattended vehicle
12159,RUSSELL RD btwn HAIG DR & CUBA AVE,372788.7016,5029585.443,12/17/16,21:46,03 - Snow,03 - Loose snow,10 - No control,04 - At/near private drive,07 - Dark,03 - P.D. only,06 - SMV unattended vehicle
12160,RUSSELL RD btwn HAIG DR & CUBA AVE,372884.7679,5029540.723,12/7/16,15:25,01 - Clear,02 - Wet,10 - No control,01 - Non intersection,01 - Daylight,03 - P.D. only,06 - SMV unattended vehicle
12161,RUSSELL RD btwn HERBERT DR & FORCED RD,395114.2556,5027499.234,3/24/16,20:20,02 - Rain,03 - Loose snow,10 - No control,04 - At/near private drive,07 - Dark,03 - P.D. only,99 - Other
12162,RUSSELL RD btwn HYDRO RD & RUSSELL RD,375126.4261,5028087.173,12/27/16,7:23,01 - Clear,02 - Wet,10 - No control,01 - Non intersection,03 - Dawn,03 - P.D. only,07 - SMV other
12163,RUSSELL RD btwn MILTON RD & SAND RD,389873.5261,5025362.402,1/21/16,18:00,01 - Clear,01 - Dry,10 - No control,01 - Non intersection,07 - Dark,03 - P.D. only,07 - SMV other
12164,RUSSELL RD btwn MILTON RD & SAND RD,390194.2827,5025512.23,11/29/16,22:23,"07 - Fog, mist, smoke, dust",02 - Wet,10 - No control,01 - Non intersection,07 - Dark,03 - P.D. only,07 - SMV other
12165,RUSSELL RD btwn RUSSELL RD & CARLSBAD LANE,388000.5422,5025668.832,9/16/16,8:03,01 - Clear,01 - Dry,10 - No control,01 - Non intersection,01 - Daylight,02 - Non-fatal injury,03 - Rear end
12166,RUSSELL RD btwn RUSSELL RD & CARLSBAD LANE,388097.5839,5025649.692,9/29/16,18:08,01 - Clear,01 - Dry,10 - No control,01 - Non intersection,01 - Daylight,03 - P.D. only,07 - SMV other
12167,RUSSELL RD btwn RUSSELL RD & CARLSBAD LANE,386927.6894,5025895.856,12/1/16,18:38,01 - Clear,01 - Dry,10 - No control,01 - Non intersection,07 - Dark,03 - P.D. only,07 - SMV other
12168,RUSSELL RD btwn RUSSELL RD & WALKLEY RD,374707.5558,5028461.126,4/19/16,7:44,01 - Clear,01 - Dry,10 - No control,01 - Non intersection,01 - Daylight,03 - P.D. only,03 - Rear end
12169,RUSSELL RD btwn SAND RD & FRANK KENNY RD,391155.8701,5025939.116,11/15/16,18:15,01 - Clear,01 - Dry,10 - No control,01 - Non intersection,07 - Dark,03 - P.D. only,07 - SMV other
12170,RUSSELL RD btwn SMYTH RD & ST. LAURENT BLVD,373368.7451,5029419.445,11/20/16,15:00,03 - Snow,02 - Wet,10 - No control,01 - Non intersection,01 - Daylight,02 - Non-fatal injury,03 - Rear end
12171,RUSSELL RD btwn SMYTH RD & ST. LAURENT BLVD,373379.6266,5029404.871,4/6/16,20:45,03 - Snow,02 - Wet,10 - No control,01 - Non intersection,07 - Dark,03 - P.D. only,04 - Sideswipe
12172,RUSSELL RD btwn SOUTHVALE CRES & TUPPER AVE,373842.0571,5029067.181,7/30/16,20:58,01 - Clear,01 - Dry,10 - No control,01 - Non intersection,05 - Dusk,02 - Non-fatal injury,07 - SMV other
12173,RUSSELL RD btwn SOUTHVALE CRES & WALKLEY RD,374669.914,5028502.176,8/15/16,7:04,"07 - Fog, mist, smoke, dust",01 - Dry,10 - No control,01 - Non intersection,01 - Daylight,03 - P.D. only,04 - Sideswipe
12174,RUSSELL RD btwn SPRING ST & WAY ST,385189.3028,5026510.044,8/8/16,5:04,01 - Clear,01 - Dry,10 - No control,01 - Non intersection,07 - Dark,03 - P.D. only,07 - SMV other
12175,RUSSELL RD btwn ST. LAURENT BLVD & SOUTHVALE CRES,373580.9928,5029252.947,2/21/16,16:57,01 - Clear,01 - Dry,10 - No control,01 - Non intersection,01 - Daylight,02 - Non-fatal injury,04 - Sideswipe
12176,RUSSELL RD btwn ST. LAURENT BLVD & ST. LAURENT BLVD,373451.3203,5029345.46,7/25/16,17:43,01 - Clear,01 - Dry,10 - No control,04 - At/near private drive,01 - Daylight,03 - P.D. only,02 - Angle
12177,RUSSELL RD btwn THIRSK ST & HAIG DR,372702.6051,5029700.604,2/24/16,8:12,03 - Snow,03 - Loose snow,10 - No control,04 - At/near private drive,01 - Daylight,02 - Non-fatal injury,07 - SMV other
12178,RUSSELL RD btwn THIRSK ST & HAIG DR,372569.9195,5029903.285,2/17/16,15:15,03 - Snow,05 - Packed snow,10 - No control,01 - Non intersection,01 - Daylight,03 - P.D. only,06 - SMV unattended vehicle
12179,RUSSELL RD btwn TO BE DETERMINED & LEITRIM RD (2),383353.2123,5026595.964,6/1/16,7:53,01 - Clear,01 - Dry,10 - No control,05 - At railway crossing,01 - Daylight,03 - P.D. only,03 - Rear end
12180,RUSSELL RD btwn TO BE DETERMINED & LEITRIM RD (2),383152.6416,5026488.722,11/28/16,6:18,01 - Clear,01 - Dry,10 - No control,01 - Non intersection,03 - Dawn,03 - P.D. only,07 - SMV other
12181,RUSSELL RD btwn WAY ST & BOUNDARY RD,385636.8165,5026348.168,5/26/16,16:07,01 - Clear,01 - Dry,10 - No control,01 - Non intersection,01 - Daylight,02 - Non-fatal injury,01 - Approaching
12182,RUSSELL RD btwn WAY ST & BOUNDARY RD,386391.1199,5026080.715,12/12/16,8:11,03 - Snow,03 - Loose snow,10 - No control,04 - At/near private drive,01 - Daylight,03 - P.D. only,02 - Angle
12183,RUSSELL RD S @ ST. LAURENT BLVD,373569.0933,5029260.371,9/13/16,17:23,01 - Clear,01 - Dry,01 - Traffic signal,03 - At intersection,01 - Daylight,02 - Non-fatal injury,05 - Turning movement
12184,RUSSELL RD S @ ST. LAURENT BLVD,373569.0622,5029260.542,8/16/16,6:11,01 - Clear,01 - Dry,01 - Traffic signal,02 - Intersection related,03 - Dawn,02 - Non-fatal injury,02 - Angle
12185,RUSSELL RD S @ ST. LAURENT BLVD,373569.5824,5029260.228,4/15/16,21:20,01 - Clear,01 - Dry,01 - Traffic signal,03 - At intersection,07 - Dark,03 - P.D. only,05 - Turning movement
12186,RUSSELL RD S @ ST. LAURENT BLVD,373569.3194,5029260.463,8/2/16,18:22,01 - Clear,01 - Dry,01 - Traffic signal,02 - Intersection related,01 - Daylight,03 - P.D. only,03 - Rear end
12187,RUSSELL RD S @ ST. LAURENT BLVD,373569.7331,5029260.131,10/25/16,11:05,01 - Clear,01 - Dry,01 - Traffic signal,02 - Intersection related,01 - Daylight,03 - P.D. only,03 - Rear end