Record,Location,X,Y,Date,Time,Environment,Road_Surface,Traffic_Control,Collision_Location,Light,Collision_Classification,Impact_type
12188,RUSSELL RD S @ ST. LAURENT BLVD,373568.6231,5029260.981,1/21/16,8:21,01 - Clear,01 - Dry,01 - Traffic signal,02 - Intersection related,01 - Daylight,03 - P.D. only,03 - Rear end
12189,RUSSELL RD S @ ST. LAURENT BLVD,373569.9404,5029260.981,9/9/16,14:57,01 - Clear,01 - Dry,01 - Traffic signal,03 - At intersection,01 - Daylight,03 - P.D. only,05 - Turning movement
12190,RUSSELL RD S @ ST. LAURENT BLVD,373569.1956,5029261.309,10/1/16,18:06,01 - Clear,01 - Dry,01 - Traffic signal,03 - At intersection,05 - Dusk,03 - P.D. only,02 - Angle
12191,RUSSLAND RD btwn ROCKDALE RD & DUNNING RD,395587.4628,5022622.426,8/30/16,19:18,01 - Clear,01 - Dry,10 - No control,01 - Non intersection,05 - Dusk,02 - Non-fatal injury,07 - SMV other
12192,RUSSLAND RD btwn ROCKDALE RD & DUNNING RD,395420.8064,5022973.51,4/11/16,9:40,04 - Freezing Rain,06 - Ice,10 - No control,01 - Non intersection,01 - Daylight,02 - Non-fatal injury,01 - Approaching
12193,RUSSLAND RD btwn ROCKDALE RD & DUNNING RD,395628.3705,5022592.604,7/28/16,22:54,01 - Clear,01 - Dry,10 - No control,01 - Non intersection,07 - Dark,02 - Non-fatal injury,07 - SMV other
12194,RUSTIC DR btwn DRURY LANE & RIDEOUT CRES,361802.7993,5023802.488,6/19/16,15:10,01 - Clear,01 - Dry,10 - No control,04 - At/near private drive,01 - Daylight,03 - P.D. only,06 - SMV unattended vehicle
12195,RUTGERS PRIV btwn GOTHAM PRIV & END,364780.5142,5026054.291,8/15/16,14:45,01 - Clear,01 - Dry,10 - No control,01 - Non intersection,01 - Daylight,03 - P.D. only,07 - SMV other
12196,RYDER ST btwn CONNECTICUT AVE & MICHIGAN AVE,372528.1657,5027405.244,5/31/16,18:35,01 - Clear,01 - Dry,10 - No control,01 - Non intersection,01 - Daylight,03 - P.D. only,06 - SMV unattended vehicle
12197,SABLE RIDGE DR btwn COURTYARD CRES & CRYSTAL RIDGE PL,372680.9375,5024290.321,6/6/16,23:00,01 - Clear,01 - Dry,10 - No control,01 - Non intersection,07 - Dark,03 - P.D. only,06 - SMV unattended vehicle
12198,SABLEWOOD PL btwn RANCHWOOD WAY & RANCHWOOD WAY,380735.0919,5034521.284,8/28/16,0:00,01 - Clear,01 - Dry,10 - No control,01 - Non intersection,00 - Unknown,03 - P.D. only,06 - SMV unattended vehicle
12199,SACKVILLE ST @ TAVISTOCK RD,360765.8476,5024899.272,6/8/16,13:39,01 - Clear,01 - Dry,02 - Stop sign,03 - At intersection,01 - Daylight,02 - Non-fatal injury,07 - SMV other
12200,SADDLE CRES btwn ESSON ST & TO BE DETERMINED,374669.3784,5025996.486,5/29/16,14:47,01 - Clear,01 - Dry,10 - No control,01 - Non intersection,01 - Daylight,02 - Non-fatal injury,07 - SMV other
12201,SADDLERIDGE DR btwn PRAIRIE ST & DOVEHAVEN ST,381646.0211,5032441.033,3/7/16,18:59,01 - Clear,01 - Dry,10 - No control,01 - Non intersection,07 - Dark,03 - P.D. only,06 - SMV unattended vehicle
12202,SALE BARN RD btwn MITCH OWENS RD & DAWN TARA DR,378866.1889,5016450.429,11/16/16,21:55,01 - Clear,01 - Dry,10 - No control,01 - Non intersection,07 - Dark,03 - P.D. only,07 - SMV other
12203,SANDALWOOD DR btwn BAYCREST DR & HERON RD,371466.7107,5026916.19,12/5/16,0:00,03 - Snow,03 - Loose snow,10 - No control,01 - Non intersection,00 - Unknown,03 - P.D. only,06 - SMV unattended vehicle
12204,SANDCASTLE DR btwn BROOKHAVEN CRT & VALLEY STREAM DR,359683.6698,5021857.171,9/27/16,0:00,01 - Clear,01 - Dry,10 - No control,01 - Non intersection,00 - Unknown,03 - P.D. only,06 - SMV unattended vehicle
12205,SANDFORD FLEMING AVE btwn STEAMLINE ST & INDUSTRIAL AVE,370873.0264,5030695.569,12/20/16,12:08,01 - Clear,04 - Slush,10 - No control,04 - At/near private drive,01 - Daylight,03 - P.D. only,02 - Angle
12206,SANIBEL PRIV  btwn OLD RICHMOND RD & OLD RICHMOND RD,357481.2802,5019161.929,5/11/16,19:24,01 - Clear,01 - Dry,10 - No control,04 - At/near private drive,01 - Daylight,03 - P.D. only,99 - Other
12207,SAPINIER ST btwn TOONEY DR & COLORADO LANE,382420.017,5035715.633,8/31/16,0:00,01 - Clear,01 - Dry,10 - No control,01 - Non intersection,00 - Unknown,03 - P.D. only,06 - SMV unattended vehicle
12208,SARSFIELD RD @ WILHAVEN DR,392565.6235,5040958.624,10/26/16,18:20,01 - Clear,01 - Dry,02 - Stop sign,02 - Intersection related,07 - Dark,03 - P.D. only,07 - SMV other
12209,SARSFIELD RD btwn REGIMBALD RD & DESSAINT ST,394272.988,5036594.184,3/2/16,14:15,03 - Snow,03 - Loose snow,10 - No control,04 - At/near private drive,01 - Daylight,02 - Non-fatal injury,02 - Angle
12210,SAUBLE DR btwn YOHO DR & STEEPLE CHASE DR,355172.6029,5017446.06,8/25/16,21:06,01 - Clear,01 - Dry,10 - No control,01 - Non intersection,07 - Dark,02 - Non-fatal injury,05 - Turning movement
12211,SAUBLE DR btwn YOHO DR & STEEPLE CHASE DR,355245.4009,5017409.469,11/7/16,7:32,01 - Clear,01 - Dry,10 - No control,04 - At/near private drive,01 - Daylight,03 - P.D. only,06 - SMV unattended vehicle
12212,SAUMURE RD btwn DEVINE RD & INDIAN CREEK RD,401606.1708,5025781.817,8/24/16,6:19,01 - Clear,01 - Dry,10 - No control,01 - Non intersection,01 - Daylight,03 - P.D. only,07 - SMV other
12213,SAUMURE RD btwn RUSSELL RD & DEVINE RD,400973.3877,5027236.771,11/6/16,1:11,01 - Clear,01 - Dry,10 - No control,01 - Non intersection,07 - Dark,03 - P.D. only,07 - SMV other
12214,SAUNDERSON DR @ HAMLET RD,372847.4227,5029243.419,4/25/16,14:58,01 - Clear,01 - Dry,02 - Stop sign,03 - At intersection,01 - Daylight,03 - P.D. only,02 - Angle
12215,SAUNDERSON DR @ PLEASANT PARK RD,373146.0869,5028668.352,9/16/16,11:44,01 - Clear,01 - Dry,02 - Stop sign,03 - At intersection,01 - Daylight,02 - Non-fatal injury,07 - SMV other
12216,SAUNDERSON DR @ PLEASANT PARK RD,373146.0869,5028668.657,2/6/16,8:17,01 - Clear,01 - Dry,02 - Stop sign,03 - At intersection,01 - Daylight,03 - P.D. only,02 - Angle
12217,SAUNDERSON DR @ SMYTH RD,372793.1133,5029322.782,5/12/16,15:25,01 - Clear,01 - Dry,01 - Traffic signal,03 - At intersection,01 - Daylight,03 - P.D. only,05 - Turning movement
12218,SAVILLE ROW btwn WOODROFFE AVE & LOCKHART AVE,361788.6777,5026189.699,2/11/16,16:20,01 - Clear,01 - Dry,10 - No control,04 - At/near private drive,01 - Daylight,03 - P.D. only,02 - Angle
12219,SCALA AVE btwn LICHEN AVE & ST. BRUNO ST,385076.1041,5036380.712,2/2/16,19:00,01 - Clear,01 - Dry,10 - No control,01 - Non intersection,07 - Dark,03 - P.D. only,06 - SMV unattended vehicle
12220,SCHROEDER CRES btwn PEPPERGRASS RD & PEPPERGRASS RD,385566.9694,5038315.407,7/4/16,16:30,01 - Clear,01 - Dry,10 - No control,04 - At/near private drive,01 - Daylight,03 - P.D. only,02 - Angle
12221,SCISSONS RD btwn SAWYER WAY & SAWYER WAY,356581.9799,5016192.579,6/21/16,8:18,01 - Clear,01 - Dry,10 - No control,04 - At/near private drive,01 - Daylight,03 - P.D. only,02 - Angle
12222,SCOTT ST @ WESTERN AVE,364203.7055,5029270.575,3/19/16,21:14,01 - Clear,01 - Dry,02 - Stop sign,03 - At intersection,07 - Dark,02 - Non-fatal injury,02 - Angle
12223,SCOTT ST @ WESTERN AVE,364207.345,5029268.313,11/7/16,16:22,01 - Clear,01 - Dry,02 - Stop sign,02 - Intersection related,05 - Dusk,03 - P.D. only,03 - Rear end
12224,SCOTT ST @ WESTERN AVE,364205.4692,5029268.458,11/10/16,16:35,01 - Clear,01 - Dry,02 - Stop sign,03 - At intersection,05 - Dusk,03 - P.D. only,02 - Angle
12225,SCOTT ST btwn TUNNEY'S PASTURE DRWY & PARKDALE AVE,364832.6839,5029654.055,3/23/16,0:00,01 - Clear,01 - Dry,10 - No control,01 - Non intersection,00 - Unknown,03 - P.D. only,06 - SMV unattended vehicle
12226,SCOUT ST btwn NIKI WAY & WHITESTONE DR,364518.2201,5025311.64,1/22/16,0:00,01 - Clear,05 - Packed snow,10 - No control,01 - Non intersection,00 - Unknown,03 - P.D. only,06 - SMV unattended vehicle
12227,SCOUT ST btwn NIKI WAY & WHITESTONE DR,364546.7066,5025328.021,4/3/16,0:00,01 - Clear,01 - Dry,10 - No control,01 - Non intersection,00 - Unknown,03 - P.D. only,06 - SMV unattended vehicle
12228,SCRIVENS ST btwn WALTER ST & CARLING AVE,359423.441,5024259.043,6/10/16,17:26,01 - Clear,01 - Dry,10 - No control,04 - At/near private drive,01 - Daylight,03 - P.D. only,02 - Angle
12229,SCULLY WAY btwn MULDER AVE & MULDER AVE,386128.9856,5037227.749,10/17/16,0:00,01 - Clear,01 - Dry,10 - No control,01 - Non intersection,00 - Unknown,03 - P.D. only,06 - SMV unattended vehicle
12230,SCULLY WAY btwn MULDER AVE & MULDER AVE,386130.6419,5037236.858,12/18/16,0:00,01 - Clear,03 - Loose snow,10 - No control,01 - Non intersection,00 - Unknown,03 - P.D. only,06 - SMV unattended vehicle
12231,SECOND AVE @ BRONSON AVE,367519.0998,5029162.141,2/18/16,10:29,01 - Clear,01 - Dry,02 - Stop sign,03 - At intersection,01 - Daylight,03 - P.D. only,02 - Angle
12232,SECOND AVE @ BRONSON AVE,367520.5348,5029162.141,10/14/16,18:37,01 - Clear,01 - Dry,02 - Stop sign,02 - Intersection related,07 - Dark,03 - P.D. only,03 - Rear end
12233,SECOND AVE btwn BANK ST & O'CONNOR ST,368347.87,5029653.138,6/29/16,15:00,01 - Clear,01 - Dry,10 - No control,01 - Non intersection,01 - Daylight,03 - P.D. only,06 - SMV unattended vehicle
12234,SECOND AVE btwn LYON ST S & BANK ST,368288.7945,5029619.316,6/1/16,18:15,01 - Clear,01 - Dry,10 - No control,01 - Non intersection,01 - Daylight,03 - P.D. only,06 - SMV unattended vehicle
12235,SECOND AVE btwn O'CONNOR ST & QUEEN ELIZABETH DRWY,368738.5745,5029885.53,2/23/16,15:26,01 - Clear,06 - Ice,10 - No control,01 - Non intersection,01 - Daylight,03 - P.D. only,06 - SMV unattended vehicle
12236,SECOND LINE RD @ THOMAS FULLER DR,347280.4463,5024065.513,11/24/16,22:25,05 - Drifting Snow,02 - Wet,02 - Stop sign,02 - Intersection related,07 - Dark,03 - P.D. only,07 - SMV other
12237,SECOND LINE RD btwn LAHEY CRT & MARCH RD,346039.8215,5025396.676,7/14/16,20:00,01 - Clear,01 - Dry,10 - No control,01 - Non intersection,01 - Daylight,02 - Non-fatal injury,03 - Rear end
12238,SECOND LINE RD btwn MALEY LANE & WILD ACRE LANE,346647.4759,5024745.271,11/14/16,7:00,01 - Clear,01 - Dry,10 - No control,01 - Non intersection,03 - Dawn,03 - P.D. only,07 - SMV other
12239,SECOND LINE RD btwn THOMAS A. DOLAN PKWY & MURPHY SIDE RD,342652.47,5028827.428,11/23/16,7:44,01 - Clear,01 - Dry,10 - No control,01 - Non intersection,01 - Daylight,03 - P.D. only,99 - Other
12240,SEELEY'S BAY ST btwn BURRITTS RAPIDS PL & WATERCOLOURS WAY,363900.4306,5012524.853,11/23/16,0:00,01 - Clear,06 - Ice,10 - No control,01 - Non intersection,00 - Unknown,03 - P.D. only,06 - SMV unattended vehicle
12241,SELENE WAY btwn MONACO PL & MONACO PL,384558.8551,5035051.353,5/16/16,0:00,01 - Clear,01 - Dry,10 - No control,01 - Non intersection,07 - Dark,03 - P.D. only,06 - SMV unattended vehicle
12242,SENECA ST @ SUNNYSIDE AVE,368224.1543,5028273.255,11/24/16,9:00,01 - Clear,03 - Loose snow,02 - Stop sign,02 - Intersection related,01 - Daylight,03 - P.D. only,03 - Rear end
12243,SENECA ST btwn GLEN AVE & GROVE AVE,368317.7281,5028117.412,6/17/16,14:00,01 - Clear,01 - Dry,10 - No control,01 - Non intersection,01 - Daylight,03 - P.D. only,06 - SMV unattended vehicle
12244,SERENA WAY btwn WOODROFFE AVE & TACOM CIRC,366333.8259,5015073.315,1/12/16,22:00,00 - Unknown,05 - Packed snow,10 - No control,01 - Non intersection,00 - Unknown,03 - P.D. only,06 - SMV unattended vehicle
12245,SERENITY AVE btwn BALLANTYNE DR & VENUS AVE,385775.3672,5037092.728,8/23/16,0:00,01 - Clear,01 - Dry,10 - No control,01 - Non intersection,00 - Unknown,03 - P.D. only,06 - SMV unattended vehicle
12246,SEVERN AVE btwn ARKELL ST & CONNAUGHT AVE,360994.7171,5024358.377,10/17/16,9:30,01 - Clear,01 - Dry,10 - No control,04 - At/near private drive,01 - Daylight,03 - P.D. only,05 - Turning movement
12247,SEYTON DR btwn FORESTER CRES & RICHMOND RD,357319.3793,5019330.137,2/7/16,7:31,01 - Clear,02 - Wet,10 - No control,01 - Non intersection,03 - Dawn,03 - P.D. only,07 - SMV other
12248,SEYTON DR btwn FORESTVIEW CRES & FORESTVIEW CRES,356947.0665,5019598.629,1/13/16,14:10,01 - Clear,03 - Loose snow,10 - No control,01 - Non intersection,01 - Daylight,03 - P.D. only,06 - SMV unattended vehicle
12249,SEYTON DR btwn HAMMILL CRT & CYMBELINE DR,356905.151,5019969.761,2/3/16,19:00,01 - Clear,04 - Slush,10 - No control,01 - Non intersection,07 - Dark,03 - P.D. only,06 - SMV unattended vehicle
12250,SEYTON DR btwn LOVELL LANE & TYRRELL PL,357122.5345,5019765.026,4/22/16,2:30,01 - Clear,01 - Dry,10 - No control,01 - Non intersection,07 - Dark,03 - P.D. only,06 - SMV unattended vehicle
12251,SEYTON DR btwn TYRRELL PL & WIFFEN PRIV,357150.4771,5019695.57,2/3/16,13:47,01 - Clear,06 - Ice,10 - No control,01 - Non intersection,01 - Daylight,03 - P.D. only,06 - SMV unattended vehicle
12252,SHACKLEFORD WAY btwn CENTO WAY & ROSEHILL AVE,350104.9867,5016220.682,5/16/16,8:31,01 - Clear,01 - Dry,10 - No control,01 - Non intersection,01 - Daylight,03 - P.D. only,06 - SMV unattended vehicle
12253,SHADETREE CRES btwn FOUR SEASONS DR & FOUR SEASONS DR,366519.9645,5024058.737,12/12/16,0:00,01 - Clear,01 - Dry,10 - No control,01 - Non intersection,00 - Unknown,03 - P.D. only,06 - SMV unattended vehicle
12254,SHADY GROVE ST btwn WOODROFFE AVE & STONELEIGH ST,366521.3925,5014720.396,2/20/16,10:54,03 - Snow,04 - Slush,10 - No control,04 - At/near private drive,01 - Daylight,03 - P.D. only,06 - SMV unattended vehicle
12255,SHAKESPEARE ST @ GRANVILLE ST,370779.0117,5033668.299,12/8/16,12:36,03 - Snow,04 - Slush,02 - Stop sign,02 - Intersection related,01 - Daylight,03 - P.D. only,02 - Angle
12256,SHANNONDOE CRES E @ STONEMEADOW DR,355759.4072,5016489.206,2/29/16,8:56,04 - Freezing Rain,06 - Ice,02 - Stop sign,03 - At intersection,01 - Daylight,03 - P.D. only,02 - Angle
12257,SHAUGHNESSY CRES btwn KNUDSON DR & WINDEYER CRES (2),350695.7807,5020260.765,3/2/16,16:40,01 - Clear,05 - Packed snow,10 - No control,01 - Non intersection,01 - Daylight,03 - P.D. only,06 - SMV unattended vehicle
12258,SHEA RD btwn FALLOWFIELD RD & AKINS RD,354077.6178,5010943.887,10/3/16,10:41,01 - Clear,02 - Wet,10 - No control,01 - Non intersection,01 - Daylight,03 - P.D. only,07 - SMV other
12259,SHEA RD btwn FERNBANK RD & FLEWELLYN RD,352666.7499,5012550.646,2/5/16,19:18,01 - Clear,01 - Dry,10 - No control,01 - Non intersection,07 - Dark,02 - Non-fatal injury,07 - SMV other
12260,SHEA RD btwn FERNBANK RD & FLEWELLYN RD,352980.2083,5012190.432,2/3/16,8:15,04 - Freezing Rain,04 - Slush,10 - No control,01 - Non intersection,01 - Daylight,03 - P.D. only,01 - Approaching
12261,SHEA RD btwn FERNBANK RD & FLEWELLYN RD,352324.1774,5012931.227,12/10/16,0:54,01 - Clear,01 - Dry,10 - No control,01 - Non intersection,07 - Dark,03 - P.D. only,07 - SMV other
12262,SHEA RD btwn TO BE DETERMINED & FALLOWFIELD RD,353962.8667,5011127.091,10/27/16,18:21,03 - Snow,04 - Slush,10 - No control,01 - Non intersection,07 - Dark,03 - P.D. only,07 - SMV other
12263,SHEA RD btwn TO BE DETERMINED & FALLOWFIELD RD,353861.0264,5011225.813,7/26/16,20:00,01 - Clear,01 - Dry,10 - No control,01 - Non intersection,01 - Daylight,03 - P.D. only,04 - Sideswipe
12264,SHEARER CRES btwn STURSBERG WAY & PICKFORD DR,352672.0092,5018812.904,11/23/16,7:46,01 - Clear,06 - Ice,10 - No control,04 - At/near private drive,01 - Daylight,03 - P.D. only,02 - Angle
12265,SHEFFIELD RD @ WALKLEY RD,375258.5633,5028784.125,11/23/16,10:01,01 - Clear,01 - Dry,01 - Traffic signal,02 - Intersection related,01 - Daylight,02 - Non-fatal injury,03 - Rear end
12266,SHEFFIELD RD @ WALKLEY RD,375256.6374,5028784.758,11/3/16,11:16,02 - Rain,02 - Wet,01 - Traffic signal,03 - At intersection,01 - Daylight,02 - Non-fatal injury,05 - Turning movement
12267,SHEFFIELD RD @ WALKLEY RD,375257.5885,5028784.992,8/4/16,12:57,01 - Clear,01 - Dry,01 - Traffic signal,03 - At intersection,01 - Daylight,03 - P.D. only,05 - Turning movement
12268,SHEFFIELD RD @ WALKLEY RD,375256.6077,5028785.215,6/20/16,15:39,01 - Clear,01 - Dry,01 - Traffic signal,02 - Intersection related,01 - Daylight,03 - P.D. only,03 - Rear end
12269,SHEFFIELD RD @ WALKLEY RD,375258.5633,5028784.125,10/8/16,16:12,01 - Clear,01 - Dry,01 - Traffic signal,02 - Intersection related,01 - Daylight,03 - P.D. only,03 - Rear end
12270,SHEFFIELD RD @ WALKLEY RD,375257.7351,5028784.125,10/28/16,13:00,02 - Rain,02 - Wet,01 - Traffic signal,02 - Intersection related,01 - Daylight,03 - P.D. only,03 - Rear end
12271,SHEFFIELD RD @ WALKLEY RD,375256.2342,5028786.415,1/15/16,17:26,01 - Clear,05 - Packed snow,01 - Traffic signal,02 - Intersection related,05 - Dusk,03 - P.D. only,03 - Rear end
12272,SHEFFIELD RD @ WALKLEY RD,375256.0788,5028784.953,6/23/16,6:05,01 - Clear,01 - Dry,01 - Traffic signal,02 - Intersection related,01 - Daylight,03 - P.D. only,03 - Rear end
12273,SHEFFIELD RD @ WALKLEY RD,375257.5096,5028784.313,6/6/16,16:05,01 - Clear,01 - Dry,01 - Traffic signal,03 - At intersection,01 - Daylight,03 - P.D. only,03 - Rear end
12274,SHEFFIELD RD @ WALKLEY RD,375257.6317,5028784.865,11/7/16,16:10,01 - Clear,01 - Dry,01 - Traffic signal,03 - At intersection,01 - Daylight,03 - P.D. only,02 - Angle
12275,SHEFFIELD RD @ WALKLEY RD,375257.7351,5028784.539,6/30/16,7:25,01 - Clear,01 - Dry,01 - Traffic signal,03 - At intersection,01 - Daylight,03 - P.D. only,03 - Rear end
12276,SHEFFIELD RD btwn INNES PARK WAY & BANTREE ST,374447.1285,5030461.028,12/5/16,6:08,03 - Snow,05 - Packed snow,10 - No control,01 - Non intersection,07 - Dark,03 - P.D. only,01 - Approaching
12277,SHEFFIELD RD btwn LEEDS AVE & TO BE DETERMINED,374963.0556,5029328.846,1/18/16,12:59,05 - Drifting Snow,06 - Ice,10 - No control,04 - At/near private drive,01 - Daylight,03 - P.D. only,03 - Rear end
12278,SHEFFIELD RD btwn TO BE DETERMINED & WALKLEY RD,375218.8894,5028856.237,3/9/16,15:49,02 - Rain,02 - Wet,10 - No control,01 - Non intersection,01 - Daylight,03 - P.D. only,05 - Turning movement
12279,SHEFFORD RD btwn CANOTEK RD & MONTREAL RD,376066.807,5035001.463,5/8/16,14:54,01 - Clear,01 - Dry,10 - No control,01 - Non intersection,01 - Daylight,03 - P.D. only,05 - Turning movement
12280,SHEFFORD RD btwn EMARD CRES & LOYOLA AVE,375920.2311,5035372.047,4/14/16,6:50,01 - Clear,01 - Dry,10 - No control,01 - Non intersection,01 - Daylight,02 - Non-fatal injury,03 - Rear end
12281,SHELDRAKE DR btwn MORTON DR & BINSCARTH CRES,353193.0257,5016899.061,5/27/16,0:00,01 - Clear,01 - Dry,10 - No control,01 - Non intersection,00 - Unknown,03 - P.D. only,06 - SMV unattended vehicle
12282,SHELLEY AVE btwn DEVON ST & ORCHID DR,372001.9799,5030053.397,8/11/16,0:00,01 - Clear,01 - Dry,10 - No control,01 - Non intersection,00 - Unknown,03 - P.D. only,06 - SMV unattended vehicle
12283,SHERBOURNE RD @ FRASER AVE,362852.8299,5026667.918,8/26/16,17:28,01 - Clear,01 - Dry,02 - Stop sign,02 - Intersection related,01 - Daylight,03 - P.D. only,02 - Angle
12284,SHERBOURNE RD btwn COURTENAY AVE & COURTENAY AVE,362396.7778,5026620.623,2/29/16,10:06,01 - Clear,01 - Dry,10 - No control,04 - At/near private drive,01 - Daylight,02 - Non-fatal injury,02 - Angle
12285,SHERBOURNE RD btwn COURTENAY AVE & WINDERMERE AVE,362464.0116,5026611.55,7/31/16,22:56,01 - Clear,01 - Dry,10 - No control,01 - Non intersection,07 - Dark,03 - P.D. only,01 - Approaching
12286,SHERBOURNE RD btwn FRASER AVE & BROMLEY RD,362914.1517,5026604.557,11/24/16,21:54,01 - Clear,02 - Wet,10 - No control,01 - Non intersection,07 - Dark,03 - P.D. only,07 - SMV other
12287,SHERBROOKE AVE @ WELLINGTON ST,365420.5293,5029501.144,5/20/16,16:40,01 - Clear,01 - Dry,02 - Stop sign,02 - Intersection related,01 - Daylight,03 - P.D. only,03 - Rear end
12288,SHERWOOD DR btwn HINTON AVE S & HAMILTON AVE S,365250.015,5028689.905,3/14/16,14:09,02 - Rain,02 - Wet,10 - No control,04 - At/near private drive,01 - Daylight,03 - P.D. only,99 - Other
12289,SHILLINGTON AVE btwn ADMIRAL AVE & SPROULE ST,365307.6018,5027099.086,3/8/16,0:00,00 - Unknown,99 - Other,10 - No control,01 - Non intersection,00 - Unknown,03 - P.D. only,06 - SMV unattended vehicle
12290,SHINLEAF CRES btwn COMPASS ST & TOURNESOLS CRT,"382,197.79","5,033,332.03",6/18/16,0:00,01 - Clear,01 - Dry,10 - No control,01 - Non intersection,00 - Unknown,03 - P.D. only,06 - SMV unattended vehicle
12291,SHIRLEY'S BROOK DR btwn ARRISDALE CRT & CATTERICK CRES,350226.4235,5024145.891,5/31/16,0:00,01 - Clear,01 - Dry,10 - No control,01 - Non intersection,00 - Unknown,03 - P.D. only,06 - SMV unattended vehicle
12292,SHIRLEY'S BROOK DR btwn KINROSS PRIV & MARCONI AVE,350021.832,5024124.721,12/6/16,20:56,01 - Clear,03 - Loose snow,10 - No control,01 - Non intersection,07 - Dark,03 - P.D. only,07 - SMV other
12293,SHIRLEY'S BROOK DR btwn MORGAN'S GRANT WAY & INVERARY DR,349684.5349,5023638.388,9/26/16,22:01,02 - Rain,02 - Wet,10 - No control,04 - At/near private drive,07 - Dark,03 - P.D. only,03 - Rear end
12294,SHIRLEY'S BROOK DR btwn SANDHILL RD & HELMSDALE DR,350033.5992,5023888.845,11/9/16,20:41,"07 - Fog, mist, smoke, dust",01 - Dry,10 - No control,01 - Non intersection,07 - Dark,03 - P.D. only,06 - SMV unattended vehicle
12295,SHORE ST @ ST. LAURENT BLVD,372802.6891,5030719.442,5/27/16,16:50,01 - Clear,01 - Dry,02 - Stop sign,03 - At intersection,01 - Daylight,02 - Non-fatal injury,02 - Angle
12296,SHOREHAM AVE btwn BENTWORTH CRES & BENTWORTH CRES,361488.8391,5021429.454,3/4/16,14:29,01 - Clear,01 - Dry,10 - No control,04 - At/near private drive,01 - Daylight,03 - P.D. only,99 - Other
12297,SILVER BARK AVE btwn TO BE DETERMINED & DES EPINETTES AVE,382319.7494,5036275.898,3/28/16,21:30,01 - Clear,01 - Dry,10 - No control,01 - Non intersection,07 - Dark,03 - P.D. only,06 - SMV unattended vehicle
12298,SILVER HORSE CRES btwn EQUESTRIAN DR & EQUESTRIAN DR,355086.8646,5016250.987,5/23/16,0:00,01 - Clear,01 - Dry,10 - No control,01 - Non intersection,00 - Unknown,03 - P.D. only,06 - SMV unattended vehicle
12299,SILVER PINES CRES btwn APPLE LEAF WAY & APPLE LEAF WAY,380468.3693,5033562.084,11/17/16,8:37,01 - Clear,01 - Dry,10 - No control,01 - Non intersection,01 - Daylight,03 - P.D. only,06 - SMV unattended vehicle
12300,SILVER SEVEN RD btwn 280 N OF PALLADIUM DR/COSTCO SC & PALLADIUM DR,350983.3097,5017963.057,5/2/16,17:30,01 - Clear,01 - Dry,10 - No control,04 - At/near private drive,01 - Daylight,03 - P.D. only,02 - Angle
12301,SILVER SEVEN RD btwn FRANK NIGHBOR PL & 280 N OF PALLADIUM DR/COSTCO S,350824.6203,5018144.528,9/11/16,16:12,01 - Clear,01 - Dry,10 - No control,04 - At/near private drive,01 - Daylight,03 - P.D. only,02 - Angle
12302,SILVER SEVEN RD btwn FRANK NIGHBOR PL & 280 N OF PALLADIUM DR/COSTCO S,350851.6452,5018112.743,11/18/16,14:35,01 - Clear,01 - Dry,10 - No control,04 - At/near private drive,01 - Daylight,03 - P.D. only,02 - Angle
12303,SILVER ST @ SUMMERVILLE AVE,365209.0403,5026652.202,9/17/16,11:51,01 - Clear,02 - Wet,02 - Stop sign,03 - At intersection,01 - Daylight,03 - P.D. only,02 - Angle
12304,SILVER ST btwn CHRISTINE AVE & EMPEROR AVE,365128.6046,5026862.443,10/17/16,23:50,01 - Clear,02 - Wet,10 - No control,01 - Non intersection,07 - Dark,03 - P.D. only,06 - SMV unattended vehicle
12305,SILVERLACE PRIV btwn BELLFLOWER PRIV & CORALBELL PRIV,372800.8549,5024957.691,5/11/16,22:25,01 - Clear,01 - Dry,10 - No control,04 - At/near private drive,07 - Dark,03 - P.D. only,07 - SMV other
12306,SILVERMOON CRES btwn HARVEST VALLEY AVE & GLASTONBURY WALK,385223.732,5034669.454,10/10/16,6:19,01 - Clear,01 - Dry,10 - No control,04 - At/near private drive,07 - Dark,03 - P.D. only,06 - SMV unattended vehicle
12307,SILVESTRI CRES btwn MATHESON RD & TREATY CRT,373223.0848,5032632.551,11/19/16,13:00,01 - Clear,01 - Dry,10 - No control,01 - Non intersection,01 - Daylight,03 - P.D. only,99 - Other
12308,SIMARD DR @ VISENEAU DR,381285.6334,5035389.343,3/1/16,15:39,01 - Clear,01 - Dry,02 - Stop sign,03 - At intersection,01 - Daylight,03 - P.D. only,02 - Angle
12309,SIMS AVE btwn PARKDALE AVE & BEVERLEY AVE,365362.4652,5029036.018,5/30/16,7:21,01 - Clear,01 - Dry,10 - No control,01 - Non intersection,01 - Daylight,03 - P.D. only,06 - SMV unattended vehicle
12310,SIOUX CRES btwn OKANAGAN DR & OKANAGAN DR,359358.304,5021990.583,4/15/16,19:50,01 - Clear,01 - Dry,10 - No control,04 - At/near private drive,07 - Dark,03 - P.D. only,99 - Other