Record,Location,X,Y,Date,Time,Environment,Road_Surface,Traffic_Control,Collision_Location,Light,Collision_Classification,Impact_type
12311,SIXTH LINE RD @ BERRY SIDE RD,348076.7835,5031346.285,6/21/16,20:20,01 - Clear,01 - Dry,02 - Stop sign,03 - At intersection,01 - Daylight,03 - P.D. only,05 - Turning movement
12312,SIXTH LINE RD btwn BERRY SIDE RD & RIDDELL DR,348472.4715,5030956.631,1/6/16,7:30,01 - Clear,01 - Dry,10 - No control,01 - Non intersection,03 - Dawn,03 - P.D. only,07 - SMV other
12313,SIXTH ST btwn ST. BERNARD ST & BELLMANOR CRT,373426.2224,5023953.786,11/30/16,15:45,02 - Rain,02 - Wet,10 - No control,01 - Non intersection,01 - Daylight,03 - P.D. only,99 - Other
12314,SLACK RD @ WOODROFFE AVE,364234.5117,5019973.236,11/18/16,9:39,01 - Clear,01 - Dry,01 - Traffic signal,02 - Intersection related,01 - Daylight,02 - Non-fatal injury,03 - Rear end
12315,SLACK RD @ WOODROFFE AVE,364233.464,5019975.576,2/25/16,18:48,01 - Clear,06 - Ice,01 - Traffic signal,02 - Intersection related,07 - Dark,03 - P.D. only,04 - Sideswipe
12316,SLACK RD @ WOODROFFE AVE,364232.1826,5019974.103,1/9/16,17:30,01 - Clear,01 - Dry,01 - Traffic signal,02 - Intersection related,05 - Dusk,03 - P.D. only,03 - Rear end
12317,SLACK RD @ WOODROFFE AVE,364233.9498,5019974.212,3/22/16,12:21,01 - Clear,01 - Dry,01 - Traffic signal,02 - Intersection related,01 - Daylight,03 - P.D. only,04 - Sideswipe
12318,SLACK RD @ WOODROFFE AVE,364234.7812,5019974.698,9/26/16,4:55,01 - Clear,01 - Dry,01 - Traffic signal,03 - At intersection,07 - Dark,03 - P.D. only,05 - Turning movement
12319,SLACK RD @ WOODROFFE AVE,364232.8553,5019974.892,12/12/16,7:39,03 - Snow,03 - Loose snow,01 - Traffic signal,02 - Intersection related,03 - Dawn,03 - P.D. only,03 - Rear end
12320,SLACK RD btwn GRENFELL CRES & MERIVALE RD,365839.1963,5020860.919,5/18/16,9:09,01 - Clear,01 - Dry,10 - No control,01 - Non intersection,01 - Daylight,03 - P.D. only,01 - Approaching
12321,SLACK RD btwn TURN LANE & VAAN DR,364790.4724,5020284.448,2/19/16,9:03,01 - Clear,01 - Dry,10 - No control,01 - Non intersection,01 - Daylight,02 - Non-fatal injury,01 - Approaching
12322,SLACK RD btwn VAAN DR & GRENFELL CRES,365381.4999,5020606.729,1/3/16,10:33,03 - Snow,03 - Loose snow,10 - No control,04 - At/near private drive,01 - Daylight,02 - Non-fatal injury,03 - Rear end
12323,SLACK RD btwn VAAN DR & GRENFELL CRES,365618.994,5020739.602,4/20/16,16:19,01 - Clear,01 - Dry,10 - No control,04 - At/near private drive,01 - Daylight,03 - P.D. only,04 - Sideswipe
12324,SLACK RD btwn VAAN DR & GRENFELL CRES,365032.3116,5020416.924,10/28/16,0:16,03 - Snow,03 - Loose snow,10 - No control,01 - Non intersection,07 - Dark,03 - P.D. only,07 - SMV other
12325,SLATER ST btwn ALBERT ST & COMMISSIONER ST,366737.7001,5030912.843,5/20/16,17:05,01 - Clear,01 - Dry,10 - No control,01 - Non intersection,01 - Daylight,03 - P.D. only,04 - Sideswipe
12326,SLATER ST btwn BANK ST & O'CONNOR ST,367557.6595,5031437.394,6/10/16,15:16,01 - Clear,01 - Dry,10 - No control,01 - Non intersection,01 - Daylight,02 - Non-fatal injury,07 - SMV other
12327,SLATER ST btwn BANK ST & O'CONNOR ST,367561.2636,5031440.038,10/26/16,7:00,01 - Clear,01 - Dry,10 - No control,01 - Non intersection,03 - Dawn,03 - P.D. only,04 - Sideswipe
12328,SLATER ST btwn BANK ST & O'CONNOR ST,367465.9651,5031380.507,6/18/16,19:48,01 - Clear,01 - Dry,10 - No control,01 - Non intersection,01 - Daylight,03 - P.D. only,04 - Sideswipe
12329,SLATER ST btwn BANK ST & O'CONNOR ST,367436.5992,5031361.535,4/6/16,18:26,03 - Snow,03 - Loose snow,10 - No control,01 - Non intersection,01 - Daylight,03 - P.D. only,03 - Rear end
12330,SLATER ST btwn BANK ST & O'CONNOR ST,367494.9549,5031399.363,9/28/16,15:46,01 - Clear,01 - Dry,10 - No control,04 - At/near private drive,01 - Daylight,03 - P.D. only,99 - Other
12331,SLATER ST btwn BAY ST & LYON ST N,367091.2824,5031144.749,4/13/16,10:35,01 - Clear,01 - Dry,10 - No control,01 - Non intersection,01 - Daylight,03 - P.D. only,04 - Sideswipe
12332,SLATER ST btwn BAY ST & LYON ST N,367085.4207,5031142.037,2/29/16,17:15,01 - Clear,01 - Dry,10 - No control,01 - Non intersection,01 - Daylight,03 - P.D. only,04 - Sideswipe
12333,SLATER ST btwn KENT ST & BANK ST,367351.1564,5031307.673,1/5/16,12:19,01 - Clear,01 - Dry,10 - No control,01 - Non intersection,01 - Daylight,03 - P.D. only,06 - SMV unattended vehicle
12334,SLATER ST btwn KENT ST & BANK ST,367342.6587,5031303.741,7/27/16,13:31,01 - Clear,01 - Dry,10 - No control,01 - Non intersection,01 - Daylight,03 - P.D. only,04 - Sideswipe
12335,SLATER ST btwn LYON ST N & KENT ST,367130.0338,5031168.736,12/29/16,8:40,03 - Snow,03 - Loose snow,10 - No control,01 - Non intersection,01 - Daylight,02 - Non-fatal injury,03 - Rear end
12336,SLATER ST btwn LYON ST N & KENT ST,367180.7381,5031201.99,8/28/16,0:00,01 - Clear,01 - Dry,10 - No control,01 - Non intersection,00 - Unknown,03 - P.D. only,06 - SMV unattended vehicle
12337,SLATER ST btwn LYON ST N & KENT ST,367251.1099,5031246.499,6/25/16,1:30,01 - Clear,01 - Dry,10 - No control,01 - Non intersection,07 - Dark,03 - P.D. only,04 - Sideswipe
12338,SLATER ST btwn LYON ST N & KENT ST,367112.1137,5031158.79,2/16/16,9:23,03 - Snow,03 - Loose snow,10 - No control,01 - Non intersection,01 - Daylight,03 - P.D. only,03 - Rear end
12339,SLATER ST btwn METCALFE ST & ELGIN ST,367865.8998,5031630.11,9/13/16,16:59,01 - Clear,01 - Dry,10 - No control,01 - Non intersection,01 - Daylight,03 - P.D. only,04 - Sideswipe
12340,SLATER ST btwn METCALFE ST & ELGIN ST,367881.2675,5031641.526,8/25/16,18:14,01 - Clear,01 - Dry,10 - No control,01 - Non intersection,01 - Daylight,03 - P.D. only,07 - SMV other
12341,SLATER ST btwn METCALFE ST & ELGIN ST,367883.902,5031642.404,10/13/16,10:33,01 - Clear,01 - Dry,10 - No control,01 - Non intersection,01 - Daylight,03 - P.D. only,07 - SMV other
12342,SLATER ST btwn METCALFE ST & ELGIN ST,367807.0634,5031594.105,11/15/16,6:40,01 - Clear,01 - Dry,10 - No control,01 - Non intersection,03 - Dawn,03 - P.D. only,05 - Turning movement
12343,SLATER ST btwn O'CONNOR ST & METCALFE ST,367679.3084,5031516.841,1/17/16,23:15,03 - Snow,04 - Slush,10 - No control,01 - Non intersection,07 - Dark,03 - P.D. only,04 - Sideswipe
12344,SLATER ST btwn O'CONNOR ST & METCALFE ST,367595.7312,5031461.773,10/14/16,20:50,01 - Clear,01 - Dry,10 - No control,01 - Non intersection,07 - Dark,03 - P.D. only,06 - SMV unattended vehicle
12345,SLEAFORD GT @ CLARIDGE DR,365425.6007,5016635.35,10/26/16,8:47,01 - Clear,01 - Dry,02 - Stop sign,02 - Intersection related,01 - Daylight,02 - Non-fatal injury,02 - Angle
12346,SMYTH RD @ BOTSFORD ST/DAUPHIN RD,372244.5616,5029260.303,12/20/16,18:23,03 - Snow,02 - Wet,01 - Traffic signal,03 - At intersection,07 - Dark,02 - Non-fatal injury,07 - SMV other
12347,SMYTH RD @ BOTSFORD ST/DAUPHIN RD,372243.1003,5029261.552,1/4/16,12:00,01 - Clear,01 - Dry,01 - Traffic signal,02 - Intersection related,01 - Daylight,03 - P.D. only,03 - Rear end
12348,SMYTH RD @ GENERAL HOSPITAL E,371517.3864,5029179.545,10/21/16,20:18,02 - Rain,02 - Wet,01 - Traffic signal,02 - Intersection related,07 - Dark,03 - P.D. only,04 - Sideswipe
12349,SMYTH RD @ GENERAL HOSPITAL E,371516.223,5029181.669,9/10/16,19:54,01 - Clear,01 - Dry,01 - Traffic signal,03 - At intersection,07 - Dark,03 - P.D. only,05 - Turning movement
12350,SMYTH RD @ GENERAL HOSPITAL E,371516.4843,5029182.024,12/9/16,8:57,01 - Clear,06 - Ice,01 - Traffic signal,02 - Intersection related,01 - Daylight,03 - P.D. only,03 - Rear end
12351,SMYTH RD @ RIVERSIDE HOSPITAL,369988.7082,5029118.898,10/19/16,12:30,01 - Clear,01 - Dry,01 - Traffic signal,02 - Intersection related,01 - Daylight,02 - Non-fatal injury,03 - Rear end
12352,SMYTH RD @ RIVERSIDE HOSPITAL,369988.7186,5029119.379,9/12/16,15:03,01 - Clear,01 - Dry,01 - Traffic signal,03 - At intersection,01 - Daylight,02 - Non-fatal injury,05 - Turning movement
12353,SMYTH RD @ RIVERSIDE HOSPITAL,369988.9576,5029120.049,3/1/16,14:19,01 - Clear,01 - Dry,01 - Traffic signal,02 - Intersection related,01 - Daylight,03 - P.D. only,03 - Rear end
12354,SMYTH RD @ RIVERSIDE HOSPITAL,369988.2706,5029120.14,3/10/16,14:55,01 - Clear,02 - Wet,01 - Traffic signal,03 - At intersection,01 - Daylight,03 - P.D. only,05 - Turning movement
12355,SMYTH RD @ RIVERSIDE HOSPITAL,369986.8842,5029120.836,7/18/16,14:24,01 - Clear,01 - Dry,01 - Traffic signal,02 - Intersection related,01 - Daylight,03 - P.D. only,03 - Rear end
12356,SMYTH RD @ RIVERSIDE HOSPITAL,369987.4014,5029121.443,6/24/16,16:23,01 - Clear,01 - Dry,01 - Traffic signal,03 - At intersection,01 - Daylight,03 - P.D. only,05 - Turning movement
12357,SMYTH RD @ RIVERSIDE HOSPITAL,369986.8842,5029120.836,7/13/16,11:46,01 - Clear,01 - Dry,01 - Traffic signal,03 - At intersection,01 - Daylight,03 - P.D. only,05 - Turning movement
12358,SMYTH RD @ SMYTH RD NORTH SIDE RAMP/SMYTH RD S,369918.1924,5029122.015,9/25/16,23:15,01 - Clear,01 - Dry,03 - Yield sign,03 - At intersection,07 - Dark,03 - P.D. only,02 - Angle
12359,SMYTH RD @ SMYTH RD NORTH SIDE RAMP/SMYTH RD S,369916.9477,5029121.711,10/5/16,15:40,01 - Clear,01 - Dry,03 - Yield sign,02 - Intersection related,01 - Daylight,03 - P.D. only,03 - Rear end
12360,SMYTH RD @ SOUTH HAVEN PL/GENERAL HOSPITAL ENTRANCE W,371121.5529,5029134.482,9/17/16,15:43,02 - Rain,02 - Wet,01 - Traffic signal,02 - Intersection related,01 - Daylight,02 - Non-fatal injury,03 - Rear end
12361,SMYTH RD @ SOUTH HAVEN PL/GENERAL HOSPITAL ENTRANCE W,371120.4974,5029136.553,7/7/16,11:24,01 - Clear,01 - Dry,01 - Traffic signal,02 - Intersection related,01 - Daylight,02 - Non-fatal injury,03 - Rear end
12362,SMYTH RD @ SOUTH HAVEN PL/GENERAL HOSPITAL ENTRANCE W,371120.0558,5029136.553,12/7/16,14:34,01 - Clear,01 - Dry,01 - Traffic signal,02 - Intersection related,01 - Daylight,02 - Non-fatal injury,04 - Sideswipe
12363,SMYTH RD @ SOUTH HAVEN PL/GENERAL HOSPITAL ENTRANCE W,371121.7956,5029136.24,6/10/16,9:15,01 - Clear,01 - Dry,01 - Traffic signal,02 - Intersection related,01 - Daylight,03 - P.D. only,03 - Rear end
12364,SMYTH RD @ SOUTH HAVEN PL/GENERAL HOSPITAL ENTRANCE W,371120.7247,5029134.482,12/9/16,7:11,03 - Snow,06 - Ice,01 - Traffic signal,02 - Intersection related,03 - Dawn,03 - P.D. only,03 - Rear end
12365,SMYTH RD btwn BROADMOOR AVE & SOUTH HAVEN PL,371045.8592,5029126.333,4/25/16,17:18,01 - Clear,01 - Dry,10 - No control,01 - Non intersection,01 - Daylight,03 - P.D. only,07 - SMV other
12366,SMYTH RD btwn GENERAL HOSPITAL & LYNDA LANE,371576.9844,5029186.485,8/16/16,12:41,01 - Clear,01 - Dry,10 - No control,01 - Non intersection,01 - Daylight,03 - P.D. only,04 - Sideswipe
12367,SMYTH RD btwn MAIN ST & RAMP,369592.0786,5029233.46,1/9/16,14:37,01 - Clear,02 - Wet,10 - No control,01 - Non intersection,01 - Daylight,03 - P.D. only,03 - Rear end
12368,SMYTH RD btwn MAIN ST & RAMP,369787.88,5029158.223,3/30/16,9:13,01 - Clear,01 - Dry,10 - No control,01 - Non intersection,01 - Daylight,03 - P.D. only,04 - Sideswipe
12369,SMYTH RD btwn MAIN ST & RAMP,369724.6768,5029182.241,11/3/16,7:43,02 - Rain,02 - Wet,10 - No control,01 - Non intersection,01 - Daylight,03 - P.D. only,03 - Rear end
12370,SMYTH RD btwn RIVERSIDE HOSPITAL & ALTA VISTA DR,370406.5908,5029084.412,2/25/16,17:50,04 - Freezing Rain,06 - Ice,10 - No control,01 - Non intersection,07 - Dark,03 - P.D. only,04 - Sideswipe
12371,SMYTH RD btwn RIVERSIDE HOSPITAL & SMYTH RD SOUTH SIDE RAMP,369920.9332,5029120.552,8/4/16,7:17,01 - Clear,01 - Dry,10 - No control,01 - Non intersection,01 - Daylight,02 - Non-fatal injury,04 - Sideswipe
12372,SMYTH RD btwn RIVERSIDE HOSPITAL & SMYTH RD SOUTH SIDE RAMP,369928.5649,5029121.004,9/23/16,9:54,01 - Clear,01 - Dry,10 - No control,01 - Non intersection,01 - Daylight,03 - P.D. only,04 - Sideswipe
12373,SMYTH RD btwn ROGER GUINDON AVE & BOTSFORD ST,372007.5856,5029234.54,5/26/16,7:58,01 - Clear,01 - Dry,10 - No control,04 - At/near private drive,01 - Daylight,03 - P.D. only,02 - Angle
12374,SMYTH RD btwn ROGER GUINDON AVE & BOTSFORD ST,372034.4729,5029239.295,1/6/16,8:38,01 - Clear,02 - Wet,10 - No control,01 - Non intersection,01 - Daylight,03 - P.D. only,03 - Rear end
12375,SMYTH RD btwn ROGER GUINDON AVE & BOTSFORD ST,372026.8837,5029238.49,3/25/16,7:51,04 - Freezing Rain,06 - Ice,10 - No control,01 - Non intersection,01 - Daylight,03 - P.D. only,04 - Sideswipe
12376,SMYTH RD btwn SAUNDERSON DR & CUBA AVE,372814.1484,5029326.844,2/25/16,19:48,03 - Snow,06 - Ice,10 - No control,01 - Non intersection,07 - Dark,03 - P.D. only,03 - Rear end
12377,SMYTH RD btwn SAUNDERSON DR & CUBA AVE,372956.5813,5029341.187,1/31/16,12:30,01 - Clear,01 - Dry,10 - No control,01 - Non intersection,01 - Daylight,03 - P.D. only,04 - Sideswipe
12378,SMYTH RD btwn SAUNDERSON DR & CUBA AVE,372960.8203,5029341.942,4/12/16,10:57,01 - Clear,01 - Dry,10 - No control,01 - Non intersection,01 - Daylight,03 - P.D. only,04 - Sideswipe
12379,SMYTH RD btwn SOUTH HAVEN PL & HIGHLAND TER,371316.6582,5029158.772,3/9/16,19:13,01 - Clear,02 - Wet,10 - No control,01 - Non intersection,07 - Dark,02 - Non-fatal injury,03 - Rear end
12380,SMYTH RD btwn SOUTH HAVEN PL & HIGHLAND TER,371201.8841,5029144.42,6/30/16,13:14,01 - Clear,01 - Dry,10 - No control,04 - At/near private drive,01 - Daylight,02 - Non-fatal injury,05 - Turning movement
12381,SMYTH RD E/LANCASTER RD @ ST. LAURENT BLVD N/R,373364.5099,5029424.331,7/30/16,3:28,01 - Clear,01 - Dry,01 - Traffic signal,03 - At intersection,07 - Dark,02 - Non-fatal injury,07 - SMV other
12382,SMYTH RD E/LANCASTER RD @ ST. LAURENT BLVD N/R,373364.8597,5029424.191,3/17/16,12:42,01 - Clear,01 - Dry,01 - Traffic signal,03 - At intersection,01 - Daylight,03 - P.D. only,03 - Rear end
12383,SMYTH RD E/LANCASTER RD @ ST. LAURENT BLVD N/R,373364.1089,5029425.111,10/3/16,9:05,01 - Clear,01 - Dry,01 - Traffic signal,02 - Intersection related,01 - Daylight,03 - P.D. only,05 - Turning movement
12384,SMYTH RD E/LANCASTER RD @ ST. LAURENT BLVD N/R,373364.9549,5029423.874,6/15/16,12:45,01 - Clear,01 - Dry,01 - Traffic signal,02 - Intersection related,01 - Daylight,03 - P.D. only,03 - Rear end
12385,SMYTH RD E/LANCASTER RD @ ST. LAURENT BLVD N/R,373364.867,5029424.074,1/4/16,11:55,01 - Clear,01 - Dry,01 - Traffic signal,02 - Intersection related,01 - Daylight,03 - P.D. only,03 - Rear end
12386,SMYTH RD E/LANCASTER RD @ ST. LAURENT BLVD N/R,373364.9539,5029423.877,4/11/16,12:44,01 - Clear,01 - Dry,01 - Traffic signal,02 - Intersection related,01 - Daylight,03 - P.D. only,04 - Sideswipe
12387,SMYTH RD E/LANCASTER RD @ ST. LAURENT BLVD N/R,373364.599,5029425.839,9/14/16,16:28,01 - Clear,01 - Dry,01 - Traffic signal,02 - Intersection related,01 - Daylight,03 - P.D. only,03 - Rear end
12388,SMYTH RD E/LANCASTER RD @ ST. LAURENT BLVD N/R,373363.94,5029424.726,10/3/16,13:20,01 - Clear,01 - Dry,01 - Traffic signal,02 - Intersection related,01 - Daylight,03 - P.D. only,03 - Rear end
12389,SMYTH RD E/LANCASTER RD @ ST. LAURENT BLVD N/R,373363.536,5029427.017,7/4/16,12:30,01 - Clear,01 - Dry,01 - Traffic signal,02 - Intersection related,01 - Daylight,03 - P.D. only,03 - Rear end
12390,SMYTH RD E/LANCASTER RD @ ST. LAURENT BLVD N/R,373364.833,5029424.752,4/29/16,17:26,01 - Clear,01 - Dry,01 - Traffic signal,02 - Intersection related,01 - Daylight,03 - P.D. only,03 - Rear end
12391,SMYTH RD E/LANCASTER RD @ ST. LAURENT BLVD N/R,373366.8563,5029426.801,6/10/16,18:30,01 - Clear,01 - Dry,01 - Traffic signal,02 - Intersection related,01 - Daylight,03 - P.D. only,03 - Rear end
12392,SMYTH RD/OTHELLO AVE @ RUSSELL RD W,373255.7149,5029373.634,8/8/16,16:11,01 - Clear,01 - Dry,01 - Traffic signal,03 - At intersection,01 - Daylight,03 - P.D. only,02 - Angle
12393,SMYTH RD/OTHELLO AVE @ RUSSELL RD W,373255.7316,5029373.458,10/14/16,16:10,01 - Clear,01 - Dry,01 - Traffic signal,02 - Intersection related,01 - Daylight,03 - P.D. only,04 - Sideswipe
12394,SNAKE ISLAND RD @ STAGECOACH RD,378062.538,5006580.288,8/25/16,17:29,01 - Clear,01 - Dry,02 - Stop sign,02 - Intersection related,01 - Daylight,03 - P.D. only,04 - Sideswipe
12395,SNAKE ISLAND RD @ STAGECOACH RD,378062.0989,5006580.288,12/14/16,19:54,01 - Clear,01 - Dry,02 - Stop sign,03 - At intersection,07 - Dark,03 - P.D. only,05 - Turning movement
12396,SNAKE ISLAND RD btwn GREY'S CREEK RD & SCRIVENS DR,382003.3692,5009086.077,3/29/16,20:17,01 - Clear,01 - Dry,10 - No control,01 - Non intersection,07 - Dark,03 - P.D. only,07 - SMV other
12397,SNAKE ISLAND RD btwn KEARNS WAY & 5TH LINE RD,379844.9208,5007721.559,10/10/16,5:04,01 - Clear,01 - Dry,10 - No control,01 - Non intersection,07 - Dark,03 - P.D. only,07 - SMV other
12398,SNAKE ISLAND RD btwn KEARNS WAY & 5TH LINE RD,378894.2275,5007135.008,12/14/16,9:58,01 - Clear,01 - Dry,10 - No control,01 - Non intersection,01 - Daylight,03 - P.D. only,07 - SMV other
12399,SNAKE ISLAND RD btwn MANOTICK STATION RD & STAGECOACH RD,377976.6291,5006529.625,12/30/16,12:12,01 - Clear,03 - Loose snow,10 - No control,01 - Non intersection,01 - Daylight,03 - P.D. only,07 - SMV other
12400,SNAKE ISLAND RD btwn MCGUIRE RD & BLANCHFIELD RD,376664.719,5005227.23,6/1/16,2:24,01 - Clear,01 - Dry,10 - No control,01 - Non intersection,07 - Dark,03 - P.D. only,07 - SMV other
12401,SNAKE ISLAND RD btwn NIXON DR & DOYLE RD,374948.4885,5004024.436,2/9/16,19:25,05 - Drifting Snow,06 - Ice,10 - No control,01 - Non intersection,07 - Dark,03 - P.D. only,07 - SMV other
12402,SOLARIS DR/CONIFER CREEK CIR @ SUMMERGAZE ST,356718.77,5015538.201,12/21/16,9:17,01 - Clear,02 - Wet,02 - Stop sign,03 - At intersection,01 - Daylight,03 - P.D. only,02 - Angle
12403,SOMERSET ST    E btwn HENDERSON AVE & NELSON ST,369086.5385,5031756.728,7/6/16,13:10,01 - Clear,01 - Dry,10 - No control,01 - Non intersection,01 - Daylight,03 - P.D. only,07 - SMV other
12404,SOMERSET ST    E btwn KING EDWARD AVE & HENDERSON AVE,368968.877,5031680.625,5/20/16,22:13,01 - Clear,01 - Dry,10 - No control,01 - Non intersection,07 - Dark,03 - P.D. only,06 - SMV unattended vehicle
12405,SOMERSET ST    W btwn ARTHUR ST & CAMBRIDGE ST N,366881.6535,5030424.477,7/25/16,12:53,01 - Clear,01 - Dry,10 - No control,01 - Non intersection,01 - Daylight,02 - Non-fatal injury,06 - SMV unattended vehicle
12406,SOMERSET ST    W btwn ARTHUR ST & CAMBRIDGE ST N,366844.0199,5030399.746,7/18/16,15:35,01 - Clear,01 - Dry,10 - No control,01 - Non intersection,01 - Daylight,03 - P.D. only,06 - SMV unattended vehicle
12407,SOMERSET ST    W btwn ARTHUR ST & CAMBRIDGE ST N,366842.7208,5030398.747,5/4/16,13:35,01 - Clear,01 - Dry,10 - No control,01 - Non intersection,01 - Daylight,03 - P.D. only,04 - Sideswipe
12408,SOMERSET ST    W btwn ARTHUR ST & CAMBRIDGE ST N,366873.9786,5030417.653,2/6/16,10:35,01 - Clear,01 - Dry,10 - No control,01 - Non intersection,01 - Daylight,03 - P.D. only,04 - Sideswipe
12409,SOMERSET ST    W btwn BANK ST & O'CONNOR ST,367777.5186,5030965.668,10/7/16,17:06,01 - Clear,01 - Dry,10 - No control,01 - Non intersection,01 - Daylight,02 - Non-fatal injury,07 - SMV other
12410,SOMERSET ST    W btwn BANK ST & O'CONNOR ST,367729.4174,5030936.841,3/5/16,1:57,01 - Clear,01 - Dry,10 - No control,01 - Non intersection,07 - Dark,02 - Non-fatal injury,01 - Approaching
12411,SOMERSET ST    W btwn BANK ST & O'CONNOR ST,367778.3473,5030966.278,12/7/16,20:26,01 - Clear,01 - Dry,10 - No control,01 - Non intersection,07 - Dark,03 - P.D. only,04 - Sideswipe
12412,SOMERSET ST    W btwn BAY ST & LYON ST N,367278.9984,5030665.546,9/24/16,0:00,01 - Clear,01 - Dry,10 - No control,01 - Non intersection,00 - Unknown,03 - P.D. only,06 - SMV unattended vehicle
12413,SOMERSET ST    W btwn BAY ST & LYON ST N,367311.0621,5030683.753,4/9/16,22:22,01 - Clear,01 - Dry,10 - No control,04 - At/near private drive,07 - Dark,03 - P.D. only,02 - Angle
12414,SOMERSET ST    W btwn BECKINGTON PRIV & BANK ST,367644.7504,5030885.039,7/14/16,16:28,01 - Clear,01 - Dry,10 - No control,04 - At/near private drive,01 - Daylight,02 - Non-fatal injury,05 - Turning movement
12415,SOMERSET ST    W btwn BECKINGTON PRIV & BANK ST,367606.2287,5030862.217,10/3/16,20:43,01 - Clear,01 - Dry,10 - No control,01 - Non intersection,07 - Dark,02 - Non-fatal injury,04 - Sideswipe
12416,SOMERSET ST    W btwn BECKINGTON PRIV & BANK ST,367668.1387,5030900.855,1/24/16,19:00,03 - Snow,02 - Wet,10 - No control,04 - At/near private drive,07 - Dark,03 - P.D. only,05 - Turning movement
12417,SOMERSET ST    W btwn BECKINGTON PRIV & BANK ST,367667.6996,5030900.416,9/16/16,16:53,01 - Clear,01 - Dry,10 - No control,04 - At/near private drive,01 - Daylight,03 - P.D. only,02 - Angle
12418,SOMERSET ST    W btwn BECKINGTON PRIV & BANK ST,367676.8901,5030906.771,6/20/16,16:59,01 - Clear,01 - Dry,10 - No control,01 - Non intersection,01 - Daylight,03 - P.D. only,04 - Sideswipe
12419,SOMERSET ST    W btwn BECKINGTON PRIV & BANK ST,367619.7617,5030872.72,1/11/16,22:46,01 - Clear,02 - Wet,10 - No control,01 - Non intersection,07 - Dark,03 - P.D. only,06 - SMV unattended vehicle
12420,SOMERSET ST    W btwn BECKINGTON PRIV & BANK ST,367632.1492,5030877.545,12/6/16,17:04,01 - Clear,02 - Wet,10 - No control,04 - At/near private drive,07 - Dark,03 - P.D. only,02 - Angle
12421,SOMERSET ST    W btwn BELL ST N & ARTHUR ST,366783.834,5030370.002,2/18/16,9:30,01 - Clear,01 - Dry,10 - No control,04 - At/near private drive,01 - Daylight,03 - P.D. only,04 - Sideswipe
12422,SOMERSET ST    W btwn BOOTH ST & UPPER LORNE PL,366651.5983,5030302.966,2/20/16,20:00,02 - Rain,02 - Wet,10 - No control,01 - Non intersection,07 - Dark,03 - P.D. only,06 - SMV unattended vehicle
12423,SOMERSET ST    W btwn BOOTH ST & UPPER LORNE PL,366607.4119,5030268.402,1/28/16,11:23,01 - Clear,02 - Wet,10 - No control,01 - Non intersection,01 - Daylight,03 - P.D. only,04 - Sideswipe
12424,SOMERSET ST    W btwn BREEZEHILL AVE N & PRESTON ST,366282.2195,5030116.52,5/8/16,13:37,01 - Clear,01 - Dry,10 - No control,01 - Non intersection,01 - Daylight,02 - Non-fatal injury,04 - Sideswipe
12425,SOMERSET ST    W btwn BREEZEHILL AVE N & PRESTON ST,366294.5284,5030121.975,7/11/16,18:43,01 - Clear,01 - Dry,10 - No control,04 - At/near private drive,01 - Daylight,02 - Non-fatal injury,05 - Turning movement
12426,SOMERSET ST    W btwn BREEZEHILL AVE N & PRESTON ST,365914.7672,5029955.414,8/3/16,9:12,01 - Clear,01 - Dry,10 - No control,01 - Non intersection,01 - Daylight,03 - P.D. only,04 - Sideswipe
12427,SOMERSET ST    W btwn BRONSON AVE & PERCY ST,366970.5501,5030479.865,7/16/16,12:04,01 - Clear,01 - Dry,10 - No control,04 - At/near private drive,01 - Daylight,03 - P.D. only,02 - Angle
12428,SOMERSET ST    W btwn BRONSON AVE & PERCY ST,367095.6873,5030556.265,1/8/16,17:55,01 - Clear,02 - Wet,10 - No control,04 - At/near private drive,07 - Dark,03 - P.D. only,02 - Angle
12429,SOMERSET ST    W btwn BRONSON AVE & PERCY ST,367098.3126,5030558.219,12/18/16,0:00,03 - Snow,04 - Slush,10 - No control,01 - Non intersection,00 - Unknown,03 - P.D. only,06 - SMV unattended vehicle
12430,SOMERSET ST    W btwn CAMBRIDGE ST N & BRONSON AVE,366942.2738,5030461.14,10/27/16,22:00,03 - Snow,02 - Wet,10 - No control,04 - At/near private drive,07 - Dark,02 - Non-fatal injury,07 - SMV other
12431,SOMERSET ST    W btwn CAMBRIDGE ST N & BRONSON AVE,366952.6568,5030466.022,4/20/16,0:00,01 - Clear,01 - Dry,10 - No control,01 - Non intersection,00 - Unknown,03 - P.D. only,06 - SMV unattended vehicle
12432,SOMERSET ST    W btwn CAMBRIDGE ST N & BRONSON AVE,366950.2844,5030464.868,11/29/16,11:59,02 - Rain,02 - Wet,10 - No control,04 - At/near private drive,01 - Daylight,03 - P.D. only,05 - Turning movement
12433,SOMERSET ST    W btwn ELGIN ST & CARTIER ST,368286.7462,5031273.195,4/25/16,17:23,01 - Clear,01 - Dry,10 - No control,04 - At/near private drive,01 - Daylight,03 - P.D. only,06 - SMV unattended vehicle
12434,SOMERSET ST    W btwn METCALFE ST & ELGIN ST,368144.2915,5031187.814,9/20/16,0:00,01 - Clear,01 - Dry,10 - No control,01 - Non intersection,00 - Unknown,03 - P.D. only,06 - SMV unattended vehicle