Record,Location,X,Y,Date,Time,Environment,Road_Surface,Traffic_Control,Collision_Location,Light,Collision_Classification,Impact_type
12435,SOMERSET ST    W btwn METCALFE ST & ELGIN ST,368157.7188,5031194.739,5/7/16,14:00,01 - Clear,01 - Dry,10 - No control,04 - At/near private drive,01 - Daylight,03 - P.D. only,06 - SMV unattended vehicle
12436,SOMERSET ST    W btwn METCALFE ST & ELGIN ST,368159.3335,5031195.436,3/7/16,8:41,01 - Clear,01 - Dry,10 - No control,01 - Non intersection,01 - Daylight,03 - P.D. only,04 - Sideswipe
12437,SOMERSET ST    W btwn METCALFE ST & ELGIN ST,368148.6823,5031190.01,11/12/16,3:06,01 - Clear,01 - Dry,10 - No control,01 - Non intersection,07 - Dark,03 - P.D. only,04 - Sideswipe
12438,SOMERSET ST    W btwn O'CONNOR ST & METCALFE ST,367991.9426,5031093.316,4/12/16,16:38,01 - Clear,01 - Dry,10 - No control,04 - At/near private drive,01 - Daylight,02 - Non-fatal injury,07 - SMV other
12439,SOMERSET ST    W btwn O'CONNOR ST & METCALFE ST,367984.5005,5031089.119,2/25/16,15:34,01 - Clear,02 - Wet,10 - No control,04 - At/near private drive,01 - Daylight,03 - P.D. only,02 - Angle
12440,SOMERSET ST    W btwn PRESTON ST & ROCHESTER ST,366377.5196,5030157.539,8/9/16,16:21,01 - Clear,01 - Dry,10 - No control,04 - At/near private drive,01 - Daylight,02 - Non-fatal injury,05 - Turning movement
12441,SOMERSET ST    W btwn PRESTON ST & ROCHESTER ST,366468.1967,5030198.438,1/15/16,16:55,01 - Clear,01 - Dry,10 - No control,01 - Non intersection,05 - Dusk,03 - P.D. only,06 - SMV unattended vehicle
12442,SOMERSET ST    W btwn PRESTON ST & ROCHESTER ST,366436.1565,5030183.104,12/18/16,22:30,01 - Clear,02 - Wet,10 - No control,04 - At/near private drive,07 - Dark,03 - P.D. only,06 - SMV unattended vehicle
12443,SOMERSET ST    W btwn RADSTOCK PRIV & KENT ST,367517.8511,5030810.427,8/15/16,17:00,01 - Clear,01 - Dry,10 - No control,01 - Non intersection,01 - Daylight,03 - P.D. only,06 - SMV unattended vehicle
12444,SOMERSET ST    W btwn SPADINA AVE & BAYSWATER AVE,365724.9434,5029874.277,5/2/16,14:35,01 - Clear,01 - Dry,10 - No control,01 - Non intersection,01 - Daylight,03 - P.D. only,06 - SMV unattended vehicle
12445,SOMERSET ST    W btwn SPADINA AVE & BAYSWATER AVE,365782.5889,5029901.209,12/18/16,12:02,03 - Snow,04 - Slush,10 - No control,01 - Non intersection,01 - Daylight,03 - P.D. only,04 - Sideswipe
12446,SOMERSET ST @ EMPRESS AVE,366739.723,5030348.746,9/29/16,15:55,01 - Clear,01 - Dry,01 - Traffic signal,03 - At intersection,01 - Daylight,03 - P.D. only,05 - Turning movement
12447,SOMERSET ST @ PERCY ST,367115.4024,5030568.57,4/30/16,7:41,01 - Clear,01 - Dry,01 - Traffic signal,03 - At intersection,01 - Daylight,02 - Non-fatal injury,02 - Angle
12448,SOMERSET ST @ PERCY ST,367115.15,5030568.976,6/7/16,11:03,01 - Clear,01 - Dry,01 - Traffic signal,03 - At intersection,01 - Daylight,02 - Non-fatal injury,02 - Angle
12449,SOMERSET ST @ PERCY ST,367116.1248,5030568.245,11/18/16,14:55,01 - Clear,01 - Dry,01 - Traffic signal,03 - At intersection,01 - Daylight,03 - P.D. only,02 - Angle
12450,SONESTA CIRC btwn Continuation of SONESTA CIRC & Continuation of SONES,350220.3857,5016386.979,12/13/16,13:17,01 - Clear,03 - Loose snow,10 - No control,04 - At/near private drive,01 - Daylight,03 - P.D. only,06 - SMV unattended vehicle
12451,SOUTHBRIDGE ST btwn BALLINVILLE CIR & TENNANT WAY,367682.7381,5014411.499,1/7/16,17:14,01 - Clear,05 - Packed snow,10 - No control,01 - Non intersection,05 - Dusk,03 - P.D. only,05 - Turning movement
12452,SOUTHGATE RD btwn CLEARWATER CRES & CLEARWATER CRES,371164.3459,5024691.027,2/25/16,16:17,01 - Clear,01 - Dry,10 - No control,01 - Non intersection,01 - Daylight,03 - P.D. only,06 - SMV unattended vehicle
12453,SOUTHGATE RD btwn JOHNSTON RD & FERNWOOD DR,371025.8733,5024934.499,9/13/16,22:39,01 - Clear,01 - Dry,10 - No control,01 - Non intersection,07 - Dark,03 - P.D. only,06 - SMV unattended vehicle
12454,SOUTHLAND CRES btwn KARSH DR & KARSH DR,373783.4192,5026134.571,2/16/16,19:51,03 - Snow,03 - Loose snow,10 - No control,01 - Non intersection,07 - Dark,02 - Non-fatal injury,07 - SMV other
12455,SOUTHMORE DR    E btwn LINTON RD & THORNDALE DR,369792.7976,5025184.623,1/23/16,11:10,01 - Clear,01 - Dry,10 - No control,04 - At/near private drive,01 - Daylight,03 - P.D. only,06 - SMV unattended vehicle
12456,SOUTHMORE DR    E btwn SOUTHMORE DR W & WELLAND ST,369494.0002,5024862.668,1/11/16,18:49,01 - Clear,04 - Slush,10 - No control,01 - Non intersection,07 - Dark,03 - P.D. only,06 - SMV unattended vehicle
12457,SOUTHMORE DR @ WALKLEY RD,369710.5046,5025573.87,9/9/16,14:50,01 - Clear,01 - Dry,02 - Stop sign,02 - Intersection related,01 - Daylight,02 - Non-fatal injury,07 - SMV other
12458,SOUTHMORE DR @ WALKLEY RD,369710.7085,5025575.114,7/29/16,15:14,01 - Clear,01 - Dry,02 - Stop sign,03 - At intersection,01 - Daylight,02 - Non-fatal injury,05 - Turning movement
12459,SOUTHPARK DR btwn WOODBURN DR & INNES RD,377824.8326,5032792.243,12/5/16,11:58,03 - Snow,05 - Packed snow,10 - No control,01 - Non intersection,01 - Daylight,03 - P.D. only,01 - Approaching
12460,SOUTHPARK DR btwn WOODVIEW CRES & WOODBURN DR,377602.3045,5032916.683,5/21/16,23:45,01 - Clear,01 - Dry,10 - No control,04 - At/near private drive,07 - Dark,03 - P.D. only,06 - SMV unattended vehicle
12461,SOUTHPORT DR btwn Continuation of SOUTHPORT DR & Continuation of SOUTH,372608.3878,5024825.313,2/21/16,19:16,01 - Clear,01 - Dry,10 - No control,04 - At/near private drive,07 - Dark,03 - P.D. only,06 - SMV unattended vehicle
12462,SOUTHVALE CRES btwn ERINBROOK CRES & DELRIDGE LANE,374154.4772,5029176.38,12/17/16,10:46,03 - Snow,03 - Loose snow,10 - No control,01 - Non intersection,01 - Daylight,03 - P.D. only,06 - SMV unattended vehicle
12463,SOUTHVALE CRES btwn ERINBROOK CRES & ERINBROOK CRES,374034.4671,5029195.272,1/6/16,21:12,01 - Clear,02 - Wet,10 - No control,04 - At/near private drive,07 - Dark,02 - Non-fatal injury,02 - Angle
12464,SOUTHVALE CRES btwn RUSSELL RD & ERINBROOK CRES,373806.0558,5029107.163,10/31/16,0:00,01 - Clear,01 - Dry,10 - No control,01 - Non intersection,00 - Unknown,03 - P.D. only,06 - SMV unattended vehicle
12465,SOUTHVALE CRES btwn RUSSELL RD & ERINBROOK CRES,373839.185,5029153.419,9/3/16,0:00,01 - Clear,01 - Dry,10 - No control,01 - Non intersection,00 - Unknown,03 - P.D. only,06 - SMV unattended vehicle
12466,SOVEREIGN AVE @ CRAIG HENRY DR,362988.6905,5021886.118,1/5/16,8:59,01 - Clear,06 - Ice,02 - Stop sign,03 - At intersection,01 - Daylight,03 - P.D. only,02 - Angle
12467,SPARKMAN AVE btwn MONTMORENCY WAY & MONTMORENCY WAY,384812.702,5034591.374,8/26/16,23:00,01 - Clear,01 - Dry,10 - No control,01 - Non intersection,07 - Dark,03 - P.D. only,06 - SMV unattended vehicle
12468,SPARTAN AVE btwn EVE ST & LOLA ST,370983.1828,5032519.64,2/19/16,15:00,01 - Clear,03 - Loose snow,10 - No control,01 - Non intersection,01 - Daylight,03 - P.D. only,06 - SMV unattended vehicle
12469,SPEEDWAY RD btwn SPRUCE RIDGE RD & END,345734.6851,5011409,11/6/16,0:08,02 - Rain,02 - Wet,10 - No control,01 - Non intersection,07 - Dark,03 - P.D. only,07 - SMV other
12470,SPENCER ST btwn CARLETON AVE & WESTERN AVE,364259.7495,5029105.272,11/4/16,16:58,01 - Clear,01 - Dry,10 - No control,01 - Non intersection,07 - Dark,03 - P.D. only,06 - SMV unattended vehicle
12471,SPENCER ST btwn HAMILTON AVE N & PARKDALE AVE,365057.0421,5029464.271,12/19/16,0:00,01 - Clear,01 - Dry,10 - No control,01 - Non intersection,00 - Unknown,03 - P.D. only,06 - SMV unattended vehicle
12472,SPLINTER CRES btwn TORSA CRT & DUMAURIER AVE,359831.7782,5023514.57,6/20/16,6:50,01 - Clear,01 - Dry,10 - No control,04 - At/near private drive,01 - Daylight,03 - P.D. only,99 - Other
12473,SPRATT RD btwn CANYON WALK DR & OWLS CABIN AVE,369258.2755,5016530.178,5/30/16,16:42,01 - Clear,01 - Dry,10 - No control,01 - Non intersection,01 - Daylight,02 - Non-fatal injury,01 - Approaching
12474,SPRATT RD btwn CANYON WALK DR & OWLS CABIN AVE,369177.8545,5016480.784,2/3/16,9:05,04 - Freezing Rain,04 - Slush,10 - No control,01 - Non intersection,01 - Daylight,03 - P.D. only,02 - Angle
12475,SPRATT RD btwn HOLLOW TRAIL GT & CANYON WALK DR,369042.4351,5016405.496,9/25/16,10:24,01 - Clear,01 - Dry,10 - No control,01 - Non intersection,01 - Daylight,03 - P.D. only,04 - Sideswipe
12476,SPRATT RD btwn LIMEBANK RD & END,370143.8254,5017009.938,6/14/16,14:07,01 - Clear,01 - Dry,10 - No control,01 - Non intersection,01 - Daylight,03 - P.D. only,05 - Turning movement
12477,SPRATT RD btwn RIDEAU RD & BLACK CANARY DR,369411.3969,5012281.69,11/19/16,10:55,"07 - Fog, mist, smoke, dust",01 - Dry,10 - No control,01 - Non intersection,01 - Daylight,02 - Non-fatal injury,07 - SMV other
12478,SPRATT RD btwn RIDEAU RD & BLACK CANARY DR,369481.666,5012097.275,2/13/16,15:03,05 - Drifting Snow,06 - Ice,10 - No control,01 - Non intersection,01 - Daylight,03 - P.D. only,07 - SMV other
12479,SPRATT RD btwn SHORELINE DR & CANYON WALK DR,368625.9961,5016070.431,1/27/16,15:40,01 - Clear,02 - Wet,10 - No control,01 - Non intersection,01 - Daylight,03 - P.D. only,04 - Sideswipe
12480,SPRINGBEAUTY AVE btwn CICELY TERR & CORALROOT AVE,365111.7997,5016717.755,6/28/16,0:00,01 - Clear,01 - Dry,10 - No control,01 - Non intersection,00 - Unknown,03 - P.D. only,06 - SMV unattended vehicle
12481,SPRINGFIELD RD btwn BUENA VISTA RD & PARK RD,369010.4387,5034857.162,2/23/16,17:04,01 - Clear,01 - Dry,10 - No control,01 - Non intersection,01 - Daylight,03 - P.D. only,06 - SMV unattended vehicle
12482,SPRINGFIELD RD btwn SCHOOLHOUSE PRIV & BEECHWOOD AVE,369232.997,5033670.806,10/2/16,11:45,01 - Clear,01 - Dry,10 - No control,04 - At/near private drive,01 - Daylight,03 - P.D. only,99 - Other
12483,SPRINGHILL RD btwn 9TH LINE RD & YORKS CORNERS RD,388663.5658,5008426.79,2/22/16,10:43,01 - Clear,01 - Dry,10 - No control,01 - Non intersection,01 - Daylight,03 - P.D. only,07 - SMV other
12484,SPRINGHILL RD btwn CAMPBELLCROFT RD & BANK ST,383575.3154,5005320.638,9/6/16,16:30,01 - Clear,01 - Dry,10 - No control,01 - Non intersection,01 - Daylight,02 - Non-fatal injury,07 - SMV other
12485,SPRINGLAND DR btwn HOBSON RD & NORBERRY CRES,368809.9184,5025885.459,11/10/16,0:00,01 - Clear,01 - Dry,10 - No control,01 - Non intersection,00 - Unknown,03 - P.D. only,06 - SMV unattended vehicle
12486,SPRINGLAND DR N @ FLANNERY DR N,368893.9144,5025897.865,1/17/16,20:41,03 - Snow,03 - Loose snow,02 - Stop sign,02 - Intersection related,07 - Dark,03 - P.D. only,07 - SMV other
12487,SPRINGRIDGE DR btwn TRIM RD & PEPPERGRASS RD,385779.5484,5038262.613,2/20/16,11:15,02 - Rain,04 - Slush,10 - No control,04 - At/near private drive,01 - Daylight,03 - P.D. only,02 - Angle
12488,SPRUCE RIDGE RD btwn RICHARDSON SIDE RD & HAZELDEAN RD,344826.0264,5012533.96,6/9/16,21:20,01 - Clear,01 - Dry,10 - No control,01 - Non intersection,07 - Dark,03 - P.D. only,07 - SMV other
12489,SPRUCE ST btwn ROCHESTER ST & BOOTH ST,366545.671,5030316.884,1/4/16,12:00,01 - Clear,03 - Loose snow,10 - No control,01 - Non intersection,01 - Daylight,03 - P.D. only,06 - SMV unattended vehicle
12490,ST. ANDREW ST @ SUSSEX DR,367577.92,5032598.807,9/23/16,14:43,01 - Clear,01 - Dry,02 - Stop sign,02 - Intersection related,01 - Daylight,03 - P.D. only,04 - Sideswipe
12491,ST. ANDREW ST btwn CUMBERLAND ST & KING EDWARD AVE,368107.4171,5032936.83,2/17/16,13:27,03 - Snow,05 - Packed snow,10 - No control,01 - Non intersection,01 - Daylight,03 - P.D. only,06 - SMV unattended vehicle
12492,ST. ANDREW ST btwn DALHOUSIE ST & CUMBERLAND ST,367950.0237,5032835.837,8/18/16,19:26,01 - Clear,01 - Dry,10 - No control,04 - At/near private drive,01 - Daylight,03 - P.D. only,04 - Sideswipe
12493,ST. ANTHONY ST btwn PRESTON ST & END,366509.2337,5029540.239,2/14/16,10:45,01 - Clear,05 - Packed snow,10 - No control,01 - Non intersection,01 - Daylight,03 - P.D. only,06 - SMV unattended vehicle
12494,ST. CHARLES ST btwn BEECHWOOD AVE & BARRETTE ST,369462.9454,5033737.931,2/20/16,14:21,02 - Rain,04 - Slush,10 - No control,04 - At/near private drive,01 - Daylight,03 - P.D. only,06 - SMV unattended vehicle
12495,ST. CHARLES ST btwn GENEST ST & ALICE ST,369605.0154,5033599.834,5/29/16,0:00,01 - Clear,01 - Dry,10 - No control,01 - Non intersection,00 - Unknown,03 - P.D. only,06 - SMV unattended vehicle
12496,ST. CHARLES ST btwn LAVAL ST & GENEST ST,369535.5679,5033665.223,6/5/16,7:40,02 - Rain,02 - Wet,10 - No control,01 - Non intersection,01 - Daylight,03 - P.D. only,07 - SMV other
12497,ST. EMMANUEL TER btwn TO BE DETERMINED & BERNICE CRT (2),379769.2004,5037922.542,10/14/16,17:00,01 - Clear,01 - Dry,10 - No control,04 - At/near private drive,01 - Daylight,03 - P.D. only,06 - SMV unattended vehicle
12498,ST. GEORGES ST btwn BONAIR DR & DES EPINETTES AVE,382900.6801,5036422.13,2/19/16,17:24,01 - Clear,06 - Ice,10 - No control,01 - Non intersection,05 - Dusk,03 - P.D. only,01 - Approaching
12499,ST. GEORGES ST btwn LOUISBOURG CRES & MARCOUX DR,382745.837,5036604.849,1/28/16,12:30,03 - Snow,04 - Slush,10 - No control,01 - Non intersection,01 - Daylight,03 - P.D. only,06 - SMV unattended vehicle
12500,ST. HELEN'S PL @ STARWOOD RD,364236.7721,5024523.015,4/29/16,0:45,01 - Clear,01 - Dry,02 - Stop sign,03 - At intersection,07 - Dark,03 - P.D. only,02 - Angle
12501,ST. JEAN ST @ ST. JOSEPH BLVD,380970.1562,5037201.232,6/2/16,9:00,01 - Clear,02 - Wet,01 - Traffic signal,03 - At intersection,01 - Daylight,03 - P.D. only,03 - Rear end
12502,ST. JEAN ST @ ST. JOSEPH BLVD,380969.51,5037200.228,7/12/16,17:15,01 - Clear,01 - Dry,01 - Traffic signal,02 - Intersection related,01 - Daylight,03 - P.D. only,03 - Rear end
12503,ST. JOSEPH BLVD @ DUFORD DR/PLACE D'ORLEANS DR,381997.36,5037996.399,3/5/16,14:22,01 - Clear,01 - Dry,01 - Traffic signal,02 - Intersection related,01 - Daylight,02 - Non-fatal injury,03 - Rear end
12504,ST. JOSEPH BLVD @ DUFORD DR/PLACE D'ORLEANS DR,381995.9755,5037996.095,9/9/16,11:59,01 - Clear,01 - Dry,01 - Traffic signal,03 - At intersection,01 - Daylight,03 - P.D. only,07 - SMV other
12505,ST. JOSEPH BLVD @ DUFORD DR/PLACE D'ORLEANS DR,381996.5082,5037998.339,10/5/16,7:50,01 - Clear,01 - Dry,01 - Traffic signal,02 - Intersection related,01 - Daylight,03 - P.D. only,03 - Rear end
12506,ST. JOSEPH BLVD @ FOREST VALLEY DR/YOUVILLE DR,379162.949,5036156.936,8/31/16,8:11,01 - Clear,01 - Dry,01 - Traffic signal,02 - Intersection related,01 - Daylight,02 - Non-fatal injury,03 - Rear end
12507,ST. JOSEPH BLVD @ FOREST VALLEY DR/YOUVILLE DR,379163.6332,5036157.323,11/18/16,17:21,01 - Clear,01 - Dry,01 - Traffic signal,03 - At intersection,07 - Dark,02 - Non-fatal injury,05 - Turning movement
12508,ST. JOSEPH BLVD @ FOREST VALLEY DR/YOUVILLE DR,379164.5166,5036156.815,4/12/16,14:18,01 - Clear,01 - Dry,01 - Traffic signal,02 - Intersection related,01 - Daylight,03 - P.D. only,04 - Sideswipe
12509,ST. JOSEPH BLVD @ FOREST VALLEY DR/YOUVILLE DR,379164.8668,5036156.585,11/16/16,17:43,01 - Clear,01 - Dry,01 - Traffic signal,02 - Intersection related,07 - Dark,03 - P.D. only,03 - Rear end
12510,ST. JOSEPH BLVD @ FOREST VALLEY DR/YOUVILLE DR,379163.9129,5036156.176,11/24/16,10:07,03 - Snow,03 - Loose snow,01 - Traffic signal,02 - Intersection related,01 - Daylight,03 - P.D. only,07 - SMV other
12511,ST. JOSEPH BLVD @ JEANNE D'ARC BLVD,379861.0088,5036471.847,7/4/16,17:03,01 - Clear,01 - Dry,11 - Roundabout,03 - At intersection,01 - Daylight,02 - Non-fatal injury,04 - Sideswipe
12512,ST. JOSEPH BLVD @ JEANNE D'ARC BLVD,379860.7425,5036471.322,1/20/16,16:23,01 - Clear,01 - Dry,11 - Roundabout,02 - Intersection related,01 - Daylight,03 - P.D. only,03 - Rear end
12513,ST. JOSEPH BLVD @ JEANNE D'ARC BLVD,379861.7774,5036472.357,2/4/16,12:28,01 - Clear,01 - Dry,11 - Roundabout,03 - At intersection,01 - Daylight,03 - P.D. only,02 - Angle
12514,ST. JOSEPH BLVD @ JEANNE D'ARC BLVD,379860.7425,5036472.875,1/30/16,19:03,01 - Clear,01 - Dry,11 - Roundabout,03 - At intersection,07 - Dark,03 - P.D. only,02 - Angle
12515,ST. JOSEPH BLVD @ JEANNE D'ARC BLVD,379860.7425,5036471.351,1/15/16,18:01,01 - Clear,01 - Dry,11 - Roundabout,03 - At intersection,07 - Dark,03 - P.D. only,04 - Sideswipe
12516,ST. JOSEPH BLVD @ JEANNE D'ARC BLVD,379860.7425,5036470.455,5/26/16,8:14,01 - Clear,01 - Dry,11 - Roundabout,03 - At intersection,01 - Daylight,03 - P.D. only,02 - Angle
12517,ST. JOSEPH BLVD @ JEANNE D'ARC BLVD,379859.992,5036471.206,5/26/16,8:17,01 - Clear,01 - Dry,11 - Roundabout,03 - At intersection,01 - Daylight,03 - P.D. only,03 - Rear end
12518,ST. JOSEPH BLVD @ JEANNE D'ARC BLVD,379859.2416,5036470.455,5/24/16,10:40,01 - Clear,01 - Dry,11 - Roundabout,03 - At intersection,01 - Daylight,03 - P.D. only,04 - Sideswipe
12519,ST. JOSEPH BLVD @ JEANNE D'ARC BLVD,379862.2434,5036472.707,5/24/16,17:57,01 - Clear,01 - Dry,11 - Roundabout,03 - At intersection,01 - Daylight,03 - P.D. only,02 - Angle
12520,ST. JOSEPH BLVD @ JEANNE D'ARC BLVD,379861.0088,5036471.315,7/24/16,16:25,01 - Clear,01 - Dry,11 - Roundabout,03 - At intersection,01 - Daylight,03 - P.D. only,04 - Sideswipe
12521,ST. JOSEPH BLVD @ JEANNE D'ARC BLVD,379860.7425,5036470.455,6/4/16,17:31,01 - Clear,01 - Dry,11 - Roundabout,03 - At intersection,01 - Daylight,03 - P.D. only,02 - Angle
12522,ST. JOSEPH BLVD @ JEANNE D'ARC BLVD,379860.7425,5036470.892,5/30/16,14:45,01 - Clear,01 - Dry,11 - Roundabout,02 - Intersection related,01 - Daylight,03 - P.D. only,03 - Rear end
12523,ST. JOSEPH BLVD @ JEANNE D'ARC BLVD,379861.5414,5036470.782,7/26/16,7:47,01 - Clear,01 - Dry,11 - Roundabout,03 - At intersection,01 - Daylight,03 - P.D. only,02 - Angle
12524,ST. JOSEPH BLVD @ JEANNE D'ARC BLVD,379860.4762,5036471.847,8/2/16,13:35,01 - Clear,01 - Dry,11 - Roundabout,03 - At intersection,01 - Daylight,03 - P.D. only,02 - Angle
12525,ST. JOSEPH BLVD @ JEANNE D'ARC BLVD,379860.4762,5036471.315,8/5/16,15:28,01 - Clear,01 - Dry,11 - Roundabout,03 - At intersection,01 - Daylight,03 - P.D. only,02 - Angle
12526,ST. JOSEPH BLVD @ JEANNE D'ARC BLVD,379859.992,5036472.707,4/18/16,17:00,01 - Clear,01 - Dry,11 - Roundabout,02 - Intersection related,01 - Daylight,03 - P.D. only,03 - Rear end
12527,ST. JOSEPH BLVD @ JEANNE D'ARC BLVD,379861.493,5036472.707,4/21/16,12:35,01 - Clear,01 - Dry,11 - Roundabout,03 - At intersection,01 - Daylight,03 - P.D. only,02 - Angle
12528,ST. JOSEPH BLVD @ JEANNE D'ARC BLVD,379860.4762,5036471.847,8/9/16,21:30,01 - Clear,01 - Dry,11 - Roundabout,03 - At intersection,07 - Dark,03 - P.D. only,03 - Rear end
12529,ST. JOSEPH BLVD @ JEANNE D'ARC BLVD,379860.2833,5036472.729,4/3/16,10:45,01 - Clear,01 - Dry,11 - Roundabout,03 - At intersection,01 - Daylight,03 - P.D. only,04 - Sideswipe
12530,ST. JOSEPH BLVD @ JEANNE D'ARC BLVD,379859.824,5036471.351,4/16/16,15:50,01 - Clear,01 - Dry,11 - Roundabout,03 - At intersection,01 - Daylight,03 - P.D. only,02 - Angle
12531,ST. JOSEPH BLVD @ JEANNE D'ARC BLVD,379860.7425,5036471.956,3/23/16,15:50,01 - Clear,01 - Dry,11 - Roundabout,03 - At intersection,01 - Daylight,03 - P.D. only,04 - Sideswipe
12532,ST. JOSEPH BLVD @ JEANNE D'ARC BLVD,379860.2041,5036471.85,2/6/16,14:11,01 - Clear,01 - Dry,11 - Roundabout,02 - Intersection related,01 - Daylight,03 - P.D. only,03 - Rear end
12533,ST. JOSEPH BLVD @ JEANNE D'ARC BLVD,379860.2041,5036471.312,2/6/16,12:01,01 - Clear,01 - Dry,11 - Roundabout,03 - At intersection,01 - Daylight,03 - P.D. only,02 - Angle
12534,ST. JOSEPH BLVD @ JEANNE D'ARC BLVD,379861.5414,5036471.315,8/16/16,9:03,01 - Clear,01 - Dry,11 - Roundabout,03 - At intersection,01 - Daylight,03 - P.D. only,04 - Sideswipe
12535,ST. JOSEPH BLVD @ JEANNE D'ARC BLVD,379860.4762,5036470.249,8/26/16,10:30,01 - Clear,01 - Dry,11 - Roundabout,03 - At intersection,01 - Daylight,03 - P.D. only,02 - Angle
12536,ST. JOSEPH BLVD @ JEANNE D'ARC BLVD,379862.0741,5036471.315,4/20/16,14:15,01 - Clear,01 - Dry,11 - Roundabout,03 - At intersection,01 - Daylight,03 - P.D. only,04 - Sideswipe
12537,ST. JOSEPH BLVD @ JEANNE D'ARC BLVD,379861.0088,5036470.782,4/21/16,11:40,01 - Clear,01 - Dry,11 - Roundabout,03 - At intersection,01 - Daylight,03 - P.D. only,04 - Sideswipe
12538,ST. JOSEPH BLVD @ JEANNE D'ARC BLVD,379860.4762,5036470.782,9/11/16,4:00,02 - Rain,02 - Wet,11 - Roundabout,03 - At intersection,07 - Dark,03 - P.D. only,02 - Angle
12539,ST. JOSEPH BLVD @ JEANNE D'ARC BLVD,379861.5414,5036471.847,5/5/16,16:46,01 - Clear,01 - Dry,11 - Roundabout,03 - At intersection,01 - Daylight,03 - P.D. only,04 - Sideswipe
12540,ST. JOSEPH BLVD @ JEANNE D'ARC BLVD,379859.9436,5036471.847,6/21/16,12:40,01 - Clear,01 - Dry,11 - Roundabout,03 - At intersection,01 - Daylight,03 - P.D. only,02 - Angle
12541,ST. JOSEPH BLVD @ JEANNE D'ARC BLVD,379861.661,5036471.351,5/1/16,13:20,02 - Rain,02 - Wet,11 - Roundabout,03 - At intersection,01 - Daylight,03 - P.D. only,02 - Angle
12542,ST. JOSEPH BLVD @ JEANNE D'ARC BLVD,379861.493,5036471.956,4/30/16,14:43,01 - Clear,01 - Dry,11 - Roundabout,03 - At intersection,01 - Daylight,03 - P.D. only,04 - Sideswipe
12543,ST. JOSEPH BLVD @ JEANNE D'ARC BLVD,379861.8784,5036470.508,10/18/16,8:40,01 - Clear,01 - Dry,11 - Roundabout,03 - At intersection,01 - Daylight,03 - P.D. only,02 - Angle
12544,ST. JOSEPH BLVD @ JEANNE D'ARC BLVD,379860.0839,5036471.8,10/7/16,17:07,01 - Clear,01 - Dry,11 - Roundabout,03 - At intersection,01 - Daylight,03 - P.D. only,02 - Angle
12545,ST. JOSEPH BLVD @ JEANNE D'ARC BLVD,379859.9143,5036471.995,10/25/16,19:21,01 - Clear,01 - Dry,11 - Roundabout,03 - At intersection,07 - Dark,03 - P.D. only,03 - Rear end
12546,ST. JOSEPH BLVD @ JEANNE D'ARC BLVD,379861.0707,5036472.123,10/27/16,8:15,01 - Clear,01 - Dry,11 - Roundabout,03 - At intersection,01 - Daylight,03 - P.D. only,02 - Angle
12547,ST. JOSEPH BLVD @ JEANNE D'ARC BLVD,379861.0707,5036470.508,10/20/16,17:02,02 - Rain,02 - Wet,11 - Roundabout,03 - At intersection,01 - Daylight,03 - P.D. only,02 - Angle
12548,ST. JOSEPH BLVD @ JEANNE D'ARC BLVD,379860.9903,5036470.597,2/26/16,16:48,01 - Clear,01 - Dry,11 - Roundabout,02 - Intersection related,01 - Daylight,03 - P.D. only,03 - Rear end
12549,ST. JOSEPH BLVD @ JEANNE D'ARC BLVD,379861.661,5036470.892,1/29/16,14:40,01 - Clear,02 - Wet,11 - Roundabout,02 - Intersection related,01 - Daylight,03 - P.D. only,02 - Angle
12550,ST. JOSEPH BLVD @ JEANNE D'ARC BLVD,379859.3648,5036472.729,3/17/16,15:37,01 - Clear,01 - Dry,11 - Roundabout,03 - At intersection,01 - Daylight,03 - P.D. only,04 - Sideswipe
12551,ST. JOSEPH BLVD @ JEANNE D'ARC BLVD,379860.2833,5036471.351,6/14/16,19:06,01 - Clear,01 - Dry,11 - Roundabout,03 - At intersection,01 - Daylight,03 - P.D. only,02 - Angle
12552,ST. JOSEPH BLVD @ JEANNE D'ARC BLVD,379859.3648,5036470.892,6/14/16,12:26,01 - Clear,01 - Dry,11 - Roundabout,03 - At intersection,01 - Daylight,03 - P.D. only,04 - Sideswipe
12553,ST. JOSEPH BLVD @ JEANNE D'ARC BLVD,379861.2017,5036471.811,6/27/16,6:18,02 - Rain,02 - Wet,11 - Roundabout,03 - At intersection,01 - Daylight,03 - P.D. only,02 - Angle
12554,ST. JOSEPH BLVD @ JEANNE D'ARC BLVD,379861.661,5036470.892,6/29/16,8:17,01 - Clear,01 - Dry,11 - Roundabout,03 - At intersection,01 - Daylight,03 - P.D. only,02 - Angle
12555,ST. JOSEPH BLVD @ JEANNE D'ARC BLVD,379860.962,5036470.922,10/1/16,14:50,01 - Clear,01 - Dry,11 - Roundabout,03 - At intersection,01 - Daylight,03 - P.D. only,04 - Sideswipe
12556,ST. JOSEPH BLVD @ JEANNE D'ARC BLVD,379860.967,5036470.908,4/14/16,11:25,01 - Clear,01 - Dry,11 - Roundabout,03 - At intersection,01 - Daylight,03 - P.D. only,02 - Angle
12557,ST. JOSEPH BLVD @ JEANNE D'ARC BLVD,379860.523,5036471.361,9/24/16,15:38,01 - Clear,01 - Dry,11 - Roundabout,03 - At intersection,01 - Daylight,03 - P.D. only,04 - Sideswipe
12558,ST. JOSEPH BLVD @ JEANNE D'ARC BLVD,379860.0839,5036470.483,9/17/16,20:44,02 - Rain,02 - Wet,11 - Roundabout,03 - At intersection,07 - Dark,03 - P.D. only,02 - Angle