Record,Location,X,Y,Date,Time,Environment,Road_Surface,Traffic_Control,Collision_Location,Light,Collision_Classification,Impact_type
12559,ST. JOSEPH BLVD @ JEANNE D'ARC BLVD,379860.962,5036472.24,9/26/16,10:20,01 - Clear,01 - Dry,11 - Roundabout,03 - At intersection,01 - Daylight,03 - P.D. only,04 - Sideswipe
12560,ST. JOSEPH BLVD @ JEANNE D'ARC BLVD,379859.7916,5036472.33,11/15/16,18:50,01 - Clear,01 - Dry,11 - Roundabout,03 - At intersection,07 - Dark,03 - P.D. only,04 - Sideswipe
12561,ST. JOSEPH BLVD @ JEANNE D'ARC BLVD,379860.523,5036470.922,11/7/16,17:25,01 - Clear,02 - Wet,11 - Roundabout,03 - At intersection,07 - Dark,03 - P.D. only,04 - Sideswipe
12562,ST. JOSEPH BLVD @ JEANNE D'ARC BLVD,379860.523,5036470.922,11/9/16,21:08,01 - Clear,01 - Dry,11 - Roundabout,03 - At intersection,07 - Dark,03 - P.D. only,04 - Sideswipe
12563,ST. JOSEPH BLVD @ JEANNE D'ARC BLVD,379860.962,5036471.361,11/16/16,7:52,02 - Rain,02 - Wet,11 - Roundabout,03 - At intersection,01 - Daylight,03 - P.D. only,04 - Sideswipe
12564,ST. JOSEPH BLVD @ JEANNE D'ARC BLVD,379861.9144,5036471.581,8/20/16,18:59,01 - Clear,01 - Dry,11 - Roundabout,03 - At intersection,01 - Daylight,03 - P.D. only,04 - Sideswipe
12565,ST. JOSEPH BLVD @ JEANNE D'ARC BLVD,379860.0839,5036470.922,10/10/16,16:21,01 - Clear,01 - Dry,11 - Roundabout,03 - At intersection,01 - Daylight,03 - P.D. only,02 - Angle
12566,ST. JOSEPH BLVD @ JEANNE D'ARC BLVD,379861.4413,5036470.38,12/21/16,16:43,01 - Clear,02 - Wet,11 - Roundabout,03 - At intersection,05 - Dusk,03 - P.D. only,04 - Sideswipe
12567,ST. JOSEPH BLVD @ JEANNE D'ARC BLVD,379862.3988,5036471.995,12/29/16,10:30,03 - Snow,03 - Loose snow,11 - Roundabout,02 - Intersection related,01 - Daylight,03 - P.D. only,07 - SMV other
12568,ST. JOSEPH BLVD @ JEANNE D'ARC BLVD,379863.0865,5036473.108,11/4/16,8:10,01 - Clear,01 - Dry,11 - Roundabout,02 - Intersection related,01 - Daylight,03 - P.D. only,03 - Rear end
12569,ST. JOSEPH BLVD @ JEANNE D'ARC BLVD,379862.686,5036469.7,12/7/16,15:02,01 - Clear,02 - Wet,11 - Roundabout,03 - At intersection,01 - Daylight,03 - P.D. only,04 - Sideswipe
12570,ST. JOSEPH BLVD @ OR174 IC101 RAMP25,383346.2599,5038947.793,9/27/16,7:40,01 - Clear,01 - Dry,01 - Traffic signal,02 - Intersection related,01 - Daylight,03 - P.D. only,03 - Rear end
12571,ST. JOSEPH BLVD @ REGIONAL RD 174/TRANSITWAY,376557.6622,5035055.715,7/17/16,16:35,01 - Clear,01 - Dry,01 - Traffic signal,03 - At intersection,01 - Daylight,01 - Fatal injury,05 - Turning movement
12572,ST. JOSEPH BLVD @ REGIONAL RD 174/TRANSITWAY,376556.9607,5035056.056,8/8/16,22:14,01 - Clear,01 - Dry,01 - Traffic signal,02 - Intersection related,07 - Dark,02 - Non-fatal injury,02 - Angle
12573,ST. JOSEPH BLVD @ REGIONAL RD 174/TRANSITWAY,376554.2692,5035058.297,11/9/16,17:00,01 - Clear,01 - Dry,01 - Traffic signal,02 - Intersection related,07 - Dark,02 - Non-fatal injury,03 - Rear end
12574,ST. JOSEPH BLVD @ REGIONAL RD 174/TRANSITWAY,376556.4086,5035056.067,5/24/16,16:09,01 - Clear,01 - Dry,01 - Traffic signal,02 - Intersection related,01 - Daylight,03 - P.D. only,03 - Rear end
12575,ST. JOSEPH BLVD @ REGIONAL RD 174/TRANSITWAY,376558.2547,5035055.551,9/7/16,20:44,02 - Rain,02 - Wet,01 - Traffic signal,02 - Intersection related,07 - Dark,03 - P.D. only,03 - Rear end
12576,ST. JOSEPH BLVD @ REGIONAL RD 174/TRANSITWAY,376555.1178,5035057.034,11/12/16,14:22,01 - Clear,01 - Dry,01 - Traffic signal,03 - At intersection,01 - Daylight,03 - P.D. only,02 - Angle
12577,ST. JOSEPH BLVD @ ST. PIERRE ST,381375.0857,5037514.811,12/12/16,16:35,03 - Snow,04 - Slush,02 - Stop sign,03 - At intersection,05 - Dusk,03 - P.D. only,05 - Turning movement
12578,ST. JOSEPH BLVD @ TENTH LINE RD,382891.4697,5038665.787,3/7/16,17:53,01 - Clear,02 - Wet,01 - Traffic signal,02 - Intersection related,01 - Daylight,02 - Non-fatal injury,03 - Rear end
12579,ST. JOSEPH BLVD @ TENTH LINE RD,382890.0049,5038666.719,3/10/16,13:25,01 - Clear,02 - Wet,01 - Traffic signal,02 - Intersection related,01 - Daylight,02 - Non-fatal injury,07 - SMV other
12580,ST. JOSEPH BLVD @ TENTH LINE RD,382890.2683,5038665.114,8/26/16,12:28,01 - Clear,01 - Dry,01 - Traffic signal,02 - Intersection related,01 - Daylight,02 - Non-fatal injury,03 - Rear end
12581,ST. JOSEPH BLVD @ TENTH LINE RD,382890.8038,5038664.796,9/10/16,11:03,01 - Clear,01 - Dry,01 - Traffic signal,02 - Intersection related,01 - Daylight,02 - Non-fatal injury,03 - Rear end
12582,ST. JOSEPH BLVD @ TENTH LINE RD,382890.5843,5038667.55,2/12/16,14:55,01 - Clear,02 - Wet,01 - Traffic signal,03 - At intersection,01 - Daylight,03 - P.D. only,03 - Rear end
12583,ST. JOSEPH BLVD @ TENTH LINE RD,382891.263,5038665.764,2/25/16,19:00,03 - Snow,06 - Ice,01 - Traffic signal,02 - Intersection related,07 - Dark,03 - P.D. only,07 - SMV other
12584,ST. JOSEPH BLVD @ TENTH LINE RD,382890.5843,5038666.672,10/5/16,9:17,01 - Clear,01 - Dry,01 - Traffic signal,02 - Intersection related,01 - Daylight,03 - P.D. only,04 - Sideswipe
12585,ST. JOSEPH BLVD @ TENTH LINE RD,382890.978,5038668.14,2/5/16,9:50,01 - Clear,01 - Dry,01 - Traffic signal,02 - Intersection related,01 - Daylight,03 - P.D. only,03 - Rear end
12586,ST. JOSEPH BLVD @ TENTH LINE RD,382891.9015,5038666.672,1/31/16,10:19,01 - Clear,02 - Wet,01 - Traffic signal,02 - Intersection related,01 - Daylight,03 - P.D. only,03 - Rear end
12587,ST. JOSEPH BLVD @ TENTH LINE RD,382891.3767,5038666.195,1/20/16,17:04,01 - Clear,02 - Wet,01 - Traffic signal,03 - At intersection,05 - Dusk,03 - P.D. only,02 - Angle
12588,ST. JOSEPH BLVD @ TENTH LINE RD,382891.0258,5038667.119,2/20/16,15:30,02 - Rain,04 - Slush,01 - Traffic signal,02 - Intersection related,01 - Daylight,03 - P.D. only,03 - Rear end
12589,ST. JOSEPH BLVD @ TENTH LINE RD,382889.6815,5038666.677,4/22/16,15:26,01 - Clear,01 - Dry,01 - Traffic signal,02 - Intersection related,01 - Daylight,03 - P.D. only,03 - Rear end
12590,ST. JOSEPH BLVD @ TENTH LINE RD,382891.0701,5038665.654,3/12/16,15:20,01 - Clear,01 - Dry,01 - Traffic signal,03 - At intersection,01 - Daylight,03 - P.D. only,05 - Turning movement
12591,ST. JOSEPH BLVD @ TENTH LINE RD,382889.6121,5038665.837,6/30/16,12:34,01 - Clear,01 - Dry,01 - Traffic signal,02 - Intersection related,01 - Daylight,03 - P.D. only,03 - Rear end
12592,ST. JOSEPH BLVD @ TENTH LINE RD,382890.5843,5038667.111,7/9/16,11:02,02 - Rain,02 - Wet,01 - Traffic signal,02 - Intersection related,01 - Daylight,03 - P.D. only,03 - Rear end
12593,ST. JOSEPH BLVD @ TENTH LINE RD,382891.7223,5038665.764,5/7/16,11:56,01 - Clear,01 - Dry,01 - Traffic signal,02 - Intersection related,01 - Daylight,03 - P.D. only,03 - Rear end
12594,ST. JOSEPH BLVD @ TENTH LINE RD,382891.4856,5038666.907,7/11/16,15:47,01 - Clear,01 - Dry,01 - Traffic signal,02 - Intersection related,01 - Daylight,03 - P.D. only,04 - Sideswipe
12595,ST. JOSEPH BLVD @ TENTH LINE RD,382891.632,5038665.211,9/28/16,17:50,01 - Clear,01 - Dry,01 - Traffic signal,02 - Intersection related,01 - Daylight,03 - P.D. only,03 - Rear end
12596,ST. JOSEPH BLVD @ TENTH LINE RD,382889.9756,5038665.211,12/31/16,21:19,03 - Snow,03 - Loose snow,01 - Traffic signal,03 - At intersection,07 - Dark,03 - P.D. only,02 - Angle
12597,ST. JOSEPH BLVD btwn BELCOURT BLVD & ST. PIERRE ST,381369.822,5037509.591,10/7/16,10:56,01 - Clear,01 - Dry,10 - No control,04 - At/near private drive,01 - Daylight,03 - P.D. only,05 - Turning movement
12598,ST. JOSEPH BLVD btwn BELCOURT BLVD & ST. PIERRE ST,381278.4462,5037431.06,12/12/16,13:56,01 - Clear,03 - Loose snow,10 - No control,01 - Non intersection,01 - Daylight,03 - P.D. only,06 - SMV unattended vehicle
12599,ST. JOSEPH BLVD btwn BOYER RD & ORLEANS BLVD,380602.7522,5036964.441,12/21/16,18:55,01 - Clear,02 - Wet,10 - No control,04 - At/near private drive,07 - Dark,02 - Non-fatal injury,07 - SMV other
12600,ST. JOSEPH BLVD btwn BOYER RD & ORLEANS BLVD,380548.5916,5036927.556,2/5/16,9:44,01 - Clear,01 - Dry,10 - No control,04 - At/near private drive,01 - Daylight,03 - P.D. only,05 - Turning movement
12601,ST. JOSEPH BLVD btwn COUSINEAU ST & DUSSERE ST,380757.3296,5037061.537,6/23/16,12:00,01 - Clear,01 - Dry,10 - No control,01 - Non intersection,01 - Daylight,03 - P.D. only,04 - Sideswipe
12602,ST. JOSEPH BLVD btwn COUSINEAU ST & DUSSERE ST,380781.922,5037077.35,3/22/16,13:45,01 - Clear,01 - Dry,10 - No control,04 - At/near private drive,01 - Daylight,03 - P.D. only,02 - Angle
12603,ST. JOSEPH BLVD btwn COUSINEAU ST & DUSSERE ST,380730.8576,5037044.606,5/31/16,17:50,01 - Clear,01 - Dry,10 - No control,01 - Non intersection,01 - Daylight,03 - P.D. only,04 - Sideswipe
12604,ST. JOSEPH BLVD btwn DUSSERE ST & ST. JEAN ST,380864.8555,5037133.434,7/25/16,14:42,01 - Clear,01 - Dry,10 - No control,04 - At/near private drive,01 - Daylight,03 - P.D. only,02 - Angle
12605,ST. JOSEPH BLVD btwn GREY NUNS DR & BOYER RD,380260.3687,5036736.058,7/22/16,12:35,01 - Clear,01 - Dry,10 - No control,04 - At/near private drive,01 - Daylight,02 - Non-fatal injury,03 - Rear end
12606,ST. JOSEPH BLVD btwn GREY NUNS DR & BOYER RD,380168.2491,5036676.03,10/19/16,16:49,01 - Clear,01 - Dry,10 - No control,01 - Non intersection,01 - Daylight,03 - P.D. only,04 - Sideswipe
12607,ST. JOSEPH BLVD btwn GREY NUNS DR & BOYER RD,380322.0981,5036777.685,9/23/16,15:00,01 - Clear,01 - Dry,10 - No control,01 - Non intersection,01 - Daylight,03 - P.D. only,03 - Rear end
12608,ST. JOSEPH BLVD btwn GREY NUNS DR & BOYER RD,380254.618,5036733.312,12/5/16,7:30,02 - Rain,03 - Loose snow,10 - No control,04 - At/near private drive,03 - Dawn,03 - P.D. only,04 - Sideswipe
12609,ST. JOSEPH BLVD btwn HART RD & R.C.M.P. COMPLEX,377816.998,5035742.003,4/19/16,18:28,01 - Clear,01 - Dry,10 - No control,01 - Non intersection,01 - Daylight,03 - P.D. only,99 - Other
12610,ST. JOSEPH BLVD btwn HART RD & R.C.M.P. COMPLEX,377810.4299,5035736.226,12/17/16,1:00,03 - Snow,03 - Loose snow,10 - No control,04 - At/near private drive,07 - Dark,03 - P.D. only,07 - SMV other
12611,ST. JOSEPH BLVD btwn JEANNE D'ARC BLVD S & NOTRE DAME ST,379880.1234,5036485.04,3/4/16,11:35,01 - Clear,04 - Slush,10 - No control,04 - At/near private drive,01 - Daylight,03 - P.D. only,03 - Rear end
12612,ST. JOSEPH BLVD btwn JEANNE D'ARC BLVD S & NOTRE DAME ST,379932.6881,5036517.934,3/17/16,15:02,01 - Clear,02 - Wet,10 - No control,04 - At/near private drive,01 - Daylight,03 - P.D. only,03 - Rear end
12613,ST. JOSEPH BLVD btwn MAISONNEUVE ST & GABRIEL ST,381532.3859,5037631.59,6/23/16,11:18,01 - Clear,01 - Dry,10 - No control,04 - At/near private drive,01 - Daylight,03 - P.D. only,02 - Angle
12614,ST. JOSEPH BLVD btwn MAISONNEUVE ST & GABRIEL ST,381480.9033,5037591.518,8/23/16,13:00,01 - Clear,01 - Dry,10 - No control,01 - Non intersection,01 - Daylight,03 - P.D. only,04 - Sideswipe
12615,ST. JOSEPH BLVD btwn MAISONNEUVE ST & GABRIEL ST,381532.1714,5037633.704,1/13/16,13:39,01 - Clear,01 - Dry,10 - No control,01 - Non intersection,01 - Daylight,03 - P.D. only,03 - Rear end
12616,ST. JOSEPH BLVD btwn MARENGER ST & JEANNE D'ARC BLVD S,379780.2389,5036421.045,6/28/16,15:46,01 - Clear,01 - Dry,10 - No control,01 - Non intersection,01 - Daylight,03 - P.D. only,03 - Rear end
12617,ST. JOSEPH BLVD btwn MONTREAL RD & OR174 IC109 RAMP55,376531.3703,5035043.778,4/7/16,13:07,01 - Clear,01 - Dry,10 - No control,01 - Non intersection,01 - Daylight,03 - P.D. only,04 - Sideswipe
12618,ST. JOSEPH BLVD btwn MONTREAL RD & OR174 IC109 RAMP55,376488.4375,5035023.19,3/31/16,10:43,02 - Rain,02 - Wet,10 - No control,01 - Non intersection,01 - Daylight,03 - P.D. only,03 - Rear end
12619,ST. JOSEPH BLVD btwn NOTRE DAME ST W & MARENGER ST,379681.9609,5036356.077,6/1/16,12:25,01 - Clear,01 - Dry,10 - No control,01 - Non intersection,01 - Daylight,02 - Non-fatal injury,04 - Sideswipe
12620,ST. JOSEPH BLVD btwn OR174 IC109 RAMP54 & ROCKCLIFFE PKWY,377106.4442,5035228.368,11/14/16,18:36,01 - Clear,01 - Dry,10 - No control,01 - Non intersection,07 - Dark,03 - P.D. only,07 - SMV other
12621,ST. JOSEPH BLVD btwn OR174 IC109 RAMP54 & ROCKCLIFFE PKWY,376590.4367,5035071.82,11/15/16,18:22,01 - Clear,01 - Dry,10 - No control,01 - Non intersection,07 - Dark,03 - P.D. only,07 - SMV other
12622,ST. JOSEPH BLVD btwn OR174 IC109 RAMP54 & ROCKCLIFFE PKWY,376943.6517,5035164.945,10/1/16,23:00,01 - Clear,01 - Dry,10 - No control,01 - Non intersection,07 - Dark,03 - P.D. only,07 - SMV other
12623,ST. JOSEPH BLVD btwn ORLEANS BLVD & COUSINEAU ST,380675.63,5037008.747,12/3/16,15:26,01 - Clear,01 - Dry,10 - No control,01 - Non intersection,01 - Daylight,03 - P.D. only,04 - Sideswipe
12624,ST. JOSEPH BLVD btwn PRESTONE DR & TENTH LINE RD,382623.3038,5038533.271,6/11/16,9:47,02 - Rain,02 - Wet,10 - No control,01 - Non intersection,01 - Daylight,02 - Non-fatal injury,07 - SMV other
12625,ST. JOSEPH BLVD btwn PRESTONE DR & TENTH LINE RD,382867.0524,5038659.128,2/15/16,7:17,01 - Clear,01 - Dry,10 - No control,01 - Non intersection,01 - Daylight,03 - P.D. only,04 - Sideswipe
12626,ST. JOSEPH BLVD btwn R.C.M.P. COMPLEX & YOUVILLE DR,378430.6467,5036026.843,2/15/16,18:15,03 - Snow,02 - Wet,10 - No control,04 - At/near private drive,07 - Dark,02 - Non-fatal injury,05 - Turning movement
12627,ST. JOSEPH BLVD btwn R.C.M.P. COMPLEX & YOUVILLE DR,378431.0762,5036027.42,2/13/16,15:40,01 - Clear,01 - Dry,10 - No control,04 - At/near private drive,01 - Daylight,03 - P.D. only,07 - SMV other
12628,ST. JOSEPH BLVD btwn R.C.M.P. COMPLEX & YOUVILLE DR,378880.4122,5036074.992,5/13/16,20:40,01 - Clear,01 - Dry,10 - No control,01 - Non intersection,07 - Dark,03 - P.D. only,07 - SMV other
12629,ST. JOSEPH BLVD btwn R.C.M.P. COMPLEX & YOUVILLE DR,378766.0009,5036063.243,8/16/16,9:02,01 - Clear,01 - Dry,10 - No control,01 - Non intersection,01 - Daylight,03 - P.D. only,03 - Rear end
12630,ST. JOSEPH BLVD btwn ROCKCLIFFE PKWY & HART RD,377136.5416,5035247.852,1/20/16,7:33,01 - Clear,06 - Ice,10 - No control,01 - Non intersection,03 - Dawn,02 - Non-fatal injury,03 - Rear end
12631,ST. JOSEPH BLVD btwn ROCKCLIFFE PKWY & HART RD,377345.276,5035412.057,10/5/16,10:04,01 - Clear,01 - Dry,10 - No control,01 - Non intersection,01 - Daylight,03 - P.D. only,03 - Rear end
12632,ST. JOSEPH BLVD btwn ROCKCLIFFE PKWY & HART RD,377277.5123,5035363.007,1/20/16,9:29,01 - Clear,01 - Dry,10 - No control,01 - Non intersection,01 - Daylight,03 - P.D. only,03 - Rear end
12633,ST. JOSEPH BLVD btwn ROCKCLIFFE PKWY & HART RD,377167.6104,5035273.112,6/30/16,13:46,01 - Clear,01 - Dry,10 - No control,01 - Non intersection,01 - Daylight,03 - P.D. only,03 - Rear end
12634,ST. JOSEPH BLVD btwn ST. JEAN ST & BELCOURT BLVD,381099.661,5037284.852,8/19/16,22:26,01 - Clear,01 - Dry,10 - No control,04 - At/near private drive,07 - Dark,02 - Non-fatal injury,02 - Angle
12635,ST. JOSEPH BLVD btwn ST. JEAN ST & BELCOURT BLVD,381114.0706,5037295.589,8/31/16,9:32,01 - Clear,01 - Dry,10 - No control,01 - Non intersection,01 - Daylight,03 - P.D. only,05 - Turning movement
12636,ST. JOSEPH BLVD btwn ST. JEAN ST & BELCOURT BLVD,381165.2974,5037329.986,1/1/16,17:01,01 - Clear,04 - Slush,10 - No control,04 - At/near private drive,05 - Dusk,03 - P.D. only,05 - Turning movement
12637,ST. JOSEPH BLVD btwn ST. JEAN ST & BELCOURT BLVD,381186.7857,5037345.869,8/2/16,15:35,01 - Clear,01 - Dry,10 - No control,04 - At/near private drive,01 - Daylight,03 - P.D. only,02 - Angle
12638,ST. JOSEPH BLVD btwn ST. JEAN ST & BELCOURT BLVD,381181.4972,5037340.942,4/5/16,19:16,01 - Clear,01 - Dry,10 - No control,01 - Non intersection,01 - Daylight,03 - P.D. only,04 - Sideswipe
12639,ST. JOSEPH BLVD btwn ST. JEAN ST & BELCOURT BLVD,381107.3087,5037292.627,11/26/16,19:45,01 - Clear,01 - Dry,10 - No control,04 - At/near private drive,07 - Dark,03 - P.D. only,02 - Angle
12640,ST. JOSEPH BLVD btwn ST. JOSEPH BLVD & PLACE D'ORLEANS DR,381895.1453,5037913.507,3/16/16,15:04,01 - Clear,01 - Dry,10 - No control,04 - At/near private drive,01 - Daylight,03 - P.D. only,03 - Rear end
12641,ST. JOSEPH BLVD btwn ST. JOSEPH BLVD & PLACE D'ORLEANS DR,381951.2909,5037958.608,12/19/16,16:40,01 - Clear,05 - Packed snow,10 - No control,04 - At/near private drive,05 - Dusk,03 - P.D. only,02 - Angle
12642,ST. JOSEPH BLVD btwn YOUVILLE DR & NOTRE DAME ST W,379201.6193,5036166.644,7/21/16,17:21,01 - Clear,01 - Dry,10 - No control,01 - Non intersection,01 - Daylight,03 - P.D. only,04 - Sideswipe
12643,ST. JOSEPH BLVD/OLD MONTREAL RD @ TRIM RD,384683.0203,5039284.783,6/29/16,20:15,01 - Clear,01 - Dry,11 - Roundabout,03 - At intersection,05 - Dusk,02 - Non-fatal injury,02 - Angle
12644,ST. JOSEPH BLVD/OLD MONTREAL RD @ TRIM RD,384683.5529,5039285.848,6/17/16,15:50,01 - Clear,01 - Dry,11 - Roundabout,03 - At intersection,01 - Daylight,02 - Non-fatal injury,02 - Angle
12645,ST. JOSEPH BLVD/OLD MONTREAL RD @ TRIM RD,384679.0556,5039285.582,3/17/16,16:35,01 - Clear,02 - Wet,11 - Roundabout,02 - Intersection related,01 - Daylight,02 - Non-fatal injury,03 - Rear end
12646,ST. JOSEPH BLVD/OLD MONTREAL RD @ TRIM RD,384683.5529,5039284.783,6/24/16,15:55,01 - Clear,01 - Dry,11 - Roundabout,03 - At intersection,01 - Daylight,03 - P.D. only,04 - Sideswipe
12647,ST. JOSEPH BLVD/OLD MONTREAL RD @ TRIM RD,384683.5529,5039284.783,7/11/16,14:55,01 - Clear,01 - Dry,11 - Roundabout,03 - At intersection,01 - Daylight,03 - P.D. only,02 - Angle
12648,ST. JOSEPH BLVD/OLD MONTREAL RD @ TRIM RD,384683.0203,5039286.381,7/5/16,14:49,01 - Clear,01 - Dry,11 - Roundabout,03 - At intersection,01 - Daylight,03 - P.D. only,04 - Sideswipe
12649,ST. JOSEPH BLVD/OLD MONTREAL RD @ TRIM RD,384682.4877,5039284.783,8/2/16,15:01,01 - Clear,01 - Dry,11 - Roundabout,03 - At intersection,01 - Daylight,03 - P.D. only,02 - Angle
12650,ST. JOSEPH BLVD/OLD MONTREAL RD @ TRIM RD,384682.4877,5039286.381,8/8/16,12:38,01 - Clear,01 - Dry,11 - Roundabout,03 - At intersection,01 - Daylight,03 - P.D. only,02 - Angle
12651,ST. JOSEPH BLVD/OLD MONTREAL RD @ TRIM RD,384681.9551,5039285.316,8/11/16,10:30,01 - Clear,01 - Dry,11 - Roundabout,03 - At intersection,01 - Daylight,03 - P.D. only,04 - Sideswipe
12652,ST. JOSEPH BLVD/OLD MONTREAL RD @ TRIM RD,384682.4877,5039284.25,8/12/16,22:40,01 - Clear,01 - Dry,11 - Roundabout,03 - At intersection,07 - Dark,03 - P.D. only,04 - Sideswipe
12653,ST. JOSEPH BLVD/OLD MONTREAL RD @ TRIM RD,384679.6216,5039284.069,4/6/16,19:26,03 - Snow,03 - Loose snow,11 - Roundabout,03 - At intersection,07 - Dark,03 - P.D. only,07 - SMV other
12654,ST. JOSEPH BLVD/OLD MONTREAL RD @ TRIM RD,384681.8906,5039284.069,4/13/16,13:26,01 - Clear,01 - Dry,11 - Roundabout,03 - At intersection,01 - Daylight,03 - P.D. only,03 - Rear end
12655,ST. JOSEPH BLVD/OLD MONTREAL RD @ TRIM RD,384682.4877,5039284.783,8/22/16,7:33,01 - Clear,01 - Dry,11 - Roundabout,03 - At intersection,01 - Daylight,03 - P.D. only,02 - Angle
12656,ST. JOSEPH BLVD/OLD MONTREAL RD @ TRIM RD,384681.4224,5039286.381,9/3/16,13:08,01 - Clear,01 - Dry,11 - Roundabout,03 - At intersection,01 - Daylight,03 - P.D. only,03 - Rear end
12657,ST. JOSEPH BLVD/OLD MONTREAL RD @ TRIM RD,384681.9551,5039285.316,5/1/16,12:10,02 - Rain,02 - Wet,11 - Roundabout,02 - Intersection related,01 - Daylight,03 - P.D. only,07 - SMV other
12658,ST. JOSEPH BLVD/OLD MONTREAL RD @ TRIM RD,384681.9551,5039285.316,9/12/16,8:48,01 - Clear,01 - Dry,11 - Roundabout,03 - At intersection,01 - Daylight,03 - P.D. only,02 - Angle
12659,ST. JOSEPH BLVD/OLD MONTREAL RD @ TRIM RD,384683.5529,5039285.316,5/10/16,12:01,01 - Clear,01 - Dry,11 - Roundabout,03 - At intersection,01 - Daylight,03 - P.D. only,02 - Angle
12660,ST. JOSEPH BLVD/OLD MONTREAL RD @ TRIM RD,384682.4877,5039284.783,5/23/16,14:21,01 - Clear,01 - Dry,11 - Roundabout,03 - At intersection,01 - Daylight,03 - P.D. only,02 - Angle
12661,ST. JOSEPH BLVD/OLD MONTREAL RD @ TRIM RD,384682.4877,5039284.783,6/2/16,16:55,01 - Clear,01 - Dry,11 - Roundabout,03 - At intersection,01 - Daylight,03 - P.D. only,02 - Angle
12662,ST. JOSEPH BLVD/OLD MONTREAL RD @ TRIM RD,384682.4877,5039284.783,6/4/16,13:19,01 - Clear,01 - Dry,11 - Roundabout,03 - At intersection,01 - Daylight,03 - P.D. only,02 - Angle
12663,ST. JOSEPH BLVD/OLD MONTREAL RD @ TRIM RD,384683.0203,5039285.848,6/16/16,6:52,01 - Clear,01 - Dry,11 - Roundabout,03 - At intersection,01 - Daylight,03 - P.D. only,02 - Angle
12664,ST. JOSEPH BLVD/OLD MONTREAL RD @ TRIM RD,384682.1413,5039286.175,2/16/16,11:49,03 - Snow,03 - Loose snow,11 - Roundabout,03 - At intersection,01 - Daylight,03 - P.D. only,07 - SMV other
12665,ST. JOSEPH BLVD/OLD MONTREAL RD @ TRIM RD,384682.8007,5039286.544,9/25/16,12:50,01 - Clear,01 - Dry,11 - Roundabout,03 - At intersection,01 - Daylight,03 - P.D. only,02 - Angle
12666,ST. JOSEPH BLVD/OLD MONTREAL RD @ TRIM RD,384682.1055,5039285.084,11/14/16,14:08,01 - Clear,01 - Dry,11 - Roundabout,03 - At intersection,01 - Daylight,03 - P.D. only,04 - Sideswipe
12667,ST. JOSEPH BLVD/OLD MONTREAL RD @ TRIM RD,384678.1766,5039289.43,10/25/16,10:44,01 - Clear,01 - Dry,11 - Roundabout,02 - Intersection related,01 - Daylight,03 - P.D. only,02 - Angle
12668,ST. JOVITE RDG btwn FORTUNE DR & FORTUNE DR,380159.1129,5037641.476,12/15/16,0:00,01 - Clear,01 - Dry,10 - No control,01 - Non intersection,00 - Unknown,03 - P.D. only,06 - SMV unattended vehicle
12669,ST. LAURENT BLVD @ 125 N OF QUEEN MARY ST/ZELL,372170.1743,5032287.419,4/24/16,21:24,01 - Clear,01 - Dry,01 - Traffic signal,02 - Intersection related,07 - Dark,03 - P.D. only,03 - Rear end
12670,ST. LAURENT BLVD @ 125 N OF QUEEN MARY ST/ZELL,372169.9515,5032286.906,3/26/16,19:57,01 - Clear,02 - Wet,01 - Traffic signal,02 - Intersection related,07 - Dark,03 - P.D. only,04 - Sideswipe
12671,ST. LAURENT BLVD @ 125 N OF QUEEN MARY ST/ZELL,372169.5097,5032287.961,11/8/16,16:36,01 - Clear,01 - Dry,01 - Traffic signal,02 - Intersection related,05 - Dusk,03 - P.D. only,02 - Angle
12672,ST. LAURENT BLVD @ CONNERY AVE,373626.8229,5028723.897,3/29/16,13:01,01 - Clear,01 - Dry,02 - Stop sign,02 - Intersection related,01 - Daylight,03 - P.D. only,03 - Rear end
12673,ST. LAURENT BLVD @ COTE ST,371784.8925,5033224.345,11/18/16,17:16,01 - Clear,01 - Dry,01 - Traffic signal,03 - At intersection,07 - Dark,02 - Non-fatal injury,07 - SMV other
12674,ST. LAURENT BLVD @ COTE ST,371785.0759,5033226.624,10/26/16,19:16,01 - Clear,01 - Dry,01 - Traffic signal,03 - At intersection,07 - Dark,03 - P.D. only,05 - Turning movement
12675,ST. LAURENT BLVD @ COTE ST,371786.2317,5033225.76,12/21/16,11:35,01 - Clear,04 - Slush,01 - Traffic signal,03 - At intersection,01 - Daylight,03 - P.D. only,03 - Rear end
12676,ST. LAURENT BLVD @ COVENTRY RD/OGILVIE RD,372305.0536,5031951.353,2/29/16,19:45,01 - Clear,02 - Wet,01 - Traffic signal,02 - Intersection related,07 - Dark,02 - Non-fatal injury,03 - Rear end
12677,ST. LAURENT BLVD @ COVENTRY RD/OGILVIE RD,372306.2903,5031951.348,8/18/16,12:43,01 - Clear,01 - Dry,01 - Traffic signal,02 - Intersection related,01 - Daylight,02 - Non-fatal injury,03 - Rear end
12678,ST. LAURENT BLVD @ COVENTRY RD/OGILVIE RD,372305.4922,5031952.938,7/3/16,18:00,01 - Clear,01 - Dry,01 - Traffic signal,03 - At intersection,01 - Daylight,02 - Non-fatal injury,02 - Angle
12679,ST. LAURENT BLVD @ COVENTRY RD/OGILVIE RD,372306.8647,5031951.194,11/1/16,1:38,01 - Clear,01 - Dry,01 - Traffic signal,,07 - Dark,02 - Non-fatal injury,07 - SMV other
12680,ST. LAURENT BLVD @ COVENTRY RD/OGILVIE RD,372305.939,5031950.916,1/23/16,22:35,01 - Clear,01 - Dry,01 - Traffic signal,03 - At intersection,07 - Dark,03 - P.D. only,02 - Angle
12681,ST. LAURENT BLVD @ COVENTRY RD/OGILVIE RD,372305.7211,5031951.882,1/11/16,9:53,01 - Clear,02 - Wet,01 - Traffic signal,02 - Intersection related,01 - Daylight,03 - P.D. only,04 - Sideswipe
12682,ST. LAURENT BLVD @ COVENTRY RD/OGILVIE RD,372305.9858,5031950.776,4/2/16,16:44,01 - Clear,01 - Dry,01 - Traffic signal,02 - Intersection related,01 - Daylight,03 - P.D. only,03 - Rear end
12683,ST. LAURENT BLVD @ COVENTRY RD/OGILVIE RD,372306.3914,5031951.351,3/26/16,11:19,01 - Clear,01 - Dry,01 - Traffic signal,02 - Intersection related,01 - Daylight,03 - P.D. only,03 - Rear end