Record,Location,X,Y,Date,Time,Environment,Road_Surface,Traffic_Control,Collision_Location,Light,Collision_Classification,Impact_type
12684,ST. LAURENT BLVD @ COVENTRY RD/OGILVIE RD,372306.8518,5031952.751,7/27/16,17:16,01 - Clear,01 - Dry,01 - Traffic signal,02 - Intersection related,01 - Daylight,03 - P.D. only,03 - Rear end
12685,ST. LAURENT BLVD @ COVENTRY RD/OGILVIE RD,372305.495,5031951.35,4/7/16,15:39,01 - Clear,01 - Dry,01 - Traffic signal,02 - Intersection related,01 - Daylight,03 - P.D. only,04 - Sideswipe
12686,ST. LAURENT BLVD @ COVENTRY RD/OGILVIE RD,372305.945,5031951.8,7/4/16,17:17,01 - Clear,01 - Dry,01 - Traffic signal,02 - Intersection related,01 - Daylight,03 - P.D. only,03 - Rear end
12687,ST. LAURENT BLVD @ COVENTRY RD/OGILVIE RD,372304.917,5031950.851,10/29/16,18:55,02 - Rain,02 - Wet,01 - Traffic signal,02 - Intersection related,07 - Dark,03 - P.D. only,03 - Rear end
12688,ST. LAURENT BLVD @ COVENTRY RD/OGILVIE RD,372306.5262,5031950.222,11/24/16,9:22,03 - Snow,03 - Loose snow,01 - Traffic signal,02 - Intersection related,01 - Daylight,03 - P.D. only,03 - Rear end
12689,ST. LAURENT BLVD @ COVENTRY RD/OGILVIE RD,372306.6642,5031952.476,11/20/16,18:16,03 - Snow,03 - Loose snow,01 - Traffic signal,02 - Intersection related,07 - Dark,03 - P.D. only,04 - Sideswipe
12690,ST. LAURENT BLVD @ JOLIFFE ST,373751.8326,5028417.48,2/17/16,10:37,01 - Clear,06 - Ice,01 - Traffic signal,02 - Intersection related,01 - Daylight,02 - Non-fatal injury,03 - Rear end
12691,ST. LAURENT BLVD @ MCARTHUR AVE,371922.2963,5032887.421,3/22/16,22:23,02 - Rain,02 - Wet,01 - Traffic signal,03 - At intersection,07 - Dark,02 - Non-fatal injury,05 - Turning movement
12692,ST. LAURENT BLVD @ MCARTHUR AVE,371921.5731,5032888.608,2/5/16,13:47,04 - Freezing Rain,06 - Ice,01 - Traffic signal,02 - Intersection related,01 - Daylight,03 - P.D. only,03 - Rear end
12693,ST. LAURENT BLVD @ MCARTHUR AVE,371922.1782,5032888.723,9/7/16,22:00,02 - Rain,02 - Wet,01 - Traffic signal,02 - Intersection related,07 - Dark,03 - P.D. only,03 - Rear end
12694,ST. LAURENT BLVD @ MCARTHUR AVE,371921.2598,5032886.886,6/21/16,17:12,01 - Clear,01 - Dry,01 - Traffic signal,02 - Intersection related,01 - Daylight,03 - P.D. only,04 - Sideswipe
12695,ST. LAURENT BLVD @ MCARTHUR AVE,371921.4995,5032886.916,1/21/16,13:10,01 - Clear,06 - Ice,01 - Traffic signal,02 - Intersection related,01 - Daylight,03 - P.D. only,03 - Rear end
12696,ST. LAURENT BLVD @ MCARTHUR AVE,371922.3924,5032886.453,2/20/16,14:43,02 - Rain,02 - Wet,01 - Traffic signal,03 - At intersection,01 - Daylight,03 - P.D. only,02 - Angle
12697,ST. LAURENT BLVD @ MCARTHUR AVE,371920.9201,5032886.776,2/18/16,8:30,01 - Clear,02 - Wet,01 - Traffic signal,02 - Intersection related,01 - Daylight,03 - P.D. only,03 - Rear end
12698,ST. LAURENT BLVD @ MCARTHUR AVE,371922.8413,5032886.902,5/2/16,14:21,01 - Clear,01 - Dry,01 - Traffic signal,03 - At intersection,01 - Daylight,03 - P.D. only,05 - Turning movement
12699,ST. LAURENT BLVD @ MCARTHUR AVE,371921.3953,5032887.115,4/16/16,10:46,01 - Clear,01 - Dry,01 - Traffic signal,02 - Intersection related,01 - Daylight,03 - P.D. only,03 - Rear end
12700,ST. LAURENT BLVD @ MCARTHUR AVE,371921.8618,5032887.421,5/25/16,13:37,01 - Clear,01 - Dry,01 - Traffic signal,03 - At intersection,01 - Daylight,03 - P.D. only,05 - Turning movement
12701,ST. LAURENT BLVD @ MCARTHUR AVE,371922.0081,5032887.291,5/21/16,11:06,01 - Clear,01 - Dry,01 - Traffic signal,02 - Intersection related,01 - Daylight,03 - P.D. only,04 - Sideswipe
12702,ST. LAURENT BLVD @ MCARTHUR AVE,371920.8908,5032887.989,10/20/16,13:30,02 - Rain,02 - Wet,01 - Traffic signal,02 - Intersection related,01 - Daylight,03 - P.D. only,03 - Rear end
12703,ST. LAURENT BLVD @ MCARTHUR AVE,371920.0627,5032885.505,11/8/16,15:24,01 - Clear,01 - Dry,01 - Traffic signal,03 - At intersection,01 - Daylight,03 - P.D. only,03 - Rear end
12704,ST. LAURENT BLVD @ MCARTHUR AVE,371921.4995,5032886.916,12/1/16,11:00,01 - Clear,01 - Dry,01 - Traffic signal,03 - At intersection,01 - Daylight,03 - P.D. only,05 - Turning movement
12705,ST. LAURENT BLVD @ QUEEN MARY ST,372214.7175,5032177.222,1/25/16,15:54,01 - Clear,01 - Dry,02 - Stop sign,02 - Intersection related,01 - Daylight,03 - P.D. only,04 - Sideswipe
12706,ST. LAURENT BLVD @ ST. LAURENT BLVD SERVICE,373495.2737,5029148.348,11/3/16,13:30,99 - Other,02 - Wet,01 - Traffic signal,02 - Intersection related,01 - Daylight,03 - P.D. only,03 - Rear end
12707,ST. LAURENT BLVD @ SUSAN ST,373826.962,5028231.326,1/22/16,12:26,01 - Clear,01 - Dry,02 - Stop sign,02 - Intersection related,01 - Daylight,03 - P.D. only,03 - Rear end
12708,ST. LAURENT BLVD @ TAWNEY RD,373575.0711,5028848.765,8/30/16,12:09,01 - Clear,01 - Dry,02 - Stop sign,03 - At intersection,01 - Daylight,02 - Non-fatal injury,02 - Angle
12709,ST. LAURENT BLVD @ TAWNEY RD,373576.4039,5028848.545,5/6/16,12:55,01 - Clear,01 - Dry,02 - Stop sign,03 - At intersection,01 - Daylight,02 - Non-fatal injury,07 - SMV other
12710,ST. LAURENT BLVD @ THURSTON DR,373690.8544,5027497.108,12/5/16,8:52,01 - Clear,01 - Dry,02 - Stop sign,02 - Intersection related,01 - Daylight,03 - P.D. only,03 - Rear end
12711,ST. LAURENT BLVD @ TREMBLAY RD,372596.8116,5031241.356,2/5/16,19:46,01 - Clear,01 - Dry,01 - Traffic signal,03 - At intersection,07 - Dark,02 - Non-fatal injury,05 - Turning movement
12712,ST. LAURENT BLVD @ TREMBLAY RD,372595.0397,5031242.475,5/16/16,6:44,01 - Clear,01 - Dry,01 - Traffic signal,02 - Intersection related,01 - Daylight,03 - P.D. only,03 - Rear end
12713,ST. LAURENT BLVD @ TREMBLAY RD,372595.8201,5031243.936,8/5/16,10:21,01 - Clear,01 - Dry,01 - Traffic signal,03 - At intersection,01 - Daylight,03 - P.D. only,02 - Angle
12714,ST. LAURENT BLVD @ TREMBLAY RD,372595.9334,5031241.356,2/9/16,12:05,01 - Clear,02 - Wet,01 - Traffic signal,02 - Intersection related,01 - Daylight,03 - P.D. only,03 - Rear end
12715,ST. LAURENT BLVD @ TREMBLAY RD,372595.9334,5031241.356,2/4/16,17:00,01 - Clear,01 - Dry,01 - Traffic signal,02 - Intersection related,05 - Dusk,03 - P.D. only,03 - Rear end
12716,ST. LAURENT BLVD @ TREMBLAY RD,372595.7241,5031241.884,1/6/16,6:35,01 - Clear,01 - Dry,01 - Traffic signal,03 - At intersection,07 - Dark,03 - P.D. only,05 - Turning movement
12717,ST. LAURENT BLVD @ TREMBLAY RD,372595.8936,5031241.507,7/7/16,18:52,01 - Clear,01 - Dry,01 - Traffic signal,02 - Intersection related,01 - Daylight,03 - P.D. only,03 - Rear end
12718,ST. LAURENT BLVD @ TREMBLAY RD,372596.153,5031242.454,10/13/16,8:00,02 - Rain,02 - Wet,01 - Traffic signal,02 - Intersection related,01 - Daylight,03 - P.D. only,04 - Sideswipe
12719,ST. LAURENT BLVD @ TREMBLAY RD,372595.7139,5031239.506,11/15/16,17:10,01 - Clear,01 - Dry,01 - Traffic signal,02 - Intersection related,07 - Dark,03 - P.D. only,03 - Rear end
12720,ST. LAURENT BLVD @ TREMBLAY RD,372595.7139,5031241.162,12/28/16,10:25,01 - Clear,01 - Dry,01 - Traffic signal,03 - At intersection,01 - Daylight,03 - P.D. only,02 - Angle
12721,ST. LAURENT BLVD @ TREMBLAY RD,372595.0553,5031241.356,12/5/16,14:30,03 - Snow,04 - Slush,01 - Traffic signal,02 - Intersection related,01 - Daylight,03 - P.D. only,02 - Angle
12722,ST. LAURENT BLVD @ WALKLEY RD,373901.0938,5028048.097,8/29/16,8:37,01 - Clear,01 - Dry,01 - Traffic signal,02 - Intersection related,01 - Daylight,02 - Non-fatal injury,03 - Rear end
12723,ST. LAURENT BLVD @ WALKLEY RD,373902.5246,5028045.728,5/12/16,14:54,01 - Clear,01 - Dry,01 - Traffic signal,02 - Intersection related,01 - Daylight,03 - P.D. only,04 - Sideswipe
12724,ST. LAURENT BLVD @ WALKLEY RD,373902.8332,5028046.9,1/13/16,17:02,01 - Clear,04 - Slush,01 - Traffic signal,02 - Intersection related,05 - Dusk,03 - P.D. only,03 - Rear end
12725,ST. LAURENT BLVD @ WALKLEY RD,373902.7501,5028046.441,12/9/16,18:00,01 - Clear,01 - Dry,01 - Traffic signal,02 - Intersection related,07 - Dark,03 - P.D. only,03 - Rear end
12726,ST. LAURENT BLVD @ WALKLEY RD,373902.7501,5028044.785,12/21/16,17:22,01 - Clear,02 - Wet,01 - Traffic signal,02 - Intersection related,07 - Dark,03 - P.D. only,03 - Rear end
12727,ST. LAURENT BLVD @ WALKLEY RD,373909.9725,5028046.855,12/31/16,17:20,03 - Snow,03 - Loose snow,01 - Traffic signal,03 - At intersection,07 - Dark,03 - P.D. only,03 - Rear end
12728,ST. LAURENT BLVD @ WALKLEY RD,373903.5783,5028046.441,12/31/16,18:41,03 - Snow,03 - Loose snow,01 - Traffic signal,02 - Intersection related,07 - Dark,03 - P.D. only,04 - Sideswipe
12729,ST. LAURENT BLVD btwn BELFAST RD & INDUSTRIAL AVE,372906.4517,5030469.011,10/4/16,9:10,01 - Clear,01 - Dry,10 - No control,01 - Non intersection,01 - Daylight,02 - Non-fatal injury,03 - Rear end
12730,ST. LAURENT BLVD btwn BELFAST RD & INDUSTRIAL AVE,373078.1411,5030056.235,4/19/16,14:10,01 - Clear,01 - Dry,10 - No control,01 - Non intersection,01 - Daylight,03 - P.D. only,04 - Sideswipe
12731,ST. LAURENT BLVD btwn BELFAST RD & INDUSTRIAL AVE,373057.4914,5030099.563,11/19/16,20:45,01 - Clear,01 - Dry,10 - No control,01 - Non intersection,07 - Dark,03 - P.D. only,03 - Rear end
12732,ST. LAURENT BLVD btwn BOURASSA ST & SMYTH RD,373251.916,5029656.234,3/15/16,16:21,02 - Rain,02 - Wet,10 - No control,04 - At/near private drive,01 - Daylight,02 - Non-fatal injury,03 - Rear end
12733,ST. LAURENT BLVD btwn BOURASSA ST & SMYTH RD,373306.9907,5029520.489,1/27/16,10:38,01 - Clear,01 - Dry,10 - No control,01 - Non intersection,01 - Daylight,03 - P.D. only,03 - Rear end
12734,ST. LAURENT BLVD btwn BOURASSA ST & SMYTH RD,373273.8019,5029600.993,3/1/16,11:46,01 - Clear,02 - Wet,10 - No control,01 - Non intersection,01 - Daylight,03 - P.D. only,03 - Rear end
12735,ST. LAURENT BLVD btwn BOURASSA ST & SMYTH RD,373265.7026,5029621.375,6/10/16,13:57,01 - Clear,01 - Dry,10 - No control,01 - Non intersection,01 - Daylight,03 - P.D. only,03 - Rear end
12736,ST. LAURENT BLVD btwn BOURASSA ST & SMYTH RD,373241.8217,5029676.428,6/1/16,9:32,01 - Clear,01 - Dry,10 - No control,01 - Non intersection,01 - Daylight,03 - P.D. only,03 - Rear end
12737,ST. LAURENT BLVD btwn CONROY RD & THURSTON DR,373610.4102,5027459.278,4/24/16,14:04,01 - Clear,01 - Dry,10 - No control,04 - At/near private drive,01 - Daylight,03 - P.D. only,02 - Angle
12738,ST. LAURENT BLVD btwn COVENTRY RD & LEMIEUX ST,372317.3369,5031924.624,5/29/16,3:59,01 - Clear,01 - Dry,10 - No control,01 - Non intersection,07 - Dark,02 - Non-fatal injury,07 - SMV other
12739,ST. LAURENT BLVD btwn COVENTRY RD & LEMIEUX ST,372363.4564,5031812.616,11/4/16,12:51,01 - Clear,01 - Dry,10 - No control,01 - Non intersection,01 - Daylight,02 - Non-fatal injury,03 - Rear end
12740,ST. LAURENT BLVD btwn COVENTRY RD & LEMIEUX ST,372384.919,5031757.713,2/27/16,15:39,01 - Clear,01 - Dry,10 - No control,01 - Non intersection,01 - Daylight,03 - P.D. only,03 - Rear end
12741,ST. LAURENT BLVD btwn COVENTRY RD & LEMIEUX ST,372388.8229,5031749.633,6/16/16,16:38,01 - Clear,01 - Dry,10 - No control,04 - At/near private drive,01 - Daylight,03 - P.D. only,02 - Angle
12742,ST. LAURENT BLVD btwn COVENTRY RD & LEMIEUX ST,372389.0902,5031750.029,5/27/16,12:57,01 - Clear,01 - Dry,10 - No control,01 - Non intersection,01 - Daylight,03 - P.D. only,03 - Rear end
12743,ST. LAURENT BLVD btwn COVENTRY RD & LEMIEUX ST,372343.6544,5031858.421,4/22/16,17:07,01 - Clear,01 - Dry,10 - No control,01 - Non intersection,01 - Daylight,03 - P.D. only,04 - Sideswipe
12744,ST. LAURENT BLVD btwn COVENTRY RD & LEMIEUX ST,372312.3448,5031937.082,9/8/16,10:39,01 - Clear,01 - Dry,10 - No control,01 - Non intersection,01 - Daylight,03 - P.D. only,03 - Rear end
12745,ST. LAURENT BLVD btwn COVENTRY RD & LEMIEUX ST,372311.6999,5031937.927,6/25/16,13:15,01 - Clear,01 - Dry,10 - No control,01 - Non intersection,01 - Daylight,03 - P.D. only,07 - SMV other
12746,ST. LAURENT BLVD btwn COVENTRY RD & LEMIEUX ST,372368.3709,5031798.978,12/8/16,19:38,01 - Clear,01 - Dry,10 - No control,01 - Non intersection,07 - Dark,03 - P.D. only,05 - Turning movement
12747,ST. LAURENT BLVD btwn COVENTRY RD & LEMIEUX ST,372382.3386,5031765.186,12/3/16,14:30,01 - Clear,01 - Dry,10 - No control,04 - At/near private drive,01 - Daylight,03 - P.D. only,05 - Turning movement
12748,ST. LAURENT BLVD btwn CYRVILLE RD & COVENTRY RD,372272.2739,5032035.75,2/23/16,11:30,01 - Clear,02 - Wet,10 - No control,01 - Non intersection,01 - Daylight,03 - P.D. only,03 - Rear end
12749,ST. LAURENT BLVD btwn CYRVILLE RD & COVENTRY RD,372301.6346,5031963.035,8/24/16,12:30,01 - Clear,01 - Dry,10 - No control,01 - Non intersection,01 - Daylight,03 - P.D. only,04 - Sideswipe
12750,ST. LAURENT BLVD btwn CYRVILLE RD & COVENTRY RD,372283.9468,5032002.257,12/5/16,9:29,03 - Snow,03 - Loose snow,10 - No control,01 - Non intersection,01 - Daylight,03 - P.D. only,04 - Sideswipe
12751,ST. LAURENT BLVD btwn DONALD ST & 125 N OF QUEEN MARY ST,372132.0967,5032379.88,5/1/16,16:01,02 - Rain,02 - Wet,10 - No control,01 - Non intersection,01 - Daylight,02 - Non-fatal injury,03 - Rear end
12752,ST. LAURENT BLVD btwn DONALD ST & 125 N OF QUEEN MARY ST,372120.094,5032408.323,5/26/16,6:45,01 - Clear,01 - Dry,10 - No control,04 - At/near private drive,01 - Daylight,02 - Non-fatal injury,02 - Angle
12753,ST. LAURENT BLVD btwn DONALD ST & 125 N OF QUEEN MARY ST,372111.9324,5032425.794,11/16/16,17:07,01 - Clear,01 - Dry,10 - No control,01 - Non intersection,07 - Dark,02 - Non-fatal injury,03 - Rear end
12754,ST. LAURENT BLVD btwn DONALD ST & 125 N OF QUEEN MARY ST,372136.0463,5032381.568,8/10/16,16:14,01 - Clear,01 - Dry,10 - No control,01 - Non intersection,01 - Daylight,02 - Non-fatal injury,03 - Rear end
12755,ST. LAURENT BLVD btwn DONALD ST & 125 N OF QUEEN MARY ST,372104.4703,5032447.338,10/22/16,19:00,02 - Rain,02 - Wet,10 - No control,04 - At/near private drive,07 - Dark,03 - P.D. only,05 - Turning movement
12756,ST. LAURENT BLVD btwn DONALD ST & 125 N OF QUEEN MARY ST,372098.0311,5032462.585,7/14/16,13:22,01 - Clear,01 - Dry,10 - No control,01 - Non intersection,01 - Daylight,03 - P.D. only,04 - Sideswipe
12757,ST. LAURENT BLVD btwn DONALD ST & 125 N OF QUEEN MARY ST,372109.4479,5032437.802,11/15/16,15:19,01 - Clear,01 - Dry,10 - No control,04 - At/near private drive,01 - Daylight,03 - P.D. only,02 - Angle
12758,ST. LAURENT BLVD btwn DUNBARTON CRT & MONTREAL RD,371504.112,5033913.504,7/27/16,12:03,01 - Clear,01 - Dry,10 - No control,01 - Non intersection,01 - Daylight,03 - P.D. only,03 - Rear end
12759,ST. LAURENT BLVD btwn FOLEY AVE & WALKLEY RD,373861.6265,5028139.439,3/19/16,15:08,01 - Clear,01 - Dry,10 - No control,04 - At/near private drive,01 - Daylight,03 - P.D. only,03 - Rear end
12760,ST. LAURENT BLVD btwn FOLEY AVE & WALKLEY RD,373871.2555,5028116.239,4/22/16,8:51,02 - Rain,02 - Wet,10 - No control,04 - At/near private drive,01 - Daylight,03 - P.D. only,05 - Turning movement
12761,ST. LAURENT BLVD btwn FOLEY AVE & WALKLEY RD,373862.5228,5028136.401,7/17/16,14:29,01 - Clear,01 - Dry,10 - No control,01 - Non intersection,01 - Daylight,03 - P.D. only,04 - Sideswipe
12762,ST. LAURENT BLVD btwn FOLEY AVE & WALKLEY RD,373871.9981,5028115.766,3/18/16,12:37,01 - Clear,01 - Dry,10 - No control,04 - At/near private drive,01 - Daylight,03 - P.D. only,03 - Rear end
12763,ST. LAURENT BLVD btwn FOLEY AVE & WALKLEY RD,373860.8182,5028141.915,11/9/16,15:54,01 - Clear,01 - Dry,10 - No control,01 - Non intersection,05 - Dusk,03 - P.D. only,04 - Sideswipe
12764,ST. LAURENT BLVD btwn GUY ST & MUTUAL ST,371873.5175,5033006.816,9/19/16,11:54,01 - Clear,01 - Dry,10 - No control,01 - Non intersection,01 - Daylight,03 - P.D. only,03 - Rear end
12765,ST. LAURENT BLVD btwn GUY ST & MUTUAL ST,371861.2835,5033040.248,9/21/16,13:52,01 - Clear,01 - Dry,10 - No control,01 - Non intersection,01 - Daylight,03 - P.D. only,07 - SMV other
12766,ST. LAURENT BLVD btwn HEMLOCK RD & MEADOW PARK PL,371194.5692,5034662.784,6/20/16,12:10,01 - Clear,01 - Dry,10 - No control,04 - At/near private drive,01 - Daylight,02 - Non-fatal injury,05 - Turning movement
12767,ST. LAURENT BLVD btwn HEMLOCK RD & MEADOW PARK PL,371168.6447,5034724.041,1/26/16,16:12,02 - Rain,04 - Slush,10 - No control,04 - At/near private drive,01 - Daylight,03 - P.D. only,02 - Angle
12768,ST. LAURENT BLVD btwn HEMLOCK RD & MEADOW PARK PL,371203.7471,5034641.438,4/10/16,15:53,01 - Clear,01 - Dry,10 - No control,04 - At/near private drive,01 - Daylight,03 - P.D. only,99 - Other
12769,ST. LAURENT BLVD btwn HEMLOCK RD & MEADOW PARK PL,371157.086,5034753.74,1/15/16,9:50,01 - Clear,04 - Slush,10 - No control,04 - At/near private drive,01 - Daylight,03 - P.D. only,02 - Angle
12770,ST. LAURENT BLVD btwn HEMLOCK RD & MEADOW PARK PL,371175.3659,5034711.116,10/11/16,14:54,01 - Clear,01 - Dry,10 - No control,04 - At/near private drive,01 - Daylight,03 - P.D. only,02 - Angle
12771,ST. LAURENT BLVD btwn HEMLOCK RD & MEADOW PARK PL,371163.1002,5034735.221,10/19/16,16:36,01 - Clear,01 - Dry,10 - No control,,01 - Daylight,03 - P.D. only,02 - Angle
12772,ST. LAURENT BLVD btwn HWY417 IC115 RAMP25 & TREMBLAY RD,372581.6259,5031280.669,3/29/16,13:18,01 - Clear,01 - Dry,10 - No control,01 - Non intersection,01 - Daylight,03 - P.D. only,03 - Rear end
12773,ST. LAURENT BLVD btwn HWY417 IC115 RAMP25 & TREMBLAY RD,372582.4762,5031273.145,6/22/16,6:23,01 - Clear,01 - Dry,10 - No control,01 - Non intersection,01 - Daylight,03 - P.D. only,04 - Sideswipe
12774,ST. LAURENT BLVD btwn HWY417 IC115 RAMP35 & HWY417 IC115 RAMP26,372488.0968,5031515.861,3/17/16,7:50,01 - Clear,01 - Dry,10 - No control,01 - Non intersection,01 - Daylight,03 - P.D. only,03 - Rear end
12775,ST. LAURENT BLVD btwn HWY417 IC115 RAMP35 & HWY417 IC115 RAMP26,372489.7496,5031511,3/2/16,17:43,03 - Snow,02 - Wet,10 - No control,01 - Non intersection,01 - Daylight,03 - P.D. only,03 - Rear end
12776,ST. LAURENT BLVD btwn HWY417 IC115 RAMP36 & TRANSIT,372402.5514,5031717.704,2/3/16,19:59,06 - Strong wind,02 - Wet,10 - No control,06 - Underpass or tunnel,07 - Dark,02 - Non-fatal injury,07 - SMV other
12777,ST. LAURENT BLVD btwn HWY417 IC115 RAMP36 & TRANSIT,372402.369,5031717.962,5/18/16,15:22,01 - Clear,01 - Dry,10 - No control,01 - Non intersection,01 - Daylight,03 - P.D. only,04 - Sideswipe
12778,ST. LAURENT BLVD btwn HWY417 IC115 RAMP36 & TRANSIT,372415.7413,5031688.32,10/20/16,20:37,02 - Rain,02 - Wet,10 - No control,01 - Non intersection,07 - Dark,03 - P.D. only,03 - Rear end
12779,ST. LAURENT BLVD btwn HWY417 IC115 RAMP51 & HWY417 IC115 RAMP25,372534.1167,5031400.103,11/16/16,8:54,02 - Rain,02 - Wet,10 - No control,01 - Non intersection,01 - Daylight,02 - Non-fatal injury,03 - Rear end
12780,ST. LAURENT BLVD btwn INDUSTRIAL AVE & BOURASSA ST,373158.1741,5029873.321,7/5/16,6:56,01 - Clear,01 - Dry,10 - No control,04 - At/near private drive,01 - Daylight,02 - Non-fatal injury,02 - Angle
12781,ST. LAURENT BLVD btwn INDUSTRIAL AVE & BOURASSA ST,373106.7527,5029987.565,8/17/16,14:40,01 - Clear,01 - Dry,10 - No control,01 - Non intersection,01 - Daylight,03 - P.D. only,04 - Sideswipe
12782,ST. LAURENT BLVD btwn INDUSTRIAL AVE & BOURASSA ST,373104.4203,5029995.398,4/1/16,11:00,01 - Clear,01 - Dry,10 - No control,01 - Non intersection,01 - Daylight,03 - P.D. only,04 - Sideswipe
12783,ST. LAURENT BLVD btwn INDUSTRIAL AVE & BOURASSA ST,373203.9815,5029767.224,7/20/16,12:16,01 - Clear,01 - Dry,10 - No control,01 - Non intersection,01 - Daylight,03 - P.D. only,05 - Turning movement
12784,ST. LAURENT BLVD btwn INDUSTRIAL AVE & BOURASSA ST,373140.0555,5029914.435,10/27/16,16:00,01 - Clear,02 - Wet,10 - No control,01 - Non intersection,01 - Daylight,03 - P.D. only,03 - Rear end
12785,ST. LAURENT BLVD btwn INDUSTRIAL AVE & BOURASSA ST,373214.9976,5029739.44,9/28/16,8:00,01 - Clear,01 - Dry,10 - No control,01 - Non intersection,01 - Daylight,03 - P.D. only,07 - SMV other
12786,ST. LAURENT BLVD btwn INDUSTRIAL AVE & BOURASSA ST,373111.7274,5029978.233,12/6/16,9:31,01 - Clear,04 - Slush,10 - No control,04 - At/near private drive,01 - Daylight,03 - P.D. only,02 - Angle
12787,ST. LAURENT BLVD btwn INDUSTRIAL AVE & BOURASSA ST,373158.8439,5029874.754,11/30/16,10:30,01 - Clear,02 - Wet,10 - No control,01 - Non intersection,01 - Daylight,03 - P.D. only,03 - Rear end
12788,ST. LAURENT BLVD btwn MALARTIC AVE & NORANDA AVE,371619.9173,5033633.371,5/31/16,17:47,01 - Clear,01 - Dry,10 - No control,01 - Non intersection,01 - Daylight,03 - P.D. only,03 - Rear end
12789,ST. LAURENT BLVD btwn MCARTHUR AVE & DONALD ST,371934.8564,5032856.929,7/23/16,14:30,01 - Clear,01 - Dry,10 - No control,01 - Non intersection,01 - Daylight,02 - Non-fatal injury,04 - Sideswipe
12790,ST. LAURENT BLVD btwn MCARTHUR AVE & DONALD ST,371925.9365,5032876.698,2/26/16,17:05,01 - Clear,01 - Dry,10 - No control,01 - Non intersection,01 - Daylight,03 - P.D. only,04 - Sideswipe
12791,ST. LAURENT BLVD btwn MCARTHUR AVE & DONALD ST,372049.0649,5032585.341,2/18/16,9:00,01 - Clear,06 - Ice,10 - No control,04 - At/near private drive,01 - Daylight,03 - P.D. only,03 - Rear end
12792,ST. LAURENT BLVD btwn MCARTHUR AVE & DONALD ST,372075.7329,5032520.754,1/31/16,13:43,01 - Clear,02 - Wet,10 - No control,01 - Non intersection,01 - Daylight,03 - P.D. only,04 - Sideswipe
12793,ST. LAURENT BLVD btwn MCARTHUR AVE & DONALD ST,372088.2629,5032484.731,2/29/16,13:22,01 - Clear,01 - Dry,10 - No control,01 - Non intersection,01 - Daylight,03 - P.D. only,04 - Sideswipe
12794,ST. LAURENT BLVD btwn MCARTHUR AVE & DONALD ST,372083.9473,5032495.241,5/8/16,8:56,01 - Clear,01 - Dry,10 - No control,01 - Non intersection,01 - Daylight,03 - P.D. only,03 - Rear end
12795,ST. LAURENT BLVD btwn MCARTHUR AVE & DONALD ST,372083.2007,5032502.473,6/8/16,17:20,01 - Clear,01 - Dry,10 - No control,01 - Non intersection,01 - Daylight,03 - P.D. only,03 - Rear end
12796,ST. LAURENT BLVD btwn MCARTHUR AVE & DONALD ST,371950.0743,5032810.707,11/8/16,22:01,01 - Clear,01 - Dry,10 - No control,01 - Non intersection,07 - Dark,03 - P.D. only,07 - SMV other
12797,ST. LAURENT BLVD btwn MCARTHUR AVE & DONALD ST,372086.9072,5032492.124,10/1/16,13:30,01 - Clear,01 - Dry,10 - No control,01 - Non intersection,01 - Daylight,03 - P.D. only,04 - Sideswipe
12798,ST. LAURENT BLVD btwn MEADOW PARK PL & KAREN WAY,371248.9403,5034529.004,1/11/16,13:17,01 - Clear,06 - Ice,10 - No control,01 - Non intersection,01 - Daylight,02 - Non-fatal injury,03 - Rear end
12799,ST. LAURENT BLVD btwn MONTREAL RD & CAMIL ST,371552.7282,5033800.471,2/12/16,15:33,01 - Clear,06 - Ice,10 - No control,04 - At/near private drive,01 - Daylight,03 - P.D. only,03 - Rear end
12800,ST. LAURENT BLVD btwn NERTA ST & JOLIFFE ST,373747.4482,5028427.239,4/27/16,7:54,01 - Clear,01 - Dry,10 - No control,01 - Non intersection,01 - Daylight,02 - Non-fatal injury,03 - Rear end
12801,ST. LAURENT BLVD btwn NERTA ST & JOLIFFE ST,373683.9751,5028585.891,11/16/16,8:55,02 - Rain,02 - Wet,10 - No control,01 - Non intersection,01 - Daylight,03 - P.D. only,04 - Sideswipe
12802,ST. LAURENT BLVD btwn PLEASANT PARK RD & CONNERY AVE,373605.1436,5028776.674,4/12/16,21:39,01 - Clear,01 - Dry,10 - No control,04 - At/near private drive,07 - Dark,03 - P.D. only,05 - Turning movement
12803,ST. LAURENT BLVD btwn PLEASANT PARK RD & CONNERY AVE,373602.012,5028784.05,6/6/16,12:05,01 - Clear,01 - Dry,10 - No control,01 - Non intersection,01 - Daylight,03 - P.D. only,04 - Sideswipe
12804,ST. LAURENT BLVD btwn PLEASANT PARK RD & CONNERY AVE,373615.9474,5028752.072,9/17/16,18:07,02 - Rain,02 - Wet,10 - No control,01 - Non intersection,01 - Daylight,03 - P.D. only,03 - Rear end
12805,ST. LAURENT BLVD btwn SHORE ST & BELFAST RD,372851.2839,5030603.809,9/19/16,8:40,01 - Clear,01 - Dry,10 - No control,01 - Non intersection,01 - Daylight,03 - P.D. only,04 - Sideswipe
12806,ST. LAURENT BLVD btwn THURSTON DR & WALKLEY RD,374030.6308,5027807.267,11/4/16,17:33,01 - Clear,01 - Dry,10 - No control,01 - Non intersection,07 - Dark,02 - Non-fatal injury,06 - SMV unattended vehicle