Record,Location,X,Y,Date,Time,Environment,Road_Surface,Traffic_Control,Collision_Location,Light,Collision_Classification,Impact_type
12807,ST. LAURENT BLVD btwn THURSTON DR & WALKLEY RD,373994.0009,5027900.12,1/27/16,8:44,03 - Snow,03 - Loose snow,10 - No control,04 - At/near private drive,01 - Daylight,03 - P.D. only,03 - Rear end
12808,ST. LAURENT BLVD btwn THURSTON DR & WALKLEY RD,374026.9737,5027803.791,12/31/16,16:25,03 - Snow,03 - Loose snow,10 - No control,01 - Non intersection,05 - Dusk,03 - P.D. only,06 - SMV unattended vehicle
12809,ST. LAURENT BLVD btwn TO BE DETERMINED & DWELLINGHAM PRIV,373490.9259,5029097.575,2/25/16,18:00,04 - Freezing Rain,06 - Ice,10 - No control,01 - Non intersection,07 - Dark,03 - P.D. only,01 - Approaching
12810,ST. LAURENT BLVD btwn TRANSIT & HWY417 IC115 RAMP35,372475.9676,5031542.421,4/18/16,15:59,01 - Clear,01 - Dry,10 - No control,01 - Non intersection,01 - Daylight,03 - P.D. only,04 - Sideswipe
12811,ST. LAURENT BLVD btwn TREMBLAY RD & SHORE ST,372787.3234,5030767.788,3/18/16,15:57,01 - Clear,01 - Dry,10 - No control,01 - Non intersection,01 - Daylight,03 - P.D. only,03 - Rear end
12812,ST. LAURENT BLVD btwn TREMBLAY RD & SHORE ST,372672.9371,5031042.774,3/2/16,11:59,03 - Snow,03 - Loose snow,10 - No control,01 - Non intersection,01 - Daylight,03 - P.D. only,03 - Rear end
12813,ST. LAURENT BLVD/GUY ST @ RIDEAU SS,371859.9505,5033043.659,3/11/16,13:46,01 - Clear,01 - Dry,01 - Traffic signal,02 - Intersection related,01 - Daylight,03 - P.D. only,03 - Rear end
12814,ST. LOUIS DR btwn BUCKSKIN WAY & ST. ANDRE DR,379612.1167,5038303.95,2/24/16,11:28,03 - Snow,03 - Loose snow,10 - No control,01 - Non intersection,01 - Daylight,03 - P.D. only,06 - SMV unattended vehicle
12815,ST. LOUIS DR btwn ST. ANDRE DR & ORLEANS BLVD,379759.2779,5038373.628,3/4/16,9:03,01 - Clear,01 - Dry,10 - No control,01 - Non intersection,01 - Daylight,03 - P.D. only,01 - Approaching
12816,ST. PATRICK ST @ SUSSEX DR,367666.8231,5032462.335,3/23/16,1:23,01 - Clear,02 - Wet,01 - Traffic signal,03 - At intersection,07 - Dark,02 - Non-fatal injury,02 - Angle
12817,ST. PATRICK ST @ SUSSEX DR,367665.8166,5032462.144,1/22/16,21:18,01 - Clear,01 - Dry,01 - Traffic signal,03 - At intersection,07 - Dark,03 - P.D. only,02 - Angle
12818,ST. PATRICK ST @ SUSSEX DR,367665.782,5032462.603,5/24/16,17:10,01 - Clear,01 - Dry,01 - Traffic signal,02 - Intersection related,01 - Daylight,03 - P.D. only,03 - Rear end
12819,ST. PATRICK ST btwn DALHOUSIE ST & CUMBERLAND ST,368043.4789,5032695.9,3/14/16,16:30,01 - Clear,02 - Wet,10 - No control,01 - Non intersection,01 - Daylight,03 - P.D. only,06 - SMV unattended vehicle
12820,ST. PATRICK ST btwn KING EDWARD AVE & MURRAY ST,368280.9448,5032845.46,6/28/16,11:04,01 - Clear,01 - Dry,10 - No control,04 - At/near private drive,01 - Daylight,03 - P.D. only,05 - Turning movement
12821,ST. PATRICK ST btwn PARENT AVE & DALHOUSIE ST,367935.3782,5032626.376,6/21/16,7:56,01 - Clear,01 - Dry,10 - No control,01 - Non intersection,01 - Daylight,02 - Non-fatal injury,04 - Sideswipe
12822,ST. PATRICK ST btwn SUSSEX DR & PARENT AVE,367684.6075,5032473.338,3/29/16,0:00,01 - Clear,02 - Wet,10 - No control,01 - Non intersection,00 - Unknown,03 - P.D. only,06 - SMV unattended vehicle
12823,ST. PATRICK ST btwn SUSSEX DR & PARENT AVE,367752.2145,5032514.124,8/11/16,15:19,01 - Clear,01 - Dry,10 - No control,01 - Non intersection,01 - Daylight,03 - P.D. only,03 - Rear end
12824,ST. PATRICK ST btwn VANIER PKWY & VANIER PKWY,369110.8644,5033452.256,9/17/16,2:58,01 - Clear,01 - Dry,10 - No control,01 - Non intersection,07 - Dark,02 - Non-fatal injury,07 - SMV other
12825,ST. PATRICK ST EB btwn BEAUSOLEIL DR & COBOURG ST,368763.384,5033234.261,9/18/16,15:20,01 - Clear,01 - Dry,10 - No control,01 - Non intersection,01 - Daylight,03 - P.D. only,04 - Sideswipe
12826,ST. PATRICK ST EB btwn COBOURG ST & VANIER PKWY,368953.8542,5033265.965,7/8/16,2:30,01 - Clear,01 - Dry,10 - No control,01 - Non intersection,07 - Dark,02 - Non-fatal injury,07 - SMV other
12827,ST. PATRICK ST EB btwn COBOURG ST & VANIER PKWY,369084.4202,5033409.433,10/12/16,13:01,01 - Clear,01 - Dry,10 - No control,01 - Non intersection,01 - Daylight,03 - P.D. only,03 - Rear end
12828,ST. PATRICK ST EB btwn MURRAY ST & BEAUSOLEIL DR,368415.8757,5033050.955,5/27/16,10:57,01 - Clear,01 - Dry,10 - No control,01 - Non intersection,01 - Daylight,03 - P.D. only,04 - Sideswipe
12829,ST. PATRICK ST WB btwn FORSEY ST & ISLAND LODGE RD,368635.6622,5033234.195,3/2/16,12:27,01 - Clear,02 - Wet,10 - No control,04 - At/near private drive,01 - Daylight,03 - P.D. only,03 - Rear end
12830,ST. PATRICK ST WB btwn FORSEY ST & ISLAND LODGE RD,368640.4894,5033236.171,2/24/16,15:30,03 - Snow,02 - Wet,10 - No control,04 - At/near private drive,01 - Daylight,03 - P.D. only,02 - Angle
12831,ST. PATRICK ST WB btwn FORSEY ST & ISLAND LODGE RD,368720.6782,5033246.578,2/3/16,18:10,"07 - Fog, mist, smoke, dust",01 - Dry,10 - No control,01 - Non intersection,07 - Dark,03 - P.D. only,03 - Rear end
12832,ST. PATRICK ST WB btwn ISLAND LODGE RD & CRICHTON ST,368830.2293,5033247.394,4/21/16,18:33,01 - Clear,01 - Dry,10 - No control,01 - Non intersection,01 - Daylight,02 - Non-fatal injury,07 - SMV other
12833,ST. PATRICK ST WB btwn MURRAY ST & ST. ANDREW ST,368402.929,5033064.31,5/24/16,17:00,01 - Clear,01 - Dry,10 - No control,01 - Non intersection,01 - Daylight,03 - P.D. only,04 - Sideswipe
12834,ST. PATRICK ST/ST. ANDREW ST @ BEAUSOLEIL DR,368427.6331,5033069.434,5/18/16,14:55,01 - Clear,01 - Dry,01 - Traffic signal,02 - Intersection related,01 - Daylight,02 - Non-fatal injury,03 - Rear end
12835,ST. PATRICK ST/ST. ANDREW ST @ BEAUSOLEIL DR,368427.2646,5033069.333,8/20/16,6:45,01 - Clear,01 - Dry,01 - Traffic signal,02 - Intersection related,01 - Daylight,02 - Non-fatal injury,07 - SMV other
12836,ST. PATRICK ST/ST. ANDREW ST @ BEAUSOLEIL DR,368428.2232,5033070.351,1/14/16,12:10,03 - Snow,03 - Loose snow,01 - Traffic signal,02 - Intersection related,01 - Daylight,03 - P.D. only,03 - Rear end
12837,ST. PATRICK ST/ST. ANDREW ST @ BEAUSOLEIL DR,368427.4723,5033069.178,6/8/16,12:30,01 - Clear,01 - Dry,01 - Traffic signal,02 - Intersection related,01 - Daylight,03 - P.D. only,03 - Rear end
12838,ST. PATRICK ST/ST. ANDREW ST @ BEAUSOLEIL DR,368427.7733,5033069.774,7/29/16,7:24,01 - Clear,01 - Dry,01 - Traffic signal,02 - Intersection related,01 - Daylight,03 - P.D. only,03 - Rear end
12839,STAFFORD RD btwn BEXLEY PL & END,357913.2592,5021237.281,3/4/16,10:05,01 - Clear,01 - Dry,10 - No control,01 - Non intersection,01 - Daylight,03 - P.D. only,06 - SMV unattended vehicle
12840,STAGECOACH RD @ CEDAR ACRES DR/WELLWOOD ST,376345.1776,5012363.1,11/29/16,13:43,01 - Clear,02 - Wet,02 - Stop sign,02 - Intersection related,01 - Daylight,03 - P.D. only,02 - Angle
12841,STAGECOACH RD @ EMPIRE GROVE ST/STANMORE ST,376436.7498,5012151.999,12/17/16,2:26,03 - Snow,03 - Loose snow,02 - Stop sign,03 - At intersection,07 - Dark,02 - Non-fatal injury,02 - Angle
12842,STAGECOACH RD btwn APPLE ORCHARD RD & WELLWOOD ST,376273.1127,5012529.655,9/7/16,16:41,01 - Clear,01 - Dry,10 - No control,01 - Non intersection,01 - Daylight,02 - Non-fatal injury,03 - Rear end
12843,STAGECOACH RD btwn CABIN RD & SNAKE ISLAND RD,378078.095,5006328.865,1/7/16,7:11,01 - Clear,01 - Dry,10 - No control,01 - Non intersection,03 - Dawn,03 - P.D. only,01 - Approaching
12844,STAGECOACH RD btwn DALMENY RD & FAWN LANE,378773.6702,4997474.783,2/3/16,20:21,02 - Rain,02 - Wet,10 - No control,01 - Non intersection,07 - Dark,03 - P.D. only,07 - SMV other
12845,STAGECOACH RD btwn EMPIRE GROVE ST & LAKESHORE DR,376448.6067,5012125.435,5/6/16,0:12,01 - Clear,01 - Dry,10 - No control,01 - Non intersection,07 - Dark,03 - P.D. only,07 - SMV other
12846,STAGECOACH RD btwn FOREST RD & CABIN RD,378134.032,5003873.61,5/23/16,2:51,01 - Clear,01 - Dry,10 - No control,01 - Non intersection,07 - Dark,02 - Non-fatal injury,07 - SMV other
12847,STAGECOACH RD btwn LAKESHORE DR & OLD PRESCOTT RD,376981.0369,5010911.093,11/21/16,1:06,03 - Snow,05 - Packed snow,10 - No control,01 - Non intersection,07 - Dark,03 - P.D. only,03 - Rear end
12848,STAGECOACH RD btwn OLD STAGECOACH RD & BLANCHFIELD RD,377718.9547,5000191.369,4/29/16,4:43,01 - Clear,01 - Dry,10 - No control,01 - Non intersection,07 - Dark,03 - P.D. only,07 - SMV other
12849,STAGECOACH RD btwn OLD STAGECOACH RD & BLANCHFIELD RD,377731.8308,5000226.402,6/20/16,12:34,01 - Clear,01 - Dry,10 - No control,04 - At/near private drive,01 - Daylight,03 - P.D. only,05 - Turning movement
12850,STAGECOACH RD btwn OLD STAGECOACH RD & BLANCHFIELD RD,377826.874,5001260.103,12/26/16,16:43,04 - Freezing Rain,06 - Ice,10 - No control,01 - Non intersection,05 - Dusk,03 - P.D. only,07 - SMV other
12851,STAGECOACH RD btwn SNAKE ISLAND RD & HERBERTS CORNERS RD,377952.1319,5008599.679,2/14/16,3:00,06 - Strong wind,01 - Dry,10 - No control,01 - Non intersection,07 - Dark,03 - P.D. only,07 - SMV other
12852,STAGECOACH RD btwn SNAKE ISLAND RD & HERBERTS CORNERS RD,377997.3141,5007165.663,9/17/16,17:01,01 - Clear,01 - Dry,10 - No control,01 - Non intersection,01 - Daylight,03 - P.D. only,07 - SMV other
12853,STAGECOACH RD btwn SNAKE ISLAND RD & HERBERTS CORNERS RD,377945.1931,5008664.9,10/5/16,23:20,01 - Clear,01 - Dry,10 - No control,01 - Non intersection,07 - Dark,03 - P.D. only,07 - SMV other
12854,STAGECOACH RD btwn SNAKE ISLAND RD & HERBERTS CORNERS RD,377934.0649,5007465.363,12/2/16,22:48,01 - Clear,01 - Dry,10 - No control,01 - Non intersection,07 - Dark,03 - P.D. only,07 - SMV other
12855,STALWART CRES E @ WHITE ALDER AVE,375560.514,5020782.201,4/18/16,16:38,01 - Clear,01 - Dry,02 - Stop sign,03 - At intersection,01 - Daylight,03 - P.D. only,05 - Turning movement
12856,STALWART CRES E @ WHITE ALDER AVE,375560.514,5020782.201,7/25/16,17:34,01 - Clear,01 - Dry,02 - Stop sign,03 - At intersection,01 - Daylight,03 - P.D. only,02 - Angle
12857,STANLEY AVE @ SUSSEX DR,367833.7522,5033869.856,8/27/16,10:13,01 - Clear,01 - Dry,01 - Traffic signal,02 - Intersection related,01 - Daylight,02 - Non-fatal injury,03 - Rear end
12858,STANLEY AVE @ SUSSEX DR,367832.3232,5033872.381,5/4/16,16:45,01 - Clear,01 - Dry,01 - Traffic signal,03 - At intersection,01 - Daylight,02 - Non-fatal injury,02 - Angle
12859,STANLEY AVE @ SUSSEX DR,367832.0959,5033871.512,11/2/16,13:49,01 - Clear,01 - Dry,01 - Traffic signal,03 - At intersection,01 - Daylight,03 - P.D. only,07 - SMV other
12860,STANLEY AVE btwn QUEEN VICTORIA ST & KEEFER ST,368291.6951,5033672.638,2/10/16,11:35,03 - Snow,03 - Loose snow,10 - No control,04 - At/near private drive,01 - Daylight,03 - P.D. only,06 - SMV unattended vehicle
12861,STAR TOP RD btwn ALGOMA RD & Continuation of STAR TOP RD,374034.5891,5030951.299,11/18/16,15:23,01 - Clear,01 - Dry,10 - No control,01 - Non intersection,01 - Daylight,02 - Non-fatal injury,05 - Turning movement
12862,STAR TOP RD btwn Continuation of STAR TOP RD & INNES RD,374127.3451,5030715.161,3/17/16,16:44,01 - Clear,01 - Dry,10 - No control,01 - Non intersection,01 - Daylight,03 - P.D. only,05 - Turning movement
12863,STATION RD btwn MARCH RD & END,350871.5363,5022217.733,1/21/16,14:27,01 - Clear,05 - Packed snow,10 - No control,04 - At/near private drive,01 - Daylight,03 - P.D. only,02 - Angle
12864,STE. CECILE ST btwn BEECHWOOD AVE & GENEST ST,369740.0617,5033921.033,10/4/16,8:10,01 - Clear,01 - Dry,10 - No control,01 - Non intersection,01 - Daylight,02 - Non-fatal injury,05 - Turning movement
12865,STE. THERESE LANE btwn FORTUNE DR & FORTUNE DR,379811.1759,5037473.636,6/15/16,11:52,01 - Clear,01 - Dry,10 - No control,04 - At/near private drive,01 - Daylight,03 - P.D. only,06 - SMV unattended vehicle
12866,STEDMAN ST btwn PARKIN CIRC & PARKIN CIRC,372717.7629,5022901.218,4/5/16,9:45,01 - Clear,01 - Dry,10 - No control,01 - Non intersection,01 - Daylight,03 - P.D. only,07 - SMV other
12867,STEEPLE CHASE DR btwn PINE HILL DR & BON ECHO CRES,355561.549,5017701.314,5/29/16,0:00,01 - Clear,01 - Dry,10 - No control,01 - Non intersection,00 - Unknown,03 - P.D. only,06 - SMV unattended vehicle
12868,STEEPLE HILL CRES btwn FALLOWFIELD RD & RUSHMORE RD,358586.0793,5013952.752,4/6/16,17:58,03 - Snow,03 - Loose snow,10 - No control,01 - Non intersection,01 - Daylight,02 - Non-fatal injury,07 - SMV other
12869,STEEPLE HILL CRES btwn RICHMOND RD & PIETY HILL WAY,357812.2857,5014228.162,12/5/16,16:06,03 - Snow,05 - Packed snow,10 - No control,04 - At/near private drive,05 - Dusk,03 - P.D. only,06 - SMV unattended vehicle
12870,STEVENAGE DR @ SWANSEA CRES,374414.9619,5026771.373,2/24/16,15:21,04 - Freezing Rain,06 - Ice,10 - No control,03 - At intersection,01 - Daylight,03 - P.D. only,02 - Angle
12871,STEVENAGE DR @ SWANSEA CRES E,374906.9165,5027199.906,2/24/16,16:46,03 - Snow,06 - Ice,02 - Stop sign,03 - At intersection,01 - Daylight,03 - P.D. only,02 - Angle
12872,STEVENAGE DR btwn GLENFIELD DR & OVERTON DR,375287.207,5027374.839,2/9/16,8:26,03 - Snow,03 - Loose snow,10 - No control,01 - Non intersection,01 - Daylight,03 - P.D. only,06 - SMV unattended vehicle
12873,STEVENAGE DR btwn SWANSEA CRES & SWANSEA CRES,374408.7539,5026810.448,3/2/16,9:30,03 - Snow,03 - Loose snow,10 - No control,01 - Non intersection,01 - Daylight,03 - P.D. only,02 - Angle
12874,STEWART ST btwn COBOURG ST & CHARLOTTE ST,369337.3508,5032634.015,12/5/16,11:08,01 - Clear,01 - Dry,10 - No control,01 - Non intersection,01 - Daylight,03 - P.D. only,06 - SMV unattended vehicle
12875,STEWART ST btwn NELSON ST & FRIEL ST,368848.5926,5032337.38,3/25/16,6:24,01 - Clear,01 - Dry,10 - No control,01 - Non intersection,01 - Daylight,03 - P.D. only,07 - SMV other
12876,STIKINE DR btwn KEYROCK DR & NORTOBA CRES,349780.6752,5020114.545,2/24/16,9:18,03 - Snow,03 - Loose snow,10 - No control,01 - Non intersection,01 - Daylight,03 - P.D. only,04 - Sideswipe
12877,STIRLING AVE btwn LADOUCEUR ST & ARMSTRONG ST,365295.5113,5029695.916,4/14/16,0:00,01 - Clear,01 - Dry,10 - No control,01 - Non intersection,00 - Unknown,03 - P.D. only,06 - SMV unattended vehicle
12878,STITT ST btwn JONATHAN PACK ST & ABBOTT ST W,349558.9766,5013151.35,11/25/16,23:00,01 - Clear,02 - Wet,10 - No control,01 - Non intersection,07 - Dark,03 - P.D. only,06 - SMV unattended vehicle
12879,STITTSVILLE MAIN ST @ ANDREW ALEXANDER CRT,350088.7398,5013542.944,6/29/16,14:45,01 - Clear,01 - Dry,02 - Stop sign,02 - Intersection related,01 - Daylight,03 - P.D. only,03 - Rear end
12880,STITTSVILLE MAIN ST @ HAZELDEAN RD,349559.0567,5014878.937,10/15/16,18:05,01 - Clear,01 - Dry,01 - Traffic signal,03 - At intersection,01 - Daylight,03 - P.D. only,05 - Turning movement
12881,STITTSVILLE MAIN ST @ HAZELDEAN RD,349558.2485,5014878.256,1/1/16,17:33,01 - Clear,01 - Dry,01 - Traffic signal,03 - At intersection,05 - Dusk,03 - P.D. only,02 - Angle
12882,STITTSVILLE MAIN ST @ HAZELDEAN RD,349557.7395,5014879.815,2/6/16,10:35,01 - Clear,01 - Dry,01 - Traffic signal,02 - Intersection related,01 - Daylight,03 - P.D. only,03 - Rear end
12883,STITTSVILLE MAIN ST @ HAZELDEAN RD,349558.5137,5014878.924,4/30/16,11:07,01 - Clear,01 - Dry,01 - Traffic signal,02 - Intersection related,01 - Daylight,03 - P.D. only,03 - Rear end
12884,STITTSVILLE MAIN ST @ HAZELDEAN RD,349558.4109,5014878.682,8/7/16,15:39,01 - Clear,01 - Dry,01 - Traffic signal,03 - At intersection,01 - Daylight,03 - P.D. only,05 - Turning movement
12885,STITTSVILLE MAIN ST @ HAZELDEAN RD,349558.3062,5014878.787,7/11/16,13:45,01 - Clear,01 - Dry,01 - Traffic signal,03 - At intersection,01 - Daylight,03 - P.D. only,05 - Turning movement
12886,STITTSVILLE MAIN ST @ HAZELDEAN RD,349558.4109,5014878.682,7/19/16,23:55,01 - Clear,01 - Dry,01 - Traffic signal,02 - Intersection related,07 - Dark,03 - P.D. only,04 - Sideswipe
12887,STITTSVILLE MAIN ST @ HAZELDEAN RD,349558.2528,5014878.751,7/31/16,11:58,01 - Clear,01 - Dry,01 - Traffic signal,02 - Intersection related,01 - Daylight,03 - P.D. only,03 - Rear end
12888,STITTSVILLE MAIN ST @ HAZELDEAN RD,349558.3981,5014879.131,12/16/16,13:20,01 - Clear,01 - Dry,01 - Traffic signal,02 - Intersection related,01 - Daylight,03 - P.D. only,03 - Rear end
12889,STITTSVILLE MAIN ST @ MULKINS ST S/WINTERGREEN,350004.7524,5013641.831,11/2/16,11:30,01 - Clear,01 - Dry,01 - Traffic signal,02 - Intersection related,01 - Daylight,03 - P.D. only,03 - Rear end
12890,STITTSVILLE MAIN ST @ MULKINS ST S/WINTERGREEN,350005.736,5013641.485,6/6/16,8:58,01 - Clear,01 - Dry,01 - Traffic signal,03 - At intersection,01 - Daylight,03 - P.D. only,04 - Sideswipe
12891,STITTSVILLE MAIN ST @ MULKINS ST S/WINTERGREEN,350006.054,5013640.707,2/22/16,12:06,01 - Clear,02 - Wet,01 - Traffic signal,02 - Intersection related,01 - Daylight,03 - P.D. only,03 - Rear end
12892,STITTSVILLE MAIN ST @ PORTER ST,350946.4202,5012293.649,12/23/16,22:05,01 - Clear,02 - Wet,02 - Stop sign,02 - Intersection related,07 - Dark,03 - P.D. only,03 - Rear end
12893,STITTSVILLE MAIN ST btwn ABBOTT ST W & ORVILLE ST,350275.8873,5013290.795,2/27/16,22:19,01 - Clear,02 - Wet,10 - No control,01 - Non intersection,07 - Dark,03 - P.D. only,07 - SMV other
12894,STITTSVILLE MAIN ST btwn BANDELIER WAY & HAZELDEAN RD,349513.0432,5014922.533,2/4/16,13:15,01 - Clear,01 - Dry,10 - No control,04 - At/near private drive,01 - Daylight,03 - P.D. only,02 - Angle
12895,STITTSVILLE MAIN ST btwn BELL ST & LIARD ST,350790.0767,5012721.171,4/18/16,12:57,01 - Clear,01 - Dry,10 - No control,04 - At/near private drive,01 - Daylight,03 - P.D. only,99 - Other
12896,STITTSVILLE MAIN ST btwn CARLETON CATHCART ST & BELL ST,350680.0682,5012838.135,8/10/16,17:29,01 - Clear,01 - Dry,10 - No control,04 - At/near private drive,01 - Daylight,02 - Non-fatal injury,03 - Rear end
12897,STITTSVILLE MAIN ST btwn CARP RD & RAVENSCROFT CRT,349551.5277,5014235.372,5/19/16,12:01,01 - Clear,01 - Dry,10 - No control,01 - Non intersection,01 - Daylight,02 - Non-fatal injury,03 - Rear end
12898,STITTSVILLE MAIN ST btwn ETTA ST & EAST HEALEY AVE,350896.6962,5011663.876,6/1/16,4:05,01 - Clear,01 - Dry,10 - No control,01 - Non intersection,07 - Dark,03 - P.D. only,07 - SMV other
12899,STITTSVILLE MAIN ST btwn FERNBANK RD & PORTER ST,350944.0552,5012271.55,11/21/16,12:53,03 - Snow,03 - Loose snow,10 - No control,01 - Non intersection,01 - Daylight,03 - P.D. only,04 - Sideswipe
12900,STITTSVILLE MAIN ST btwn HOBIN ST & BEVERLY ST,349750.5383,5013934.105,1/25/16,11:03,01 - Clear,01 - Dry,10 - No control,04 - At/near private drive,01 - Daylight,03 - P.D. only,02 - Angle
12901,STITTSVILLE MAIN ST btwn RAVENSCROFT CRT & HOBIN ST,349628.8037,5014082.09,1/8/16,17:07,01 - Clear,01 - Dry,10 - No control,04 - At/near private drive,05 - Dusk,03 - P.D. only,02 - Angle
12902,STONECREST RD btwn DUNHAVEN DR & THOMAS A. DOLAN PKWY,339199.7801,5028597.248,12/13/16,6:45,01 - Clear,04 - Slush,10 - No control,01 - Non intersection,07 - Dark,03 - P.D. only,07 - SMV other
12903,STONEHAVEN DR @ FURLONG CRES E/PINE HILL DR,355714.1838,5016888.666,10/5/16,10:53,01 - Clear,01 - Dry,02 - Stop sign,02 - Intersection related,01 - Daylight,02 - Non-fatal injury,03 - Rear end
12904,STONEHAVEN DR @ HARNESS LANE/BLUEMEADOW WAY,354571.3075,5016744.423,7/2/16,2:10,02 - Rain,02 - Wet,01 - Traffic signal,03 - At intersection,07 - Dark,02 - Non-fatal injury,07 - SMV other
12905,STONEHAVEN DR @ HARNESS LANE/BLUEMEADOW WAY,354571.6479,5016744.764,6/10/16,15:58,01 - Clear,01 - Dry,01 - Traffic signal,02 - Intersection related,01 - Daylight,02 - Non-fatal injury,03 - Rear end
12906,STONEHAVEN DR @ HARNESS LANE/BLUEMEADOW WAY,354572.6504,5016743.578,3/13/16,14:12,01 - Clear,01 - Dry,01 - Traffic signal,02 - Intersection related,01 - Daylight,03 - P.D. only,03 - Rear end
12907,STONEHAVEN DR @ SAWYER WAY/SUMMITVIEW DR,356561.8858,5015861.271,1/15/16,23:30,01 - Clear,04 - Slush,02 - Stop sign,02 - Intersection related,07 - Dark,03 - P.D. only,07 - SMV other
12908,STONEHAVEN DR @ SAWYER WAY/SUMMITVIEW DR,356562.7861,5015860.379,3/12/16,14:11,01 - Clear,01 - Dry,02 - Stop sign,02 - Intersection related,01 - Daylight,03 - P.D. only,03 - Rear end
12909,STONEHAVEN DR btwn BLUEMEADOW WAY & STONEHILL CRT,354648.8184,5016807.976,1/27/16,16:27,01 - Clear,01 - Dry,10 - No control,01 - Non intersection,01 - Daylight,03 - P.D. only,03 - Rear end
12910,STONEHAVEN DR btwn BRIDGESTONE DR & FURLONG CRES,355306.0752,5016986.195,11/1/16,10:19,01 - Clear,01 - Dry,10 - No control,04 - At/near private drive,01 - Daylight,03 - P.D. only,05 - Turning movement
12911,STONEHAVEN DR btwn EAGLESON RD & BLUEMEADOW WAY,354386.2907,5016625.785,3/14/16,8:00,01 - Clear,01 - Dry,10 - No control,01 - Non intersection,01 - Daylight,03 - P.D. only,04 - Sideswipe
12912,STONEHAVEN DR btwn FURLONG CRES & STONEMEADOW DR,355731.0651,5016874.819,11/9/16,18:50,01 - Clear,01 - Dry,10 - No control,01 - Non intersection,07 - Dark,03 - P.D. only,07 - SMV other
12913,STONEHAVEN DR btwn RICHMOND RD & SAWYER WAY/SUMMITVIEW DR,356769.5665,5015883.753,2/10/16,17:58,03 - Snow,04 - Slush,10 - No control,04 - At/near private drive,05 - Dusk,03 - P.D. only,02 - Angle
12914,STONEHAVEN DR btwn RICHMOND RD & SAWYER WAY/SUMMITVIEW DR,356710.7782,5015864.13,3/4/16,7:11,01 - Clear,01 - Dry,10 - No control,04 - At/near private drive,01 - Daylight,03 - P.D. only,02 - Angle
12915,STONEHAVEN DR btwn STONEMEADOW DR & BRIDLE PARK DR,356063.8535,5016453.105,11/21/16,5:59,03 - Snow,03 - Loose snow,10 - No control,01 - Non intersection,07 - Dark,03 - P.D. only,07 - SMV other
12916,STONEHAVEN DR btwn TANDALEE CRES & GRASSY PLAINS DR,356157.3169,5016036.757,1/7/16,8:44,01 - Clear,06 - Ice,10 - No control,04 - At/near private drive,01 - Daylight,03 - P.D. only,03 - Rear end
12917,STONEHAVEN DR btwn TANDALEE CRES & GRASSY PLAINS DR,356195.5281,5015973.955,12/17/16,22:19,03 - Snow,04 - Slush,10 - No control,01 - Non intersection,07 - Dark,03 - P.D. only,02 - Angle
12918,STONEHENGE CRES @ WHITTAKER CRES E,375379.9637,5031470.778,1/31/16,21:04,02 - Rain,02 - Wet,02 - Stop sign,03 - At intersection,07 - Dark,02 - Non-fatal injury,02 - Angle
12919,STONEHURST AVE btwn CARRUTHERS AVE & LYNDALE AVE,365200.6235,5029943.417,7/6/16,19:30,01 - Clear,01 - Dry,10 - No control,04 - At/near private drive,01 - Daylight,03 - P.D. only,06 - SMV unattended vehicle
12920,STONEWAY DR @ WINDHURST DR E,366313.6037,5016174.671,2/5/16,22:47,01 - Clear,01 - Dry,02 - Stop sign,03 - At intersection,07 - Dark,03 - P.D. only,06 - SMV unattended vehicle
12921,STONEWAY DR @ WINDHURST DR E,366315.36,5016173.354,1/5/16,9:43,01 - Clear,02 - Wet,02 - Stop sign,02 - Intersection related,01 - Daylight,03 - P.D. only,03 - Rear end
12922,STONEWAY DR btwn DYLAN WAY & REDPATH DR,366383.4725,5016693.73,6/10/16,17:53,01 - Clear,01 - Dry,10 - No control,01 - Non intersection,01 - Daylight,03 - P.D. only,06 - SMV unattended vehicle
12923,STORMONT ST btwn ORTONA AVE & APELDOORN AVE,367224.5932,5024652.786,3/12/16,23:30,01 - Clear,01 - Dry,10 - No control,01 - Non intersection,07 - Dark,03 - P.D. only,06 - SMV unattended vehicle
12924,STRACHAN ST btwn LENNOX ST & MCBEAN ST,357123.3766,5005759.985,2/24/16,11:40,03 - Snow,03 - Loose snow,10 - No control,04 - At/near private drive,01 - Daylight,03 - P.D. only,99 - Other
12925,STRANDHERD @ KENNEVALE DR,361491.4949,5014099.923,4/8/16,15:40,01 - Clear,01 - Dry,01 - Traffic signal,03 - At intersection,01 - Daylight,02 - Non-fatal injury,05 - Turning movement
12926,STRANDHERD @ KENNEVALE DR,361491.6786,5014099.072,1/30/16,10:18,01 - Clear,01 - Dry,01 - Traffic signal,02 - Intersection related,01 - Daylight,03 - P.D. only,03 - Rear end
12927,STRANDHERD @ KENNEVALE DR,361490.3591,5014100.675,1/17/16,15:45,03 - Snow,03 - Loose snow,01 - Traffic signal,03 - At intersection,01 - Daylight,03 - P.D. only,05 - Turning movement
12928,STRANDHERD @ KENNEVALE DR,361492.3752,5014100.255,11/9/16,18:03,01 - Clear,01 - Dry,01 - Traffic signal,02 - Intersection related,07 - Dark,03 - P.D. only,03 - Rear end