Record,Location,X,Y,Date,Time,Environment,Road_Surface,Traffic_Control,Collision_Location,Light,Collision_Classification,Impact_type
12929,STRANDHERD DR @ 210 W OF WOODROFFE AVE,365924.7337,5015319.131,6/10/16,1:42,01 - Clear,01 - Dry,01 - Traffic signal,02 - Intersection related,07 - Dark,03 - P.D. only,07 - SMV other
12930,STRANDHERD DR @ ANDORA AVE,363229.4581,5014306.16,12/23/16,14:08,01 - Clear,02 - Wet,01 - Traffic signal,02 - Intersection related,01 - Daylight,03 - P.D. only,03 - Rear end
12931,STRANDHERD DR @ CEDARVIEW RD/TARTAN DR,362292.2829,5013546.761,5/8/16,20:00,01 - Clear,01 - Dry,01 - Traffic signal,02 - Intersection related,01 - Daylight,02 - Non-fatal injury,03 - Rear end
12932,STRANDHERD DR @ CEDARVIEW RD/TARTAN DR,362292.1837,5013545.689,8/4/16,13:20,01 - Clear,01 - Dry,01 - Traffic signal,02 - Intersection related,01 - Daylight,03 - P.D. only,03 - Rear end
12933,STRANDHERD DR @ CEDARVIEW RD/TARTAN DR,362290.3655,5013546.144,8/2/16,20:57,01 - Clear,01 - Dry,01 - Traffic signal,02 - Intersection related,07 - Dark,03 - P.D. only,03 - Rear end
12934,STRANDHERD DR @ CEDARVIEW RD/TARTAN DR,362290.554,5013546.505,2/6/16,17:26,01 - Clear,01 - Dry,01 - Traffic signal,03 - At intersection,05 - Dusk,03 - P.D. only,05 - Turning movement
12935,STRANDHERD DR @ CEDARVIEW RD/TARTAN DR,362291.2126,5013546.533,1/15/16,12:02,01 - Clear,02 - Wet,01 - Traffic signal,02 - Intersection related,01 - Daylight,03 - P.D. only,03 - Rear end
12936,STRANDHERD DR @ CEDARVIEW RD/TARTAN DR,362290.8156,5013544.936,12/2/16,13:33,01 - Clear,01 - Dry,01 - Traffic signal,02 - Intersection related,01 - Daylight,03 - P.D. only,03 - Rear end
12937,STRANDHERD DR @ CLARIDGE DR,364948.6414,5015381.412,2/10/16,20:56,01 - Clear,01 - Dry,01 - Traffic signal,02 - Intersection related,07 - Dark,02 - Non-fatal injury,07 - SMV other
12938,STRANDHERD DR @ CLARIDGE DR,364949.3498,5015381.176,2/25/16,19:47,01 - Clear,04 - Slush,01 - Traffic signal,03 - At intersection,07 - Dark,03 - P.D. only,05 - Turning movement
12939,STRANDHERD DR @ LONGFIELDS DR,364548.69,5015174.632,6/10/16,13:11,01 - Clear,01 - Dry,01 - Traffic signal,03 - At intersection,01 - Daylight,02 - Non-fatal injury,02 - Angle
12940,STRANDHERD DR @ LONGFIELDS DR,364551.0643,5015176.372,9/21/16,15:53,01 - Clear,01 - Dry,01 - Traffic signal,02 - Intersection related,01 - Daylight,02 - Non-fatal injury,03 - Rear end
12941,STRANDHERD DR @ LONGFIELDS DR,364548.4724,5015174.319,1/30/16,12:59,01 - Clear,02 - Wet,01 - Traffic signal,02 - Intersection related,01 - Daylight,03 - P.D. only,04 - Sideswipe
12942,STRANDHERD DR @ LONGFIELDS DR,364547.3096,5015173.7,1/7/16,20:11,01 - Clear,02 - Wet,01 - Traffic signal,02 - Intersection related,07 - Dark,03 - P.D. only,03 - Rear end
12943,STRANDHERD DR @ LONGFIELDS DR,364550.4283,5015174.122,4/6/16,20:10,03 - Snow,03 - Loose snow,01 - Traffic signal,03 - At intersection,07 - Dark,03 - P.D. only,02 - Angle
12944,STRANDHERD DR @ LONGFIELDS DR,364547.4278,5015173.372,4/13/16,18:06,01 - Clear,01 - Dry,01 - Traffic signal,02 - Intersection related,01 - Daylight,03 - P.D. only,03 - Rear end
12945,STRANDHERD DR @ LONGFIELDS DR,364549.4691,5015172.227,1/18/16,8:08,01 - Clear,04 - Slush,01 - Traffic signal,02 - Intersection related,01 - Daylight,03 - P.D. only,03 - Rear end
12946,STRANDHERD DR @ LONGFIELDS DR,364547.4278,5015174.122,4/22/16,10:26,02 - Rain,02 - Wet,01 - Traffic signal,02 - Intersection related,01 - Daylight,03 - P.D. only,03 - Rear end
12947,STRANDHERD DR @ LONGFIELDS DR,364548.1779,5015174.122,4/15/16,20:30,01 - Clear,01 - Dry,01 - Traffic signal,02 - Intersection related,05 - Dusk,03 - P.D. only,03 - Rear end
12948,STRANDHERD DR @ LONGFIELDS DR,364548.417,5015175.106,7/28/16,18:31,01 - Clear,01 - Dry,01 - Traffic signal,02 - Intersection related,01 - Daylight,03 - P.D. only,03 - Rear end
12949,STRANDHERD DR @ LONGFIELDS DR,364547.9823,5015171.254,10/20/16,22:52,02 - Rain,02 - Wet,01 - Traffic signal,02 - Intersection related,07 - Dark,03 - P.D. only,03 - Rear end
12950,STRANDHERD DR @ LONGFIELDS DR,364548.1287,5015173.325,6/29/16,12:07,01 - Clear,01 - Dry,01 - Traffic signal,02 - Intersection related,01 - Daylight,03 - P.D. only,04 - Sideswipe
12951,STRANDHERD DR @ LONGFIELDS DR,364549.6387,5015172.911,12/17/16,13:12,03 - Snow,04 - Slush,01 - Traffic signal,02 - Intersection related,01 - Daylight,03 - P.D. only,03 - Rear end
12952,STRANDHERD DR @ LONGFIELDS DR,364549.6387,5015174.567,12/1/16,17:10,01 - Clear,02 - Wet,01 - Traffic signal,02 - Intersection related,07 - Dark,03 - P.D. only,04 - Sideswipe
12953,STRANDHERD DR @ TARTAN DR,362489.6837,5013841.346,9/19/16,22:30,01 - Clear,01 - Dry,02 - Stop sign,02 - Intersection related,07 - Dark,02 - Non-fatal injury,03 - Rear end
12954,STRANDHERD DR @ TARTAN DR,362490.5119,5013844.659,10/16/16,11:45,02 - Rain,02 - Wet,02 - Stop sign,02 - Intersection related,01 - Daylight,03 - P.D. only,03 - Rear end
12955,STRANDHERD DR @ TARTAN DR,362492.1682,5013845.487,10/17/16,20:18,01 - Clear,02 - Wet,02 - Stop sign,03 - At intersection,07 - Dark,03 - P.D. only,03 - Rear end
12956,STRANDHERD DR @ WOODROFFE AVE,366105.4954,5015394.929,1/28/16,15:18,03 - Snow,02 - Wet,01 - Traffic signal,02 - Intersection related,01 - Daylight,02 - Non-fatal injury,03 - Rear end
12957,STRANDHERD DR @ WOODROFFE AVE,366105.7634,5015395.149,7/28/16,0:48,01 - Clear,01 - Dry,01 - Traffic signal,03 - At intersection,07 - Dark,02 - Non-fatal injury,02 - Angle
12958,STRANDHERD DR @ WOODROFFE AVE,366105.4881,5015395.815,3/11/16,0:00,01 - Clear,02 - Wet,01 - Traffic signal,03 - At intersection,07 - Dark,03 - P.D. only,04 - Sideswipe
12959,STRANDHERD DR @ WOODROFFE AVE,366106.8199,5015396.259,3/11/16,15:04,01 - Clear,01 - Dry,01 - Traffic signal,02 - Intersection related,01 - Daylight,03 - P.D. only,03 - Rear end
12960,STRANDHERD DR @ WOODROFFE AVE,366105.4954,5015395.369,2/17/16,22:52,03 - Snow,03 - Loose snow,01 - Traffic signal,02 - Intersection related,07 - Dark,03 - P.D. only,03 - Rear end
12961,STRANDHERD DR @ WOODROFFE AVE,366106.3735,5015395.808,2/12/16,20:00,03 - Snow,04 - Slush,01 - Traffic signal,02 - Intersection related,07 - Dark,03 - P.D. only,03 - Rear end
12962,STRANDHERD DR @ WOODROFFE AVE,366106.3735,5015394.49,1/24/16,18:09,03 - Snow,04 - Slush,01 - Traffic signal,02 - Intersection related,07 - Dark,03 - P.D. only,03 - Rear end
12963,STRANDHERD DR @ WOODROFFE AVE,366104.4977,5015394.735,8/11/16,19:43,01 - Clear,01 - Dry,01 - Traffic signal,02 - Intersection related,05 - Dusk,03 - P.D. only,03 - Rear end
12964,STRANDHERD DR @ WOODROFFE AVE,366106.3795,5015394.473,2/17/16,10:40,03 - Snow,06 - Ice,01 - Traffic signal,02 - Intersection related,01 - Daylight,03 - P.D. only,03 - Rear end
12965,STRANDHERD DR @ WOODROFFE AVE,366105.9295,5015395.373,4/8/16,22:06,01 - Clear,01 - Dry,01 - Traffic signal,02 - Intersection related,07 - Dark,03 - P.D. only,03 - Rear end
12966,STRANDHERD DR @ WOODROFFE AVE,366105.9543,5015394.949,2/27/16,12:10,01 - Clear,01 - Dry,01 - Traffic signal,02 - Intersection related,01 - Daylight,03 - P.D. only,04 - Sideswipe
12967,STRANDHERD DR @ WOODROFFE AVE,366106.9822,5015393.907,9/9/16,17:35,01 - Clear,01 - Dry,01 - Traffic signal,02 - Intersection related,01 - Daylight,03 - P.D. only,03 - Rear end
12968,STRANDHERD DR @ WOODROFFE AVE,366106.9049,5015395.52,4/7/16,17:55,01 - Clear,01 - Dry,01 - Traffic signal,02 - Intersection related,01 - Daylight,03 - P.D. only,99 - Other
12969,STRANDHERD DR @ WOODROFFE AVE,366106.3785,5015395.373,4/27/16,17:37,01 - Clear,01 - Dry,01 - Traffic signal,02 - Intersection related,01 - Daylight,03 - P.D. only,03 - Rear end
12970,STRANDHERD DR @ WOODROFFE AVE,366106.3813,5015395.604,7/20/16,11:58,01 - Clear,01 - Dry,01 - Traffic signal,02 - Intersection related,01 - Daylight,03 - P.D. only,03 - Rear end
12971,STRANDHERD DR @ WOODROFFE AVE,366105.0563,5015394.49,9/13/16,17:28,01 - Clear,01 - Dry,01 - Traffic signal,03 - At intersection,01 - Daylight,03 - P.D. only,02 - Angle
12972,STRANDHERD DR @ WOODROFFE AVE,366107.0725,5015395.838,8/24/16,19:20,01 - Clear,01 - Dry,01 - Traffic signal,02 - Intersection related,01 - Daylight,03 - P.D. only,03 - Rear end
12973,STRANDHERD DR @ WOODROFFE AVE,366105.3258,5015396.391,11/21/16,17:40,03 - Snow,03 - Loose snow,01 - Traffic signal,02 - Intersection related,07 - Dark,03 - P.D. only,03 - Rear end
12974,STRANDHERD DR @ WOODROFFE AVE,366106.9822,5015395.563,11/16/16,7:06,02 - Rain,02 - Wet,01 - Traffic signal,02 - Intersection related,03 - Dawn,03 - P.D. only,03 - Rear end
12975,STRANDHERD DR @ WOODROFFE AVE,366105.3063,5015396.266,11/5/16,16:34,01 - Clear,01 - Dry,01 - Traffic signal,02 - Intersection related,05 - Dusk,03 - P.D. only,03 - Rear end
12976,STRANDHERD DR btwn 215 W OF GREENBANK RD/BARRHAVEN MALL SC & GREENBANK,363809.7196,5014715.677,6/23/16,14:34,01 - Clear,01 - Dry,10 - No control,01 - Non intersection,01 - Daylight,03 - P.D. only,04 - Sideswipe
12977,STRANDHERD DR btwn ANDORA AVE & JOCKVALE RD,363474.2287,5014526.849,1/12/16,15:58,03 - Snow,03 - Loose snow,10 - No control,01 - Non intersection,01 - Daylight,03 - P.D. only,07 - SMV other
12978,STRANDHERD DR btwn ANDORA AVE & JOCKVALE RD,363390.9351,5014470.564,6/24/16,10:30,01 - Clear,01 - Dry,10 - No control,01 - Non intersection,01 - Daylight,03 - P.D. only,05 - Turning movement
12979,STRANDHERD DR btwn ANDORA AVE & JOCKVALE RD,363385.947,5014467.409,9/17/16,20:30,02 - Rain,02 - Wet,10 - No control,01 - Non intersection,07 - Dark,03 - P.D. only,07 - SMV other
12980,STRANDHERD DR btwn CEDARVIEW RD & MADRID AVE,362370.429,5013562.257,12/16/16,15:15,01 - Clear,01 - Dry,10 - No control,01 - Non intersection,01 - Daylight,02 - Non-fatal injury,03 - Rear end
12981,STRANDHERD DR btwn CEDARVIEW RD & MADRID AVE,362715.9717,5013737.752,12/16/16,21:31,01 - Clear,01 - Dry,10 - No control,01 - Non intersection,07 - Dark,03 - P.D. only,07 - SMV other
12982,STRANDHERD DR btwn CEDARVIEW RD & MCKENNA CASEY DR,362193.2034,5013546.936,11/26/16,14:39,01 - Clear,01 - Dry,10 - No control,01 - Non intersection,01 - Daylight,02 - Non-fatal injury,03 - Rear end
12983,STRANDHERD DR btwn Continuation of STRANDHERD DR & MCKENNA CASEY DR,361892.0424,5013627.104,2/22/16,18:14,01 - Clear,01 - Dry,10 - No control,05 - At railway crossing,07 - Dark,02 - Non-fatal injury,03 - Rear end
12984,STRANDHERD DR btwn CRESTHAVEN DR & PRINCE OF WALES DR,366975.7504,5014895.382,8/5/16,16:15,01 - Clear,01 - Dry,10 - No control,01 - Non intersection,01 - Daylight,03 - P.D. only,04 - Sideswipe
12985,STRANDHERD DR btwn GREENBANK RD & Continuation of STRANDHERD DR,364023.8918,5014839.763,3/28/16,12:55,02 - Rain,02 - Wet,10 - No control,01 - Non intersection,01 - Daylight,03 - P.D. only,03 - Rear end
12986,STRANDHERD DR btwn GREENBANK RD & Continuation of STRANDHERD DR,363943.6218,5014791.457,11/20/16,11:30,03 - Snow,02 - Wet,10 - No control,04 - At/near private drive,01 - Daylight,03 - P.D. only,02 - Angle
12987,STRANDHERD DR btwn LONGFIELDS DR & CLARIDGE DR,364556.3354,5015181.08,4/16/16,22:15,01 - Clear,01 - Dry,10 - No control,01 - Non intersection,07 - Dark,03 - P.D. only,04 - Sideswipe
12988,STRANDHERD DR btwn LONGFIELDS DR & CLARIDGE DR,364590.9493,5015203.208,7/10/16,3:30,01 - Clear,01 - Dry,10 - No control,01 - Non intersection,07 - Dark,03 - P.D. only,01 - Approaching
12989,STRANDHERD DR btwn MADRID AVE & ANDORA AVE,363063.5806,5014117.369,11/1/16,3:00,01 - Clear,01 - Dry,10 - No control,01 - Non intersection,07 - Dark,03 - P.D. only,07 - SMV other
12990,STRANDHERD DR btwn MARAVISTA DR & KENNEVALE DR,361450.9713,5014190.28,3/18/16,17:20,01 - Clear,01 - Dry,10 - No control,01 - Non intersection,01 - Daylight,02 - Non-fatal injury,03 - Rear end
12991,STRANDHERD DR btwn MARAVISTA DR & KENNEVALE DR,361316.6836,5014517.652,5/11/16,17:38,01 - Clear,01 - Dry,10 - No control,01 - Non intersection,01 - Daylight,03 - P.D. only,03 - Rear end
12992,STRANDHERD DR btwn MCGARRY TER & LONGFIELDS DR,364443.304,5015116.533,2/17/16,21:17,03 - Snow,06 - Ice,10 - No control,01 - Non intersection,07 - Dark,03 - P.D. only,99 - Other
12993,STRANDHERD DR btwn WOODROFFE AVE & 210 W OF WOODROFFE AVE,366075.6381,5015380.44,5/31/16,20:15,01 - Clear,01 - Dry,10 - No control,01 - Non intersection,05 - Dusk,03 - P.D. only,04 - Sideswipe
12994,STRASBOURG ST btwn ROCHEFORT CIRC & BLACKBURN BYPS,384041.7471,5034859.456,9/3/16,11:35,01 - Clear,01 - Dry,10 - No control,04 - At/near private drive,01 - Daylight,03 - P.D. only,02 - Angle
12995,STRASBOURG ST btwn ROCHEFORT CIRC & BLACKBURN BYPS,384026.135,5034898.985,11/22/16,12:11,03 - Snow,02 - Wet,10 - No control,01 - Non intersection,01 - Daylight,03 - P.D. only,99 - Other
12996,STRATHCONA AVE btwn BANK ST & O'CONNOR ST,368224.5767,5030080.721,1/9/16,0:00,02 - Rain,02 - Wet,10 - No control,01 - Non intersection,00 - Unknown,03 - P.D. only,06 - SMV unattended vehicle
12997,SUMMER DAYS WALK btwn ECLIPSE CRES & PORTOBELLO BLVD,385913.0775,5035165.909,12/18/16,21:00,03 - Snow,03 - Loose snow,10 - No control,01 - Non intersection,07 - Dark,03 - P.D. only,06 - SMV unattended vehicle
12998,SUMMERHILL ST btwn SOUTHBRIDGE ST & VISION ST/WILHELMINA PL,367646.918,5014276.618,2/1/16,0:35,02 - Rain,02 - Wet,10 - No control,01 - Non intersection,07 - Dark,03 - P.D. only,07 - SMV other
12999,SUMMERVILLE AVE btwn HOLLINGTON ST & CHEVRIER ST,365602.4905,5026894.645,6/7/16,8:59,01 - Clear,01 - Dry,10 - No control,01 - Non intersection,01 - Daylight,03 - P.D. only,06 - SMV unattended vehicle
13000,SUMMERWIND CRES btwn WINDHURST DR & WINDHURST DR,366071.5869,5015957.24,12/25/16,15:00,99 - Other,99 - Other,10 - No control,04 - At/near private drive,99 - Other,03 - P.D. only,06 - SMV unattended vehicle
13001,SUMMIT AVE btwn PALMER AVE & FAIRBANKS AVE,370889.641,5028348.055,10/22/16,15:09,02 - Rain,02 - Wet,10 - No control,01 - Non intersection,01 - Daylight,03 - P.D. only,06 - SMV unattended vehicle
13002,SUMMITVIEW DR btwn STONEHAVEN DR & END,356564.9401,5015751.12,5/26/16,15:55,01 - Clear,01 - Dry,10 - No control,01 - Non intersection,01 - Daylight,03 - P.D. only,06 - SMV unattended vehicle
13003,SUMNER ST btwn MELANIE CRES & TURRET CRT,352853.1913,5017179.336,3/3/16,0:00,01 - Clear,01 - Dry,10 - No control,01 - Non intersection,00 - Unknown,03 - P.D. only,06 - SMV unattended vehicle
13004,SUNLAND DR btwn LAUZON ST & NORTHLANDS DR,384842.869,5037017.849,1/3/16,18:18,01 - Clear,05 - Packed snow,10 - No control,04 - At/near private drive,07 - Dark,03 - P.D. only,05 - Turning movement
13005,SUNNING HILLS CRES btwn STIVER RD & BALDWIN ST,337729.2544,5039939.823,10/29/16,6:24,02 - Rain,02 - Wet,10 - No control,01 - Non intersection,07 - Dark,03 - P.D. only,07 - SMV other
13006,SUNNYCREST DR btwn WILLETH AVE & MARSON ST,365875.7251,5025736.383,4/25/16,10:35,01 - Clear,01 - Dry,10 - No control,04 - At/near private drive,01 - Daylight,03 - P.D. only,99 - Other
13007,SUNNYRIDGE CRES btwn BRIDLEGLEN CRES E & BRIDLEGLEN CRES W,356426.5116,5016197.542,8/3/16,14:25,01 - Clear,01 - Dry,10 - No control,01 - Non intersection,01 - Daylight,03 - P.D. only,06 - SMV unattended vehicle
13008,SUNNYSIDE AVE btwn BANK ST & WILLARD ST,368801.1861,5028619.668,6/8/16,16:57,01 - Clear,01 - Dry,10 - No control,04 - At/near private drive,01 - Daylight,02 - Non-fatal injury,05 - Turning movement
13009,SUNSHINE CRES btwn SOLSTICE WAY N & SOLSTICE WAY S,386048.3656,5034840.649,11/29/16,18:05,02 - Rain,02 - Wet,10 - No control,01 - Non intersection,07 - Dark,03 - P.D. only,06 - SMV unattended vehicle
13010,SUNVALE WAY @ BRANCHWOOD ST,366875.8329,5015542.827,7/21/16,19:28,01 - Clear,01 - Dry,10 - No control,02 - Intersection related,01 - Daylight,03 - P.D. only,02 - Angle
13011,SUNVALE WAY btwn FAIRPARK DR & VILLANDRY ST,366982.1267,5015363.055,5/10/16,12:31,01 - Clear,01 - Dry,10 - No control,04 - At/near private drive,01 - Daylight,03 - P.D. only,99 - Other
13012,SUSSEX DR @ 151 S OF KING EDWARD AVE,367602.9168,5033362.4,5/5/16,16:00,01 - Clear,01 - Dry,01 - Traffic signal,03 - At intersection,01 - Daylight,03 - P.D. only,03 - Rear end
13013,SUSSEX DR @ 262 N OF KING EDWARD AVE,367769.2091,5033734.678,8/4/16,16:52,01 - Clear,01 - Dry,01 - Traffic signal,02 - Intersection related,01 - Daylight,03 - P.D. only,03 - Rear end
13014,SUSSEX DR @ YORK ST,367804.3445,5032236.676,11/13/16,2:15,01 - Clear,01 - Dry,01 - Traffic signal,02 - Intersection related,07 - Dark,03 - P.D. only,07 - SMV other
13015,SUSSEX DR @ YORK ST,367805.6461,5032236.025,10/6/16,8:44,01 - Clear,01 - Dry,01 - Traffic signal,03 - At intersection,01 - Daylight,03 - P.D. only,04 - Sideswipe
13016,SUSSEX DR btwn BOTELER ST & LADY GREY DR,367453.1569,5032965.475,3/2/16,6:42,03 - Snow,03 - Loose snow,10 - No control,01 - Non intersection,01 - Daylight,03 - P.D. only,03 - Rear end
13017,SUSSEX DR btwn BRUYERE ST & ST. ANDREW ST,367575.2005,5032603.132,7/18/16,15:19,01 - Clear,01 - Dry,10 - No control,04 - At/near private drive,01 - Daylight,02 - Non-fatal injury,05 - Turning movement
13018,SUSSEX DR btwn BRUYERE ST & ST. ANDREW ST,367560.7426,5032627.787,9/19/16,8:31,01 - Clear,01 - Dry,10 - No control,01 - Non intersection,01 - Daylight,03 - P.D. only,04 - Sideswipe
13019,SUSSEX DR btwn GEORGE ST & RIDEAU ST,367877.7779,5032116.862,10/22/16,18:17,02 - Rain,02 - Wet,10 - No control,01 - Non intersection,07 - Dark,03 - P.D. only,04 - Sideswipe
13020,SUSSEX DR btwn GEORGE ST & RIDEAU ST,367873.1676,5032124.546,5/12/16,21:22,01 - Clear,01 - Dry,10 - No control,01 - Non intersection,07 - Dark,03 - P.D. only,04 - Sideswipe
13021,SUSSEX DR btwn GEORGE ST & RIDEAU ST,367873.4833,5032122.375,1/24/16,13:40,01 - Clear,01 - Dry,10 - No control,01 - Non intersection,01 - Daylight,03 - P.D. only,05 - Turning movement
13022,SUSSEX DR/PRINCESS AVE @ RIDEAU GATE,367957.1716,5034163.85,9/21/16,22:35,01 - Clear,01 - Dry,11 - Roundabout,03 - At intersection,07 - Dark,03 - P.D. only,04 - Sideswipe
13023,SWANS WAY btwn CURLEW PL & SWANS WAY S,373758.5184,5035294.679,2/23/16,15:15,01 - Clear,06 - Ice,10 - No control,01 - Non intersection,01 - Daylight,03 - P.D. only,06 - SMV unattended vehicle
13024,SWEET GRASS CIR btwn SWEET GRASS CIR & SWEET GRASS CIR,364972.5044,5012319.273,6/8/16,0:00,01 - Clear,01 - Dry,10 - No control,01 - Non intersection,00 - Unknown,03 - P.D. only,06 - SMV unattended vehicle
13025,SWEETBAY CIR btwn SWEETBAY CIR & SWEETBAY CIR,349683.2907,5016037.517,10/6/16,15:10,01 - Clear,01 - Dry,10 - No control,01 - Non intersection,01 - Daylight,03 - P.D. only,06 - SMV unattended vehicle
13026,SWEETFLAG ST btwn SPRINGBEAUTY AVE & TWAYBLADE AVE,365238.0829,5016894.003,2/10/16,0:00,00 - Unknown,00 - Unknown,10 - No control,01 - Non intersection,00 - Unknown,03 - P.D. only,06 - SMV unattended vehicle
13027,SWEETLAND AVE btwn OSGOODE ST & SOMERSET ST E,369123.3948,5031893.846,9/1/16,21:30,01 - Clear,01 - Dry,10 - No control,01 - Non intersection,07 - Dark,03 - P.D. only,03 - Rear end
13028,SYCAMORE DR btwn ANWATIN ST & RIDGEFIELD CRES,358029.0816,5019651.295,4/30/16,0:00,01 - Clear,01 - Dry,10 - No control,01 - Non intersection,00 - Unknown,03 - P.D. only,06 - SMV unattended vehicle
13029,TALLWOOD DR @ AVENSHIRE GT/MERIDIAN PL,362815.1288,5022618.073,1/26/16,12:41,01 - Clear,02 - Wet,02 - Stop sign,03 - At intersection,01 - Daylight,03 - P.D. only,02 - Angle
13030,TANDALEE CRES btwn Continuation of TANDALEE CRES & Continuation of TAN,355974.7052,5016030.649,1/12/16,9:45,03 - Snow,03 - Loose snow,10 - No control,04 - At/near private drive,01 - Daylight,03 - P.D. only,06 - SMV unattended vehicle
13031,TANDALEE CRES btwn Continuation of TANDALEE CRES & STONEHAVEN DR,356082.4527,5016085.582,9/3/16,13:35,01 - Clear,01 - Dry,10 - No control,04 - At/near private drive,01 - Daylight,03 - P.D. only,06 - SMV unattended vehicle
13032,TAPIOLA CRES btwn GREENBORO CRES & GENTLE GATE CRES,371781.9407,5025061.961,1/12/16,12:25,03 - Snow,06 - Ice,10 - No control,01 - Non intersection,01 - Daylight,03 - P.D. only,01 - Approaching
13033,TARQUIN CRES btwn TYBALT CRES & TYBALT CRES,357180.7905,5020060.979,11/24/16,18:31,03 - Snow,03 - Loose snow,10 - No control,01 - Non intersection,07 - Dark,03 - P.D. only,06 - SMV unattended vehicle
13034,TARRYN TER btwn ROCHELLE DR & PERTH ST,356387.5932,5005975.719,12/15/16,13:27,06 - Strong wind,05 - Packed snow,10 - No control,04 - At/near private drive,01 - Daylight,02 - Non-fatal injury,07 - SMV other
13035,TARTAN DR btwn CEDARVIEW RD & HOULAHAN ST,362293.2196,5013637.45,4/29/16,17:25,01 - Clear,01 - Dry,10 - No control,04 - At/near private drive,01 - Daylight,03 - P.D. only,02 - Angle
13036,TARTAN DR btwn HOULAHAN ST & HARTHILL WAY,362476.3804,5013836.426,7/1/16,23:11,02 - Rain,02 - Wet,10 - No control,01 - Non intersection,07 - Dark,03 - P.D. only,03 - Rear end
13037,TARTAN DR btwn SOHO CRES & BENTBROOK CRES,363242.5572,5014579.2,12/26/16,18:50,04 - Freezing Rain,06 - Ice,10 - No control,04 - At/near private drive,07 - Dark,03 - P.D. only,06 - SMV unattended vehicle
13038,TAWNEY RD @ WALKLEY RD,374126.3135,5028179.182,2/26/16,22:44,01 - Clear,01 - Dry,02 - Stop sign,03 - At intersection,07 - Dark,03 - P.D. only,04 - Sideswipe
13039,TAWNEY RD @ WALKLEY RD,374125.4354,5028179.622,6/18/16,6:55,01 - Clear,01 - Dry,02 - Stop sign,03 - At intersection,01 - Daylight,03 - P.D. only,07 - SMV other
13040,TEAKDALE AVE btwn CUMORAH DR & TO BE DETERMINED,380922.5599,5035380.336,5/20/16,23:27,01 - Clear,01 - Dry,10 - No control,01 - Non intersection,07 - Dark,03 - P.D. only,06 - SMV unattended vehicle
13041,TEAKDALE AVE btwn CUMORAH DR & TO BE DETERMINED,380928.8495,5035366.487,5/21/16,4:55,01 - Clear,01 - Dry,10 - No control,01 - Non intersection,07 - Dark,03 - P.D. only,06 - SMV unattended vehicle
13042,TELFORD AVE btwn SIROIS AVE & STRABY AVE,371664.5985,5032720.937,2/11/16,12:46,01 - Clear,06 - Ice,10 - No control,01 - Non intersection,01 - Daylight,03 - P.D. only,01 - Approaching
13043,TEMISKAMING CRES btwn FOXRIDGE WAY & TEMAGAMI DR (1),365275.7492,5014676.793,12/25/16,0:00,01 - Clear,01 - Dry,10 - No control,01 - Non intersection,00 - Unknown,03 - P.D. only,06 - SMV unattended vehicle
13044,TEMPEST DR btwn RIVERFRONT CRT & END,350431.5903,5016088.331,7/29/16,0:00,01 - Clear,01 - Dry,10 - No control,01 - Non intersection,00 - Unknown,03 - P.D. only,06 - SMV unattended vehicle
13045,TEMPLETON ST btwn BLACKBURN AVE & GOULBURN AVE,369516.8771,5031783.275,4/30/16,12:22,01 - Clear,01 - Dry,10 - No control,01 - Non intersection,01 - Daylight,03 - P.D. only,06 - SMV unattended vehicle
13046,TENTH LINE RD @ CHARLEMAGNE BLVD N/TOMPKINS AV,383182.7508,5037978.473,10/27/16,13:21,01 - Clear,01 - Dry,01 - Traffic signal,03 - At intersection,01 - Daylight,02 - Non-fatal injury,05 - Turning movement
13047,TENTH LINE RD @ CHARLEMAGNE BLVD N/TOMPKINS AV,383184.1554,5037977.656,5/31/16,14:17,01 - Clear,01 - Dry,01 - Traffic signal,03 - At intersection,01 - Daylight,02 - Non-fatal injury,05 - Turning movement
13048,TENTH LINE RD @ CHARLEMAGNE BLVD N/TOMPKINS AV,383184.7581,5037977.468,10/14/16,15:43,01 - Clear,01 - Dry,01 - Traffic signal,02 - Intersection related,01 - Daylight,02 - Non-fatal injury,03 - Rear end
13049,TENTH LINE RD @ CHARLEMAGNE BLVD N/TOMPKINS AV,383187.9951,5037977.882,12/13/16,10:45,03 - Snow,03 - Loose snow,01 - Traffic signal,02 - Intersection related,01 - Daylight,02 - Non-fatal injury,03 - Rear end
13050,TENTH LINE RD @ CHARLEMAGNE BLVD N/TOMPKINS AV,383181.7168,5037978.188,8/3/16,14:02,01 - Clear,01 - Dry,01 - Traffic signal,02 - Intersection related,01 - Daylight,03 - P.D. only,03 - Rear end
13051,TENTH LINE RD @ CHARLEMAGNE BLVD N/TOMPKINS AV,383183.6697,5037977.133,10/1/16,10:35,01 - Clear,01 - Dry,01 - Traffic signal,02 - Intersection related,01 - Daylight,03 - P.D. only,04 - Sideswipe
13052,TENTH LINE RD @ CHARLEMAGNE BLVD N/TOMPKINS AV,383182.859,5037979.221,8/31/16,14:48,01 - Clear,01 - Dry,01 - Traffic signal,03 - At intersection,01 - Daylight,03 - P.D. only,03 - Rear end