Record,Location,X,Y,Date,Time,Environment,Road_Surface,Traffic_Control,Collision_Location,Light,Collision_Classification,Impact_type
13053,TENTH LINE RD @ CHARLEMAGNE BLVD N/TOMPKINS AV,383183.2713,5037977.662,1/28/16,8:58,01 - Clear,01 - Dry,01 - Traffic signal,02 - Intersection related,01 - Daylight,03 - P.D. only,03 - Rear end
13054,TENTH LINE RD @ CHARLEMAGNE BLVD N/TOMPKINS AV,383183.0137,5037977.401,4/2/16,11:43,01 - Clear,01 - Dry,01 - Traffic signal,02 - Intersection related,01 - Daylight,03 - P.D. only,04 - Sideswipe
13055,TENTH LINE RD @ CHARLEMAGNE BLVD N/TOMPKINS AV,383183.3199,5037979.695,4/3/16,16:10,01 - Clear,01 - Dry,01 - Traffic signal,02 - Intersection related,01 - Daylight,03 - P.D. only,07 - SMV other
13056,TENTH LINE RD @ CHARLEMAGNE BLVD N/TOMPKINS AV,383184.1917,5037977.793,1/14/16,8:32,03 - Snow,03 - Loose snow,01 - Traffic signal,02 - Intersection related,01 - Daylight,03 - P.D. only,03 - Rear end
13057,TENTH LINE RD @ CHARLEMAGNE BLVD N/TOMPKINS AV,383184.1539,5037978.554,2/12/16,17:52,03 - Snow,03 - Loose snow,01 - Traffic signal,02 - Intersection related,05 - Dusk,03 - P.D. only,03 - Rear end
13058,TENTH LINE RD @ CHARLEMAGNE BLVD N/TOMPKINS AV,383183.9299,5037977.652,7/18/16,8:01,01 - Clear,01 - Dry,01 - Traffic signal,02 - Intersection related,01 - Daylight,03 - P.D. only,03 - Rear end
13059,TENTH LINE RD @ CHARLEMAGNE BLVD N/TOMPKINS AV,383184.2262,5037976.976,4/30/16,14:50,01 - Clear,01 - Dry,01 - Traffic signal,03 - At intersection,01 - Daylight,03 - P.D. only,03 - Rear end
13060,TENTH LINE RD @ CHARLEMAGNE BLVD N/TOMPKINS AV,383184.1917,5037977.99,5/11/16,7:45,01 - Clear,01 - Dry,01 - Traffic signal,02 - Intersection related,01 - Daylight,03 - P.D. only,03 - Rear end
13061,TENTH LINE RD @ CHARLEMAGNE BLVD N/TOMPKINS AV,383183.6697,5037978.694,10/21/16,18:28,02 - Rain,02 - Wet,01 - Traffic signal,03 - At intersection,07 - Dark,03 - P.D. only,05 - Turning movement
13062,TENTH LINE RD @ CHARLEMAGNE BLVD N/TOMPKINS AV,383184.7157,5037978.702,10/13/16,13:50,01 - Clear,01 - Dry,01 - Traffic signal,02 - Intersection related,01 - Daylight,03 - P.D. only,03 - Rear end
13063,TENTH LINE RD @ CHARLEMAGNE BLVD N/TOMPKINS AV,383185.5862,5037975.812,9/29/16,7:57,01 - Clear,01 - Dry,01 - Traffic signal,02 - Intersection related,01 - Daylight,03 - P.D. only,03 - Rear end
13064,TENTH LINE RD @ CHARLEMAGNE BLVD N/TOMPKINS AV,383183.6944,5037977.986,11/22/16,7:10,03 - Snow,03 - Loose snow,01 - Traffic signal,02 - Intersection related,03 - Dawn,03 - P.D. only,04 - Sideswipe
13065,TENTH LINE RD @ CHARLEMAGNE BLVD S/DES EPINETT,383640.9751,5036900.456,6/26/16,11:09,01 - Clear,01 - Dry,01 - Traffic signal,02 - Intersection related,01 - Daylight,02 - Non-fatal injury,03 - Rear end
13066,TENTH LINE RD @ CHARLEMAGNE BLVD S/DES EPINETT,383640.9751,5036900.456,1/5/16,14:06,01 - Clear,01 - Dry,01 - Traffic signal,03 - At intersection,01 - Daylight,02 - Non-fatal injury,02 - Angle
13067,TENTH LINE RD @ CHARLEMAGNE BLVD S/DES EPINETT,383640.9751,5036900.456,3/27/16,1:38,01 - Clear,01 - Dry,01 - Traffic signal,03 - At intersection,07 - Dark,02 - Non-fatal injury,07 - SMV other
13068,TENTH LINE RD @ CHARLEMAGNE BLVD S/DES EPINETT,383640.9751,5036900.456,10/3/16,6:40,01 - Clear,02 - Wet,01 - Traffic signal,02 - Intersection related,03 - Dawn,02 - Non-fatal injury,03 - Rear end
13069,TENTH LINE RD @ CHARLEMAGNE BLVD S/DES EPINETT,383640.9751,5036900.456,12/7/16,15:15,01 - Clear,01 - Dry,01 - Traffic signal,02 - Intersection related,01 - Daylight,02 - Non-fatal injury,03 - Rear end
13070,TENTH LINE RD @ CHARLEMAGNE BLVD S/DES EPINETT,383640.9751,5036900.456,10/21/16,14:50,02 - Rain,02 - Wet,01 - Traffic signal,02 - Intersection related,01 - Daylight,03 - P.D. only,03 - Rear end
13071,TENTH LINE RD @ CHARLEMAGNE BLVD S/DES EPINETT,383640.9751,5036900.456,8/8/16,17:01,01 - Clear,01 - Dry,01 - Traffic signal,02 - Intersection related,01 - Daylight,03 - P.D. only,03 - Rear end
13072,TENTH LINE RD @ CHARLEMAGNE BLVD S/DES EPINETT,383640.9751,5036900.456,5/27/16,15:00,01 - Clear,01 - Dry,01 - Traffic signal,02 - Intersection related,01 - Daylight,03 - P.D. only,03 - Rear end
13073,TENTH LINE RD @ CHARLEMAGNE BLVD S/DES EPINETT,383640.9751,5036900.456,6/20/16,16:00,01 - Clear,01 - Dry,01 - Traffic signal,02 - Intersection related,01 - Daylight,03 - P.D. only,03 - Rear end
13074,TENTH LINE RD @ CHARLEMAGNE BLVD S/DES EPINETT,383640.9751,5036900.456,1/18/16,19:31,01 - Clear,01 - Dry,01 - Traffic signal,03 - At intersection,07 - Dark,03 - P.D. only,05 - Turning movement
13075,TENTH LINE RD @ CHARLEMAGNE BLVD S/DES EPINETT,383640.9751,5036900.456,2/17/16,21:28,03 - Snow,06 - Ice,01 - Traffic signal,03 - At intersection,07 - Dark,03 - P.D. only,02 - Angle
13076,TENTH LINE RD @ CHARLEMAGNE BLVD S/DES EPINETT,383640.9751,5036900.456,5/10/16,18:34,01 - Clear,01 - Dry,01 - Traffic signal,02 - Intersection related,01 - Daylight,03 - P.D. only,03 - Rear end
13077,TENTH LINE RD @ CHARLEMAGNE BLVD S/DES EPINETT,383640.9751,5036900.456,12/18/16,22:46,01 - Clear,06 - Ice,01 - Traffic signal,03 - At intersection,07 - Dark,03 - P.D. only,05 - Turning movement
13078,TENTH LINE RD @ CHARLEMAGNE BLVD S/DES EPINETT,383640.9751,5036900.456,12/19/16,16:59,03 - Snow,02 - Wet,01 - Traffic signal,02 - Intersection related,07 - Dark,03 - P.D. only,03 - Rear end
13079,TENTH LINE RD @ LAKEPOINTE DR,384261.7313,5035420.346,2/16/16,17:51,03 - Snow,05 - Packed snow,01 - Traffic signal,02 - Intersection related,07 - Dark,03 - P.D. only,03 - Rear end
13080,TENTH LINE RD @ LAKEPOINTE DR,384261.8618,5035420.423,3/23/16,15:03,01 - Clear,01 - Dry,01 - Traffic signal,03 - At intersection,01 - Daylight,03 - P.D. only,02 - Angle
13081,TENTH LINE RD @ LAKEPOINTE DR,384262.126,5035421.658,12/16/16,7:51,01 - Clear,06 - Ice,01 - Traffic signal,02 - Intersection related,03 - Dawn,03 - P.D. only,03 - Rear end
13082,TENTH LINE RD @ OR174 IC101 RAMP26,382763.4492,5038939.309,11/29/16,6:30,04 - Freezing Rain,06 - Ice,10 - No control,02 - Intersection related,07 - Dark,03 - P.D. only,03 - Rear end
13083,TENTH LINE RD @ OR174 IC101 RAMP36,382632.9599,5039210.798,11/17/16,7:18,01 - Clear,01 - Dry,01 - Traffic signal,02 - Intersection related,01 - Daylight,03 - P.D. only,03 - Rear end
13084,TENTH LINE RD @ OR174 IC101 RAMP61,382702.1656,5039062.704,11/20/16,8:15,02 - Rain,02 - Wet,02 - Stop sign,02 - Intersection related,01 - Daylight,02 - Non-fatal injury,03 - Rear end
13085,TENTH LINE RD @ OR174 IC101 RAMP61,382703.4963,5039059.835,10/6/16,14:36,01 - Clear,01 - Dry,02 - Stop sign,02 - Intersection related,01 - Daylight,03 - P.D. only,03 - Rear end
13086,TENTH LINE RD @ OR174 IC101 RAMP61,382702.2126,5039062.519,12/11/16,15:18,01 - Clear,01 - Dry,02 - Stop sign,03 - At intersection,01 - Daylight,03 - P.D. only,02 - Angle
13087,TENTH LINE RD @ TENTH LINE RD,383529.0436,5037154.555,8/30/16,12:00,01 - Clear,01 - Dry,01 - Traffic signal,02 - Intersection related,01 - Daylight,02 - Non-fatal injury,03 - Rear end
13088,TENTH LINE RD @ TENTH LINE RD,383529.7653,5037155.506,3/2/16,17:30,01 - Clear,01 - Dry,01 - Traffic signal,03 - At intersection,05 - Dusk,02 - Non-fatal injury,05 - Turning movement
13089,TENTH LINE RD @ TENTH LINE RD,383530.7208,5037156.66,9/2/16,10:50,01 - Clear,01 - Dry,01 - Traffic signal,02 - Intersection related,01 - Daylight,03 - P.D. only,03 - Rear end
13090,TENTH LINE RD @ TENTH LINE RD,383531.5281,5037155.383,11/20/16,11:40,03 - Snow,04 - Slush,01 - Traffic signal,02 - Intersection related,01 - Daylight,03 - P.D. only,03 - Rear end
13091,TENTH LINE RD @ TENTH LINE RD,383530.9278,5037154.279,12/1/16,19:30,01 - Clear,02 - Wet,01 - Traffic signal,03 - At intersection,07 - Dark,03 - P.D. only,03 - Rear end
13092,TENTH LINE RD @ TENTH LINE RD,383531.5281,5037154.555,11/25/16,9:22,03 - Snow,02 - Wet,01 - Traffic signal,02 - Intersection related,01 - Daylight,03 - P.D. only,03 - Rear end
13093,TENTH LINE RD @ VANGUARD DR,384074.1625,5035876.607,4/21/16,12:48,01 - Clear,01 - Dry,01 - Traffic signal,03 - At intersection,01 - Daylight,02 - Non-fatal injury,07 - SMV other
13094,TENTH LINE RD @ VANGUARD DR,384073.2224,5035874.334,8/23/16,14:00,01 - Clear,01 - Dry,01 - Traffic signal,03 - At intersection,01 - Daylight,02 - Non-fatal injury,02 - Angle
13095,TENTH LINE RD @ VANGUARD DR,384071.5913,5035875.345,8/23/16,13:35,01 - Clear,01 - Dry,01 - Traffic signal,02 - Intersection related,01 - Daylight,02 - Non-fatal injury,02 - Angle
13096,TENTH LINE RD @ VANGUARD DR,384072.1046,5035874.344,3/4/16,15:34,01 - Clear,01 - Dry,01 - Traffic signal,03 - At intersection,01 - Daylight,03 - P.D. only,05 - Turning movement
13097,TENTH LINE RD @ VANGUARD DR,384073.6817,5035874.334,6/1/16,17:44,01 - Clear,01 - Dry,01 - Traffic signal,03 - At intersection,01 - Daylight,03 - P.D. only,05 - Turning movement
13098,TENTH LINE RD @ VANGUARD DR,384072.5437,5035875.661,10/20/16,17:10,02 - Rain,02 - Wet,01 - Traffic signal,03 - At intersection,01 - Daylight,03 - P.D. only,05 - Turning movement
13099,TENTH LINE RD @ WALL RD,385152.7816,5033308.256,11/22/16,7:40,01 - Clear,04 - Slush,02 - Stop sign,03 - At intersection,01 - Daylight,03 - P.D. only,02 - Angle
13100,TENTH LINE RD btwn 275 N OF DES EPINETTES AVE/FALLINGBROOK SC & DES EP,383629.647,5036923.893,3/17/16,6:57,01 - Clear,02 - Wet,10 - No control,01 - Non intersection,01 - Daylight,03 - P.D. only,04 - Sideswipe
13101,TENTH LINE RD btwn 275 N OF DES EPINETTES AVE/FALLINGBROOK SC & DES EP,383619.5216,5036948.19,10/25/16,17:11,02 - Rain,02 - Wet,10 - No control,01 - Non intersection,05 - Dusk,03 - P.D. only,04 - Sideswipe
13102,TENTH LINE RD btwn 275 N OF DES EPINETTES AVE/FALLINGBROOK SC & DES EP,383634.4801,5036917.701,3/24/16,11:10,03 - Snow,04 - Slush,10 - No control,01 - Non intersection,01 - Daylight,03 - P.D. only,04 - Sideswipe
13103,TENTH LINE RD btwn AMIENS ST & 275 N OF DES EPINETTES AVE/FALLINGBROOK,383430.8633,5037383.985,2/17/16,20:46,03 - Snow,06 - Ice,10 - No control,01 - Non intersection,07 - Dark,03 - P.D. only,03 - Rear end
13104,TENTH LINE RD btwn AMIENS ST & 275 N OF DES EPINETTES AVE/FALLINGBROOK,383357.8906,5037555.43,5/4/16,15:11,01 - Clear,01 - Dry,10 - No control,01 - Non intersection,01 - Daylight,03 - P.D. only,03 - Rear end
13105,TENTH LINE RD btwn BLACKBURN BYPS & SOUTHFIELD WAY,384544.5512,5034746.129,2/25/16,17:57,03 - Snow,06 - Ice,10 - No control,01 - Non intersection,07 - Dark,03 - P.D. only,07 - SMV other
13106,TENTH LINE RD btwn CANOTIA PL & AMIENS ST,383339.9946,5037596.326,8/16/16,12:20,01 - Clear,01 - Dry,10 - No control,01 - Non intersection,01 - Daylight,03 - P.D. only,04 - Sideswipe
13107,TENTH LINE RD btwn DES EPINETTES AVE & INNES RD,383645.5682,5036889.73,9/20/16,10:20,01 - Clear,01 - Dry,10 - No control,04 - At/near private drive,01 - Daylight,02 - Non-fatal injury,02 - Angle
13108,TENTH LINE RD btwn DES EPINETTES AVE & INNES RD,383832.9897,5036439.253,8/29/16,16:10,01 - Clear,01 - Dry,10 - No control,01 - Non intersection,01 - Daylight,03 - P.D. only,04 - Sideswipe
13109,TENTH LINE RD btwn DES EPINETTES AVE & INNES RD,383683.6811,5036795.825,3/4/16,18:13,01 - Clear,01 - Dry,10 - No control,01 - Non intersection,05 - Dusk,03 - P.D. only,03 - Rear end
13110,TENTH LINE RD btwn HARVEST VALLEY AVE & SOUTHFIELD WAY,384629.8226,5034544.105,12/15/16,2:51,01 - Clear,02 - Wet,10 - No control,01 - Non intersection,07 - Dark,01 - Fatal injury,01 - Approaching
13111,TENTH LINE RD btwn LAKEPOINTE DR & BLACKBURN BYPS,384405.1463,5035078.923,7/2/16,5:10,01 - Clear,01 - Dry,10 - No control,01 - Non intersection,03 - Dawn,03 - P.D. only,07 - SMV other
13112,TENTH LINE RD btwn OLD TENTH LINE RD & TOMPKINS AVE,383177.9088,5037999.391,2/18/16,8:51,03 - Snow,06 - Ice,10 - No control,01 - Non intersection,01 - Daylight,02 - Non-fatal injury,03 - Rear end
13113,TENTH LINE RD btwn OLD TENTH LINE RD & TOMPKINS AVE,383177.5633,5037998.738,1/13/16,17:07,01 - Clear,01 - Dry,10 - No control,01 - Non intersection,05 - Dusk,03 - P.D. only,04 - Sideswipe
13114,TENTH LINE RD btwn OLD TENTH LINE RD & TOMPKINS AVE,383050.2703,5038340.592,1/7/16,16:25,01 - Clear,02 - Wet,10 - No control,01 - Non intersection,01 - Daylight,03 - P.D. only,07 - SMV other
13115,TENTH LINE RD btwn OLD TENTH LINE RD & TOMPKINS AVE,383103.6922,5038212.93,5/13/16,16:30,01 - Clear,01 - Dry,10 - No control,01 - Non intersection,01 - Daylight,03 - P.D. only,04 - Sideswipe
13116,TENTH LINE RD btwn OR174 IC101 RAMP61 & OR174 IC101 RAMP26,382751.0269,5038962.497,11/29/16,6:30,04 - Freezing Rain,06 - Ice,10 - No control,07 - Overpass or bridge,07 - Dark,03 - P.D. only,03 - Rear end
13117,TENTH LINE RD btwn ST. JOSEPH BLVD & OLD TENTH LINE RD,382934.6961,5038580.739,10/18/16,16:32,01 - Clear,01 - Dry,10 - No control,01 - Non intersection,01 - Daylight,02 - Non-fatal injury,03 - Rear end
13118,TENTH LINE RD btwn ST. JOSEPH BLVD & OLD TENTH LINE RD,382954.1404,5038532.396,3/8/16,9:06,01 - Clear,02 - Wet,10 - No control,01 - Non intersection,01 - Daylight,03 - P.D. only,03 - Rear end
13119,TENTH LINE RD btwn ST. JOSEPH BLVD & OLD TENTH LINE RD,382987.6746,5038468.336,6/27/16,19:00,01 - Clear,01 - Dry,10 - No control,01 - Non intersection,01 - Daylight,03 - P.D. only,04 - Sideswipe
13120,TENTH LINE RD btwn ST. JOSEPH BLVD & OLD TENTH LINE RD,382979.816,5038487.762,3/10/16,12:46,01 - Clear,01 - Dry,10 - No control,01 - Non intersection,01 - Daylight,03 - P.D. only,03 - Rear end
13121,TENTH LINE RD btwn ST. JOSEPH BLVD & OLD TENTH LINE RD,382955.7476,5038533.419,5/4/16,6:40,01 - Clear,01 - Dry,10 - No control,01 - Non intersection,01 - Daylight,03 - P.D. only,03 - Rear end
13122,TENTH LINE RD btwn ST. JOSEPH BLVD & OLD TENTH LINE RD,383031.7806,5038375.3,7/21/16,10:57,01 - Clear,01 - Dry,10 - No control,01 - Non intersection,01 - Daylight,03 - P.D. only,03 - Rear end
13123,TENTH LINE RD btwn ST. JOSEPH BLVD & OLD TENTH LINE RD,382932.6851,5038581.122,3/21/16,18:44,01 - Clear,01 - Dry,10 - No control,01 - Non intersection,05 - Dusk,03 - P.D. only,03 - Rear end
13124,TENTH LINE RD btwn ST. JOSEPH BLVD & OLD TENTH LINE RD,383038.1999,5038365.878,7/18/16,8:20,01 - Clear,01 - Dry,10 - No control,01 - Non intersection,01 - Daylight,03 - P.D. only,03 - Rear end
13125,TENTH LINE RD btwn ST. JOSEPH BLVD & OLD TENTH LINE RD,382893.7219,5038660.841,4/7/16,18:51,03 - Snow,05 - Packed snow,10 - No control,01 - Non intersection,01 - Daylight,03 - P.D. only,99 - Other
13126,TENTH LINE RD btwn ST. JOSEPH BLVD & OLD TENTH LINE RD,382904.1071,5038641.425,5/22/16,14:20,01 - Clear,01 - Dry,10 - No control,01 - Non intersection,01 - Daylight,03 - P.D. only,03 - Rear end
13127,TENTH LINE RD btwn ST. JOSEPH BLVD & OLD TENTH LINE RD,382933.868,5038579.082,9/25/16,9:28,01 - Clear,01 - Dry,10 - No control,01 - Non intersection,01 - Daylight,03 - P.D. only,03 - Rear end
13128,TENTH LINE RD btwn ST. JOSEPH BLVD & OLD TENTH LINE RD,382922.0657,5038602.271,12/3/16,17:23,01 - Clear,01 - Dry,10 - No control,01 - Non intersection,07 - Dark,03 - P.D. only,03 - Rear end
13129,TENTH LINE RD btwn ST. JOSEPH BLVD & OR174 IC101 RAMP26,382785.1313,5038887.737,5/30/16,15:13,01 - Clear,01 - Dry,10 - No control,01 - Non intersection,01 - Daylight,03 - P.D. only,03 - Rear end
13130,TENTH LINE RD btwn ST. JOSEPH BLVD & OR174 IC101 RAMP26,382768.9525,5038923.858,11/14/16,6:15,01 - Clear,01 - Dry,10 - No control,01 - Non intersection,03 - Dawn,03 - P.D. only,04 - Sideswipe
13131,TENTH LINE RD btwn ST. JOSEPH BLVD & OR174 IC101 RAMP26,382770.0745,5038921.089,11/17/16,6:11,01 - Clear,01 - Dry,10 - No control,07 - Overpass or bridge,07 - Dark,03 - P.D. only,03 - Rear end
13132,TENTH LINE RD btwn ST. JOSEPH BLVD & OR174 IC101 RAMP26,382770.7088,5038921.662,11/29/16,6:30,04 - Freezing Rain,06 - Ice,10 - No control,01 - Non intersection,03 - Dawn,03 - P.D. only,04 - Sideswipe
13133,TENTH LINE RD btwn TOMPKINS AVE & CANOTIA PL,383186.9628,5037965.937,10/26/16,21:41,01 - Clear,01 - Dry,10 - No control,01 - Non intersection,07 - Dark,02 - Non-fatal injury,04 - Sideswipe
13134,TENTH LINE RD btwn TOMPKINS AVE & CANOTIA PL,383214.7831,5037884.302,2/16/16,18:14,03 - Snow,03 - Loose snow,10 - No control,01 - Non intersection,07 - Dark,03 - P.D. only,03 - Rear end
13135,TENTH LINE RD btwn TOMPKINS AVE & CANOTIA PL,383209.0495,5037900.816,12/20/16,20:40,01 - Clear,02 - Wet,10 - No control,04 - At/near private drive,07 - Dark,03 - P.D. only,04 - Sideswipe
13136,TENTH LINE RD btwn TOMPKINS AVE & CANOTIA PL,383186.6711,5037969.961,11/24/16,15:37,03 - Snow,02 - Wet,10 - No control,01 - Non intersection,01 - Daylight,03 - P.D. only,04 - Sideswipe
13137,TENTH LINE RD btwn VANGUARD DR & LAKEPOINTE DR,384185.4557,5035605.333,2/2/16,18:05,01 - Clear,01 - Dry,10 - No control,01 - Non intersection,07 - Dark,03 - P.D. only,04 - Sideswipe
13138,TENTH LINE RD btwn VANGUARD DR & LAKEPOINTE DR,384111.7509,5035786.847,12/19/16,19:10,01 - Clear,05 - Packed snow,10 - No control,01 - Non intersection,07 - Dark,03 - P.D. only,04 - Sideswipe
13139,TENTH LINE RD btwn WALL RD & NAVAN RD,385567.4472,5032297.385,6/24/16,1:42,01 - Clear,01 - Dry,10 - No control,01 - Non intersection,07 - Dark,03 - P.D. only,07 - SMV other
13140,TERMINAL AVE @ TRAINYARDS DR,371846.4614,5030816.15,6/17/16,16:18,01 - Clear,01 - Dry,01 - Traffic signal,03 - At intersection,01 - Daylight,03 - P.D. only,05 - Turning movement
13141,TERMINAL AVE @ TRAINYARDS DR,371845.2209,5030816.756,6/29/16,12:53,01 - Clear,01 - Dry,01 - Traffic signal,02 - Intersection related,01 - Daylight,03 - P.D. only,02 - Angle
13142,TERMINAL AVE btwn RAILMARKET PRIV & TRAINYARDS DR,371438.0697,5030903.477,3/10/16,11:30,02 - Rain,02 - Wet,10 - No control,01 - Non intersection,01 - Daylight,02 - Non-fatal injury,07 - SMV other
13143,TERMINAL AVE btwn RAILMARKET PRIV & TRAINYARDS DR,371637.4665,5030929.797,12/9/16,10:54,01 - Clear,06 - Ice,10 - No control,01 - Non intersection,01 - Daylight,02 - Non-fatal injury,03 - Rear end
13144,TERMINAL AVE btwn RAILMARKET PRIV & TRAINYARDS DR,371566.6501,5030914.095,8/29/16,12:30,01 - Clear,01 - Dry,10 - No control,04 - At/near private drive,01 - Daylight,03 - P.D. only,03 - Rear end
13145,TERMINAL AVE btwn RAILMARKET PRIV & TRAINYARDS DR,371741.4921,5030903.521,10/22/16,17:54,02 - Rain,02 - Wet,10 - No control,04 - At/near private drive,07 - Dark,03 - P.D. only,02 - Angle
13146,TERMINAL AVE btwn RAILMARKET PRIV & TRAINYARDS DR,371638.2045,5030928.12,1/12/16,11:51,03 - Snow,03 - Loose snow,10 - No control,04 - At/near private drive,01 - Daylight,03 - P.D. only,02 - Angle
13147,TERMINAL AVE btwn RAILMARKET PRIV & TRAINYARDS DR,371799.0113,5030838.537,5/29/16,10:05,01 - Clear,01 - Dry,10 - No control,04 - At/near private drive,01 - Daylight,03 - P.D. only,03 - Rear end
13148,TERON RD @ BEAVERBROOK RD/PENFIELD DR N,351884.6219,5021213.074,11/4/16,12:04,01 - Clear,01 - Dry,01 - Traffic signal,02 - Intersection related,01 - Daylight,03 - P.D. only,07 - SMV other
13149,TERON RD @ PARKWAY (THE)/PENFIELD DR S,352293.4036,5020788.267,1/22/16,8:48,01 - Clear,02 - Wet,01 - Traffic signal,02 - Intersection related,01 - Daylight,03 - P.D. only,03 - Rear end
13150,TERON RD btwn PARKWAY (THE) & SALTER CRES,352306.6806,5020774.224,1/24/16,8:38,01 - Clear,01 - Dry,10 - No control,01 - Non intersection,01 - Daylight,02 - Non-fatal injury,03 - Rear end
13151,TERRAPIN TERR btwn CAPUCHON WAY & NESTLETON ST,385603.033,5035315.81,6/2/16,0:00,01 - Clear,01 - Dry,10 - No control,01 - Non intersection,00 - Unknown,03 - P.D. only,06 - SMV unattended vehicle
13152,TERREBONNE DR btwn MARYGROVE CIRC & MAITLAND AVE,364011.5102,5025121.024,11/16/16,14:56,02 - Rain,02 - Wet,10 - No control,01 - Non intersection,01 - Daylight,03 - P.D. only,06 - SMV unattended vehicle
13153,TERREBONNE DR btwn MARYGROVE CIRC & MAITLAND AVE,364009.6299,5025107.389,1/10/16,10:56,02 - Rain,02 - Wet,10 - No control,04 - At/near private drive,01 - Daylight,03 - P.D. only,06 - SMV unattended vehicle
13154,TERRY FOX DR @ EDGEWATER ST/WALTER BAKER PL,351775.8473,5017612.622,7/5/16,16:10,01 - Clear,01 - Dry,01 - Traffic signal,03 - At intersection,01 - Daylight,02 - Non-fatal injury,05 - Turning movement
13155,TERRY FOX DR @ EDGEWATER ST/WALTER BAKER PL,351776.5105,5017613.231,11/6/16,12:28,01 - Clear,01 - Dry,01 - Traffic signal,03 - At intersection,01 - Daylight,02 - Non-fatal injury,05 - Turning movement
13156,TERRY FOX DR @ EDGEWATER ST/WALTER BAKER PL,351777.4541,5017614.532,5/26/16,10:37,01 - Clear,01 - Dry,01 - Traffic signal,03 - At intersection,01 - Daylight,03 - P.D. only,05 - Turning movement
13157,TERRY FOX DR @ EDGEWATER ST/WALTER BAKER PL,351776.9496,5017613.231,1/20/16,11:26,01 - Clear,04 - Slush,01 - Traffic signal,03 - At intersection,01 - Daylight,03 - P.D. only,03 - Rear end
13158,TERRY FOX DR @ EDGEWATER ST/WALTER BAKER PL,351781.7056,5017609.991,1/6/16,10:51,01 - Clear,02 - Wet,01 - Traffic signal,02 - Intersection related,01 - Daylight,03 - P.D. only,03 - Rear end
13159,TERRY FOX DR @ EDGEWATER ST/WALTER BAKER PL,351777.1058,5017614.948,3/6/16,22:31,01 - Clear,99 - Other,01 - Traffic signal,02 - Intersection related,07 - Dark,03 - P.D. only,03 - Rear end
13160,TERRY FOX DR @ EDGEWATER ST/WALTER BAKER PL,351779.2645,5017613.864,10/20/16,16:14,02 - Rain,02 - Wet,01 - Traffic signal,02 - Intersection related,01 - Daylight,03 - P.D. only,03 - Rear end
13161,TERRY FOX DR @ EDGEWATER ST/WALTER BAKER PL,351779.299,5017612.953,11/7/16,12:34,01 - Clear,01 - Dry,01 - Traffic signal,03 - At intersection,01 - Daylight,03 - P.D. only,02 - Angle
13162,TERRY FOX DR @ EDGEWATER ST/WALTER BAKER PL,351778.4364,5017614.693,12/17/16,9:45,03 - Snow,03 - Loose snow,01 - Traffic signal,02 - Intersection related,01 - Daylight,03 - P.D. only,03 - Rear end
13163,TERRY FOX DR @ EDGEWATER ST/WALTER BAKER PL,351777.9673,5017612.499,12/31/16,19:44,03 - Snow,03 - Loose snow,01 - Traffic signal,02 - Intersection related,07 - Dark,03 - P.D. only,03 - Rear end
13164,TERRY FOX DR @ FERNBANK RD,354301.3845,5015130.099,5/23/16,18:34,01 - Clear,01 - Dry,01 - Traffic signal,02 - Intersection related,01 - Daylight,02 - Non-fatal injury,07 - SMV other
13165,TERRY FOX DR @ FERNBANK RD,354303.6132,5015130.588,8/7/16,20:15,01 - Clear,01 - Dry,01 - Traffic signal,02 - Intersection related,05 - Dusk,03 - P.D. only,03 - Rear end
13166,TERRY FOX DR @ FERNBANK RD,354303.8554,5015129.815,7/14/16,11:00,02 - Rain,02 - Wet,01 - Traffic signal,02 - Intersection related,01 - Daylight,03 - P.D. only,02 - Angle
13167,TERRY FOX DR @ FERNBANK RD,354304.3177,5015130.474,7/28/16,19:10,01 - Clear,01 - Dry,01 - Traffic signal,03 - At intersection,01 - Daylight,03 - P.D. only,05 - Turning movement
13168,TERRY FOX DR @ HALKIRK AVE/WINCHESTER DR,352512.2098,5016868.809,9/22/16,19:43,02 - Rain,02 - Wet,01 - Traffic signal,02 - Intersection related,07 - Dark,03 - P.D. only,03 - Rear end
13169,TERRY FOX DR @ HALKIRK AVE/WINCHESTER DR,352511.9412,5016869.671,2/20/16,12:05,01 - Clear,02 - Wet,01 - Traffic signal,02 - Intersection related,01 - Daylight,03 - P.D. only,04 - Sideswipe
13170,TERRY FOX DR @ PALLADIUM DR/KATIMAVIK RD,351267.519,5018183.113,8/10/16,17:05,01 - Clear,01 - Dry,01 - Traffic signal,02 - Intersection related,01 - Daylight,02 - Non-fatal injury,03 - Rear end
13171,TERRY FOX DR @ PALLADIUM DR/KATIMAVIK RD,351269.9843,5018181.509,3/22/16,14:39,01 - Clear,01 - Dry,01 - Traffic signal,02 - Intersection related,01 - Daylight,02 - Non-fatal injury,03 - Rear end
13172,TERRY FOX DR @ PALLADIUM DR/KATIMAVIK RD,351269.1825,5018182.043,9/12/16,18:57,01 - Clear,01 - Dry,01 - Traffic signal,02 - Intersection related,01 - Daylight,02 - Non-fatal injury,03 - Rear end
13173,TERRY FOX DR @ PALLADIUM DR/KATIMAVIK RD,351269.234,5018180.686,6/8/16,6:40,01 - Clear,01 - Dry,01 - Traffic signal,02 - Intersection related,01 - Daylight,02 - Non-fatal injury,03 - Rear end