Record,Location,X,Y,Date,Time,Environment,Road_Surface,Traffic_Control,Collision_Location,Light,Collision_Classification,Impact_type
13174,TERRY FOX DR @ PALLADIUM DR/KATIMAVIK RD,351270.8544,5018181.775,8/5/16,13:53,01 - Clear,01 - Dry,01 - Traffic signal,03 - At intersection,01 - Daylight,03 - P.D. only,03 - Rear end
13175,TERRY FOX DR @ PALLADIUM DR/KATIMAVIK RD,351269.718,5018183.846,8/31/16,14:53,01 - Clear,01 - Dry,01 - Traffic signal,02 - Intersection related,01 - Daylight,03 - P.D. only,03 - Rear end
13176,TERRY FOX DR @ PALLADIUM DR/KATIMAVIK RD,351269.718,5018180.972,8/18/16,18:46,01 - Clear,01 - Dry,01 - Traffic signal,02 - Intersection related,01 - Daylight,03 - P.D. only,03 - Rear end
13177,TERRY FOX DR @ PALLADIUM DR/KATIMAVIK RD,351269.1825,5018180.437,9/1/16,10:15,01 - Clear,01 - Dry,01 - Traffic signal,02 - Intersection related,01 - Daylight,03 - P.D. only,03 - Rear end
13178,TERRY FOX DR @ PALLADIUM DR/KATIMAVIK RD,351267.7596,5018182.421,4/30/16,17:58,01 - Clear,01 - Dry,01 - Traffic signal,02 - Intersection related,01 - Daylight,03 - P.D. only,03 - Rear end
13179,TERRY FOX DR @ PALLADIUM DR/KATIMAVIK RD,351270.1086,5018182.556,3/23/16,16:55,01 - Clear,01 - Dry,01 - Traffic signal,02 - Intersection related,01 - Daylight,03 - P.D. only,03 - Rear end
13180,TERRY FOX DR @ PALLADIUM DR/KATIMAVIK RD,351269.4925,5018181.099,5/27/16,9:50,01 - Clear,01 - Dry,01 - Traffic signal,02 - Intersection related,01 - Daylight,03 - P.D. only,03 - Rear end
13181,TERRY FOX DR @ PALLADIUM DR/KATIMAVIK RD,351269.4985,5018181.117,8/22/16,14:40,01 - Clear,01 - Dry,01 - Traffic signal,02 - Intersection related,01 - Daylight,03 - P.D. only,03 - Rear end
13182,TERRY FOX DR @ PALLADIUM DR/KATIMAVIK RD,351269.9435,5018180.648,6/21/16,18:31,01 - Clear,01 - Dry,01 - Traffic signal,02 - Intersection related,01 - Daylight,03 - P.D. only,03 - Rear end
13183,TERRY FOX DR @ PALLADIUM DR/KATIMAVIK RD,351269.718,5018182.189,11/15/16,18:26,01 - Clear,01 - Dry,01 - Traffic signal,02 - Intersection related,07 - Dark,03 - P.D. only,03 - Rear end
13184,TERRY FOX DR @ PALLADIUM DR/KATIMAVIK RD,351269.718,5018181.361,10/13/16,15:11,01 - Clear,01 - Dry,01 - Traffic signal,02 - Intersection related,01 - Daylight,03 - P.D. only,03 - Rear end
13185,TERRY FOX DR @ PALLADIUM DR/KATIMAVIK RD,351270.5462,5018179.705,11/3/16,19:13,01 - Clear,01 - Dry,01 - Traffic signal,02 - Intersection related,07 - Dark,03 - P.D. only,03 - Rear end
13186,TERRY FOX DR @ PALLADIUM DR/KATIMAVIK RD,351268.0617,5018183.017,12/10/16,13:42,01 - Clear,01 - Dry,01 - Traffic signal,02 - Intersection related,01 - Daylight,03 - P.D. only,04 - Sideswipe
13187,TERRY FOX DR @ PALLADIUM DR/KATIMAVIK RD,351271.3743,5018182.189,12/16/16,16:55,01 - Clear,02 - Wet,01 - Traffic signal,02 - Intersection related,05 - Dusk,03 - P.D. only,03 - Rear end
13188,TERRY FOX DR @ PALLADIUM DR/KATIMAVIK RD,351269.718,5018181.361,11/21/16,17:31,03 - Snow,04 - Slush,01 - Traffic signal,02 - Intersection related,07 - Dark,03 - P.D. only,03 - Rear end
13189,TERRY FOX DR @ TRANS CANADA TRAIL,353252.911,5015999.007,8/17/16,12:10,01 - Clear,01 - Dry,01 - Traffic signal,02 - Intersection related,01 - Daylight,03 - P.D. only,03 - Rear end
13190,TERRY FOX DR @ WESTPHALIAN AVE,353455.2261,5015759.789,5/7/16,20:28,01 - Clear,01 - Dry,01 - Traffic signal,03 - At intersection,05 - Dusk,02 - Non-fatal injury,07 - SMV other
13191,TERRY FOX DR @ WESTPHALIAN AVE,353455.2261,5015759.789,6/3/16,17:54,01 - Clear,01 - Dry,01 - Traffic signal,02 - Intersection related,01 - Daylight,02 - Non-fatal injury,03 - Rear end
13192,TERRY FOX DR @ WESTPHALIAN AVE,353455.2261,5015759.789,2/25/16,7:50,01 - Clear,02 - Wet,01 - Traffic signal,02 - Intersection related,01 - Daylight,03 - P.D. only,03 - Rear end
13193,TERRY FOX DR @ WESTPHALIAN AVE,353455.2261,5015759.789,3/14/16,12:18,02 - Rain,02 - Wet,01 - Traffic signal,02 - Intersection related,01 - Daylight,03 - P.D. only,03 - Rear end
13194,TERRY FOX DR @ WESTPHALIAN AVE,353455.2261,5015759.789,2/23/16,15:38,01 - Clear,01 - Dry,01 - Traffic signal,02 - Intersection related,01 - Daylight,03 - P.D. only,04 - Sideswipe
13195,TERRY FOX DR @ WESTPHALIAN AVE,353455.2261,5015759.789,4/8/16,15:58,03 - Snow,02 - Wet,01 - Traffic signal,02 - Intersection related,01 - Daylight,03 - P.D. only,99 - Other
13196,TERRY FOX DR @ WESTPHALIAN AVE,353455.2261,5015759.789,7/4/16,12:45,01 - Clear,01 - Dry,01 - Traffic signal,02 - Intersection related,01 - Daylight,03 - P.D. only,03 - Rear end
13197,TERRY FOX DR @ WESTPHALIAN AVE,353455.2261,5015759.789,4/22/16,10:40,02 - Rain,02 - Wet,01 - Traffic signal,02 - Intersection related,01 - Daylight,03 - P.D. only,03 - Rear end
13198,TERRY FOX DR @ WESTPHALIAN AVE,353455.2261,5015759.789,11/28/16,17:24,01 - Clear,01 - Dry,01 - Traffic signal,02 - Intersection related,07 - Dark,03 - P.D. only,03 - Rear end
13199,TERRY FOX DR @ WESTPHALIAN AVE,353455.2261,5015759.789,11/28/16,19:10,01 - Clear,01 - Dry,01 - Traffic signal,02 - Intersection related,07 - Dark,03 - P.D. only,03 - Rear end
13200,TERRY FOX DR btwn 135 S OF HAZELDEAN RD/SOBEY'S SC & HALKIRK AVE,352479.4622,5016910.343,9/22/16,20:00,02 - Rain,02 - Wet,10 - No control,01 - Non intersection,07 - Dark,02 - Non-fatal injury,03 - Rear end
13201,TERRY FOX DR btwn CASTLEFRANK RD & TRANS CANADA TRAIL,353006.5933,5016289.527,5/14/16,15:45,02 - Rain,02 - Wet,10 - No control,01 - Non intersection,01 - Daylight,03 - P.D. only,07 - SMV other
13202,TERRY FOX DR btwn CASTLEFRANK RD & TRANS CANADA TRAIL,353042.1908,5016247.081,7/3/16,15:18,01 - Clear,01 - Dry,10 - No control,01 - Non intersection,01 - Daylight,03 - P.D. only,04 - Sideswipe
13203,TERRY FOX DR btwn CASTLEFRANK RD & TRANS CANADA TRAIL,353071.0276,5016215.781,9/17/16,15:00,02 - Rain,02 - Wet,10 - No control,01 - Non intersection,01 - Daylight,03 - P.D. only,03 - Rear end
13204,TERRY FOX DR btwn Continuation of TERRY FOX DR & CAMPEAU DR,350289.429,5019038.271,1/12/16,16:38,03 - Snow,03 - Loose snow,10 - No control,04 - At/near private drive,05 - Dusk,02 - Non-fatal injury,02 - Angle
13205,TERRY FOX DR btwn Continuation of TERRY FOX DR & CAMPEAU DR,350287.4408,5019038.213,7/22/16,15:38,01 - Clear,01 - Dry,10 - No control,04 - At/near private drive,01 - Daylight,02 - Non-fatal injury,02 - Angle
13206,TERRY FOX DR btwn Continuation of TERRY FOX DR & CAMPEAU DR,350289.1585,5019037.826,7/27/16,17:01,01 - Clear,01 - Dry,10 - No control,04 - At/near private drive,01 - Daylight,02 - Non-fatal injury,02 - Angle
13207,TERRY FOX DR btwn Continuation of TERRY FOX DR & CAMPEAU DR,350157.2472,5019035.263,12/12/16,16:40,02 - Rain,04 - Slush,10 - No control,04 - At/near private drive,05 - Dusk,03 - P.D. only,05 - Turning movement
13208,TERRY FOX DR btwn COPE DR & TRANS CANADA TRAIL,353587.9617,5015610.774,9/10/16,22:52,02 - Rain,02 - Wet,10 - No control,01 - Non intersection,07 - Dark,03 - P.D. only,07 - SMV other
13209,TERRY FOX DR btwn DIDSBURY RD & HWY417 IC140 RAMP36,350686.6648,5018853.093,8/14/16,3:58,01 - Clear,02 - Wet,10 - No control,01 - Non intersection,07 - Dark,03 - P.D. only,07 - SMV other
13210,TERRY FOX DR btwn FLAMBOROUGH WAY/INNOVATION DR & STATEWOOD DR,349075.7679,5022668.386,9/16/16,20:20,01 - Clear,08 - Loose sand or gravel,10 - No control,01 - Non intersection,07 - Dark,02 - Non-fatal injury,07 - SMV other
13211,TERRY FOX DR btwn FLAMBOROUGH WAY/INNOVATION DR & STATEWOOD DR,349075.7679,5022668.386,5/17/16,21:28,01 - Clear,01 - Dry,10 - No control,01 - Non intersection,07 - Dark,03 - P.D. only,07 - SMV other
13212,TERRY FOX DR btwn HALKIRK AVE & CASTLEFRANK RD,352962.084,5016337.483,6/9/16,17:37,01 - Clear,01 - Dry,10 - No control,01 - Non intersection,01 - Daylight,02 - Non-fatal injury,03 - Rear end
13213,TERRY FOX DR btwn HALKIRK AVE & CASTLEFRANK RD,352958.4621,5016348.558,4/29/16,22:40,01 - Clear,01 - Dry,10 - No control,01 - Non intersection,07 - Dark,03 - P.D. only,07 - SMV other
13214,TERRY FOX DR btwn HALKIRK AVE & CASTLEFRANK RD,352929.7316,5016374.198,11/19/16,16:40,01 - Clear,01 - Dry,10 - No control,01 - Non intersection,05 - Dusk,03 - P.D. only,03 - Rear end
13215,TERRY FOX DR btwn HAZELDEAN RD & 135 S OF HAZELDEAN RD/SOBEY'S SC,352220.0124,5017229.148,5/1/16,9:38,02 - Rain,02 - Wet,10 - No control,01 - Non intersection,01 - Daylight,03 - P.D. only,04 - Sideswipe
13216,TERRY FOX DR btwn HAZELDEAN RD & 135 S OF HAZELDEAN RD/SOBEY'S SC,352211.7175,5017237.66,6/16/16,12:25,01 - Clear,01 - Dry,10 - No control,01 - Non intersection,01 - Daylight,03 - P.D. only,04 - Sideswipe
13217,TERRY FOX DR btwn HAZELDEAN RD & 135 S OF HAZELDEAN RD/SOBEY'S SC,352224.2019,5017222.906,7/22/16,10:39,01 - Clear,01 - Dry,10 - No control,01 - Non intersection,01 - Daylight,03 - P.D. only,04 - Sideswipe
13218,TERRY FOX DR btwn HUNTSVILLE DR & OLD SECOND LINE RD,347868.3739,5020968.188,2/22/16,6:55,01 - Clear,01 - Dry,10 - No control,01 - Non intersection,03 - Dawn,02 - Non-fatal injury,01 - Approaching
13219,TERRY FOX DR btwn HUNTSVILLE DR & OLD SECOND LINE RD,347868.3739,5020968.188,9/30/16,17:29,01 - Clear,01 - Dry,10 - No control,01 - Non intersection,01 - Daylight,03 - P.D. only,07 - SMV other
13220,TERRY FOX DR btwn HUNTSVILLE DR & OLD SECOND LINE RD,347868.3739,5020968.188,1/29/16,8:27,03 - Snow,02 - Wet,10 - No control,01 - Non intersection,01 - Daylight,03 - P.D. only,07 - SMV other
13221,TERRY FOX DR btwn HUNTSVILLE DR & OLD SECOND LINE RD,347868.3739,5020968.188,9/30/16,7:40,01 - Clear,01 - Dry,10 - No control,05 - At railway crossing,01 - Daylight,03 - P.D. only,03 - Rear end
13222,TERRY FOX DR btwn HUNTSVILLE DR & OLD SECOND LINE RD,347868.3739,5020968.188,11/22/16,17:11,01 - Clear,01 - Dry,10 - No control,01 - Non intersection,07 - Dark,03 - P.D. only,07 - SMV other
13223,TERRY FOX DR btwn HUNTSVILLE DR & RICHARDSON SIDE RD,347868.3739,5020968.188,6/28/16,12:50,01 - Clear,01 - Dry,10 - No control,01 - Non intersection,01 - Daylight,03 - P.D. only,03 - Rear end
13224,TERRY FOX DR btwn HWY417 IC140 RAMP16 & HWY417 IC140 RAMP35,350944.0221,5018555.254,1/22/16,19:05,01 - Clear,01 - Dry,10 - No control,01 - Non intersection,07 - Dark,03 - P.D. only,03 - Rear end
13225,TERRY FOX DR btwn HWY417 IC140 RAMP25 & PALLADIUM DR,351220.4456,5018242.729,2/27/16,11:01,01 - Clear,01 - Dry,10 - No control,01 - Non intersection,01 - Daylight,03 - P.D. only,03 - Rear end
13226,TERRY FOX DR btwn HWY417 IC140 RAMP36 & HWY417 IC140 RAMP61,350757.4484,5018771.196,7/29/16,17:05,01 - Clear,01 - Dry,10 - No control,01 - Non intersection,01 - Daylight,03 - P.D. only,03 - Rear end
13227,TERRY FOX DR btwn HWY417 IC140 RAMP53 & HWY417 IC140 RAMP25,351111.2011,5018368.2,3/8/16,17:23,01 - Clear,01 - Dry,10 - No control,01 - Non intersection,01 - Daylight,02 - Non-fatal injury,03 - Rear end
13228,TERRY FOX DR btwn INNOVATION DR & MARCH RD,349718.5055,5023265.016,5/20/16,15:14,01 - Clear,01 - Dry,10 - No control,01 - Non intersection,01 - Daylight,02 - Non-fatal injury,03 - Rear end
13229,TERRY FOX DR btwn LEGGET DR & HELMSDALE DR,350284.4083,5023483.675,4/16/16,3:37,01 - Clear,01 - Dry,10 - No control,01 - Non intersection,07 - Dark,03 - P.D. only,07 - SMV other
13230,TERRY FOX DR btwn OLD SECOND LINE RD & STATEWOOD DR,348868.5065,5022476.459,12/8/16,19:44,03 - Snow,06 - Ice,10 - No control,01 - Non intersection,07 - Dark,03 - P.D. only,03 - Rear end
13231,TERRY FOX DR btwn PALLADIUM DR & MAPLE GROVE RD,351518.3175,5017903.225,6/7/16,15:47,02 - Rain,02 - Wet,10 - No control,01 - Non intersection,01 - Daylight,03 - P.D. only,03 - Rear end
13232,TERRY FOX DR N @ FLAMBOROUGH WAY/INNOVATION DR,349386.9187,5022953.992,10/20/16,11:30,02 - Rain,02 - Wet,01 - Traffic signal,02 - Intersection related,01 - Daylight,03 - P.D. only,04 - Sideswipe
13233,TERRY FOX DR N @ FLAMBOROUGH WAY/INNOVATION DR,349386.24,5022954.525,2/19/16,6:43,01 - Clear,06 - Ice,01 - Traffic signal,03 - At intersection,03 - Dawn,03 - P.D. only,02 - Angle
13234,TERRY FOX DR N @ FLAMBOROUGH WAY/INNOVATION DR,349387.4333,5022956.064,7/26/16,19:34,01 - Clear,01 - Dry,01 - Traffic signal,03 - At intersection,01 - Daylight,03 - P.D. only,03 - Rear end
13235,TERRY FOX DR N @ FLAMBOROUGH WAY/INNOVATION DR,349383.56,5022952.33,7/24/16,11:52,01 - Clear,01 - Dry,01 - Traffic signal,02 - Intersection related,01 - Daylight,03 - P.D. only,03 - Rear end
13236,TERRY FOX DR N @ FLAMBOROUGH WAY/INNOVATION DR,349388.6445,5022959.091,9/8/16,17:36,01 - Clear,01 - Dry,01 - Traffic signal,02 - Intersection related,01 - Daylight,03 - P.D. only,03 - Rear end
13237,TERRY FOX DR S @ DIDSBURY RD/CENTRUM KANATA SC,350624.8073,5018915.388,9/4/16,18:36,01 - Clear,01 - Dry,01 - Traffic signal,02 - Intersection related,01 - Daylight,02 - Non-fatal injury,07 - SMV other
13238,TERRY FOX DR S @ DIDSBURY RD/CENTRUM KANATA SC,350622.2937,5018917.472,5/13/16,14:57,01 - Clear,01 - Dry,01 - Traffic signal,02 - Intersection related,01 - Daylight,03 - P.D. only,03 - Rear end
13239,TERRY FOX DR S @ DIDSBURY RD/CENTRUM KANATA SC,350623.5758,5018918.139,2/27/16,19:00,01 - Clear,01 - Dry,01 - Traffic signal,02 - Intersection related,07 - Dark,03 - P.D. only,04 - Sideswipe
13240,TERRY FOX DR S @ DIDSBURY RD/CENTRUM KANATA SC,350623.2268,5018915.404,2/13/16,20:55,01 - Clear,06 - Ice,01 - Traffic signal,03 - At intersection,07 - Dark,03 - P.D. only,03 - Rear end
13241,TERRY FOX DR S @ DIDSBURY RD/CENTRUM KANATA SC,350620.416,5018917.111,4/8/16,16:27,03 - Snow,02 - Wet,01 - Traffic signal,03 - At intersection,01 - Daylight,03 - P.D. only,05 - Turning movement
13242,TERRY FOX DR S @ DIDSBURY RD/CENTRUM KANATA SC,350623.1197,5018916.082,7/10/16,17:05,01 - Clear,01 - Dry,01 - Traffic signal,02 - Intersection related,01 - Daylight,03 - P.D. only,04 - Sideswipe
13243,TERRY FOX DR S @ DIDSBURY RD/CENTRUM KANATA SC,350625.3436,5018919.583,11/13/16,15:15,01 - Clear,01 - Dry,01 - Traffic signal,02 - Intersection related,01 - Daylight,03 - P.D. only,03 - Rear end
13244,TERRY FOX DR S @ DIDSBURY RD/CENTRUM KANATA SC,350627.2707,5018915.729,12/15/16,12:59,05 - Drifting Snow,05 - Packed snow,01 - Traffic signal,02 - Intersection related,01 - Daylight,03 - P.D. only,03 - Rear end
13245,TERRY FOX DR S @ DIDSBURY RD/CENTRUM KANATA SC,350623.7856,5018916.41,12/9/16,7:45,01 - Clear,04 - Slush,01 - Traffic signal,03 - At intersection,03 - Dawn,03 - P.D. only,05 - Turning movement
13246,TERRY FOX DR S @ DIDSBURY RD/CENTRUM KANATA SC,350625.3436,5018919.583,11/30/16,14:10,01 - Clear,02 - Wet,01 - Traffic signal,02 - Intersection related,01 - Daylight,03 - P.D. only,04 - Sideswipe
13247,TERRY FOX DR S @ DIDSBURY RD/CENTRUM KANATA SC,350619.5622,5018915.729,12/21/16,16:17,01 - Clear,04 - Slush,01 - Traffic signal,02 - Intersection related,05 - Dusk,03 - P.D. only,03 - Rear end
13248,TEWSLEY DR btwn RIVERSEDGE CRES & RIVERSEDGE CRES,367689.2621,5015495.803,2/24/16,22:22,04 - Freezing Rain,06 - Ice,10 - No control,01 - Non intersection,07 - Dark,03 - P.D. only,06 - SMV unattended vehicle
13249,THAD JOHNSON PRIV @ ALERT RD,371425.5612,5021220.903,12/17/16,11:42,01 - Clear,03 - Loose snow,02 - Stop sign,03 - At intersection,01 - Daylight,03 - P.D. only,02 - Angle
13250,THARE CRES btwn MANCIL DR & KNOLL TER,363909.8582,5017154.69,11/9/16,16:03,01 - Clear,01 - Dry,10 - No control,01 - Non intersection,01 - Daylight,03 - P.D. only,04 - Sideswipe
13251,THIRD AVE btwn BANK ST & O'CONNOR ST,368432.0955,5029607.756,2/5/16,21:30,01 - Clear,01 - Dry,10 - No control,04 - At/near private drive,07 - Dark,03 - P.D. only,06 - SMV unattended vehicle
13252,THIRD AVE btwn BANK ST & O'CONNOR ST,368421.8919,5029603.813,2/19/16,9:00,01 - Clear,05 - Packed snow,10 - No control,01 - Non intersection,01 - Daylight,03 - P.D. only,01 - Approaching
13253,THIRD AVE btwn BANK ST & O'CONNOR ST,368432.0955,5029607.166,1/4/16,13:09,01 - Clear,01 - Dry,10 - No control,01 - Non intersection,01 - Daylight,03 - P.D. only,06 - SMV unattended vehicle
13254,THIRD AVE btwn BANK ST & O'CONNOR ST,368356.2394,5029563.011,2/20/16,16:30,03 - Snow,04 - Slush,10 - No control,01 - Non intersection,01 - Daylight,03 - P.D. only,06 - SMV unattended vehicle
13255,THIRD AVE btwn LYON ST S & BANK ST,368207.8414,5029476.261,9/18/16,11:58,01 - Clear,01 - Dry,10 - No control,01 - Non intersection,01 - Daylight,03 - P.D. only,04 - Sideswipe
13256,THIRD LINE RD    S btwn LOCKHEAD RD E & LOCKHEAD RD W,369570.3501,4998898.049,10/25/16,22:10,01 - Clear,01 - Dry,10 - No control,01 - Non intersection,07 - Dark,03 - P.D. only,07 - SMV other
13257,THOMAS A. DOLAN PKWY btwn CARP RD & STONECREST RD,336562.0628,5026094.852,9/11/16,7:50,01 - Clear,01 - Dry,10 - No control,01 - Non intersection,01 - Daylight,03 - P.D. only,07 - SMV other
13258,THOMAS A. DOLAN PKWY btwn CONSTANCE CREEK DR & GREENLAND RD,344162.9456,5033042.8,9/18/16,12:06,01 - Clear,01 - Dry,10 - No control,01 - Non intersection,01 - Daylight,03 - P.D. only,07 - SMV other
13259,THOMAS A. DOLAN PKWY btwn DIAMONDVIEW RD & CARP RD,336301.4718,5025817.027,11/20/16,17:43,03 - Snow,03 - Loose snow,10 - No control,01 - Non intersection,07 - Dark,03 - P.D. only,07 - SMV other
13260,THOMAS A. DOLAN PKWY btwn GREENLAND RD & KERSCOTT HEIGHTS WAY,344616.0387,5033436.927,4/24/16,20:14,01 - Clear,01 - Dry,10 - No control,01 - Non intersection,05 - Dusk,03 - P.D. only,07 - SMV other
13261,THOMAS A. DOLAN PKWY btwn PORCUPINE TR & CONSTANCE CREEK DR,342492.4622,5031609.256,11/28/16,21:43,01 - Clear,02 - Wet,10 - No control,,07 - Dark,03 - P.D. only,07 - SMV other
13262,THOMAS A. DOLAN PKWY btwn TORWOOD DR & STONERIDGE RD,346133.0919,5034851.31,8/19/16,21:18,01 - Clear,01 - Dry,10 - No control,01 - Non intersection,07 - Dark,03 - P.D. only,07 - SMV other
13263,THOMAS A. DOLAN PKWY btwn TORWOOD DR & STONERIDGE RD,345928.5519,5034636.182,11/11/16,22:07,01 - Clear,01 - Dry,10 - No control,01 - Non intersection,07 - Dark,03 - P.D. only,07 - SMV other
13264,THOMAS A. DOLAN PKWY btwn WOODKILTON RD & DUNROBIN RD,342295.6577,5031441.953,6/14/16,6:42,01 - Clear,01 - Dry,10 - No control,01 - Non intersection,01 - Daylight,03 - P.D. only,07 - SMV other
13265,THOMAS SPRATT PL btwn THURSTON DR & END,373824.8915,5027212.3,3/4/16,0:00,01 - Clear,01 - Dry,10 - No control,01 - Non intersection,00 - Unknown,03 - P.D. only,06 - SMV unattended vehicle
13266,THORNBURY CRES btwn HEMMINGWOOD WAY E & REDDING WAY,362270.4609,5023189.157,10/19/16,7:30,01 - Clear,01 - Dry,10 - No control,01 - Non intersection,01 - Daylight,03 - P.D. only,06 - SMV unattended vehicle
13267,THORNBURY CRES btwn REDDING WAY & REDDING WAY,362108.1763,5023279.573,1/14/16,12:32,03 - Snow,04 - Slush,10 - No control,04 - At/near private drive,01 - Daylight,03 - P.D. only,99 - Other
13268,THORNDALE DR btwn WALKLEY RD & PROVOST DR,369473.1776,5025414.548,8/24/16,14:53,01 - Clear,01 - Dry,10 - No control,01 - Non intersection,01 - Daylight,03 - P.D. only,06 - SMV unattended vehicle
13269,THORSON AVE btwn STANTON RD & SOUTHWOOD DR,361169.0924,5023029.913,11/23/16,1:40,01 - Clear,05 - Packed snow,10 - No control,01 - Non intersection,07 - Dark,03 - P.D. only,06 - SMV unattended vehicle
13270,THURLOW ST btwn GLENMORE ST & PRINCESS LOUISE DR,383420.5573,5038124.551,12/9/16,9:33,03 - Snow,06 - Ice,10 - No control,04 - At/near private drive,01 - Daylight,03 - P.D. only,06 - SMV unattended vehicle
13271,THURSTON DR btwn CONROY RD & THOMAS SPRATT PL,373293.1375,5026831.187,2/11/16,16:23,01 - Clear,01 - Dry,10 - No control,01 - Non intersection,01 - Daylight,03 - P.D. only,05 - Turning movement
13272,THURSTON DR btwn CONROY RD & THOMAS SPRATT PL,373559.2954,5026977.548,2/9/16,8:41,03 - Snow,03 - Loose snow,10 - No control,01 - Non intersection,01 - Daylight,03 - P.D. only,03 - Rear end
13273,THURSTON DR btwn CONROY RD & THOMAS SPRATT PL,373254.0266,5026813.558,3/2/16,17:07,01 - Clear,03 - Loose snow,10 - No control,04 - At/near private drive,01 - Daylight,03 - P.D. only,02 - Angle
13274,THURSTON DR btwn CONROY RD & THOMAS SPRATT PL,373518.8347,5026957.347,4/15/16,14:03,01 - Clear,01 - Dry,10 - No control,01 - Non intersection,01 - Daylight,03 - P.D. only,06 - SMV unattended vehicle
13275,THURSTON DR btwn CONROY RD & THOMAS SPRATT PL,373706.5111,5027063.379,4/23/16,9:01,01 - Clear,01 - Dry,10 - No control,04 - At/near private drive,01 - Daylight,03 - P.D. only,05 - Turning movement
13276,THURSTON DR btwn ST. LAURENT BLVD & THOMAS SPRATT PL,373719.0857,5027422.608,4/13/16,10:57,01 - Clear,01 - Dry,10 - No control,04 - At/near private drive,01 - Daylight,03 - P.D. only,02 - Angle
13277,TILLBURY AVE @ WINDERMERE AVE,362614.5171,5026745.472,11/24/16,11:30,03 - Snow,05 - Packed snow,02 - Stop sign,03 - At intersection,01 - Daylight,03 - P.D. only,03 - Rear end
13278,TILLBURY AVE btwn EDISON AVE & CHURCHILL AVE N,363739.5584,5027089.121,5/17/16,6:37,01 - Clear,01 - Dry,10 - No control,01 - Non intersection,01 - Daylight,03 - P.D. only,06 - SMV unattended vehicle
13279,TILLSONBURG ST btwn GUELPH PRIV & WALLACEBURG CRT,349095.1086,5019473.742,10/12/16,0:00,01 - Clear,01 - Dry,10 - No control,01 - Non intersection,00 - Unknown,03 - P.D. only,06 - SMV unattended vehicle
13280,TIMBERLINE PRIV @ CRESTHAVEN DR,366725.0763,5015489.945,11/22/16,8:43,01 - Clear,04 - Slush,02 - Stop sign,03 - At intersection,01 - Daylight,03 - P.D. only,02 - Angle
13281,TIMBERTRAIL TER btwn RUSTIC HILLS CRES & VALIN ST,386786.3744,5037612.418,12/28/16,9:15,01 - Clear,02 - Wet,10 - No control,04 - At/near private drive,01 - Daylight,03 - P.D. only,06 - SMV unattended vehicle
13282,TIMM DR btwn EAGLESON RD & HAANEL DR,353710.3205,5019609.136,7/5/16,21:45,01 - Clear,01 - Dry,10 - No control,01 - Non intersection,07 - Dark,03 - P.D. only,07 - SMV other
13283,TIMM DR btwn HAANEL DR & MOODIE DR,355238.9515,5020069.009,2/23/16,2:32,01 - Clear,01 - Dry,10 - No control,01 - Non intersection,07 - Dark,03 - P.D. only,07 - SMV other
13284,TIMM DR btwn HAANEL DR & MOODIE DR,356785.6297,5021071.093,1/18/16,5:29,03 - Snow,03 - Loose snow,10 - No control,01 - Non intersection,07 - Dark,03 - P.D. only,07 - SMV other
13285,TIMM DR btwn HAANEL DR & MOODIE DR,356804.8825,5021080.577,12/17/16,13:26,03 - Snow,04 - Slush,10 - No control,01 - Non intersection,01 - Daylight,03 - P.D. only,07 - SMV other
13286,TIMMINS RD btwn KINBURN SIDE RD & END,324066.2336,5021583.555,12/9/16,20:30,01 - Clear,01 - Dry,10 - No control,01 - Non intersection,07 - Dark,03 - P.D. only,07 - SMV other
13287,TOMPKINS AVE btwn HAYES ST & MCEACHERN CRES,382500.4777,5037744.52,10/26/16,8:54,01 - Clear,01 - Dry,10 - No control,04 - At/near private drive,01 - Daylight,03 - P.D. only,06 - SMV unattended vehicle
13288,TOMPKINS AVE btwn LEFEBVRE WAY & TENTH LINE RD,383091.9344,5037939.55,6/21/16,6:30,01 - Clear,01 - Dry,10 - No control,01 - Non intersection,01 - Daylight,03 - P.D. only,07 - SMV other
13289,TOPLEY CRES btwn KARSH DR & KEYS WAY (2),373812.5908,5026381.841,2/16/16,16:00,03 - Snow,03 - Loose snow,10 - No control,04 - At/near private drive,01 - Daylight,03 - P.D. only,02 - Angle
13290,TORSA CRT btwn DUMAURIER AVE & END,359744.6009,5023571.274,5/23/16,9:10,01 - Clear,01 - Dry,10 - No control,01 - Non intersection,01 - Daylight,03 - P.D. only,05 - Turning movement
13291,TORWOOD DR btwn FARM LANE & VANCES SIDE RD,342257.8635,5037554.64,10/17/16,8:18,01 - Clear,01 - Dry,10 - No control,01 - Non intersection,01 - Daylight,03 - P.D. only,07 - SMV other
13292,TORWOOD DR btwn KERSCOTT HEIGHTS WAY & THOMAS A. DOLAN PKWY,345142.6481,5034510.147,10/5/16,7:48,01 - Clear,01 - Dry,10 - No control,01 - Non intersection,01 - Daylight,03 - P.D. only,07 - SMV other
13293,TORWOOD DR btwn VANCES SIDE RD & KERSCOTT HEIGHTS WAY,343362.5895,5036403.112,2/20/16,22:38,02 - Rain,06 - Ice,10 - No control,01 - Non intersection,07 - Dark,03 - P.D. only,07 - SMV other
13294,TOTTERIDGE AVE @ FAIRLOP WAY,364690.2521,5016226.373,2/2/16,8:20,01 - Clear,01 - Dry,03 - Yield sign,03 - At intersection,01 - Daylight,03 - P.D. only,02 - Angle