Record,Location,X,Y,Date,Time,Environment,Road_Surface,Traffic_Control,Collision_Location,Light,Collision_Classification,Impact_type
13295,TOULON ST btwn JAMISON AVE & JAMISON AVE,381948.9407,5037685.784,12/16/16,0:00,03 - Snow,03 - Loose snow,10 - No control,01 - Non intersection,00 - Unknown,03 - P.D. only,06 - SMV unattended vehicle
13296,TRACY AVE btwn ASH ST & END,357250.1755,5020801.368,9/21/16,23:01,01 - Clear,01 - Dry,10 - No control,01 - Non intersection,07 - Dark,03 - P.D. only,06 - SMV unattended vehicle
13297,TRADEWINDS DR btwn PENDERBROOK AVE & HEATHWOOD GT,367408.7783,5016503.953,5/3/16,11:57,01 - Clear,01 - Dry,10 - No control,01 - Non intersection,01 - Daylight,03 - P.D. only,07 - SMV other
13298,TRAIL SIDE CIRC btwn PINE VISTA DR & PINE VISTA DR,387434.6898,5037649.06,2/6/16,2:00,03 - Snow,02 - Wet,10 - No control,01 - Non intersection,07 - Dark,03 - P.D. only,06 - SMV unattended vehicle
13299,TRAINYARDS DR @ RAILMARKET,371756.5353,5030716.14,3/28/16,21:00,01 - Clear,02 - Wet,01 - Traffic signal,03 - At intersection,07 - Dark,02 - Non-fatal injury,02 - Angle
13300,TRAINYARDS DR @ RAILMARKET,371755.2033,5030717.042,11/16/16,9:43,02 - Rain,02 - Wet,01 - Traffic signal,03 - At intersection,01 - Daylight,02 - Non-fatal injury,02 - Angle
13301,TRAINYARDS DR @ RAILMARKET,371755.6372,5030717.262,5/16/16,15:30,01 - Clear,01 - Dry,01 - Traffic signal,02 - Intersection related,01 - Daylight,03 - P.D. only,04 - Sideswipe
13302,TRAINYARDS DR @ RAILMARKET,371756.6901,5030715.192,12/9/16,7:25,01 - Clear,01 - Dry,01 - Traffic signal,02 - Intersection related,03 - Dawn,03 - P.D. only,03 - Rear end
13303,TRAMONTANA PL btwn HUNTMAR DR & ROSEHILL AVE,350478.9045,5016531.776,1/23/16,12:11,01 - Clear,05 - Packed snow,10 - No control,01 - Non intersection,01 - Daylight,03 - P.D. only,06 - SMV unattended vehicle
13304,TRANSITWAY - LINCOLN FIEL @ OTTAWA RIVER PKWY ,360925.4427,5025500.812,7/11/16,16:46,01 - Clear,01 - Dry,01 - Traffic signal,02 - Intersection related,01 - Daylight,03 - P.D. only,03 - Rear end
13305,TREATY CRT btwn SILVESTRI CRES & END,373291.3815,5032558.444,7/12/16,19:05,01 - Clear,01 - Dry,10 - No control,04 - At/near private drive,01 - Daylight,03 - P.D. only,06 - SMV unattended vehicle
13306,TREMBLAY RD btwn AVENUE K & AVENUE L,371457.4841,5031309.565,4/14/16,13:12,01 - Clear,01 - Dry,10 - No control,04 - At/near private drive,01 - Daylight,03 - P.D. only,03 - Rear end
13307,TREMBLAY RD btwn RIVERSIDE DR & TRAIN STATION,370892.0379,5031042.949,9/15/16,16:00,01 - Clear,01 - Dry,10 - No control,01 - Non intersection,01 - Daylight,03 - P.D. only,03 - Rear end
13308,TREMBLAY RD btwn RIVERSIDE DR & TRAIN STATION,370853.669,5031017.272,8/12/16,16:15,02 - Rain,02 - Wet,10 - No control,01 - Non intersection,01 - Daylight,03 - P.D. only,07 - SMV other
13309,TRENHOLM LANE btwn COMO CRES & VARENNES BLVD,385042.9705,5037790.302,2/6/16,11:00,01 - Clear,01 - Dry,10 - No control,04 - At/near private drive,01 - Daylight,03 - P.D. only,99 - Other
13310,TRENTON AVE btwn HOLLINGTON ST & VALE ST,365448.0889,5026708.546,3/17/16,0:00,02 - Rain,02 - Wet,10 - No control,04 - At/near private drive,00 - Unknown,03 - P.D. only,06 - SMV unattended vehicle
13311,TRIM RD @ DAIRY DR/TAYLOR CREEK DR,384535.1252,5039595.56,3/24/16,14:21,03 - Snow,04 - Slush,11 - Roundabout,02 - Intersection related,01 - Daylight,02 - Non-fatal injury,03 - Rear end
13312,TRIM RD @ DAIRY DR/TAYLOR CREEK DR,384534.5155,5039596.194,6/26/16,11:00,01 - Clear,01 - Dry,11 - Roundabout,03 - At intersection,01 - Daylight,03 - P.D. only,03 - Rear end
13313,TRIM RD @ DAIRY DR/TAYLOR CREEK DR,384536.122,5039594.052,10/3/16,16:43,01 - Clear,01 - Dry,11 - Roundabout,02 - Intersection related,01 - Daylight,03 - P.D. only,03 - Rear end
13314,TRIM RD @ DAIRY DR/TAYLOR CREEK DR,384534.3776,5039595.167,4/17/16,16:33,01 - Clear,01 - Dry,11 - Roundabout,03 - At intersection,01 - Daylight,03 - P.D. only,02 - Angle
13315,TRIM RD @ SPRINGRIDGE DR N,385392.7714,5038357.809,9/3/16,12:23,01 - Clear,01 - Dry,02 - Stop sign,02 - Intersection related,01 - Daylight,02 - Non-fatal injury,03 - Rear end
13316,TRIM RD @ VALIN ST,386438.2395,5037556.787,6/16/16,0:06,01 - Clear,01 - Dry,01 - Traffic signal,03 - At intersection,07 - Dark,02 - Non-fatal injury,07 - SMV other
13317,TRIM RD @ VALIN ST,386437.7885,5037555.434,6/5/16,14:00,02 - Rain,02 - Wet,01 - Traffic signal,02 - Intersection related,01 - Daylight,03 - P.D. only,99 - Other
13318,TRIM RD @ VALIN ST,386437.1858,5037556.147,12/20/16,6:35,01 - Clear,06 - Ice,01 - Traffic signal,02 - Intersection related,07 - Dark,03 - P.D. only,03 - Rear end
13319,TRIM RD @ WALL RD,387627.9585,5034668.285,12/18/16,14:35,01 - Clear,02 - Wet,02 - Stop sign,03 - At intersection,01 - Daylight,03 - P.D. only,04 - Sideswipe
13320,TRIM RD @ WATTERS RD,384963.9935,5038718.235,10/15/16,8:48,01 - Clear,01 - Dry,01 - Traffic signal,03 - At intersection,01 - Daylight,02 - Non-fatal injury,02 - Angle
13321,TRIM RD @ WATTERS RD,384964.4326,5038717.795,11/8/16,17:43,01 - Clear,01 - Dry,01 - Traffic signal,03 - At intersection,07 - Dark,02 - Non-fatal injury,02 - Angle
13322,TRIM RD @ WATTERS RD,384963.5544,5038717.795,1/4/16,17:40,01 - Clear,01 - Dry,01 - Traffic signal,03 - At intersection,07 - Dark,03 - P.D. only,05 - Turning movement
13323,TRIM RD @ WATTERS RD,384964.8766,5038718.698,4/28/16,9:08,01 - Clear,01 - Dry,01 - Traffic signal,03 - At intersection,01 - Daylight,03 - P.D. only,02 - Angle
13324,TRIM RD @ WATTERS RD,384965.324,5038718.696,3/11/16,17:47,01 - Clear,01 - Dry,01 - Traffic signal,03 - At intersection,01 - Daylight,03 - P.D. only,02 - Angle
13325,TRIM RD @ WATTERS RD,384960.7961,5038712.895,12/24/16,9:30,03 - Snow,04 - Slush,01 - Traffic signal,02 - Intersection related,01 - Daylight,03 - P.D. only,03 - Rear end
13326,TRIM RD btwn BRIARGATE PRIV & INNES RD,386508.1041,5037413.321,1/16/16,11:01,03 - Snow,04 - Slush,10 - No control,01 - Non intersection,01 - Daylight,03 - P.D. only,07 - SMV other
13327,TRIM RD btwn BRIARGATE PRIV & INNES RD,386519.859,5037385.492,12/21/16,7:07,01 - Clear,02 - Wet,10 - No control,04 - At/near private drive,03 - Dawn,03 - P.D. only,05 - Turning movement
13328,TRIM RD btwn HENN DR & SMITH RD,388623.8062,5032205.621,9/22/16,21:00,02 - Rain,02 - Wet,10 - No control,01 - Non intersection,07 - Dark,03 - P.D. only,03 - Rear end
13329,TRIM RD btwn NAVAN RD & HENN DR,388593.1791,5032290.374,11/15/16,15:21,01 - Clear,01 - Dry,10 - No control,01 - Non intersection,01 - Daylight,02 - Non-fatal injury,05 - Turning movement
13330,TRIM RD btwn NORTH SERVICE RD & END,384177.8045,5040413.552,5/11/16,18:58,01 - Clear,01 - Dry,10 - No control,04 - At/near private drive,01 - Daylight,02 - Non-fatal injury,99 - Other
13331,TRIM RD btwn NORTH SERVICE RD & REGIONAL ROAD 174,384275.1781,5040173.764,2/13/16,14:33,01 - Clear,05 - Packed snow,10 - No control,01 - Non intersection,01 - Daylight,03 - P.D. only,07 - SMV other
13332,TRIM RD btwn PERRAULT RD & END,389957.7343,5028812.218,8/15/16,3:20,01 - Clear,01 - Dry,10 - No control,01 - Non intersection,07 - Dark,03 - P.D. only,07 - SMV other
13333,TRIM RD btwn PINNACLE ST & WALL RD (2),387593.1759,5034754.413,11/22/16,21:50,01 - Clear,01 - Dry,10 - No control,01 - Non intersection,07 - Dark,03 - P.D. only,07 - SMV other
13334,TRIM RD btwn SPRINGRIDGE DR & PORTOBELLO BLVD,385628.7102,5038143.735,4/6/16,21:00,03 - Snow,04 - Slush,10 - No control,01 - Non intersection,07 - Dark,03 - P.D. only,07 - SMV other
13335,TRIM RD btwn TAYLOR CREEK DR & ST. JOSEPH BLVD,384654.3597,5039363.198,10/24/16,15:35,01 - Clear,01 - Dry,10 - No control,01 - Non intersection,01 - Daylight,03 - P.D. only,03 - Rear end
13336,TRIM RD btwn WALL RD & NAVAN RD,388090.1906,5033570.991,7/26/16,21:35,01 - Clear,01 - Dry,10 - No control,01 - Non intersection,07 - Dark,02 - Non-fatal injury,01 - Approaching
13337,TRIM RD btwn WALL RD & NAVAN RD,387666.2867,5034575.891,7/26/16,0:09,01 - Clear,01 - Dry,10 - No control,01 - Non intersection,07 - Dark,02 - Non-fatal injury,07 - SMV other
13338,TRIM RD btwn WALL RD & NAVAN RD,387703.2104,5034487.529,11/29/16,7:11,02 - Rain,06 - Ice,10 - No control,01 - Non intersection,03 - Dawn,03 - P.D. only,01 - Approaching
13339,TRIM RD btwn WATTERS RD & SPRINGRIDGE DR,384999.1197,5038681.791,2/3/16,7:31,04 - Freezing Rain,06 - Ice,10 - No control,01 - Non intersection,01 - Daylight,03 - P.D. only,07 - SMV other
13340,TUPPER AVE btwn JOLIFFE ST & RUSSELL RD,374250.1103,5028739.021,11/24/16,21:59,02 - Rain,03 - Loose snow,10 - No control,01 - Non intersection,07 - Dark,03 - P.D. only,06 - SMV unattended vehicle
13341,TUPPER AVE btwn JOLIFFE ST & RUSSELL RD,374246.7977,5028733.224,11/29/16,0:00,04 - Freezing Rain,02 - Wet,10 - No control,01 - Non intersection,00 - Unknown,03 - P.D. only,06 - SMV unattended vehicle
13342,TURN LANE btwn Continuation of TURN LANE & WELLINGTON ST (3),366509.7715,5031345.554,2/25/16,15:43,01 - Clear,02 - Wet,10 - No control,01 - Non intersection,01 - Daylight,03 - P.D. only,03 - Rear end
13343,TURNSTONE CRT btwn KINGLET WAY & KINGLET WAY,382015.3518,5038986.223,7/3/16,21:30,01 - Clear,01 - Dry,10 - No control,01 - Non intersection,07 - Dark,03 - P.D. only,06 - SMV unattended vehicle
13344,TWEEDSMUIR AVE @ SCOTT ST,363397.2208,5028776.826,10/3/16,8:03,01 - Clear,01 - Dry,01 - Traffic signal,02 - Intersection related,01 - Daylight,02 - Non-fatal injury,03 - Rear end
13345,TWEEDSMUIR AVE @ SCOTT ST,363396.9108,5028775.431,6/9/16,12:15,01 - Clear,01 - Dry,01 - Traffic signal,03 - At intersection,01 - Daylight,03 - P.D. only,02 - Angle
13346,TWEEDSMUIR AVE btwn CURRELL AVE & END,364007.9454,5027314.155,8/25/16,9:26,01 - Clear,01 - Dry,10 - No control,01 - Non intersection,01 - Daylight,03 - P.D. only,06 - SMV unattended vehicle
13347,TWIN FALLS PL btwn CANYON WALK DR & CANYON WALK DR,368531.9062,5016721.36,8/5/16,18:02,01 - Clear,01 - Dry,10 - No control,01 - Non intersection,01 - Daylight,03 - P.D. only,06 - SMV unattended vehicle
13348,TWYFORD ST btwn MCCARTHY RD & CAHILL DR W,369849.2167,5023498.715,9/19/16,8:22,01 - Clear,01 - Dry,10 - No control,04 - At/near private drive,01 - Daylight,03 - P.D. only,06 - SMV unattended vehicle
13349,ULLSWATER DR @ CARLING AVE,356488.6521,5023809.705,10/7/16,14:50,01 - Clear,01 - Dry,02 - Stop sign,02 - Intersection related,01 - Daylight,03 - P.D. only,03 - Rear end
13350,ULLSWATER DR btwn ROCHE PL & CRYSTAL BEACH DR,356868.3945,5023531.814,6/20/16,18:02,01 - Clear,01 - Dry,10 - No control,01 - Non intersection,01 - Daylight,03 - P.D. only,07 - SMV other
13351,UNIVERSITY RD btwn CAMPUS AVE & BRONSON AVE,367856.9646,5028050.877,1/13/16,20:15,01 - Clear,02 - Wet,10 - No control,01 - Non intersection,07 - Dark,03 - P.D. only,05 - Turning movement
13352,UPCOUNTRY DR btwn BAYWOOD DR & HARTSMERE DR,351078.7069,5011903.818,7/30/16,15:49,01 - Clear,01 - Dry,10 - No control,04 - At/near private drive,01 - Daylight,03 - P.D. only,06 - SMV unattended vehicle
13353,UPLANDS DR @ AIRPORT PKWY RAMP 35,371123.1387,5021373.97,10/30/16,2:07,01 - Clear,02 - Wet,01 - Traffic signal,03 - At intersection,07 - Dark,02 - Non-fatal injury,02 - Angle
13354,UPLANDS DR @ AIRPORT PKWY RAMP 35,371124.3936,5021373.307,1/15/16,13:05,01 - Clear,02 - Wet,01 - Traffic signal,02 - Intersection related,01 - Daylight,03 - P.D. only,03 - Rear end
13355,UPLANDS DR btwn HUNT CLUB RD & UPLANDS DR,370164.7806,5023098.592,4/22/16,21:08,01 - Clear,01 - Dry,10 - No control,04 - At/near private drive,07 - Dark,03 - P.D. only,02 - Angle
13356,UPLANDS DR btwn LILLICO DR & CAHILL DR W,370051.9836,5023269.822,3/1/16,7:28,01 - Clear,02 - Wet,10 - No control,01 - Non intersection,01 - Daylight,03 - P.D. only,05 - Turning movement
13357,UPLANDS DR btwn RATAN CRT & ROYALTON PRIV,369144.9428,5023559.904,12/24/16,5:45,01 - Clear,02 - Wet,10 - No control,01 - Non intersection,07 - Dark,03 - P.D. only,06 - SMV unattended vehicle
13358,UPLANDS DR btwn ROYALTON PRIV & PAUL ANKA DR,369361.6539,5023615.924,9/22/16,11:53,01 - Clear,01 - Dry,10 - No control,01 - Non intersection,01 - Daylight,03 - P.D. only,06 - SMV unattended vehicle
13359,UPMINSTER WAY @ GOSPEL OAK DR,364894.3782,5016337.748,2/22/16,8:45,01 - Clear,01 - Dry,02 - Stop sign,02 - Intersection related,01 - Daylight,03 - P.D. only,06 - SMV unattended vehicle
13360,UPMINSTER WAY btwn FAIRLOP WAY & TOTTERIDGE AVE,364654.6507,5016203.629,12/4/16,0:00,01 - Clear,01 - Dry,10 - No control,01 - Non intersection,00 - Unknown,03 - P.D. only,06 - SMV unattended vehicle
13361,UPPER DWYER HILL RD @ MCARTON RD,340118.6111,5007541.887,5/7/16,11:40,01 - Clear,01 - Dry,02 - Stop sign,03 - At intersection,01 - Daylight,02 - Non-fatal injury,07 - SMV other
13362,UPPER DWYER HILL RD @ MCARTON RD,340116.3898,5007541.218,11/25/16,10:15,01 - Clear,02 - Wet,02 - Stop sign,03 - At intersection,01 - Daylight,03 - P.D. only,02 - Angle
13363,UPPER DWYER HILL RD @ VAUGHAN SIDE RD,331998.7756,5016530.745,9/8/16,8:48,01 - Clear,01 - Dry,02 - Stop sign,03 - At intersection,01 - Daylight,02 - Non-fatal injury,05 - Turning movement
13364,UPPER DWYER HILL RD btwn CARROLL SIDE RD & MARCH RD,333378.3339,5015047.513,8/20/16,21:22,01 - Clear,01 - Dry,10 - No control,01 - Non intersection,07 - Dark,03 - P.D. only,07 - SMV other
13365,UPPER DWYER HILL RD btwn CARROLL SIDE RD & MARCH RD,333875.1639,5014511.137,7/3/16,7:19,01 - Clear,01 - Dry,10 - No control,01 - Non intersection,01 - Daylight,03 - P.D. only,07 - SMV other
13366,UPPER DWYER HILL RD btwn CARROLL SIDE RD & MARCH RD,334001.813,5014379.111,12/15/16,22:41,01 - Clear,02 - Wet,10 - No control,01 - Non intersection,07 - Dark,03 - P.D. only,07 - SMV other
13367,UPPER DWYER HILL RD btwn GALETTA SIDE RD & RITCHIE SIDE RD,322918.3403,5026641.619,6/19/16,21:42,01 - Clear,01 - Dry,10 - No control,01 - Non intersection,07 - Dark,03 - P.D. only,07 - SMV other
13368,UPPER DWYER HILL RD btwn GRAINGER PARK RD & PANMURE RD,329311.3273,5019856.881,11/30/16,12:27,01 - Clear,02 - Wet,10 - No control,01 - Non intersection,01 - Daylight,03 - P.D. only,07 - SMV other
13369,UPPER DWYER HILL RD btwn HAMILTON SIDE RD & MCARTON RD,338758.6478,5009104.145,1/1/16,6:00,01 - Clear,03 - Loose snow,10 - No control,01 - Non intersection,07 - Dark,03 - P.D. only,07 - SMV other
13370,UPPER DWYER HILL RD btwn HAMILTON SIDE RD & MCARTON RD,340057.5674,5007611.478,3/17/16,6:55,01 - Clear,06 - Ice,10 - No control,01 - Non intersection,01 - Daylight,03 - P.D. only,07 - SMV other
13371,UPPER DWYER HILL RD btwn HAMILTON SIDE RD & MCARTON RD,339535.8848,5008201.597,11/28/16,6:54,01 - Clear,02 - Wet,10 - No control,04 - At/near private drive,03 - Dawn,03 - P.D. only,07 - SMV other
13372,UPPER DWYER HILL RD btwn MANTIL SIDE RD & VAUGHAN SIDE RD,330580.7628,5018262.655,11/12/16,3:07,01 - Clear,01 - Dry,10 - No control,01 - Non intersection,07 - Dark,03 - P.D. only,07 - SMV other
13373,UPPER DWYER HILL RD btwn MANTIL SIDE RD & VAUGHAN SIDE RD,330293.9632,5018622.961,10/8/16,21:40,01 - Clear,01 - Dry,10 - No control,01 - Non intersection,07 - Dark,03 - P.D. only,07 - SMV other
13374,UPPER DWYER HILL RD btwn MARCH RD & OLD ALMONTE RD,336001.4416,5012176.975,4/11/16,6:23,03 - Snow,04 - Slush,10 - No control,01 - Non intersection,01 - Daylight,02 - Non-fatal injury,07 - SMV other
13375,UPPER DWYER HILL RD btwn MARCH RD & OLD ALMONTE RD,335452.4102,5012785.283,12/11/16,1:08,01 - Clear,01 - Dry,10 - No control,01 - Non intersection,07 - Dark,02 - Non-fatal injury,07 - SMV other
13376,UPPER DWYER HILL RD btwn MARCH RD & OLD ALMONTE RD,336196.1572,5011960.296,1/21/16,22:25,01 - Clear,01 - Dry,10 - No control,01 - Non intersection,07 - Dark,03 - P.D. only,07 - SMV other
13377,UPPER DWYER HILL RD btwn MARCH RD & OLD ALMONTE RD,334094.8558,5014276.619,2/13/16,12:45,03 - Snow,03 - Loose snow,10 - No control,01 - Non intersection,01 - Daylight,03 - P.D. only,03 - Rear end
13378,UPPER DWYER HILL RD btwn MARCH RD & OLD ALMONTE RD,336643.0873,5011437.356,1/31/16,20:00,01 - Clear,02 - Wet,10 - No control,01 - Non intersection,07 - Dark,03 - P.D. only,07 - SMV other
13379,UPPER DWYER HILL RD btwn MARCH RD & OLD ALMONTE RD,334562.5783,5013784.227,3/18/16,12:26,01 - Clear,01 - Dry,10 - No control,01 - Non intersection,01 - Daylight,03 - P.D. only,07 - SMV other
13380,UPPER DWYER HILL RD btwn MARCH RD & OLD ALMONTE RD,334121.1785,5014251.763,6/18/16,8:05,01 - Clear,01 - Dry,10 - No control,01 - Non intersection,01 - Daylight,03 - P.D. only,07 - SMV other
13381,UPPER DWYER HILL RD btwn MARCH RD & OLD ALMONTE RD,335509.9549,5012708.388,11/9/16,17:24,01 - Clear,01 - Dry,10 - No control,01 - Non intersection,07 - Dark,03 - P.D. only,07 - SMV other
13382,UPPER DWYER HILL RD btwn MARCH RD & OLD ALMONTE RD,336742.1012,5011330.014,12/26/16,16:34,04 - Freezing Rain,06 - Ice,10 - No control,01 - Non intersection,05 - Dusk,03 - P.D. only,07 - SMV other
13383,UPPER DWYER HILL RD btwn MARCH RD & OLD ALMONTE RD,334129.475,5014243.881,12/24/16,10:31,01 - Clear,01 - Dry,10 - No control,01 - Non intersection,01 - Daylight,03 - P.D. only,07 - SMV other
13384,UPPER DWYER HILL RD btwn OLD ALMONTE RD & HAMILTON SIDE RD,336955.0331,5011081.88,12/13/16,10:02,01 - Clear,02 - Wet,10 - No control,01 - Non intersection,01 - Daylight,03 - P.D. only,07 - SMV other
13385,UPPER DWYER HILL RD btwn VAUGHAN SIDE RD & CARROLL SIDE RD,333178.7748,5015261.923,2/20/16,8:11,02 - Rain,04 - Slush,10 - No control,01 - Non intersection,01 - Daylight,02 - Non-fatal injury,07 - SMV other
13386,VACHON AVE btwn ALICE ST & DAGMAR AVE,369815.5596,5033716.582,9/5/16,0:00,01 - Clear,01 - Dry,10 - No control,01 - Non intersection,00 - Unknown,03 - P.D. only,06 - SMV unattended vehicle
13387,VALEMONT ST btwn CRESTHAVEN DR & CAMBERLEY ST,366828.8096,5015377.116,4/6/16,10:43,01 - Clear,01 - Dry,10 - No control,01 - Non intersection,01 - Daylight,03 - P.D. only,06 - SMV unattended vehicle
13388,VALENCEVILLE CRES btwn CHARDONNAY DR & CHARDONNAY DR,385210.3373,5036176.004,2/2/16,17:38,02 - Rain,02 - Wet,10 - No control,01 - Non intersection,07 - Dark,03 - P.D. only,06 - SMV unattended vehicle
13389,VALEWOOD CRES btwn PAXTON LANE & WESTPARK DR,377374.0756,5033772.041,3/7/16,8:58,01 - Clear,01 - Dry,10 - No control,01 - Non intersection,01 - Daylight,03 - P.D. only,06 - SMV unattended vehicle
13390,VALEWOOD CRES btwn VALECREST CRT & WESTPARK DR,377297.6578,5033648.478,6/5/16,1:32,01 - Clear,01 - Dry,10 - No control,01 - Non intersection,07 - Dark,03 - P.D. only,07 - SMV other
13391,VALIN ST @ JERSEY ST,385545.3033,5037628.625,2/18/16,8:45,01 - Clear,06 - Ice,02 - Stop sign,03 - At intersection,01 - Daylight,03 - P.D. only,02 - Angle
13392,VALIN ST @ WINSOME TER,385862.9746,5037437.043,1/18/16,7:46,01 - Clear,03 - Loose snow,02 - Stop sign,02 - Intersection related,03 - Dawn,03 - P.D. only,03 - Rear end
13393,VALIN ST btwn GLANDRIEL CRES & TIMBERTRAIL TER,386820.6546,5037750.891,2/19/16,10:56,03 - Snow,03 - Loose snow,10 - No control,01 - Non intersection,01 - Daylight,03 - P.D. only,06 - SMV unattended vehicle
13394,VALIN ST btwn NORTHLANDS DR & VARENNES BLVD,385103.1616,5037663.776,8/9/16,18:15,01 - Clear,01 - Dry,10 - No control,04 - At/near private drive,01 - Daylight,03 - P.D. only,06 - SMV unattended vehicle
13395,VALLEY DR btwn GOREN AVE & DAKOTA AVE,373699.371,5028208.016,5/15/16,2:57,01 - Clear,01 - Dry,10 - No control,04 - At/near private drive,07 - Dark,03 - P.D. only,07 - SMV other
13396,VALLEY STREAM DR btwn SHADOW CRT & SANDCASTLE DR,359396.3273,5021710.899,7/12/16,0:00,01 - Clear,01 - Dry,10 - No control,01 - Non intersection,00 - Unknown,03 - P.D. only,06 - SMV unattended vehicle
13397,VANCES SIDE RD btwn GREENLAND RD & TORWOOD DR,343133.4618,5036246.659,6/10/16,21:15,01 - Clear,01 - Dry,10 - No control,01 - Non intersection,07 - Dark,03 - P.D. only,07 - SMV other
13398,VANCES SIDE RD btwn GREENLAND RD & TORWOOD DR,342483.5337,5035690.856,6/9/16,22:12,01 - Clear,01 - Dry,10 - No control,01 - Non intersection,07 - Dark,03 - P.D. only,07 - SMV other
13399,VANGUARD DR btwn VANTAGE DR & TENTH LINE RD,384008.5946,5035852.757,11/4/16,13:55,01 - Clear,01 - Dry,10 - No control,04 - At/near private drive,01 - Daylight,02 - Non-fatal injury,05 - Turning movement
13400,VANIER PKWY NB btwn BEECHWOOD AVE/ ST. PATRICK ST/CRICHTON ST & DESCHA,369222.7657,5033454.275,1/30/16,15:18,01 - Clear,01 - Dry,10 - No control,01 - Non intersection,01 - Daylight,02 - Non-fatal injury,03 - Rear end
13401,VANIER PKWY NB btwn BEECHWOOD AVE/ ST. PATRICK ST/CRICHTON ST & DESCHA,369197.9433,5033458.748,11/7/16,12:40,01 - Clear,01 - Dry,10 - No control,01 - Non intersection,01 - Daylight,02 - Non-fatal injury,03 - Rear end
13402,VANIER PKWY NB btwn BEECHWOOD AVE/ ST. PATRICK ST/CRICHTON ST & DESCHA,369161.7515,5033467.672,8/26/16,9:48,01 - Clear,01 - Dry,10 - No control,01 - Non intersection,01 - Daylight,03 - P.D. only,03 - Rear end
13403,VANIER PKWY NB btwn BEECHWOOD AVE/ ST. PATRICK ST/CRICHTON ST & DESCHA,369675.3548,5033355.305,6/24/16,14:14,01 - Clear,01 - Dry,10 - No control,01 - Non intersection,01 - Daylight,03 - P.D. only,04 - Sideswipe
13404,VANIER PKWY NB btwn BEECHWOOD AVE/ ST. PATRICK ST/CRICHTON ST & DESCHA,369197.5362,5033458.425,5/11/16,16:24,01 - Clear,01 - Dry,10 - No control,01 - Non intersection,01 - Daylight,03 - P.D. only,04 - Sideswipe
13405,VANIER PKWY NB btwn BEECHWOOD AVE/ ST. PATRICK ST/CRICHTON ST & DESCHA,369308.7724,5033433.669,11/12/16,14:31,01 - Clear,01 - Dry,10 - No control,01 - Non intersection,01 - Daylight,03 - P.D. only,03 - Rear end
13406,VANIER PKWY NB btwn BEECHWOOD AVE/ ST. PATRICK ST/CRICHTON ST & DESCHA,369317.0378,5033432.23,10/15/16,13:24,01 - Clear,01 - Dry,10 - No control,01 - Non intersection,01 - Daylight,03 - P.D. only,03 - Rear end
13407,VANIER PKWY NB btwn COVENTRY RD & HWY417 IC117 RAMP62,370691.6487,5031598.684,2/26/16,14:44,01 - Clear,01 - Dry,10 - No control,01 - Non intersection,01 - Daylight,03 - P.D. only,04 - Sideswipe
13408,VANIER PKWY NB btwn DESCHAMPS AVE & MONTREAL RD,370068.3916,5033066.501,7/26/16,12:40,01 - Clear,01 - Dry,10 - No control,01 - Non intersection,01 - Daylight,03 - P.D. only,04 - Sideswipe
13409,VANIER PKWY NB btwn DONALD ST & QUEEN MARY ST,370335.8291,5032108.847,2/12/16,17:30,03 - Snow,03 - Loose snow,10 - No control,01 - Non intersection,05 - Dusk,03 - P.D. only,07 - SMV other
13410,VANIER PKWY NB btwn MCARTHUR AVE & VANIER PKWY,370242.9339,5032574.728,2/4/16,19:06,01 - Clear,01 - Dry,10 - No control,01 - Non intersection,07 - Dark,03 - P.D. only,03 - Rear end
13411,VANIER PKWY NB btwn MCARTHUR AVE & VANIER PKWY,370230.3406,5032641.629,10/26/16,21:17,01 - Clear,01 - Dry,10 - No control,01 - Non intersection,07 - Dark,03 - P.D. only,04 - Sideswipe
13412,VANIER PKWY NB btwn MONTREAL RD & MCARTHUR AVE,370213.0933,5032722.685,4/17/16,16:18,01 - Clear,01 - Dry,10 - No control,01 - Non intersection,01 - Daylight,02 - Non-fatal injury,03 - Rear end
13413,VANIER PKWY NB btwn MONTREAL RD & MCARTHUR AVE,370213.4361,5032717.809,11/27/16,10:44,01 - Clear,01 - Dry,10 - No control,01 - Non intersection,01 - Daylight,03 - P.D. only,04 - Sideswipe
13414,VANIER PKWY NB btwn PRESLAND RD & COVENTRY RD,370500.9453,5031714.288,12/8/16,18:55,03 - Snow,06 - Ice,10 - No control,01 - Non intersection,07 - Dark,03 - P.D. only,03 - Rear end
13415,VANIER PKWY NB btwn QUEEN MARY ST & PRESLAND RD,370378.6788,5031882.038,7/12/16,7:06,01 - Clear,01 - Dry,10 - No control,01 - Non intersection,01 - Daylight,03 - P.D. only,04 - Sideswipe
13416,VANIER PKWY NB btwn RIVERSIDE DR & HWY417 IC117 RAMP26,370804.5512,5031318.661,7/31/16,4:32,01 - Clear,01 - Dry,10 - No control,07 - Overpass or bridge,07 - Dark,02 - Non-fatal injury,03 - Rear end
13417,VANIER PKWY NB btwn RIVERSIDE DR & HWY417 IC117 RAMP26,370803.1894,5031341.126,1/5/16,18:00,01 - Clear,03 - Loose snow,10 - No control,01 - Non intersection,07 - Dark,03 - P.D. only,03 - Rear end