Record,Location,X,Y,Date,Time,Environment,Road_Surface,Traffic_Control,Collision_Location,Light,Collision_Classification,Impact_type
13418,VANIER PKWY NB btwn RIVERSIDE DR & HWY417 IC117 RAMP26,370809.0715,5031260.351,12/26/16,17:36,04 - Freezing Rain,06 - Ice,10 - No control,07 - Overpass or bridge,07 - Dark,03 - P.D. only,07 - SMV other
13419,VANIER PKWY NB btwn VANIER PKWY & DONALD ST,370308.8591,5032287.49,8/18/16,10:35,01 - Clear,01 - Dry,10 - No control,01 - Non intersection,01 - Daylight,03 - P.D. only,04 - Sideswipe
13420,VANIER PKWY SB btwn COVENTRY RD & HWY417 IC117 RAMP36,370699.3838,5031561.737,5/29/16,12:30,01 - Clear,01 - Dry,10 - No control,01 - Non intersection,01 - Daylight,03 - P.D. only,03 - Rear end
13421,VANIER PKWY SB btwn COVENTRY RD & HWY417 IC117 RAMP36,370763.2907,5031474.309,8/10/16,16:00,01 - Clear,01 - Dry,10 - No control,01 - Non intersection,01 - Daylight,03 - P.D. only,03 - Rear end
13422,VANIER PKWY SB btwn COVENTRY RD & HWY417 IC117 RAMP36,370713.4304,5031546.703,7/14/16,13:03,02 - Rain,02 - Wet,10 - No control,01 - Non intersection,01 - Daylight,03 - P.D. only,04 - Sideswipe
13423,VANIER PKWY SB btwn COVENTRY RD & HWY417 IC117 RAMP36,370694.6487,5031566.833,6/30/16,19:26,01 - Clear,01 - Dry,10 - No control,01 - Non intersection,01 - Daylight,03 - P.D. only,04 - Sideswipe
13424,VANIER PKWY SB btwn DESCHAMPS AVE & MONTREAL RD,370032.0951,5033081.618,9/20/16,13:39,01 - Clear,01 - Dry,10 - No control,01 - Non intersection,01 - Daylight,03 - P.D. only,04 - Sideswipe
13425,VANIER PKWY SB btwn DESCHAMPS AVE & MONTREAL RD,370043.2916,5033067.348,10/25/16,13:01,01 - Clear,01 - Dry,10 - No control,01 - Non intersection,01 - Daylight,03 - P.D. only,04 - Sideswipe
13426,VANIER PKWY SB btwn DONALD ST & QUEEN MARY ST,370307.5998,5032204.512,3/18/16,11:43,01 - Clear,01 - Dry,10 - No control,01 - Non intersection,01 - Daylight,03 - P.D. only,03 - Rear end
13427,VANIER PKWY SB btwn DONALD ST & QUEEN MARY ST,370349.4405,5031970.099,9/12/16,17:40,01 - Clear,01 - Dry,10 - No control,01 - Non intersection,01 - Daylight,03 - P.D. only,04 - Sideswipe
13428,VANIER PKWY SB btwn MCARTHUR AVE & VANIER PKWY,370213.478,5032660.924,10/12/16,11:05,01 - Clear,01 - Dry,10 - No control,01 - Non intersection,01 - Daylight,03 - P.D. only,04 - Sideswipe
13429,VANIER PKWY SB btwn MONTREAL RD & MCARTHUR AVE,370187.3634,5032788.669,6/14/16,13:03,01 - Clear,01 - Dry,10 - No control,01 - Non intersection,01 - Daylight,02 - Non-fatal injury,03 - Rear end
13430,VANIER PKWY SB btwn MONTREAL RD & MCARTHUR AVE,370112.5962,5032973.898,4/10/16,12:53,01 - Clear,01 - Dry,10 - No control,01 - Non intersection,01 - Daylight,03 - P.D. only,04 - Sideswipe
13431,VANIER PKWY SB btwn MONTREAL RD & MCARTHUR AVE,370195.4807,5032755.749,5/28/16,12:40,01 - Clear,01 - Dry,10 - No control,01 - Non intersection,01 - Daylight,03 - P.D. only,04 - Sideswipe
13432,VANIER PKWY SB btwn MONTREAL RD & MCARTHUR AVE,370203.5568,5032711.003,11/15/16,9:24,01 - Clear,01 - Dry,10 - No control,01 - Non intersection,01 - Daylight,03 - P.D. only,99 - Other
13433,VANIER PKWY SB btwn MONTREAL RD & MCARTHUR AVE,370061.0742,5033046.931,12/14/16,13:53,01 - Clear,06 - Ice,10 - No control,01 - Non intersection,01 - Daylight,03 - P.D. only,99 - Other
13434,VANIER PKWY SB btwn PRESLAND RD & COVENTRY RD,370639.9414,5031609.947,2/17/16,14:05,03 - Snow,03 - Loose snow,10 - No control,01 - Non intersection,01 - Daylight,03 - P.D. only,07 - SMV other
13435,VANIER PKWY SB btwn PRESLAND RD & COVENTRY RD,370439.6032,5031745.48,1/13/16,8:46,01 - Clear,05 - Packed snow,10 - No control,01 - Non intersection,01 - Daylight,03 - P.D. only,04 - Sideswipe
13436,VANIER PKWY SB btwn QUEEN MARY ST & PRESLAND RD,370353.7216,5031932.946,2/24/16,19:00,04 - Freezing Rain,04 - Slush,10 - No control,01 - Non intersection,07 - Dark,03 - P.D. only,04 - Sideswipe
13437,VANIER PKWY SB btwn VANIER PKWY & DONALD ST,370286.1239,5032336.579,4/6/16,18:38,03 - Snow,05 - Packed snow,10 - No control,01 - Non intersection,01 - Daylight,03 - P.D. only,07 - SMV other
13438,VANIER PKWY/CRICHTON ST @ BEECHWOOD AVE/ST. PA,369124.1792,5033486.983,7/5/16,1:34,01 - Clear,01 - Dry,01 - Traffic signal,03 - At intersection,07 - Dark,02 - Non-fatal injury,05 - Turning movement
13439,VANIER PKWY/CRICHTON ST @ BEECHWOOD AVE/ST. PA,369127.7912,5033487.151,9/23/16,8:48,01 - Clear,01 - Dry,01 - Traffic signal,02 - Intersection related,01 - Daylight,02 - Non-fatal injury,99 - Other
13440,VANIER PKWY/CRICHTON ST @ BEECHWOOD AVE/ST. PA,369127.7389,5033487.073,1/19/16,17:28,01 - Clear,02 - Wet,01 - Traffic signal,02 - Intersection related,05 - Dusk,03 - P.D. only,03 - Rear end
13441,VANIER PKWY/CRICHTON ST @ BEECHWOOD AVE/ST. PA,369131.3968,5033489.803,2/17/16,8:00,03 - Snow,02 - Wet,01 - Traffic signal,02 - Intersection related,01 - Daylight,03 - P.D. only,03 - Rear end
13442,VANIER PKWY/CRICHTON ST @ BEECHWOOD AVE/ST. PA,369126.9879,5033486.936,3/5/16,18:27,01 - Clear,01 - Dry,01 - Traffic signal,02 - Intersection related,07 - Dark,03 - P.D. only,03 - Rear end
13443,VANIER PKWY/CRICHTON ST @ BEECHWOOD AVE/ST. PA,369126.7367,5033487.722,8/30/16,21:33,01 - Clear,01 - Dry,01 - Traffic signal,03 - At intersection,07 - Dark,03 - P.D. only,04 - Sideswipe
13444,VANIER PKWY/CRICHTON ST @ BEECHWOOD AVE/ST. PA,369127.6539,5033487.146,9/2/16,9:05,01 - Clear,01 - Dry,01 - Traffic signal,02 - Intersection related,01 - Daylight,03 - P.D. only,04 - Sideswipe
13445,VANIER PKWY/CRICHTON ST @ BEECHWOOD AVE/ST. PA,369127.7663,5033487.402,2/12/16,4:57,01 - Clear,06 - Ice,01 - Traffic signal,02 - Intersection related,07 - Dark,03 - P.D. only,07 - SMV other
13446,VANIER PKWY/CRICHTON ST @ BEECHWOOD AVE/ST. PA,369127.8188,5033487.353,6/14/16,9:46,01 - Clear,01 - Dry,01 - Traffic signal,02 - Intersection related,01 - Daylight,03 - P.D. only,03 - Rear end
13447,VANIER PKWY/CRICHTON ST @ BEECHWOOD AVE/ST. PA,369127.4639,5033487.099,1/24/16,15:56,03 - Snow,02 - Wet,01 - Traffic signal,02 - Intersection related,01 - Daylight,03 - P.D. only,03 - Rear end
13448,VANIER PKWY/CRICHTON ST @ BEECHWOOD AVE/ST. PA,369127.6539,5033487.146,2/14/16,6:29,01 - Clear,01 - Dry,01 - Traffic signal,02 - Intersection related,03 - Dawn,03 - P.D. only,03 - Rear end
13449,VANIER PKWY/CRICHTON ST @ BEECHWOOD AVE/ST. PA,369127.8234,5033486.928,5/28/16,16:55,01 - Clear,01 - Dry,01 - Traffic signal,02 - Intersection related,01 - Daylight,03 - P.D. only,03 - Rear end
13450,VANIER PKWY/CRICHTON ST @ BEECHWOOD AVE/ST. PA,369127.9176,5033486.948,2/4/16,19:20,01 - Clear,01 - Dry,01 - Traffic signal,02 - Intersection related,07 - Dark,03 - P.D. only,03 - Rear end
13451,VANIER PKWY/CRICHTON ST @ BEECHWOOD AVE/ST. PA,369127.7474,5033487.272,2/17/16,16:41,01 - Clear,01 - Dry,01 - Traffic signal,02 - Intersection related,01 - Daylight,03 - P.D. only,03 - Rear end
13452,VANIER PKWY/CRICHTON ST @ BEECHWOOD AVE/ST. PA,369128.2349,5033486.792,4/25/16,16:02,01 - Clear,01 - Dry,01 - Traffic signal,03 - At intersection,01 - Daylight,03 - P.D. only,04 - Sideswipe
13453,VANIER PKWY/CRICHTON ST @ BEECHWOOD AVE/ST. PA,369127.77,5033487.684,8/23/16,11:01,01 - Clear,01 - Dry,01 - Traffic signal,02 - Intersection related,01 - Daylight,03 - P.D. only,03 - Rear end
13454,VANIER PKWY/CRICHTON ST @ BEECHWOOD AVE/ST. PA,369128.6355,5033487.289,8/23/16,15:30,01 - Clear,01 - Dry,01 - Traffic signal,02 - Intersection related,01 - Daylight,03 - P.D. only,03 - Rear end
13455,VANIER PKWY/CRICHTON ST @ BEECHWOOD AVE/ST. PA,369127.8708,5033486.986,9/11/16,17:00,01 - Clear,01 - Dry,01 - Traffic signal,02 - Intersection related,01 - Daylight,03 - P.D. only,03 - Rear end
13456,VANIER PKWY/CRICHTON ST @ BEECHWOOD AVE/ST. PA,369127.7502,5033487.242,6/25/16,12:48,01 - Clear,01 - Dry,01 - Traffic signal,02 - Intersection related,01 - Daylight,03 - P.D. only,03 - Rear end
13457,VANIER PKWY/CRICHTON ST @ BEECHWOOD AVE/ST. PA,369127.8495,5033487.116,7/14/16,11:50,01 - Clear,01 - Dry,01 - Traffic signal,02 - Intersection related,01 - Daylight,03 - P.D. only,04 - Sideswipe
13458,VANIER PKWY/CRICHTON ST @ BEECHWOOD AVE/ST. PA,369128.2489,5033486.195,3/18/16,11:10,01 - Clear,01 - Dry,01 - Traffic signal,02 - Intersection related,01 - Daylight,03 - P.D. only,05 - Turning movement
13459,VANIER PKWY/CRICHTON ST @ BEECHWOOD AVE/ST. PA,369127.7023,5033487.164,6/5/16,2:30,01 - Clear,01 - Dry,01 - Traffic signal,03 - At intersection,07 - Dark,03 - P.D. only,05 - Turning movement
13460,VANIER PKWY/CRICHTON ST @ BEECHWOOD AVE/ST. PA,369127.2092,5033487.942,9/21/16,19:25,01 - Clear,01 - Dry,01 - Traffic signal,02 - Intersection related,07 - Dark,03 - P.D. only,04 - Sideswipe
13461,VANIER PKWY/CRICHTON ST @ BEECHWOOD AVE/ST. PA,369128.2487,5033487.25,9/22/16,14:47,01 - Clear,01 - Dry,01 - Traffic signal,02 - Intersection related,01 - Daylight,03 - P.D. only,04 - Sideswipe
13462,VANIER PKWY/CRICHTON ST @ BEECHWOOD AVE/ST. PA,369128.1783,5033486.962,11/16/16,14:17,01 - Clear,01 - Dry,01 - Traffic signal,02 - Intersection related,01 - Daylight,03 - P.D. only,05 - Turning movement
13463,VANIER PKWY/CRICHTON ST @ BEECHWOOD AVE/ST. PA,369128.1783,5033486.962,12/3/16,18:30,01 - Clear,01 - Dry,01 - Traffic signal,02 - Intersection related,07 - Dark,03 - P.D. only,03 - Rear end
13464,VANIER PKWY/CRICHTON ST @ BEECHWOOD AVE/ST. PA,369127.3236,5033486.897,2/21/16,4:18,02 - Rain,02 - Wet,01 - Traffic signal,02 - Intersection related,07 - Dark,03 - P.D. only,07 - SMV other
13465,VARENNES BLVD @ WATTERS RD,384835.7505,5038434.235,2/18/16,7:50,01 - Clear,06 - Ice,02 - Stop sign,02 - Intersection related,01 - Daylight,02 - Non-fatal injury,03 - Rear end
13466,VARENNES BLVD @ WINTERPORT WAY,385130.2883,5037807.974,1/6/16,9:15,01 - Clear,06 - Ice,02 - Stop sign,02 - Intersection related,01 - Daylight,03 - P.D. only,03 - Rear end
13467,VAUGHAN SIDE RD btwn SHANNA RD & WILLIAM HODGINS LANE,336973.4344,5021093.362,5/20/16,10:45,01 - Clear,01 - Dry,10 - No control,01 - Non intersection,01 - Daylight,03 - P.D. only,07 - SMV other
13468,VAUGHAN SIDE RD btwn UPPER DWYER HILL RD & PETER ROBINSON RD,332188.2541,5016697.4,12/9/16,17:35,01 - Clear,02 - Wet,10 - No control,01 - Non intersection,07 - Dark,03 - P.D. only,07 - SMV other
13469,VAUGHAN ST btwn MACKAY ST & BERTRAND ST,369094.3453,5033732.965,8/5/16,10:30,01 - Clear,01 - Dry,10 - No control,01 - Non intersection,01 - Daylight,03 - P.D. only,06 - SMV unattended vehicle
13470,VERA ST btwn PRINCE ALBERT ST & QUEEN MARY ST,370524.0662,5031959.146,6/5/16,0:00,01 - Clear,01 - Dry,10 - No control,01 - Non intersection,00 - Unknown,03 - P.D. only,06 - SMV unattended vehicle
13471,VERCHERE ST btwn WESTPORT CRES & END,381517.4057,5036487.967,6/1/16,10:38,01 - Clear,01 - Dry,10 - No control,04 - At/near private drive,01 - Daylight,03 - P.D. only,99 - Other
13472,VERMONT AVE btwn AVONMORE CRES & AVONMORE CRES,366729.4976,5016591.993,12/23/16,7:51,03 - Snow,06 - Ice,10 - No control,01 - Non intersection,03 - Dawn,03 - P.D. only,06 - SMV unattended vehicle
13473,VERSILIA DR @ CRESTHAVEN DR,367006.8652,5016339.948,5/14/16,16:20,01 - Clear,01 - Dry,02 - Stop sign,03 - At intersection,01 - Daylight,03 - P.D. only,05 - Turning movement
13474,VICTOR ST btwn DENHAM WAY & GREER ST,350352.0556,5015159.388,7/26/16,13:38,01 - Clear,01 - Dry,10 - No control,04 - At/near private drive,01 - Daylight,03 - P.D. only,06 - SMV unattended vehicle
13475,VICTOR ST btwn DENHAM WAY & GREER ST,350251.548,5015278.952,12/18/16,18:26,03 - Snow,04 - Slush,10 - No control,01 - Non intersection,07 - Dark,03 - P.D. only,06 - SMV unattended vehicle
13476,VICTORIA ST btwn 9TH LINE RD & YORKS CORNERS RD,388387.2472,5012998.907,8/11/16,9:02,01 - Clear,01 - Dry,10 - No control,04 - At/near private drive,01 - Daylight,02 - Non-fatal injury,05 - Turning movement
13477,VICTORIA ST btwn 9TH LINE RD & YORKS CORNERS RD,387174.7389,5012239.983,9/8/16,22:02,01 - Clear,01 - Dry,10 - No control,01 - Non intersection,07 - Dark,03 - P.D. only,07 - SMV other
13478,VICTORIA ST btwn BOWEN ST & 8TH LINE RD,385363.7392,5011114.29,11/23/16,13:29,01 - Clear,01 - Dry,10 - No control,01 - Non intersection,01 - Daylight,03 - P.D. only,06 - SMV unattended vehicle
13479,VICTORIA ST btwn CARTWRIGHT RD & BOUNDARY RD,390741.3553,5013623.594,11/6/16,16:52,01 - Clear,01 - Dry,10 - No control,01 - Non intersection,07 - Dark,03 - P.D. only,01 - Approaching
13480,VICTORIA ST btwn YORKS CORNERS RD & CARTWRIGHT RD,390200.8151,5014163.269,5/22/16,6:36,01 - Clear,01 - Dry,10 - No control,01 - Non intersection,01 - Daylight,02 - Non-fatal injury,07 - SMV other
13481,VIEILLE-CASERNE PRIV btwn TOMPKINS AVE & TOMPKINS AVE,5019473.742,5037585.1,12/18/16,9:00,03 - Snow,03 - Loose snow,10 - No control,04 - At/near private drive,01 - Daylight,03 - P.D. only,99 - Other
13482,VIENNA TER btwn MONTMORENCY WAY & MONTMORENCY WAY,384719.0583,5034608.249,4/14/16,20:30,01 - Clear,01 - Dry,10 - No control,01 - Non intersection,07 - Dark,03 - P.D. only,06 - SMV unattended vehicle
13483,VIEWMOUNT DR @ MERIVALE RD,365193.4776,5022948.276,11/7/16,17:26,01 - Clear,01 - Dry,01 - Traffic signal,03 - At intersection,07 - Dark,02 - Non-fatal injury,05 - Turning movement
13484,VIEWMOUNT DR @ MERIVALE RD,365192.8689,5022946.425,10/22/16,15:45,02 - Rain,02 - Wet,01 - Traffic signal,02 - Intersection related,01 - Daylight,02 - Non-fatal injury,03 - Rear end
13485,VIEWMOUNT DR @ MERIVALE RD,365193.0304,5022947.829,7/10/16,9:39,01 - Clear,01 - Dry,01 - Traffic signal,03 - At intersection,01 - Daylight,02 - Non-fatal injury,07 - SMV other
13486,VIEWMOUNT DR @ MERIVALE RD,365193.4776,5022947.837,12/3/16,19:08,01 - Clear,01 - Dry,01 - Traffic signal,03 - At intersection,07 - Dark,02 - Non-fatal injury,05 - Turning movement
13487,VIEWMOUNT DR @ MERIVALE RD,365193.4724,5022949.394,5/6/16,22:40,01 - Clear,01 - Dry,01 - Traffic signal,03 - At intersection,07 - Dark,03 - P.D. only,07 - SMV other
13488,VIEWMOUNT DR @ MERIVALE RD,365194.8207,5022948.046,5/5/16,14:32,01 - Clear,01 - Dry,01 - Traffic signal,02 - Intersection related,01 - Daylight,03 - P.D. only,03 - Rear end
13489,VIEWMOUNT DR @ MERIVALE RD,365191.9363,5022950.298,3/6/16,16:50,01 - Clear,01 - Dry,01 - Traffic signal,03 - At intersection,01 - Daylight,03 - P.D. only,02 - Angle
13490,VIEWMOUNT DR @ MERIVALE RD,365193.4776,5022949.154,1/23/16,19:14,01 - Clear,02 - Wet,01 - Traffic signal,02 - Intersection related,07 - Dark,03 - P.D. only,03 - Rear end
13491,VIEWMOUNT DR @ MERIVALE RD,365192.8102,5022948.052,1/9/16,17:05,01 - Clear,01 - Dry,01 - Traffic signal,03 - At intersection,05 - Dusk,03 - P.D. only,05 - Turning movement
13492,VIEWMOUNT DR @ MERIVALE RD,365193.9216,5022948.271,5/4/16,12:45,01 - Clear,01 - Dry,01 - Traffic signal,02 - Intersection related,01 - Daylight,03 - P.D. only,03 - Rear end
13493,VIEWMOUNT DR @ MERIVALE RD,365193.4724,5022949.394,5/10/16,7:58,01 - Clear,01 - Dry,01 - Traffic signal,03 - At intersection,01 - Daylight,03 - P.D. only,03 - Rear end
13494,VIEWMOUNT DR @ MERIVALE RD,365192.8689,5022946.425,11/20/16,6:43,02 - Rain,02 - Wet,01 - Traffic signal,02 - Intersection related,03 - Dawn,03 - P.D. only,03 - Rear end
13495,VIEWMOUNT DR @ MERIVALE RD,365194.3789,5022949.859,7/20/16,19:30,01 - Clear,01 - Dry,01 - Traffic signal,03 - At intersection,01 - Daylight,03 - P.D. only,05 - Turning movement
13496,VIEWMOUNT DR @ MERIVALE RD,365192.8689,5022948.081,10/18/16,13:36,01 - Clear,01 - Dry,01 - Traffic signal,02 - Intersection related,01 - Daylight,03 - P.D. only,03 - Rear end
13497,VIEWMOUNT DR @ MERIVALE RD,365193.9166,5022948.715,11/13/16,14:20,01 - Clear,01 - Dry,01 - Traffic signal,02 - Intersection related,01 - Daylight,03 - P.D. only,02 - Angle
13498,VIEWMOUNT DR @ MERIVALE RD,365192.0408,5022949.738,9/28/16,18:45,01 - Clear,01 - Dry,01 - Traffic signal,02 - Intersection related,01 - Daylight,03 - P.D. only,03 - Rear end
13499,VIEWMOUNT DR @ MERIVALE RD,365194.5253,5022948.909,12/31/16,19:21,03 - Snow,05 - Packed snow,01 - Traffic signal,02 - Intersection related,07 - Dark,03 - P.D. only,05 - Turning movement
13500,VIEWMOUNT DR btwn GLENMANOR DR & MERIVALE RD,365144.201,5022920.948,3/8/16,8:25,01 - Clear,01 - Dry,10 - No control,04 - At/near private drive,01 - Daylight,03 - P.D. only,02 - Angle
13501,VIEWMOUNT DR btwn GLENMANOR DR & MERIVALE RD,365185.1351,5022943.446,11/23/16,11:38,01 - Clear,01 - Dry,10 - No control,04 - At/near private drive,01 - Daylight,03 - P.D. only,02 - Angle
13502,VIEWMOUNT DR btwn GLENRIDGE RD & GLENMANOR DR,365072.1893,5022885.968,3/27/16,14:30,01 - Clear,01 - Dry,10 - No control,04 - At/near private drive,01 - Daylight,03 - P.D. only,02 - Angle
13503,VIEWMOUNT DR btwn GRANT CARMAN DR & OVERLAKE DR,365443.9182,5023083.306,5/5/16,12:27,01 - Clear,01 - Dry,10 - No control,01 - Non intersection,01 - Daylight,02 - Non-fatal injury,03 - Rear end
13504,VIEWMOUNT DR btwn GRANT CARMAN DR & OVERLAKE DR,365533.7531,5023086.219,5/8/16,14:00,01 - Clear,01 - Dry,10 - No control,01 - Non intersection,01 - Daylight,03 - P.D. only,04 - Sideswipe
13505,VIEWMOUNT DR btwn MERIVALE RD & GRANT CARMAN DR,365237.6049,5022973.962,10/29/16,16:14,01 - Clear,02 - Wet,10 - No control,04 - At/near private drive,01 - Daylight,02 - Non-fatal injury,02 - Angle
13506,VIEWMOUNT DR btwn MERIVALE RD & GRANT CARMAN DR,365275.5851,5022996.135,10/8/16,14:32,02 - Rain,02 - Wet,10 - No control,01 - Non intersection,01 - Daylight,03 - P.D. only,04 - Sideswipe
13507,VIMY PLACE PRIV btwn BOOTH ST & END,366099.2829,5031037.977,3/3/16,19:54,01 - Clear,01 - Dry,10 - No control,01 - Non intersection,07 - Dark,03 - P.D. only,03 - Rear end
13508,VINEYARD DR btwn SAUTERNE PK & SAUTERNE PK,379238.6257,5037075.376,12/25/16,15:00,01 - Clear,04 - Slush,10 - No control,01 - Non intersection,01 - Daylight,03 - P.D. only,06 - SMV unattended vehicle
13509,VISENEAU DR btwn BARRINGTON ST & BROMONT WAY,381688.751,5035482.376,5/29/16,6:37,01 - Clear,01 - Dry,10 - No control,04 - At/near private drive,01 - Daylight,02 - Non-fatal injury,03 - Rear end
13510,VISENEAU DR btwn BARRINGTON ST & BROMONT WAY,381671.9773,5035490.295,7/3/16,1:17,01 - Clear,01 - Dry,10 - No control,04 - At/near private drive,07 - Dark,02 - Non-fatal injury,06 - SMV unattended vehicle
13511,VISENEAU DR btwn VIGNEAULT ST & SIMARD DR,381271.3101,5035372.451,1/15/16,8:40,01 - Clear,04 - Slush,10 - No control,01 - Non intersection,01 - Daylight,03 - P.D. only,04 - Sideswipe
13512,VISTAPARK DR btwn LAKERIDGE DR & BRANTHAVEN ST,384949.0129,5034915.275,6/12/16,3:22,01 - Clear,01 - Dry,10 - No control,01 - Non intersection,07 - Dark,03 - P.D. only,07 - SMV other
13513,WALDEN DR btwn BURGER GT & SLADE CRES,350405.9382,5021108.136,9/11/16,17:57,01 - Clear,01 - Dry,10 - No control,04 - At/near private drive,01 - Daylight,02 - Non-fatal injury,03 - Rear end
13514,WALDEN DR btwn CHARLESWORTH CRT & IRONSIDE CRT,349994.169,5021038.299,2/24/16,16:08,03 - Snow,03 - Loose snow,10 - No control,04 - At/near private drive,01 - Daylight,03 - P.D. only,06 - SMV unattended vehicle
13515,WALGREEN RD N @ WESTBROOK RD N,347507.3494,5015218.781,9/8/16,8:15,01 - Clear,01 - Dry,02 - Stop sign,02 - Intersection related,01 - Daylight,02 - Non-fatal injury,05 - Turning movement
13516,WALKLEY EXTENSION RD btwn HWY417 IC110 RAMP55 & HWY417 IC110 RAMP58,375527.4287,5028929.873,8/30/16,17:57,01 - Clear,01 - Dry,10 - No control,01 - Non intersection,01 - Daylight,03 - P.D. only,04 - Sideswipe
13517,WALKLEY EXTENSION RD btwn HWY417 IC110 RAMP55 & HWY417 IC110 RAMP58,375529.871,5028934.616,6/27/16,8:23,01 - Clear,02 - Wet,10 - No control,01 - Non intersection,01 - Daylight,03 - P.D. only,04 - Sideswipe
13518,WALKLEY EXTENSION RD btwn HWY417 IC110 RAMP56 & HWY417 IC110 RAMP64,375871.1427,5029113.016,11/10/16,13:20,01 - Clear,01 - Dry,10 - No control,01 - Non intersection,01 - Daylight,03 - P.D. only,04 - Sideswipe
13519,WALKLEY EXTENSION RD btwn HWY417 IC110 RAMP57 & HWY417 IC110 RAMP65,375713.6561,5029029.799,2/25/16,8:28,04 - Freezing Rain,06 - Ice,10 - No control,07 - Overpass or bridge,01 - Daylight,03 - P.D. only,03 - Rear end
13520,WALKLEY EXTENSION RD btwn HWY417 IC110 RAMP64 & HWY417 IC110 RAMP66,375996.2445,5029178.472,1/9/16,3:17,03 - Snow,06 - Ice,10 - No control,01 - Non intersection,07 - Dark,02 - Non-fatal injury,07 - SMV other
13521,WALKLEY EXTENSION RD btwn HWY417 IC110 RAMP64 & HWY417 IC110 RAMP66,376081.6539,5029219.342,9/7/16,7:30,01 - Clear,01 - Dry,10 - No control,01 - Non intersection,01 - Daylight,02 - Non-fatal injury,05 - Turning movement
13522,WALKLEY EXTENSION RD btwn HWY417 IC110 RAMP65 & HWY417 IC110 RAMP56,375819.7218,5029084.037,5/1/16,13:56,02 - Rain,02 - Wet,10 - No control,01 - Non intersection,01 - Daylight,03 - P.D. only,07 - SMV other
13523,WALKLEY EXTENSION RD btwn WALKLEY RD & HWY417 IC110 RAMP55,375479.1895,5028906.157,3/31/16,8:45,02 - Rain,02 - Wet,10 - No control,01 - Non intersection,01 - Daylight,03 - P.D. only,04 - Sideswipe
13524,WALKLEY RD @ AIRPORT PKWY SB RAMP,369833.7927,5025658.55,11/21/16,22:17,03 - Snow,04 - Slush,03 - Yield sign,02 - Intersection related,07 - Dark,03 - P.D. only,07 - SMV other
13525,WALKLEY RD @ DON REID DR/RYDER ST,372600.5885,5027283.462,9/19/16,15:35,01 - Clear,01 - Dry,01 - Traffic signal,02 - Intersection related,01 - Daylight,02 - Non-fatal injury,02 - Angle
13526,WALKLEY RD @ DON REID DR/RYDER ST,372601.6318,5027284.871,6/19/16,7:07,01 - Clear,01 - Dry,01 - Traffic signal,03 - At intersection,01 - Daylight,02 - Non-fatal injury,02 - Angle
13527,WALKLEY RD @ DON REID DR/RYDER ST,372601.7781,5027284.786,4/10/16,13:12,01 - Clear,01 - Dry,01 - Traffic signal,03 - At intersection,01 - Daylight,02 - Non-fatal injury,02 - Angle
13528,WALKLEY RD @ DON REID DR/RYDER ST,372601.3363,5027284.544,7/15/16,11:05,01 - Clear,01 - Dry,01 - Traffic signal,02 - Intersection related,01 - Daylight,02 - Non-fatal injury,02 - Angle
13529,WALKLEY RD @ DON REID DR/RYDER ST,372603.3832,5027285.786,12/12/16,15:21,03 - Snow,03 - Loose snow,01 - Traffic signal,03 - At intersection,01 - Daylight,02 - Non-fatal injury,02 - Angle
13530,WALKLEY RD @ GLENHAVEN PRIV,370213.7439,5025872.969,5/19/16,14:55,01 - Clear,01 - Dry,01 - Traffic signal,03 - At intersection,01 - Daylight,02 - Non-fatal injury,07 - SMV other
13531,WALKLEY RD @ GLENHAVEN PRIV,370214.0058,5025874.339,2/19/16,6:50,01 - Clear,03 - Loose snow,01 - Traffic signal,02 - Intersection related,03 - Dawn,03 - P.D. only,03 - Rear end
13532,WALKLEY RD @ HEATHERINGTON RD,371766.8117,5026794.077,3/24/16,15:48,03 - Snow,04 - Slush,01 - Traffic signal,03 - At intersection,01 - Daylight,02 - Non-fatal injury,03 - Rear end
13533,WALKLEY RD @ HEATHERINGTON RD,371767.553,5026793.284,12/8/16,23:57,01 - Clear,06 - Ice,01 - Traffic signal,02 - Intersection related,07 - Dark,02 - Non-fatal injury,07 - SMV other
13534,WALKLEY RD @ HEATHERINGTON RD,371766.0662,5026793.429,1/20/16,11:53,01 - Clear,01 - Dry,01 - Traffic signal,02 - Intersection related,01 - Daylight,03 - P.D. only,05 - Turning movement
13535,WALKLEY RD @ HEATHERINGTON RD,371767.2348,5026794.422,1/20/16,18:03,01 - Clear,02 - Wet,01 - Traffic signal,03 - At intersection,07 - Dark,03 - P.D. only,05 - Turning movement
13536,WALKLEY RD @ HEATHERINGTON RD,371766.2271,5026795.43,12/10/16,22:08,01 - Clear,01 - Dry,01 - Traffic signal,02 - Intersection related,07 - Dark,03 - P.D. only,02 - Angle
13537,WALKLEY RD @ SPRINGLAND DR/OTTERSON DR,368721.5838,5024982.211,2/17/16,19:00,01 - Clear,06 - Ice,01 - Traffic signal,03 - At intersection,07 - Dark,03 - P.D. only,02 - Angle
13538,WALKLEY RD @ SPRINGLAND DR/OTTERSON DR,368720.6467,5024982.244,10/4/16,18:04,01 - Clear,01 - Dry,01 - Traffic signal,02 - Intersection related,01 - Daylight,03 - P.D. only,03 - Rear end
13539,WALKLEY RD @ SPRINGLAND DR/OTTERSON DR,368722.3446,5024984.965,1/20/16,9:01,01 - Clear,01 - Dry,01 - Traffic signal,03 - At intersection,01 - Daylight,03 - P.D. only,05 - Turning movement