Record,Location,X,Y,Date,Time,Environment,Road_Surface,Traffic_Control,Collision_Location,Light,Collision_Classification,Impact_type
13540,WALKLEY RD btwn 152 E OF HEATHERINGTON RD & HOLLY LANE,372129.9632,5027004.64,1/21/16,11:50,01 - Clear,03 - Loose snow,10 - No control,01 - Non intersection,01 - Daylight,02 - Non-fatal injury,03 - Rear end
13541,WALKLEY RD btwn 152 E OF HEATHERINGTON RD & HOLLY LANE,372021.6283,5026940.275,6/21/16,20:09,01 - Clear,01 - Dry,10 - No control,04 - At/near private drive,01 - Daylight,03 - P.D. only,02 - Angle
13542,WALKLEY RD btwn 152 E OF HEATHERINGTON RD & HOLLY LANE,372113.8372,5026995.85,1/9/16,17:48,02 - Rain,06 - Ice,10 - No control,01 - Non intersection,07 - Dark,03 - P.D. only,03 - Rear end
13543,WALKLEY RD btwn 152 E OF HEATHERINGTON RD & HOLLY LANE,371926.6835,5026883.271,8/18/16,11:35,01 - Clear,01 - Dry,10 - No control,04 - At/near private drive,01 - Daylight,03 - P.D. only,02 - Angle
13544,WALKLEY RD btwn BANFF AVE & AYERS AVE,370512.7302,5026048.799,3/1/16,12:09,01 - Clear,01 - Dry,10 - No control,01 - Non intersection,01 - Daylight,03 - P.D. only,04 - Sideswipe
13545,WALKLEY RD btwn BANK ST & BANFF AVE,370342.9921,5025949.33,2/9/16,10:19,01 - Clear,01 - Dry,10 - No control,04 - At/near private drive,01 - Daylight,03 - P.D. only,04 - Sideswipe
13546,WALKLEY RD btwn BANK ST & BANFF AVE,370342.0815,5025949.733,11/14/16,16:56,01 - Clear,01 - Dry,10 - No control,04 - At/near private drive,07 - Dark,03 - P.D. only,05 - Turning movement
13547,WALKLEY RD btwn BANTON ST & MELFORT ST,374333.7636,5028301.954,12/17/16,13:48,03 - Snow,05 - Packed snow,10 - No control,01 - Non intersection,01 - Daylight,03 - P.D. only,07 - SMV other
13548,WALKLEY RD btwn BAYCREST DR & HEATHERINGTON RD,371757.1846,5026787.565,7/12/16,15:17,01 - Clear,01 - Dry,10 - No control,04 - At/near private drive,01 - Daylight,02 - Non-fatal injury,02 - Angle
13549,WALKLEY RD btwn BAYCREST DR & HEATHERINGTON RD,371743.2341,5026779.818,2/12/16,12:27,01 - Clear,01 - Dry,10 - No control,01 - Non intersection,01 - Daylight,03 - P.D. only,03 - Rear end
13550,WALKLEY RD btwn COLLISTON CRES & CEDARWOOD DR,371051.5124,5026364.853,11/18/16,14:15,01 - Clear,01 - Dry,10 - No control,01 - Non intersection,01 - Daylight,02 - Non-fatal injury,99 - Other
13551,WALKLEY RD btwn COLLISTON CRES & CEDARWOOD DR,371120.5482,5026409.875,7/23/16,20:30,01 - Clear,01 - Dry,10 - No control,01 - Non intersection,05 - Dusk,02 - Non-fatal injury,04 - Sideswipe
13552,WALKLEY RD btwn COLLISTON CRES & CEDARWOOD DR,371077.5499,5026383.298,5/7/16,0:05,01 - Clear,01 - Dry,10 - No control,04 - At/near private drive,07 - Dark,03 - P.D. only,07 - SMV other
13553,WALKLEY RD btwn CONROY RD & HARDING RD,373057.9956,5027556.539,3/5/16,19:03,01 - Clear,02 - Wet,10 - No control,04 - At/near private drive,07 - Dark,03 - P.D. only,03 - Rear end
13554,WALKLEY RD btwn CONROY RD & HARDING RD,372959.8911,5027497.918,1/18/16,15:12,01 - Clear,02 - Wet,10 - No control,01 - Non intersection,01 - Daylight,03 - P.D. only,04 - Sideswipe
13555,WALKLEY RD btwn CONROY RD & HARDING RD,373027.4619,5027540.34,4/6/16,14:54,03 - Snow,03 - Loose snow,10 - No control,04 - At/near private drive,01 - Daylight,03 - P.D. only,05 - Turning movement
13556,WALKLEY RD btwn CONROY RD & HARDING RD,373051.6995,5027551.528,7/16/16,9:04,01 - Clear,01 - Dry,10 - No control,04 - At/near private drive,01 - Daylight,03 - P.D. only,05 - Turning movement
13557,WALKLEY RD btwn HALIFAX DR & ST. LAURENT BLVD,373712.8918,5027940.158,10/5/16,17:15,01 - Clear,01 - Dry,10 - No control,04 - At/near private drive,01 - Daylight,02 - Non-fatal injury,02 - Angle
13558,WALKLEY RD btwn HALIFAX DR & ST. LAURENT BLVD,373891.1592,5028041.401,7/31/16,14:32,01 - Clear,01 - Dry,10 - No control,01 - Non intersection,01 - Daylight,03 - P.D. only,04 - Sideswipe
13559,WALKLEY RD btwn HALIFAX DR & ST. LAURENT BLVD,373845.5367,5028014.242,4/27/16,11:43,01 - Clear,01 - Dry,10 - No control,04 - At/near private drive,01 - Daylight,03 - P.D. only,05 - Turning movement
13560,WALKLEY RD btwn HALIFAX DR & ST. LAURENT BLVD,373712.4591,5027938.159,5/26/16,14:17,01 - Clear,01 - Dry,10 - No control,04 - At/near private drive,01 - Daylight,03 - P.D. only,05 - Turning movement
13561,WALKLEY RD btwn HALIFAX DR & ST. LAURENT BLVD,373689.2857,5027925.63,12/8/16,22:33,03 - Snow,03 - Loose snow,10 - No control,04 - At/near private drive,07 - Dark,03 - P.D. only,02 - Angle
13562,WALKLEY RD btwn HAMPSTEAD PL & JASPER AVE,370773.1427,5026201.213,5/19/16,11:41,01 - Clear,01 - Dry,10 - No control,01 - Non intersection,01 - Daylight,03 - P.D. only,04 - Sideswipe
13563,WALKLEY RD btwn HARDING RD & HALIFAX DR,373226.1368,5027653.897,2/8/16,18:46,01 - Clear,01 - Dry,10 - No control,04 - At/near private drive,07 - Dark,02 - Non-fatal injury,02 - Angle
13564,WALKLEY RD btwn HARDING RD & HALIFAX DR,373219.1241,5027647.045,11/14/16,16:40,01 - Clear,01 - Dry,10 - No control,01 - Non intersection,05 - Dusk,02 - Non-fatal injury,03 - Rear end
13565,WALKLEY RD btwn HARDING RD & HALIFAX DR,373605.8464,5027876.887,6/7/16,7:20,01 - Clear,01 - Dry,10 - No control,01 - Non intersection,01 - Daylight,03 - P.D. only,03 - Rear end
13566,WALKLEY RD btwn HARDING RD & HALIFAX DR,373628.8302,5027890.02,9/27/16,20:30,01 - Clear,01 - Dry,10 - No control,04 - At/near private drive,07 - Dark,03 - P.D. only,02 - Angle
13567,WALKLEY RD btwn HERON RD & TURN LANE,372299.6751,5027101.636,7/26/16,14:00,01 - Clear,01 - Dry,10 - No control,01 - Non intersection,01 - Daylight,03 - P.D. only,04 - Sideswipe
13568,WALKLEY RD btwn HERON RD RAMP TO WB WALKLEY RD & HERON RD,372242.1477,5027068.526,10/6/16,17:24,01 - Clear,01 - Dry,10 - No control,01 - Non intersection,01 - Daylight,03 - P.D. only,04 - Sideswipe
13569,WALKLEY RD btwn HOLLY LANE & TURN LANE,372204.9308,5027048.706,1/12/16,16:22,01 - Clear,03 - Loose snow,10 - No control,04 - At/near private drive,05 - Dusk,02 - Non-fatal injury,07 - SMV other
13570,WALKLEY RD btwn HOLLY LANE & TURN LANE,372191.1418,5027040.672,6/7/16,17:23,01 - Clear,01 - Dry,10 - No control,04 - At/near private drive,01 - Daylight,03 - P.D. only,02 - Angle
13571,WALKLEY RD btwn LANCASTER RD & SHEFFIELD RD,375254.8605,5028783.174,7/27/16,21:15,01 - Clear,01 - Dry,10 - No control,01 - Non intersection,07 - Dark,02 - Non-fatal injury,03 - Rear end
13572,WALKLEY RD btwn LANCASTER RD & SHEFFIELD RD,375211.3583,5028760.108,11/17/16,16:46,01 - Clear,01 - Dry,10 - No control,01 - Non intersection,05 - Dusk,02 - Non-fatal injury,03 - Rear end
13573,WALKLEY RD btwn LANCASTER RD & SHEFFIELD RD,374937.6319,5028617.995,2/25/16,8:11,04 - Freezing Rain,02 - Wet,10 - No control,01 - Non intersection,01 - Daylight,03 - P.D. only,06 - SMV unattended vehicle
13574,WALKLEY RD btwn LANCASTER RD & SHEFFIELD RD,375248.3736,5028779.618,8/24/16,13:24,01 - Clear,01 - Dry,10 - No control,01 - Non intersection,01 - Daylight,03 - P.D. only,04 - Sideswipe
13575,WALKLEY RD btwn MELFORT ST & RUSSELL RD,374587.6027,5028448.743,5/16/16,7:49,01 - Clear,01 - Dry,10 - No control,01 - Non intersection,01 - Daylight,03 - P.D. only,04 - Sideswipe
13576,WALKLEY RD btwn MELFORT ST & RUSSELL RD,374513.3157,5028402.445,9/30/16,21:50,01 - Clear,01 - Dry,10 - No control,04 - At/near private drive,07 - Dark,03 - P.D. only,05 - Turning movement
13577,WALKLEY RD btwn MELFORT ST & RUSSELL RD,374635.4464,5028477.807,9/20/16,15:42,01 - Clear,01 - Dry,10 - No control,04 - At/near private drive,01 - Daylight,03 - P.D. only,02 - Angle
13578,WALKLEY RD btwn MELFORT ST & RUSSELL RD,374461.4726,5028375.609,11/30/16,16:22,01 - Clear,01 - Dry,10 - No control,04 - At/near private drive,05 - Dusk,03 - P.D. only,04 - Sideswipe
13579,WALKLEY RD btwn MELFORT ST & RUSSELL RD,374525.0144,5028413.972,12/8/16,14:59,01 - Clear,02 - Wet,10 - No control,04 - At/near private drive,01 - Daylight,03 - P.D. only,02 - Angle
13580,WALKLEY RD btwn RIVERSIDE DR & RIVER GARDEN PRIV,368433.3743,5024848.202,2/17/16,18:10,04 - Freezing Rain,06 - Ice,10 - No control,01 - Non intersection,05 - Dusk,03 - P.D. only,04 - Sideswipe
13581,WALKLEY RD btwn RIVERSIDE DR & RIVER GARDEN PRIV,368439.4057,5024845.802,7/19/16,15:25,01 - Clear,01 - Dry,10 - No control,01 - Non intersection,01 - Daylight,03 - P.D. only,07 - SMV other
13582,WALKLEY RD btwn RUSSELL RD & LANCASTER RD,374768.162,5028540.424,4/30/16,15:08,01 - Clear,01 - Dry,10 - No control,01 - Non intersection,01 - Daylight,02 - Non-fatal injury,03 - Rear end
13583,WALKLEY RD btwn RUSSELL RD & LANCASTER RD,374768.048,5028541.473,9/9/16,16:48,01 - Clear,01 - Dry,10 - No control,01 - Non intersection,01 - Daylight,03 - P.D. only,05 - Turning movement
13584,WALKLEY RD btwn RUSSELL RD & LANCASTER RD,374903.1035,5028601.865,4/18/16,7:34,01 - Clear,01 - Dry,10 - No control,01 - Non intersection,01 - Daylight,03 - P.D. only,03 - Rear end
13585,WALKLEY RD btwn SHEFFIELD RD & WALKLEY EXTENSION RD,375347.7461,5028833.276,2/25/16,7:41,04 - Freezing Rain,06 - Ice,10 - No control,01 - Non intersection,01 - Daylight,03 - P.D. only,03 - Rear end
13586,WALKLEY RD btwn SOUTHMORE DR E & AIRPORT PKWY,369809.764,5025633.558,1/23/16,19:42,01 - Clear,01 - Dry,10 - No control,01 - Non intersection,07 - Dark,02 - Non-fatal injury,05 - Turning movement
13587,WALKLEY RD btwn SPRINGLAND DR & MCCARTHY RD,369156.5707,5025252.08,3/18/16,21:14,01 - Clear,06 - Ice,10 - No control,01 - Non intersection,07 - Dark,03 - P.D. only,07 - SMV other
13588,WALKLEY RD btwn SPRINGLAND DR & MCCARTHY RD,369234.8105,5025292.655,11/20/16,19:40,03 - Snow,05 - Packed snow,10 - No control,01 - Non intersection,07 - Dark,03 - P.D. only,07 - SMV other
13589,WALKLEY RD btwn SPRINGLAND DR & MCCARTHY RD,369160.8035,5025254.61,3/19/16,21:50,01 - Clear,06 - Ice,10 - No control,01 - Non intersection,07 - Dark,03 - P.D. only,07 - SMV other
13590,WALKLEY RD btwn SPRINGLAND DR & MCCARTHY RD,368898.7618,5025073.843,3/21/16,8:37,01 - Clear,06 - Ice,10 - No control,01 - Non intersection,01 - Daylight,03 - P.D. only,03 - Rear end
13591,WALKLEY RD btwn SPRINGLAND DR & MCCARTHY RD,368824.6455,5025034.089,5/30/16,8:15,01 - Clear,01 - Dry,10 - No control,01 - Non intersection,01 - Daylight,03 - P.D. only,03 - Rear end
13592,WALKLEY RD btwn ST. LAURENT BLVD & MARTHA AVE,373920.0341,5028056.956,5/3/16,9:26,01 - Clear,01 - Dry,10 - No control,01 - Non intersection,01 - Daylight,03 - P.D. only,04 - Sideswipe
13593,WALKLEY RD btwn THORNDALE DR & AVONCOURT WAY,369506.5488,5025460.304,9/20/16,8:00,01 - Clear,01 - Dry,10 - No control,01 - Non intersection,01 - Daylight,02 - Non-fatal injury,03 - Rear end
13594,WALKLEY RD btwn TRANSIT & GLENHAVEN PRIV,370098.2026,5025803.371,10/5/16,15:10,01 - Clear,01 - Dry,10 - No control,01 - Non intersection,01 - Daylight,03 - P.D. only,99 - Other
13595,WALKLEY RD btwn TURN LANE & RYDER ST,372430.8836,5027186.886,5/2/16,16:49,01 - Clear,01 - Dry,10 - No control,01 - Non intersection,01 - Daylight,03 - P.D. only,03 - Rear end
13596,WALKLEY RD btwn TURN LANE & RYDER ST,372516.8653,5027232.607,4/19/16,16:41,01 - Clear,01 - Dry,10 - No control,01 - Non intersection,01 - Daylight,03 - P.D. only,03 - Rear end
13597,WALL RD btwn MONIQUE AVE & TENTH LINE RD,384176.1726,5032757.947,1/13/16,16:45,01 - Clear,02 - Wet,10 - No control,04 - At/near private drive,05 - Dusk,03 - P.D. only,06 - SMV unattended vehicle
13598,WALLER ST btwn BESSERER ST & DALY AVE,368319.1151,5032181.523,6/16/16,15:46,01 - Clear,01 - Dry,10 - No control,01 - Non intersection,01 - Daylight,02 - Non-fatal injury,04 - Sideswipe
13599,WALLER ST btwn BESSERER ST & DALY AVE,368323.2255,5032161.358,7/8/16,14:10,01 - Clear,01 - Dry,10 - No control,01 - Non intersection,01 - Daylight,03 - P.D. only,04 - Sideswipe
13600,WALLER ST btwn DALY AVE & STEWART ST,368354.2189,5032094.925,10/20/16,13:21,01 - Clear,01 - Dry,10 - No control,01 - Non intersection,01 - Daylight,03 - P.D. only,04 - Sideswipe
13601,WALLER ST btwn DALY AVE & STEWART ST,368368.6909,5032053.672,12/9/16,14:50,01 - Clear,02 - Wet,10 - No control,01 - Non intersection,01 - Daylight,03 - P.D. only,04 - Sideswipe
13602,WALLER ST btwn NICHOLAS ST & STEWART ST,368372.7237,5032001.809,11/25/16,16:25,01 - Clear,01 - Dry,10 - No control,01 - Non intersection,05 - Dusk,03 - P.D. only,04 - Sideswipe
13603,WALLER ST btwn RIDEAU ST & BESSERER ST,368308.077,5032211.506,2/20/16,22:00,01 - Clear,01 - Dry,10 - No control,01 - Non intersection,07 - Dark,03 - P.D. only,06 - SMV unattended vehicle
13604,WALLFORD WAY btwn BEAVERTON AVE & PARTHIA AVE,365535.7288,5025080.794,3/8/16,0:00,01 - Clear,01 - Dry,10 - No control,01 - Non intersection,00 - Unknown,03 - P.D. only,06 - SMV unattended vehicle
13605,WALTER BAKER PL btwn RON MASLIN WAY & END,351730.1582,5017453.284,7/2/16,13:10,01 - Clear,01 - Dry,10 - No control,01 - Non intersection,01 - Daylight,03 - P.D. only,06 - SMV unattended vehicle
13606,WARMSTONE DR btwn CENTO WAY & ROSEHILL AVE,350163.4043,5016274.002,12/26/16,19:00,04 - Freezing Rain,06 - Ice,10 - No control,01 - Non intersection,07 - Dark,03 - P.D. only,06 - SMV unattended vehicle
13607,WATERBRIDGE DR btwn CRESTWAY DR & OLDFIELD ST,366554.4923,5016115.194,12/26/16,0:00,04 - Freezing Rain,06 - Ice,10 - No control,01 - Non intersection,00 - Unknown,03 - P.D. only,06 - SMV unattended vehicle
13608,WATERCOLOURS WAY btwn FRESHWATER WAY & SEELEY'S BAY ST,363942.3626,5012626.088,5/20/16,20:36,01 - Clear,01 - Dry,10 - No control,04 - At/near private drive,05 - Dusk,03 - P.D. only,06 - SMV unattended vehicle
13609,WATTERS RD btwn MONTCREST DR & TRIM RD,384918.3798,5038682.046,11/30/16,19:41,01 - Clear,01 - Dry,10 - No control,04 - At/near private drive,07 - Dark,02 - Non-fatal injury,07 - SMV other
13610,WATTERS RD btwn MONTCREST DR & TRIM RD,384955.8705,5038713.185,10/20/16,19:00,02 - Rain,02 - Wet,10 - No control,04 - At/near private drive,07 - Dark,03 - P.D. only,05 - Turning movement
13611,WAVELL AVE btwn CROSSFIELD AVE & KEENAN AVE,362301.9559,5027081.989,5/27/16,12:25,01 - Clear,01 - Dry,10 - No control,04 - At/near private drive,01 - Daylight,03 - P.D. only,06 - SMV unattended vehicle
13612,WAVERLEY ST @ O'CONNOR ST,368008.7029,5030765.954,6/16/16,16:00,01 - Clear,01 - Dry,02 - Stop sign,03 - At intersection,01 - Daylight,02 - Non-fatal injury,07 - SMV other
13613,WAVERLEY ST @ O'CONNOR ST,368008.5976,5030765.272,10/25/16,17:23,01 - Clear,01 - Dry,02 - Stop sign,03 - At intersection,01 - Daylight,02 - Non-fatal injury,05 - Turning movement
13614,WAVERLEY ST @ O'CONNOR ST,368009.2694,5030765.944,11/8/16,15:26,01 - Clear,01 - Dry,02 - Stop sign,02 - Intersection related,01 - Daylight,02 - Non-fatal injury,05 - Turning movement
13615,WAVERLEY ST @ O'CONNOR ST,368008.8904,5030766.235,6/1/16,16:10,01 - Clear,01 - Dry,02 - Stop sign,03 - At intersection,01 - Daylight,03 - P.D. only,02 - Angle
13616,WAVERLEY ST @ O'CONNOR ST,368009.2437,5030766.373,9/20/16,16:38,01 - Clear,01 - Dry,02 - Stop sign,02 - Intersection related,01 - Daylight,03 - P.D. only,03 - Rear end
13617,WAVERLEY ST btwn ELGIN ST & CARTIER ST,368396.3069,5031002.549,5/20/16,4:00,01 - Clear,01 - Dry,10 - No control,01 - Non intersection,07 - Dark,03 - P.D. only,06 - SMV unattended vehicle
13618,WAYMARK CRES btwn BRIDGESTONE DR & BRIDGESTONE DR,355344.6374,5016055.024,4/4/16,0:00,01 - Clear,01 - Dry,10 - No control,01 - Non intersection,00 - Unknown,03 - P.D. only,06 - SMV unattended vehicle
13619,WEATHERWOOD CRES btwn AMBERWOOD CRES & AMBERWOOD CRES,366419.6107,5020385.127,6/13/16,7:00,01 - Clear,01 - Dry,10 - No control,01 - Non intersection,01 - Daylight,03 - P.D. only,06 - SMV unattended vehicle
13620,WEDGEWOOD CRES btwn EASTPARK DR & WEDGEWOOD CRT (1),378578.3979,5033413.391,11/4/16,15:28,01 - Clear,01 - Dry,10 - No control,04 - At/near private drive,01 - Daylight,03 - P.D. only,06 - SMV unattended vehicle
13621,WELKIN CRES btwn SEYMOUR AVE & SEYMOUR AVE,365717.8034,5024197.273,4/30/16,0:00,01 - Clear,01 - Dry,10 - No control,01 - Non intersection,00 - Unknown,03 - P.D. only,06 - SMV unattended vehicle
13622,WELLFLEET CRES btwn PERRIN AVE & HOPKINTON ST,362276.0697,5015080.239,7/16/16,14:18,01 - Clear,01 - Dry,10 - No control,04 - At/near private drive,01 - Daylight,03 - P.D. only,06 - SMV unattended vehicle
13623,WELLINGTON ST    W btwn CAROLINE AVE & HARMER AVE N,364761.9874,5029093.534,9/13/16,17:23,01 - Clear,01 - Dry,10 - No control,01 - Non intersection,01 - Daylight,03 - P.D. only,04 - Sideswipe
13624,WELLINGTON ST    W btwn CLARENDON AVE & GRANGE AVE,364542.4614,5029027.289,10/24/16,20:31,01 - Clear,01 - Dry,10 - No control,01 - Non intersection,07 - Dark,03 - P.D. only,06 - SMV unattended vehicle
13625,WELLINGTON ST    W btwn CLARENDON AVE & GRANGE AVE,364584.1954,5029040.516,3/14/16,10:40,02 - Rain,02 - Wet,10 - No control,01 - Non intersection,01 - Daylight,03 - P.D. only,06 - SMV unattended vehicle
13626,WELLINGTON ST    W btwn FAIRMONT AVE & IRVING AVE,365610.1562,5029781.534,1/11/16,9:47,02 - Rain,02 - Wet,10 - No control,01 - Non intersection,01 - Daylight,03 - P.D. only,06 - SMV unattended vehicle
13627,WELLINGTON ST    W btwn FAIRMONT AVE & IRVING AVE,365557.335,5029703.522,7/22/16,11:14,01 - Clear,01 - Dry,10 - No control,01 - Non intersection,01 - Daylight,03 - P.D. only,04 - Sideswipe
13628,WELLINGTON ST    W btwn GRANGE AVE & WARREN AVE,364603.2277,5029045.899,2/18/16,16:57,01 - Clear,05 - Packed snow,10 - No control,01 - Non intersection,05 - Dusk,03 - P.D. only,06 - SMV unattended vehicle
13629,WELLINGTON ST    W btwn HAMILTON AVE N & PARKDALE AVE,365142.8949,5029268.58,1/22/16,18:54,01 - Clear,04 - Slush,10 - No control,04 - At/near private drive,07 - Dark,03 - P.D. only,02 - Angle
13630,WELLINGTON ST    W btwn HAMPTON AVE & ROSS AVE,364503.6071,5029016.266,7/7/16,16:00,01 - Clear,01 - Dry,10 - No control,01 - Non intersection,01 - Daylight,03 - P.D. only,06 - SMV unattended vehicle
13631,WELLINGTON ST    W btwn HAMPTON AVE & ROSS AVE,364457.9903,5029002.657,2/13/16,13:00,01 - Clear,01 - Dry,10 - No control,01 - Non intersection,01 - Daylight,03 - P.D. only,99 - Other
13632,WELLINGTON ST    W btwn HARMER AVE N & HURON AVE N,364838.9859,5029121.002,7/18/16,15:30,01 - Clear,01 - Dry,10 - No control,01 - Non intersection,01 - Daylight,03 - P.D. only,06 - SMV unattended vehicle
13633,WELLINGTON ST    W btwn HINTON AVE N & HAMILTON AVE N,365057.3658,5029221.976,6/14/16,13:30,02 - Rain,02 - Wet,10 - No control,01 - Non intersection,01 - Daylight,03 - P.D. only,06 - SMV unattended vehicle
13634,WELLINGTON ST    W btwn HOLLAND AVE & HINTON AVE N,364934.0196,5029156.282,7/21/16,0:00,01 - Clear,01 - Dry,10 - No control,01 - Non intersection,00 - Unknown,03 - P.D. only,06 - SMV unattended vehicle
13635,WELLINGTON ST    W btwn HOLLAND AVE & HINTON AVE N,364934.6397,5029155.35,3/11/16,11:04,01 - Clear,02 - Wet,10 - No control,01 - Non intersection,01 - Daylight,03 - P.D. only,03 - Rear end
13636,WELLINGTON ST    W btwn HURON AVE N & HOLLAND AVE,364859.2314,5029126.468,6/10/16,8:32,01 - Clear,01 - Dry,10 - No control,01 - Non intersection,01 - Daylight,03 - P.D. only,03 - Rear end
13637,WELLINGTON ST    W btwn IRVING AVE & GARLAND ST,365647.4201,5029837.02,1/9/16,10:30,04 - Freezing Rain,04 - Slush,10 - No control,01 - Non intersection,01 - Daylight,03 - P.D. only,03 - Rear end
13638,WELLINGTON ST    W btwn ISLAND PARK DR & PICCADILLY AVE,364175.7035,5028893.313,3/22/16,20:05,03 - Snow,02 - Wet,10 - No control,01 - Non intersection,07 - Dark,03 - P.D. only,04 - Sideswipe
13639,WELLINGTON ST    W btwn ISLAND PARK DR & PICCADILLY AVE,364185.6011,5028899.846,10/28/16,14:25,02 - Rain,02 - Wet,10 - No control,04 - At/near private drive,01 - Daylight,03 - P.D. only,02 - Angle
13640,WELLINGTON ST    W btwn JULIAN AVE & CAROLINE AVE,364745.3625,5029088.831,7/20/16,11:03,01 - Clear,01 - Dry,10 - No control,01 - Non intersection,01 - Daylight,03 - P.D. only,04 - Sideswipe
13641,WELLINGTON ST    W btwn MERTON ST & FAIRMONT AVE,365550.5221,5029685.882,10/24/16,15:30,01 - Clear,01 - Dry,10 - No control,01 - Non intersection,01 - Daylight,02 - Non-fatal injury,07 - SMV other
13642,WELLINGTON ST    W btwn MERTON ST & FAIRMONT AVE,365494.6073,5029603.648,7/21/16,8:20,01 - Clear,01 - Dry,10 - No control,01 - Non intersection,01 - Daylight,03 - P.D. only,04 - Sideswipe
13643,WELLINGTON ST    W btwn SHERBROOKE AVE & PINHEY ST,365427.123,5029512.496,7/18/16,19:13,01 - Clear,01 - Dry,10 - No control,01 - Non intersection,01 - Daylight,03 - P.D. only,04 - Sideswipe
13644,WELLINGTON ST    W btwn SHERBROOKE AVE & PINHEY ST,365449.279,5029539.334,1/2/16,21:30,03 - Snow,05 - Packed snow,10 - No control,01 - Non intersection,07 - Dark,03 - P.D. only,06 - SMV unattended vehicle
13645,WELLINGTON ST    W btwn SHERBROOKE AVE & PINHEY ST,365448.3936,5029541.155,1/3/16,0:02,01 - Clear,02 - Wet,10 - No control,01 - Non intersection,07 - Dark,03 - P.D. only,06 - SMV unattended vehicle
13646,WELLINGTON ST    W btwn SMIRLE AVE & JULIAN AVE,364683.7116,5029069.671,3/19/16,14:35,01 - Clear,01 - Dry,10 - No control,01 - Non intersection,01 - Daylight,03 - P.D. only,04 - Sideswipe
13647,WELLINGTON ST @ HAMILTON AVE,365079.0959,5029232.931,9/23/16,8:46,02 - Rain,02 - Wet,02 - Stop sign,03 - At intersection,01 - Daylight,03 - P.D. only,02 - Angle
13648,WELLINGTON ST @ LETT ST,366355.6598,5031111.035,4/6/16,17:37,03 - Snow,04 - Slush,01 - Traffic signal,03 - At intersection,01 - Daylight,03 - P.D. only,02 - Angle
13649,WELLINGTON ST @ LETT ST,366355.2249,5031111.581,9/19/16,15:51,01 - Clear,01 - Dry,01 - Traffic signal,02 - Intersection related,01 - Daylight,03 - P.D. only,03 - Rear end
13650,WELLINGTON ST @ LETT ST,366354.8109,5031110.9,8/10/16,7:41,01 - Clear,01 - Dry,01 - Traffic signal,02 - Intersection related,01 - Daylight,03 - P.D. only,03 - Rear end
13651,WELLINGTON ST @ LETT ST,366354.4959,5031110.844,4/4/16,12:24,01 - Clear,01 - Dry,01 - Traffic signal,02 - Intersection related,01 - Daylight,03 - P.D. only,03 - Rear end
13652,WELLINGTON ST btwn BANK ST & O'CONNOR ST,367280.5705,5031642.114,3/10/16,8:01,01 - Clear,02 - Wet,10 - No control,01 - Non intersection,01 - Daylight,02 - Non-fatal injury,01 - Approaching
13653,WELLINGTON ST btwn BANK ST & O'CONNOR ST,367327.5708,5031673.307,10/21/16,11:16,02 - Rain,02 - Wet,10 - No control,01 - Non intersection,01 - Daylight,02 - Non-fatal injury,07 - SMV other
13654,WELLINGTON ST btwn BANK ST & O'CONNOR ST,367371.3019,5031696.611,3/3/16,16:52,01 - Clear,01 - Dry,10 - No control,01 - Non intersection,01 - Daylight,02 - Non-fatal injury,03 - Rear end
13655,WELLINGTON ST btwn BAY ST & LYON ST N,366844.7748,5031370.227,10/28/16,17:40,01 - Clear,01 - Dry,10 - No control,01 - Non intersection,01 - Daylight,03 - P.D. only,04 - Sideswipe
13656,WELLINGTON ST btwn BAY ST & LYON ST N,366819.5386,5031353.689,12/7/16,16:40,01 - Clear,02 - Wet,10 - No control,04 - At/near private drive,05 - Dusk,03 - P.D. only,02 - Angle
13657,WELLINGTON ST btwn COMMISSIONER ST & TO BE DETERMINED,366624.4501,5031124.371,6/13/16,11:45,01 - Clear,01 - Dry,10 - No control,01 - Non intersection,01 - Daylight,03 - P.D. only,06 - SMV unattended vehicle
13658,WELLINGTON ST btwn Continuation of WELLINGTON ST & BAY ST,366788.9455,5031342.871,12/16/16,11:15,01 - Clear,01 - Dry,10 - No control,01 - Non intersection,01 - Daylight,03 - P.D. only,04 - Sideswipe
13659,WELLINGTON ST btwn ELGIN ST & ELGIN ST,367682.2819,5031890.077,9/2/16,16:50,01 - Clear,01 - Dry,10 - No control,01 - Non intersection,01 - Daylight,03 - P.D. only,04 - Sideswipe
13660,WELLINGTON ST btwn KENT ST & BANK ST,367140.1978,5031553.392,8/9/16,17:24,01 - Clear,01 - Dry,10 - No control,01 - Non intersection,01 - Daylight,02 - Non-fatal injury,04 - Sideswipe
13661,WELLINGTON ST btwn METCALFE ST & ELGIN ST,367645.5632,5031865.859,6/8/16,11:20,01 - Clear,01 - Dry,10 - No control,01 - Non intersection,01 - Daylight,03 - P.D. only,04 - Sideswipe
13662,WELLINGTON ST btwn METCALFE ST & ELGIN ST,367626.7236,5031855.843,9/29/16,0:00,01 - Clear,01 - Dry,10 - No control,01 - Non intersection,00 - Unknown,03 - P.D. only,06 - SMV unattended vehicle