Record,Location,X,Y,Date,Time,Environment,Road_Surface,Traffic_Control,Collision_Location,Light,Collision_Classification,Impact_type
13663,WELLINGTON ST btwn O'CONNOR ST & METCALFE ST,367540.3551,5031802.228,4/25/16,17:30,01 - Clear,01 - Dry,10 - No control,01 - Non intersection,01 - Daylight,03 - P.D. only,03 - Rear end
13664,WELLINGTON ST btwn OTTAWA RIVER PKWY & TO BE DETERMINED,366275.3462,5031015.025,6/13/16,15:00,01 - Clear,01 - Dry,10 - No control,01 - Non intersection,01 - Daylight,03 - P.D. only,04 - Sideswipe
13665,WELLINGTON ST btwn TO BE DETERMINED & BAY ST,366697.0997,5031279.931,12/30/16,0:30,03 - Snow,04 - Slush,10 - No control,01 - Non intersection,07 - Dark,03 - P.D. only,07 - SMV other
13666,WENDLER TER btwn LEGRAND CRES & LEGRAND CRES,382820.5549,5035741.791,4/18/16,18:00,01 - Clear,01 - Dry,10 - No control,01 - Non intersection,01 - Daylight,03 - P.D. only,06 - SMV unattended vehicle
13667,WESLOCK WAY btwn WALDEN DR & ZOKOL CRES,350645.0528,5021232.356,2/16/16,17:15,03 - Snow,03 - Loose snow,10 - No control,01 - Non intersection,05 - Dusk,03 - P.D. only,06 - SMV unattended vehicle
13668,WESSEX RD btwn AMHERST CRES & GLACIER ST,363403.5398,5015048.432,7/14/16,16:30,01 - Clear,01 - Dry,10 - No control,01 - Non intersection,01 - Daylight,03 - P.D. only,06 - SMV unattended vehicle
13669,WEST HUNT CLUB RD @ 354 E OF WOODROFFE AVE/REC,363983.1604,5021423.779,11/21/16,19:18,03 - Snow,03 - Loose snow,01 - Traffic signal,02 - Intersection related,07 - Dark,03 - P.D. only,07 - SMV other
13670,WEST HUNT CLUB RD @ 545 E OF ROYDON PL/SUNDERLAND ST,366353.0587,5022407.628,9/11/16,9:51,01 - Clear,01 - Dry,01 - Traffic signal,03 - At intersection,01 - Daylight,02 - Non-fatal injury,05 - Turning movement
13671,WEST HUNT CLUB RD @ 545 E OF ROYDON PL/SUNDERLAND ST,366352.3499,5022407.41,5/12/16,20:53,01 - Clear,01 - Dry,01 - Traffic signal,02 - Intersection related,05 - Dusk,03 - P.D. only,03 - Rear end
13672,WEST HUNT CLUB RD @ 545 E OF ROYDON PL/SUNDERLAND ST,366353.5949,5022407.956,8/22/16,13:23,01 - Clear,01 - Dry,01 - Traffic signal,02 - Intersection related,01 - Daylight,03 - P.D. only,04 - Sideswipe
13673,WEST HUNT CLUB RD @ ANTARES DR/LASER ST,367107.7192,5022081.464,7/31/16,18:27,01 - Clear,01 - Dry,01 - Traffic signal,03 - At intersection,01 - Daylight,02 - Non-fatal injury,05 - Turning movement
13674,WEST HUNT CLUB RD @ ANTARES DR/LASER ST,367108.3699,5022082.16,1/6/16,16:29,01 - Clear,01 - Dry,01 - Traffic signal,02 - Intersection related,01 - Daylight,02 - Non-fatal injury,03 - Rear end
13675,WEST HUNT CLUB RD @ ANTARES DR/LASER ST,367107.1162,5022081.858,10/19/16,12:03,01 - Clear,01 - Dry,01 - Traffic signal,02 - Intersection related,01 - Daylight,03 - P.D. only,04 - Sideswipe
13676,WEST HUNT CLUB RD @ ANTARES DR/LASER ST,367106.055,5022079.431,10/21/16,17:32,02 - Rain,02 - Wet,01 - Traffic signal,02 - Intersection related,01 - Daylight,03 - P.D. only,03 - Rear end
13677,WEST HUNT CLUB RD @ ANTARES DR/LASER ST,367107.7675,5022081.586,1/4/16,17:11,01 - Clear,01 - Dry,01 - Traffic signal,02 - Intersection related,05 - Dusk,03 - P.D. only,03 - Rear end
13678,WEST HUNT CLUB RD @ ANTARES DR/LASER ST,367106.2104,5022081.877,1/12/16,15:20,03 - Snow,02 - Wet,01 - Traffic signal,02 - Intersection related,01 - Daylight,03 - P.D. only,03 - Rear end
13679,WEST HUNT CLUB RD @ ANTARES DR/LASER ST,367108.5395,5022079.431,10/20/16,18:38,02 - Rain,02 - Wet,01 - Traffic signal,02 - Intersection related,07 - Dark,03 - P.D. only,03 - Rear end
13680,WEST HUNT CLUB RD @ ANTARES DR/LASER ST,367108.063,5022080.989,9/28/16,15:47,01 - Clear,01 - Dry,01 - Traffic signal,02 - Intersection related,01 - Daylight,03 - P.D. only,03 - Rear end
13681,WEST HUNT CLUB RD @ ANTARES DR/LASER ST,367107.7113,5022083.572,11/29/16,17:37,01 - Clear,02 - Wet,01 - Traffic signal,03 - At intersection,07 - Dark,03 - P.D. only,03 - Rear end
13682,WEST HUNT CLUB RD @ ANTARES DR/LASER ST,367108.5395,5022082.744,11/30/16,18:35,02 - Rain,02 - Wet,01 - Traffic signal,02 - Intersection related,07 - Dark,03 - P.D. only,04 - Sideswipe
13683,WEST HUNT CLUB RD @ ANTARES DR/LASER ST,367107.7113,5022081.088,11/10/16,11:00,01 - Clear,01 - Dry,01 - Traffic signal,02 - Intersection related,01 - Daylight,03 - P.D. only,04 - Sideswipe
13684,WEST HUNT CLUB RD @ CLEOPATRA DR/LANCELOT DR,365235.3218,5021732.564,6/16/16,18:18,01 - Clear,01 - Dry,01 - Traffic signal,03 - At intersection,01 - Daylight,02 - Non-fatal injury,05 - Turning movement
13685,WEST HUNT CLUB RD @ CLEOPATRA DR/LANCELOT DR,365235.5984,5021733.642,4/28/16,11:23,01 - Clear,01 - Dry,01 - Traffic signal,02 - Intersection related,01 - Daylight,02 - Non-fatal injury,03 - Rear end
13686,WEST HUNT CLUB RD @ CLEOPATRA DR/LANCELOT DR,365234.6096,5021731.649,8/7/16,15:07,01 - Clear,01 - Dry,01 - Traffic signal,02 - Intersection related,01 - Daylight,02 - Non-fatal injury,03 - Rear end
13687,WEST HUNT CLUB RD @ CLEOPATRA DR/LANCELOT DR,365241.1466,5021733.73,9/17/16,15:33,02 - Rain,02 - Wet,01 - Traffic signal,02 - Intersection related,01 - Daylight,03 - P.D. only,03 - Rear end
13688,WEST HUNT CLUB RD @ CLEOPATRA DR/LANCELOT DR,365236.4325,5021731.66,2/11/16,22:28,03 - Snow,06 - Ice,01 - Traffic signal,02 - Intersection related,07 - Dark,03 - P.D. only,03 - Rear end
13689,WEST HUNT CLUB RD @ CLEOPATRA DR/LANCELOT DR,365236.5282,5021731.252,10/22/16,16:32,02 - Rain,02 - Wet,01 - Traffic signal,02 - Intersection related,01 - Daylight,03 - P.D. only,03 - Rear end
13690,WEST HUNT CLUB RD @ CLEOPATRA DR/LANCELOT DR,365235.694,5021732.154,1/19/16,7:10,01 - Clear,02 - Wet,01 - Traffic signal,02 - Intersection related,03 - Dawn,03 - P.D. only,03 - Rear end
13691,WEST HUNT CLUB RD @ CLEOPATRA DR/LANCELOT DR,365234.1991,5021732.119,1/5/16,7:38,03 - Snow,05 - Packed snow,01 - Traffic signal,03 - At intersection,03 - Dawn,03 - P.D. only,02 - Angle
13692,WEST HUNT CLUB RD @ ROYDON PL/SUNDERLAND ST,365973.317,5022168.709,10/21/16,21:03,02 - Rain,02 - Wet,01 - Traffic signal,03 - At intersection,07 - Dark,01 - Fatal injury,99 - Other
13693,WEST HUNT CLUB RD @ ROYDON PL/SUNDERLAND ST,365974.0229,5022171.728,5/19/16,19:24,01 - Clear,01 - Dry,01 - Traffic signal,03 - At intersection,01 - Daylight,02 - Non-fatal injury,02 - Angle
13694,WEST HUNT CLUB RD @ ROYDON PL/SUNDERLAND ST,365972.4226,5022169.25,7/20/16,16:41,01 - Clear,01 - Dry,01 - Traffic signal,02 - Intersection related,01 - Daylight,02 - Non-fatal injury,05 - Turning movement
13695,WEST HUNT CLUB RD @ ROYDON PL/SUNDERLAND ST,365971.9048,5022168.408,12/12/16,21:55,03 - Snow,03 - Loose snow,01 - Traffic signal,03 - At intersection,07 - Dark,02 - Non-fatal injury,05 - Turning movement
13696,WEST HUNT CLUB RD @ ROYDON PL/SUNDERLAND ST,365973.0665,5022171.728,5/12/16,16:40,01 - Clear,01 - Dry,01 - Traffic signal,03 - At intersection,01 - Daylight,03 - P.D. only,02 - Angle
13697,WEST HUNT CLUB RD @ ROYDON PL/SUNDERLAND ST,365974.8795,5022170.271,3/20/16,21:50,01 - Clear,01 - Dry,01 - Traffic signal,03 - At intersection,07 - Dark,03 - P.D. only,07 - SMV other
13698,WEST HUNT CLUB RD @ ROYDON PL/SUNDERLAND ST,365974.9792,5022169.816,5/10/16,11:40,01 - Clear,01 - Dry,01 - Traffic signal,03 - At intersection,01 - Daylight,03 - P.D. only,05 - Turning movement
13699,WEST HUNT CLUB RD @ ROYDON PL/SUNDERLAND ST,365973.0665,5022171.25,5/27/16,11:40,01 - Clear,01 - Dry,01 - Traffic signal,02 - Intersection related,01 - Daylight,03 - P.D. only,04 - Sideswipe
13700,WEST HUNT CLUB RD @ ROYDON PL/SUNDERLAND ST,365973.3837,5022170.211,7/14/16,17:49,01 - Clear,01 - Dry,01 - Traffic signal,03 - At intersection,01 - Daylight,03 - P.D. only,05 - Turning movement
13701,WEST HUNT CLUB RD @ ROYDON PL/SUNDERLAND ST,365973.3975,5022170.396,7/28/16,14:38,01 - Clear,01 - Dry,01 - Traffic signal,03 - At intersection,01 - Daylight,03 - P.D. only,05 - Turning movement
13702,WEST HUNT CLUB RD @ ROYDON PL/SUNDERLAND ST,365974.8274,5022169.714,4/11/16,14:49,01 - Clear,02 - Wet,01 - Traffic signal,03 - At intersection,01 - Daylight,03 - P.D. only,02 - Angle
13703,WEST HUNT CLUB RD @ ROYDON PL/SUNDERLAND ST,365974,5022170.108,4/19/16,16:51,01 - Clear,01 - Dry,01 - Traffic signal,03 - At intersection,01 - Daylight,03 - P.D. only,02 - Angle
13704,WEST HUNT CLUB RD @ ROYDON PL/SUNDERLAND ST,365973.317,5022169.49,7/28/16,15:22,01 - Clear,01 - Dry,01 - Traffic signal,02 - Intersection related,01 - Daylight,03 - P.D. only,04 - Sideswipe
13705,WEST HUNT CLUB RD @ ROYDON PL/SUNDERLAND ST,365974.5358,5022169.076,10/27/16,16:48,03 - Snow,02 - Wet,01 - Traffic signal,02 - Intersection related,01 - Daylight,03 - P.D. only,03 - Rear end
13706,WEST HUNT CLUB RD @ ROYDON PL/SUNDERLAND ST,365974.3377,5022170.04,9/10/16,17:38,01 - Clear,01 - Dry,01 - Traffic signal,03 - At intersection,01 - Daylight,03 - P.D. only,02 - Angle
13707,WEST HUNT CLUB RD @ ROYDON PL/SUNDERLAND ST,365975.5034,5022172.006,12/23/16,11:52,01 - Clear,02 - Wet,01 - Traffic signal,02 - Intersection related,01 - Daylight,03 - P.D. only,03 - Rear end
13708,WEST HUNT CLUB RD @ WOODROFFE AVE,363670.4715,5021245.83,2/28/16,19:53,04 - Freezing Rain,02 - Wet,01 - Traffic signal,03 - At intersection,07 - Dark,02 - Non-fatal injury,05 - Turning movement
13709,WEST HUNT CLUB RD @ WOODROFFE AVE,363669.8597,5021246.354,1/28/16,7:27,01 - Clear,01 - Dry,01 - Traffic signal,02 - Intersection related,03 - Dawn,02 - Non-fatal injury,03 - Rear end
13710,WEST HUNT CLUB RD @ WOODROFFE AVE,363669.9405,5021247.615,5/11/16,16:31,01 - Clear,01 - Dry,01 - Traffic signal,03 - At intersection,01 - Daylight,02 - Non-fatal injury,02 - Angle
13711,WEST HUNT CLUB RD @ WOODROFFE AVE,363672.3473,5021245.247,9/6/16,14:59,01 - Clear,01 - Dry,01 - Traffic signal,02 - Intersection related,01 - Daylight,02 - Non-fatal injury,03 - Rear end
13712,WEST HUNT CLUB RD @ WOODROFFE AVE,363670.691,5021244.419,10/12/16,9:34,01 - Clear,01 - Dry,01 - Traffic signal,02 - Intersection related,01 - Daylight,02 - Non-fatal injury,03 - Rear end
13713,WEST HUNT CLUB RD @ WOODROFFE AVE,363672.128,5021247.677,11/1/16,21:02,01 - Clear,01 - Dry,01 - Traffic signal,02 - Intersection related,07 - Dark,02 - Non-fatal injury,03 - Rear end
13714,WEST HUNT CLUB RD @ WOODROFFE AVE,363671.7887,5021246.269,2/25/16,18:50,04 - Freezing Rain,06 - Ice,01 - Traffic signal,02 - Intersection related,07 - Dark,03 - P.D. only,04 - Sideswipe
13715,WEST HUNT CLUB RD @ WOODROFFE AVE,363670.691,5021246.075,9/17/16,13:58,02 - Rain,02 - Wet,01 - Traffic signal,02 - Intersection related,01 - Daylight,03 - P.D. only,03 - Rear end
13716,WEST HUNT CLUB RD @ WOODROFFE AVE,363669.1891,5021245.674,1/16/16,10:47,03 - Snow,04 - Slush,01 - Traffic signal,02 - Intersection related,01 - Daylight,03 - P.D. only,03 - Rear end
13717,WEST HUNT CLUB RD @ WOODROFFE AVE,363670.0324,5021246.269,1/22/16,8:31,01 - Clear,01 - Dry,01 - Traffic signal,02 - Intersection related,01 - Daylight,03 - P.D. only,04 - Sideswipe
13718,WEST HUNT CLUB RD @ WOODROFFE AVE,363670.7382,5021246.375,1/17/16,20:15,03 - Snow,03 - Loose snow,01 - Traffic signal,02 - Intersection related,07 - Dark,03 - P.D. only,03 - Rear end
13719,WEST HUNT CLUB RD @ WOODROFFE AVE,363670.0324,5021247.587,1/27/16,8:56,01 - Clear,06 - Ice,01 - Traffic signal,02 - Intersection related,01 - Daylight,03 - P.D. only,07 - SMV other
13720,WEST HUNT CLUB RD @ WOODROFFE AVE,363671.3569,5021246.711,2/19/16,10:40,03 - Snow,02 - Wet,01 - Traffic signal,03 - At intersection,01 - Daylight,03 - P.D. only,02 - Angle
13721,WEST HUNT CLUB RD @ WOODROFFE AVE,363670.7221,5021245.565,1/19/16,15:40,01 - Clear,03 - Loose snow,01 - Traffic signal,02 - Intersection related,01 - Daylight,03 - P.D. only,03 - Rear end
13722,WEST HUNT CLUB RD @ WOODROFFE AVE,363670.691,5021246.114,1/13/16,14:45,01 - Clear,02 - Wet,01 - Traffic signal,02 - Intersection related,01 - Daylight,03 - P.D. only,03 - Rear end
13723,WEST HUNT CLUB RD @ WOODROFFE AVE,363670.1555,5021246.221,9/17/16,19:27,02 - Rain,02 - Wet,01 - Traffic signal,02 - Intersection related,07 - Dark,03 - P.D. only,03 - Rear end
13724,WEST HUNT CLUB RD @ WOODROFFE AVE,363671.762,5021245.15,9/2/16,12:42,01 - Clear,01 - Dry,01 - Traffic signal,02 - Intersection related,01 - Daylight,03 - P.D. only,03 - Rear end
13725,WEST HUNT CLUB RD @ WOODROFFE AVE,363670.4593,5021245.794,9/9/16,8:09,01 - Clear,01 - Dry,01 - Traffic signal,02 - Intersection related,01 - Daylight,03 - P.D. only,05 - Turning movement
13726,WEST HUNT CLUB RD @ WOODROFFE AVE,363671.8133,5021245.367,4/14/16,14:18,01 - Clear,01 - Dry,01 - Traffic signal,02 - Intersection related,01 - Daylight,03 - P.D. only,03 - Rear end
13727,WEST HUNT CLUB RD @ WOODROFFE AVE,363670.915,5021246.265,3/24/16,15:20,03 - Snow,03 - Loose snow,01 - Traffic signal,02 - Intersection related,01 - Daylight,03 - P.D. only,03 - Rear end
13728,WEST HUNT CLUB RD @ WOODROFFE AVE,363670.6623,5021246.507,3/26/16,13:41,01 - Clear,02 - Wet,01 - Traffic signal,02 - Intersection related,01 - Daylight,03 - P.D. only,03 - Rear end
13729,WEST HUNT CLUB RD @ WOODROFFE AVE,363670.0176,5021246.713,4/8/16,12:54,01 - Clear,02 - Wet,01 - Traffic signal,02 - Intersection related,01 - Daylight,03 - P.D. only,03 - Rear end
13730,WEST HUNT CLUB RD @ WOODROFFE AVE,363670.6548,5021246.49,2/28/16,21:19,01 - Clear,02 - Wet,01 - Traffic signal,03 - At intersection,07 - Dark,03 - P.D. only,02 - Angle
13731,WEST HUNT CLUB RD @ WOODROFFE AVE,363670.9155,5021246.265,4/27/16,9:39,01 - Clear,01 - Dry,01 - Traffic signal,02 - Intersection related,01 - Daylight,03 - P.D. only,03 - Rear end
13732,WEST HUNT CLUB RD @ WOODROFFE AVE,363670.1967,5021247.025,9/5/16,13:46,01 - Clear,01 - Dry,01 - Traffic signal,02 - Intersection related,01 - Daylight,03 - P.D. only,03 - Rear end
13733,WEST HUNT CLUB RD @ WOODROFFE AVE,363670.0324,5021246.269,9/23/16,13:25,01 - Clear,01 - Dry,01 - Traffic signal,03 - At intersection,01 - Daylight,03 - P.D. only,99 - Other
13734,WEST HUNT CLUB RD @ WOODROFFE AVE,363671.5192,5021245.247,9/22/16,21:40,02 - Rain,02 - Wet,01 - Traffic signal,02 - Intersection related,07 - Dark,03 - P.D. only,03 - Rear end
13735,WEST HUNT CLUB RD @ WOODROFFE AVE,363670.9183,5021245.58,7/8/16,19:50,01 - Clear,01 - Dry,01 - Traffic signal,03 - At intersection,01 - Daylight,03 - P.D. only,01 - Approaching
13736,WEST HUNT CLUB RD @ WOODROFFE AVE,363670.4715,5021247.587,11/1/16,17:15,01 - Clear,01 - Dry,01 - Traffic signal,03 - At intersection,05 - Dusk,03 - P.D. only,05 - Turning movement
13737,WEST HUNT CLUB RD @ WOODROFFE AVE,363668.2339,5021244.902,11/13/16,12:20,01 - Clear,01 - Dry,01 - Traffic signal,02 - Intersection related,01 - Daylight,03 - P.D. only,03 - Rear end
13738,WEST HUNT CLUB RD @ WOODROFFE AVE,363670.0324,5021246.269,12/15/16,8:50,01 - Clear,02 - Wet,01 - Traffic signal,03 - At intersection,01 - Daylight,03 - P.D. only,05 - Turning movement
13739,WEST HUNT CLUB RD @ WOODROFFE AVE,363669.8628,5021245.247,12/8/16,22:28,03 - Snow,06 - Ice,01 - Traffic signal,02 - Intersection related,07 - Dark,03 - P.D. only,03 - Rear end
13740,WEST HUNT CLUB RD @ WOODROFFE AVE,363670.4715,5021246.269,11/24/16,9:15,03 - Snow,04 - Slush,01 - Traffic signal,02 - Intersection related,01 - Daylight,03 - P.D. only,04 - Sideswipe
13741,WEST HUNT CLUB RD @ WOODROFFE AVE,363670.6476,5021246.466,11/29/16,7:54,04 - Freezing Rain,06 - Ice,01 - Traffic signal,02 - Intersection related,01 - Daylight,03 - P.D. only,04 - Sideswipe
13742,WEST HUNT CLUB RD @ WOODROFFE AVE,363670.0324,5021246.269,11/26/16,2:18,01 - Clear,02 - Wet,01 - Traffic signal,03 - At intersection,07 - Dark,03 - P.D. only,02 - Angle
13743,WEST HUNT CLUB RD btwn HWY416 IC72 RAMP63 & CEDARVIEW RD,359675.8364,5019531.479,6/6/16,16:45,01 - Clear,01 - Dry,10 - No control,01 - Non intersection,01 - Daylight,03 - P.D. only,03 - Rear end
13744,WEST HUNT CLUB RD btwn MOODIE DR & HWY416 IC72 RAMP53,358083.2211,5018603.218,10/14/16,16:26,01 - Clear,01 - Dry,10 - No control,01 - Non intersection,01 - Daylight,02 - Non-fatal injury,03 - Rear end
13745,WEST HUNT CLUB RD btwn MOODIE DR & HWY416 IC72 RAMP53,358338.4619,5018751.419,3/6/16,14:35,01 - Clear,01 - Dry,10 - No control,01 - Non intersection,01 - Daylight,03 - P.D. only,03 - Rear end
13746,WEST HUNT CLUB RD btwn MOODIE DR & HWY416 IC72 RAMP53,358252.7793,5018702.185,3/2/16,16:08,06 - Strong wind,02 - Wet,10 - No control,01 - Non intersection,01 - Daylight,03 - P.D. only,03 - Rear end
13747,WEST HUNT CLUB RD btwn MOODIE DR & HWY416 IC72 RAMP53,358124.3367,5018624.691,8/23/16,8:07,01 - Clear,01 - Dry,10 - No control,01 - Non intersection,01 - Daylight,03 - P.D. only,07 - SMV other
13748,WEST HUNT CLUB RD btwn MOODIE DR & HWY416 IC72 RAMP53,359185.6603,5019251.954,4/18/16,6:26,01 - Clear,01 - Dry,10 - No control,01 - Non intersection,01 - Daylight,03 - P.D. only,04 - Sideswipe
13749,WEST HUNT CLUB RD btwn MOODIE DR & HWY416 IC72 RAMP53,359189.2245,5019253.454,7/7/16,14:38,01 - Clear,01 - Dry,10 - No control,01 - Non intersection,01 - Daylight,03 - P.D. only,04 - Sideswipe
13750,WEST HUNT CLUB RD btwn MOODIE DR & HWY416 IC72 RAMP53,357975.4146,5018532.751,12/30/16,9:00,01 - Clear,01 - Dry,10 - No control,04 - At/near private drive,01 - Daylight,03 - P.D. only,04 - Sideswipe
13751,WEST HUNT CLUB RD btwn MOODIE DR & HWY416 IC72 RAMP53,358848.7261,5019053.397,11/15/16,7:51,01 - Clear,01 - Dry,10 - No control,01 - Non intersection,01 - Daylight,03 - P.D. only,01 - Approaching
13752,WEST HUNT CLUB RD btwn MOODIE DR & HWY416 IC72 RAMP53,358338.8827,5018749.867,12/23/16,0:08,01 - Clear,02 - Wet,10 - No control,01 - Non intersection,07 - Dark,03 - P.D. only,07 - SMV other
13753,WEST HUNT CLUB RD btwn MOODIE DR & RICHMOND RD,357865.4871,5018471.173,6/19/16,11:41,01 - Clear,01 - Dry,10 - No control,01 - Non intersection,01 - Daylight,03 - P.D. only,07 - SMV other
13754,WEST HUNT CLUB RD btwn MOODIE DR & RICHMOND RD,357727.9416,5018409.429,11/21/16,9:49,03 - Snow,03 - Loose snow,10 - No control,01 - Non intersection,01 - Daylight,03 - P.D. only,07 - SMV other
13755,WEST HUNT CLUB RD btwn PRINCE OF WALES DR & HUNT CLUB RD,367620.438,5021884.548,1/4/16,17:25,01 - Clear,01 - Dry,10 - No control,01 - Non intersection,05 - Dusk,02 - Non-fatal injury,03 - Rear end
13756,WEST HUNT CLUB RD btwn PRINCE OF WALES DR & HUNT CLUB RD,367632.3656,5021884.259,1/30/16,10:05,01 - Clear,01 - Dry,10 - No control,01 - Non intersection,01 - Daylight,03 - P.D. only,07 - SMV other
13757,WEST HUNT CLUB RD btwn PRINCE OF WALES DR & TURN LANE,367568.5186,5021887.219,4/20/16,16:40,01 - Clear,01 - Dry,10 - No control,01 - Non intersection,01 - Daylight,03 - P.D. only,03 - Rear end
13758,WEST HUNT CLUB RD btwn PRINCE OF WALES DR & TURN LANE,367573.9376,5021886.049,7/16/16,1:59,02 - Rain,02 - Wet,10 - No control,01 - Non intersection,07 - Dark,03 - P.D. only,03 - Rear end
13759,WEST HUNT CLUB RD btwn TURN LANE & PRINCE OF WALES DR (2),367406.3991,5021892.856,4/12/16,7:53,01 - Clear,01 - Dry,10 - No control,01 - Non intersection,01 - Daylight,03 - P.D. only,04 - Sideswipe
13760,WEST HUNT CLUB RD EB btwn 210 W OF MERIVALE RD & MERIVALE RD,365531.2462,5021875.539,2/4/16,16:26,01 - Clear,01 - Dry,10 - No control,01 - Non intersection,01 - Daylight,03 - P.D. only,04 - Sideswipe
13761,WEST HUNT CLUB RD EB btwn 210 W OF MERIVALE RD & MERIVALE RD,365447.8214,5021821.532,9/28/16,10:01,01 - Clear,01 - Dry,10 - No control,01 - Non intersection,01 - Daylight,03 - P.D. only,04 - Sideswipe
13762,WEST HUNT CLUB RD EB btwn 210 W OF MERIVALE RD & MERIVALE RD,365610.0016,5021929.03,2/22/16,10:45,01 - Clear,01 - Dry,10 - No control,01 - Non intersection,01 - Daylight,03 - P.D. only,04 - Sideswipe
13763,WEST HUNT CLUB RD EB btwn 354 E OF WOODROFFE AVE/REC PATH & CLEOPATRA ,364934.1993,5021688.161,4/22/16,21:23,01 - Clear,01 - Dry,10 - No control,01 - Non intersection,07 - Dark,02 - Non-fatal injury,07 - SMV other
13764,WEST HUNT CLUB RD EB btwn 545 E OF ROYDON PL/SUNDERLAND ST & ANTARES D,367012.1194,5022236.503,7/16/16,12:55,01 - Clear,01 - Dry,10 - No control,07 - Overpass or bridge,01 - Daylight,03 - P.D. only,04 - Sideswipe
13765,WEST HUNT CLUB RD EB btwn CEDARVIEW RD & GREENBANK RD,361477.4816,5020486.233,10/28/16,10:24,02 - Rain,02 - Wet,10 - No control,01 - Non intersection,01 - Daylight,03 - P.D. only,07 - SMV other
13766,WEST HUNT CLUB RD EB btwn GREENBANK RD & KNOXDALE RD,361827.4618,5020575.915,9/23/16,8:35,02 - Rain,02 - Wet,10 - No control,01 - Non intersection,01 - Daylight,03 - P.D. only,04 - Sideswipe
13767,WEST HUNT CLUB RD EB btwn KNOXDALE RD & WOODROFFE AVE,363471.1051,5021098.663,11/7/16,14:15,01 - Clear,01 - Dry,10 - No control,01 - Non intersection,01 - Daylight,02 - Non-fatal injury,07 - SMV other
13768,WEST HUNT CLUB RD EB btwn KNOXDALE RD & WOODROFFE AVE,363656.7065,5021236.056,2/26/16,11:58,01 - Clear,01 - Dry,10 - No control,01 - Non intersection,01 - Daylight,03 - P.D. only,04 - Sideswipe
13769,WEST HUNT CLUB RD EB btwn MERIVALE RD & SUNDERLAND ST,365817.5251,5022056.439,10/7/16,17:32,01 - Clear,01 - Dry,10 - No control,01 - Non intersection,01 - Daylight,02 - Non-fatal injury,04 - Sideswipe
13770,WEST HUNT CLUB RD EB btwn MERIVALE RD & SUNDERLAND ST,365652.7879,5021955.207,6/7/16,11:49,01 - Clear,01 - Dry,10 - No control,01 - Non intersection,01 - Daylight,02 - Non-fatal injury,03 - Rear end
13771,WEST HUNT CLUB RD EB btwn MERIVALE RD & SUNDERLAND ST,365725.5028,5022000.161,4/29/16,8:16,01 - Clear,01 - Dry,10 - No control,01 - Non intersection,01 - Daylight,03 - P.D. only,03 - Rear end
13772,WEST HUNT CLUB RD EB btwn MERIVALE RD & SUNDERLAND ST,365806.3349,5022050.986,7/27/16,16:42,01 - Clear,01 - Dry,10 - No control,01 - Non intersection,01 - Daylight,03 - P.D. only,04 - Sideswipe
13773,WEST HUNT CLUB RD EB btwn ROYDON PL/SUNDERLAND ST & 545 E OF ROYDON PL,366082.2036,5022224.705,2/13/16,8:08,01 - Clear,06 - Ice,10 - No control,01 - Non intersection,01 - Daylight,02 - Non-fatal injury,07 - SMV other
13774,WEST HUNT CLUB RD EB btwn ROYDON PL/SUNDERLAND ST & 545 E OF ROYDON PL,366063.7303,5022213.462,7/14/16,17:47,01 - Clear,01 - Dry,10 - No control,01 - Non intersection,01 - Daylight,03 - P.D. only,03 - Rear end
13775,WEST HUNT CLUB RD EB btwn WOODROFFE AVE & 354 E OF WOODROFFE AVE/REC P,363937.0171,5021399.378,7/9/16,10:02,02 - Rain,02 - Wet,10 - No control,01 - Non intersection,01 - Daylight,03 - P.D. only,07 - SMV other
13776,WEST HUNT CLUB RD EB btwn WOODROFFE AVE & 354 E OF WOODROFFE AVE/REC P,363790.7738,5021338,11/21/16,20:38,03 - Snow,03 - Loose snow,10 - No control,01 - Non intersection,07 - Dark,03 - P.D. only,03 - Rear end
13777,WEST HUNT CLUB RD WB btwn 210 W OF MERIVALE RD & MERIVALE RD,365604.0382,5021937.393,3/7/16,16:27,01 - Clear,01 - Dry,10 - No control,01 - Non intersection,01 - Daylight,03 - P.D. only,07 - SMV other
13778,WEST HUNT CLUB RD WB btwn 210 W OF MERIVALE RD & MERIVALE RD,365559.9455,5021909.502,2/17/16,10:46,01 - Clear,02 - Wet,10 - No control,04 - At/near private drive,01 - Daylight,03 - P.D. only,03 - Rear end
13779,WEST HUNT CLUB RD WB btwn 545 E OF ROYDON PL/SUNDERLAND ST & ANTARES D,366703.5401,5022540.997,1/29/16,8:40,03 - Snow,03 - Loose snow,10 - No control,01 - Non intersection,01 - Daylight,03 - P.D. only,04 - Sideswipe
13780,WEST HUNT CLUB RD WB btwn 545 E OF ROYDON PL/SUNDERLAND ST & ANTARES D,366398.1368,5022434.931,1/11/16,15:50,01 - Clear,01 - Dry,10 - No control,04 - At/near private drive,01 - Daylight,03 - P.D. only,03 - Rear end
13781,WEST HUNT CLUB RD WB btwn 545 E OF ROYDON PL/SUNDERLAND ST & ANTARES D,367059.5701,5022171.864,9/15/16,16:40,01 - Clear,01 - Dry,10 - No control,01 - Non intersection,01 - Daylight,03 - P.D. only,03 - Rear end
13782,WEST HUNT CLUB RD WB btwn 545 E OF ROYDON PL/SUNDERLAND ST & ANTARES D,366966.9477,5022342.219,12/17/16,7:23,03 - Snow,03 - Loose snow,10 - No control,01 - Non intersection,03 - Dawn,03 - P.D. only,07 - SMV other