Record,Location,X,Y,Date,Time,Environment,Road_Surface,Traffic_Control,Collision_Location,Light,Collision_Classification,Impact_type
13783,WEST HUNT CLUB RD WB btwn CEDARVIEW RD & GREENBANK RD,359896.3032,5019663.317,2/24/16,22:15,02 - Rain,04 - Slush,10 - No control,01 - Non intersection,07 - Dark,03 - P.D. only,07 - SMV other
13784,WEST HUNT CLUB RD WB btwn CEDARVIEW RD & GREENBANK RD,359890.5348,5019657.292,1/5/16,17:15,01 - Clear,06 - Ice,10 - No control,01 - Non intersection,05 - Dusk,03 - P.D. only,03 - Rear end
13785,WEST HUNT CLUB RD WB btwn CEDARVIEW RD & GREENBANK RD,361051.258,5020256.401,12/29/16,19:29,03 - Snow,03 - Loose snow,10 - No control,01 - Non intersection,07 - Dark,03 - P.D. only,07 - SMV other
13786,WEST HUNT CLUB RD WB btwn KNOXDALE RD & WOODROFFE AVE,363230.9193,5021009.92,5/12/16,7:10,01 - Clear,01 - Dry,10 - No control,01 - Non intersection,01 - Daylight,02 - Non-fatal injury,07 - SMV other
13787,WEST HUNT CLUB RD WB btwn KNOXDALE RD & WOODROFFE AVE,363140.9171,5020987.089,3/1/16,17:23,03 - Snow,03 - Loose snow,10 - No control,01 - Non intersection,05 - Dusk,03 - P.D. only,07 - SMV other
13788,WEST HUNT CLUB RD WB btwn KNOXDALE RD & WOODROFFE AVE,363504.9391,5021136.939,12/8/16,20:59,03 - Snow,06 - Ice,10 - No control,01 - Non intersection,07 - Dark,03 - P.D. only,99 - Other
13789,WEST HUNT CLUB RD WB btwn LANCELOT DR & 210 W OF MERIVALE RD,365376.6566,5021797.57,5/22/16,14:58,01 - Clear,01 - Dry,10 - No control,01 - Non intersection,01 - Daylight,03 - P.D. only,03 - Rear end
13790,WEST HUNT CLUB RD WB btwn ROYDON PL/SUNDERLAND ST & 545 E OF ROYDON PL,366015.2053,5022197.602,6/29/16,16:10,01 - Clear,01 - Dry,10 - No control,04 - At/near private drive,01 - Daylight,03 - P.D. only,05 - Turning movement
13791,WEST RIDGE DR @ FERNBANK RD,350380.5932,5011669.127,2/17/16,21:39,03 - Snow,05 - Packed snow,02 - Stop sign,03 - At intersection,07 - Dark,03 - P.D. only,02 - Angle
13792,WEST RIDGE DR btwn BALLYBOY ST & PARLOR PL,349251.6723,5012998.524,2/20/16,3:30,03 - Snow,05 - Packed snow,10 - No control,04 - At/near private drive,07 - Dark,03 - P.D. only,02 - Angle
13793,WEST RIDGE DR btwn BARRACKS WAY & DALEWOOD CRES,350729.0687,5011541.314,2/10/16,8:12,01 - Clear,01 - Dry,10 - No control,01 - Non intersection,01 - Daylight,03 - P.D. only,06 - SMV unattended vehicle
13794,WEST RIDGE DR btwn DELAMERE DR & WHALINGS CIRC,348679.1628,5013680.419,6/10/16,23:34,01 - Clear,01 - Dry,10 - No control,01 - Non intersection,07 - Dark,02 - Non-fatal injury,04 - Sideswipe
13795,WEST RIDGE DR btwn FRANKLIN CATHCART CRES & FRANKLIN CATHCART CRES,349863.2492,5012410.645,8/25/16,17:15,01 - Clear,01 - Dry,10 - No control,04 - At/near private drive,01 - Daylight,03 - P.D. only,04 - Sideswipe
13796,WEST RIVER DR btwn WEST AVE & NORTH DR,368732.5828,5010270.921,5/2/16,21:46,01 - Clear,01 - Dry,10 - No control,01 - Non intersection,07 - Dark,02 - Non-fatal injury,07 - SMV other
13797,WEST RIVER DR btwn WEST AVE & NORTH DR,368450.3973,5010392.547,12/9/16,21:30,01 - Clear,01 - Dry,10 - No control,01 - Non intersection,07 - Dark,03 - P.D. only,06 - SMV unattended vehicle
13798,WESTBROOK RD btwn CARP RD & WALGREEN RD,347510.8815,5015223.166,12/11/16,20:00,03 - Snow,03 - Loose snow,10 - No control,01 - Non intersection,07 - Dark,03 - P.D. only,07 - SMV other
13799,WESTCLIFFE RD btwn ROBERTSON RD & TERRACE DR,356412.8408,5020023.597,10/11/16,12:20,01 - Clear,01 - Dry,10 - No control,04 - At/near private drive,01 - Daylight,03 - P.D. only,02 - Angle
13800,WESTDALE AVE btwn CORKSTOWN RD & RIVER BEND DR,357864.9823,5023256.052,6/28/16,12:50,01 - Clear,01 - Dry,10 - No control,01 - Non intersection,01 - Daylight,03 - P.D. only,06 - SMV unattended vehicle
13801,WESTERN AVE btwn GARRISON ST & WELLINGTON ST W,364333.8874,5028976.843,3/20/16,18:00,01 - Clear,01 - Dry,10 - No control,01 - Non intersection,01 - Daylight,03 - P.D. only,06 - SMV unattended vehicle
13802,WESTERN AVE btwn SPENCER ST & GARRISON ST,364299.2755,5029059.226,1/6/16,14:31,01 - Clear,05 - Packed snow,10 - No control,01 - Non intersection,01 - Daylight,03 - P.D. only,99 - Other
13803,WESTPHALIAN AVE btwn ANDALUSIAN CRES/LOSINO CRES & TERRY FOX DR,353297.2447,5015619.706,4/13/16,17:56,01 - Clear,01 - Dry,10 - No control,04 - At/near private drive,01 - Daylight,03 - P.D. only,02 - Angle
13804,WHEATLAND AVE btwn Continuation of WHEATLAND AVE & Continuation of WHE,355491.7303,5015339.438,5/3/16,16:30,01 - Clear,01 - Dry,10 - No control,01 - Non intersection,01 - Daylight,03 - P.D. only,04 - Sideswipe
13805,WHELAN DR btwn VANESSA TER & VANESSA TER,362740.4986,5015376.305,12/19/16,0:00,01 - Clear,05 - Packed snow,10 - No control,01 - Non intersection,00 - Unknown,03 - P.D. only,06 - SMV unattended vehicle
13806,WHIMBREL WAY btwn DAMSELFLY WAY & WHIMBREL WAY,365064.2288,5011761.081,11/18/16,13:00,02 - Rain,02 - Wet,10 - No control,01 - Non intersection,01 - Daylight,03 - P.D. only,06 - SMV unattended vehicle
13807,WHITBY AVE btwn WINSTON AVE & CHURCHILL AVE N,363142.1122,5028428.953,1/9/16,11:30,03 - Snow,03 - Loose snow,10 - No control,01 - Non intersection,01 - Daylight,03 - P.D. only,06 - SMV unattended vehicle
13808,WHITE ALDER AVE btwn FLAT SEDGE CRES & STALWART CRES W,375460.834,5020729.409,7/9/16,18:00,02 - Rain,02 - Wet,10 - No control,01 - Non intersection,01 - Daylight,03 - P.D. only,06 - SMV unattended vehicle
13809,WHITE ALDER AVE btwn WIDGEON WAY & FLAT SEDGE CRES,375232.2992,5020595.499,12/5/16,8:24,03 - Snow,06 - Ice,10 - No control,01 - Non intersection,01 - Daylight,03 - P.D. only,02 - Angle
13810,WHITECHAPEL CRES btwn BERRIGAN DR & LONGFIELDS DR,364222.1042,5015765.7,3/5/16,8:40,01 - Clear,01 - Dry,10 - No control,01 - Non intersection,01 - Daylight,03 - P.D. only,06 - SMV unattended vehicle
13811,WHITEGATE CRES btwn MOUNTSHANNON DR & MOUNTSHANNON DR,364815.7532,5016829.093,8/3/16,15:10,01 - Clear,01 - Dry,10 - No control,04 - At/near private drive,01 - Daylight,03 - P.D. only,06 - SMV unattended vehicle
13812,WHYTE SIDE RD btwn HAWTHORNE RD & RAMSAYVILLE RD,376377.5772,5024670.806,10/23/16,21:58,01 - Clear,01 - Dry,10 - No control,01 - Non intersection,07 - Dark,03 - P.D. only,03 - Rear end
13813,WIGGINS PRIV btwn CHAPEL CRES & GOULBURN CRES (1),369634.9585,5031483.579,6/8/16,20:52,01 - Clear,01 - Dry,10 - No control,01 - Non intersection,05 - Dusk,03 - P.D. only,06 - SMV unattended vehicle
13814,WILBERT COX DR @ WILBERT COX DR,344804.549,5016457.46,4/30/16,23:48,01 - Clear,01 - Dry,03 - Yield sign,03 - At intersection,07 - Dark,02 - Non-fatal injury,07 - SMV other
13815,WILBROD ST btwn FRIEL ST & CHAPEL ST,368961.2474,5032314.977,5/4/16,11:29,01 - Clear,01 - Dry,10 - No control,04 - At/near private drive,01 - Daylight,02 - Non-fatal injury,05 - Turning movement
13816,WILHAVEN DR btwn BECKETT'S CREEK RD & CANAAN RD,396320.3791,5041612.442,12/9/16,5:49,01 - Clear,02 - Wet,10 - No control,01 - Non intersection,07 - Dark,03 - P.D. only,07 - SMV other
13817,WILHAVEN DR btwn DUNNING RD & SARSFIELD RD,392185.4449,5040876.007,3/10/16,7:10,01 - Clear,02 - Wet,10 - No control,01 - Non intersection,01 - Daylight,03 - P.D. only,01 - Approaching
13818,WILHAVEN DR btwn EMMETT RD & BECKETT'S CREEK RD,394177.3516,5041293.595,11/8/16,7:07,01 - Clear,01 - Dry,10 - No control,01 - Non intersection,03 - Dawn,03 - P.D. only,07 - SMV other
13819,WILHAVEN DR btwn ROYAL ORCHARD DR & LOUGH DR,392961.4981,5040978.997,1/9/16,21:20,02 - Rain,06 - Ice,10 - No control,01 - Non intersection,07 - Dark,03 - P.D. only,99 - Other
13820,WILLIAM MCEWEN DR btwn CENTURY RD W & CEDARVIEW RD,365170.4304,5006770.764,5/2/16,10:51,01 - Clear,01 - Dry,10 - No control,04 - At/near private drive,01 - Daylight,03 - P.D. only,05 - Turning movement
13821,WILLIAM ST btwn YORK ST & GEORGE ST,367991.2944,5032331.78,6/21/16,2:00,01 - Clear,01 - Dry,10 - No control,01 - Non intersection,07 - Dark,03 - P.D. only,06 - SMV unattended vehicle
13822,WILLOW AVE btwn JUNIPER ST & FIR ST,381558.6811,5039003.921,6/29/16,15:34,01 - Clear,01 - Dry,10 - No control,01 - Non intersection,01 - Daylight,03 - P.D. only,06 - SMV unattended vehicle
13823,WILLOW GARDENS CRES btwn ELM CRES & HEARN CRES (1),350165.9282,5012572.445,2/21/16,13:26,03 - Snow,03 - Loose snow,10 - No control,04 - At/near private drive,01 - Daylight,03 - P.D. only,06 - SMV unattended vehicle
13824,WILLOW GARDENS CRES btwn HEARN CRES & HEARN CRES,350279.8013,5012692.46,12/30/16,18:15,01 - Clear,03 - Loose snow,10 - No control,01 - Non intersection,07 - Dark,03 - P.D. only,06 - SMV unattended vehicle
13825,WILLOW GLEN DR @ BLUEMEADOW WAY N/HAWLEY CRES ,354428.5467,5017075.688,1/6/16,18:43,01 - Clear,01 - Dry,02 - Stop sign,03 - At intersection,07 - Dark,03 - P.D. only,02 - Angle
13826,WILLOW ST btwn LEBRETON ST N & RON KOLBUS PRIV,366864.5372,5030034.537,7/1/16,9:06,02 - Rain,02 - Wet,10 - No control,01 - Non intersection,01 - Daylight,03 - P.D. only,06 - SMV unattended vehicle
13827,WILLOW ST btwn PRESTON ST & ROCHESTER ST,366568.2935,5029922.152,12/31/16,0:00,03 - Snow,03 - Loose snow,10 - No control,01 - Non intersection,00 - Unknown,03 - P.D. only,06 - SMV unattended vehicle
13828,WILLOWDUSK ST btwn MEADOWBREEZE DR & SUMMITVIEW DR,"356,535.81","5,015,509.05",12/17/16,15:30,01 - Clear,01 - Dry,10 - No control,01 - Non intersection,01 - Daylight,03 - P.D. only,06 - SMV unattended vehicle
13829,WILLOWMERE WAY btwn CREEKVIEW WAY/MANORWOOD CRES & HAZELNUT CRES,374095.9285,5019509.538,10/14/16,16:00,01 - Clear,01 - Dry,10 - No control,01 - Non intersection,01 - Daylight,03 - P.D. only,06 - SMV unattended vehicle
13830,WILLOWMERE WAY btwn CREEKVIEW WAY/MANORWOOD CRES & HAZELNUT CRES,374095.9285,5019509.538,9/29/16,0:00,01 - Clear,01 - Dry,10 - No control,01 - Non intersection,00 - Unknown,03 - P.D. only,06 - SMV unattended vehicle
13831,WINDHURST DR btwn STONEWAY DR & STONEPOINTE AVE,366412.0876,5016133.834,2/14/16,10:41,01 - Clear,01 - Dry,10 - No control,01 - Non intersection,01 - Daylight,03 - P.D. only,07 - SMV other
13832,WINDHURST DR btwn WINDCHIME CRES & STONEPOINTE AVE,366382.2312,5016022.758,5/31/16,2:53,01 - Clear,01 - Dry,10 - No control,01 - Non intersection,07 - Dark,03 - P.D. only,06 - SMV unattended vehicle
13833,WOLFGANG DR btwn MERKEL DR & FIELDGATE DR,363476.8876,5016811.104,2/7/16,0:00,01 - Clear,01 - Dry,10 - No control,01 - Non intersection,00 - Unknown,03 - P.D. only,06 - SMV unattended vehicle
13834,WOOD ACRES GROVE btwn ALASKEN DR E & ALASKEN DR W,375549.1242,5019868.239,12/26/16,0:00,01 - Clear,02 - Wet,10 - No control,01 - Non intersection,00 - Unknown,03 - P.D. only,06 - SMV unattended vehicle
13835,WOODCLIFFE PRIV @ JEANNE D'ARC BLVD,380106.665,5036223.345,9/22/16,21:34,02 - Rain,02 - Wet,02 - Stop sign,03 - At intersection,07 - Dark,02 - Non-fatal injury,02 - Angle
13836,WOODCLIFFE PRIV @ JEANNE D'ARC BLVD,380106.0525,5036226.508,6/15/16,18:36,01 - Clear,01 - Dry,02 - Stop sign,03 - At intersection,01 - Daylight,03 - P.D. only,02 - Angle
13837,WOODCLIFFE PRIV @ JEANNE D'ARC BLVD,380106.1218,5036224.257,12/28/16,17:18,01 - Clear,03 - Loose snow,02 - Stop sign,03 - At intersection,07 - Dark,03 - P.D. only,02 - Angle
13838,WOODFIELD DR btwn DOWNSVIEW CRES & MERIVALE RD,365438.3829,5022290.772,7/27/16,19:37,01 - Clear,01 - Dry,10 - No control,04 - At/near private drive,01 - Daylight,03 - P.D. only,05 - Turning movement
13839,WOODFIELD DR btwn LANSFIELD WAY & SHEHYN LANE,364031.1165,5021868.436,2/5/16,12:16,01 - Clear,01 - Dry,10 - No control,01 - Non intersection,01 - Daylight,03 - P.D. only,07 - SMV other
13840,WOODFIELD DR btwn STRATHEARN CRT & DALEHURST DR,363720.4845,5021905.155,3/2/16,8:50,03 - Snow,03 - Loose snow,10 - No control,01 - Non intersection,01 - Daylight,03 - P.D. only,03 - Rear end
13841,WOODGATE WAY btwn SHANDON AVE & END,364768.4816,5017637.574,5/26/16,17:00,01 - Clear,01 - Dry,10 - No control,01 - Non intersection,01 - Daylight,03 - P.D. only,06 - SMV unattended vehicle
13842,WOODGATE WAY btwn SHANDON AVE & SEDONA ST,364900.1184,5017676.29,7/13/16,14:37,01 - Clear,01 - Dry,10 - No control,04 - At/near private drive,01 - Daylight,03 - P.D. only,06 - SMV unattended vehicle
13843,WOODKILTON RD btwn KILMAURS SIDE RD & KINBURN SIDE RD,336126.1792,5035879.272,12/7/16,19:45,01 - Clear,01 - Dry,10 - No control,01 - Non intersection,07 - Dark,03 - P.D. only,07 - SMV other
13844,WOODKILTON RD btwn KINBURN SIDE RD & VANCES SIDE RD,338461.4091,5033394.149,6/27/16,13:30,01 - Clear,01 - Dry,10 - No control,01 - Non intersection,01 - Daylight,02 - Non-fatal injury,07 - SMV other
13845,WOODKILTON RD btwn RIVERWOOD DR & GALETTA SIDE RD,332654.8534,5039564.657,9/14/16,6:28,01 - Clear,01 - Dry,10 - No control,01 - Non intersection,03 - Dawn,03 - P.D. only,07 - SMV other
13846,WOODKILTON RD btwn VANCES SIDE RD & THOMAS A. DOLAN PKWY,340574.5118,5031226.036,1/21/16,17:28,03 - Snow,03 - Loose snow,10 - No control,01 - Non intersection,05 - Dusk,03 - P.D. only,01 - Approaching
13847,WOODRIDGE CRES @ 220 W OF BAYSHORE DR/BAYSHORE,359041.4625,5023376.97,12/29/16,16:05,03 - Snow,04 - Slush,01 - Traffic signal,02 - Intersection related,05 - Dusk,03 - P.D. only,02 - Angle
13848,WOODRIDGE CRES btwn BAYSHORE DR & BAYSHORE PS,358995.5317,5023830.659,6/10/16,11:00,01 - Clear,01 - Dry,10 - No control,01 - Non intersection,01 - Daylight,03 - P.D. only,06 - SMV unattended vehicle
13849,WOODRIDGE CRES btwn BAYSHORE DR & BAYSHORE PS,358867.613,5023718.545,8/13/16,5:00,02 - Rain,02 - Wet,10 - No control,01 - Non intersection,07 - Dark,03 - P.D. only,06 - SMV unattended vehicle
13850,WOODRIDGE CRES btwn BAYSHORE DR & BAYSHORE PS,359024.722,5023846.228,6/20/16,21:00,01 - Clear,01 - Dry,10 - No control,01 - Non intersection,05 - Dusk,03 - P.D. only,06 - SMV unattended vehicle
13851,WOODRIDGE CRES btwn BAYSHORE PS & TRANSITWAY LINK,358690.9329,5023179.469,5/7/16,16:00,01 - Clear,01 - Dry,10 - No control,01 - Non intersection,01 - Daylight,02 - Non-fatal injury,07 - SMV other
13852,WOODRIDGE CRES btwn BAYSHORE PS & TRANSITWAY LINK,358624.6944,5023393.906,7/15/16,14:39,01 - Clear,01 - Dry,10 - No control,01 - Non intersection,01 - Daylight,03 - P.D. only,04 - Sideswipe
13853,WOODRIDGE CRES btwn BAYSHORE PS & TRANSITWAY LINK,358701.6514,5023175.163,6/5/16,14:15,01 - Clear,02 - Wet,10 - No control,01 - Non intersection,01 - Daylight,03 - P.D. only,04 - Sideswipe
13854,WOODROFFE AVE @ ALGONQUIN COLLEGE/TRANSITWAY S,362823.9152,5023270.961,8/3/16,10:52,01 - Clear,01 - Dry,01 - Traffic signal,02 - Intersection related,01 - Daylight,03 - P.D. only,03 - Rear end
13855,WOODROFFE AVE @ ALGONQUIN COLLEGE/TRANSITWAY S,362823.6879,5023270.092,9/20/16,13:38,01 - Clear,01 - Dry,01 - Traffic signal,02 - Intersection related,01 - Daylight,03 - P.D. only,07 - SMV other
13856,WOODROFFE AVE @ CLARIDGE DR/STONEWAY DR N,365576.4801,5016707.662,1/21/16,8:11,01 - Clear,02 - Wet,01 - Traffic signal,02 - Intersection related,01 - Daylight,03 - P.D. only,03 - Rear end
13857,WOODROFFE AVE @ CLARIDGE DR/STONEWAY DR N,365577.362,5016708.249,5/1/16,13:43,02 - Rain,02 - Wet,01 - Traffic signal,02 - Intersection related,01 - Daylight,03 - P.D. only,03 - Rear end
13858,WOODROFFE AVE @ DEERFOX DR/STONEWAY DR,365885.2997,5015939.628,4/8/16,8:28,01 - Clear,01 - Dry,01 - Traffic signal,03 - At intersection,01 - Daylight,03 - P.D. only,02 - Angle
13859,WOODROFFE AVE @ FIRESTATION,362494.9602,5023913.208,3/18/16,17:45,01 - Clear,01 - Dry,01 - Traffic signal,02 - Intersection related,01 - Daylight,03 - P.D. only,03 - Rear end
13860,WOODROFFE AVE @ FIRESTATION,362496.2524,5023912.865,3/29/16,15:00,01 - Clear,01 - Dry,01 - Traffic signal,02 - Intersection related,01 - Daylight,03 - P.D. only,03 - Rear end
13861,WOODROFFE AVE @ GEORGINA DR/LENESTER AVE,361909.2038,5025370.893,10/25/16,13:38,01 - Clear,01 - Dry,01 - Traffic signal,03 - At intersection,01 - Daylight,02 - Non-fatal injury,03 - Rear end
13862,WOODROFFE AVE @ GEORGINA DR/LENESTER AVE,361908.979,5025371.233,3/31/16,15:51,02 - Rain,02 - Wet,01 - Traffic signal,03 - At intersection,01 - Daylight,02 - Non-fatal injury,05 - Turning movement
13863,WOODROFFE AVE @ GEORGINA DR/LENESTER AVE,361909.4611,5025369.392,6/3/16,13:55,01 - Clear,01 - Dry,01 - Traffic signal,03 - At intersection,01 - Daylight,02 - Non-fatal injury,05 - Turning movement
13864,WOODROFFE AVE @ GEORGINA DR/LENESTER AVE,361909.2038,5025370.015,11/3/16,8:07,02 - Rain,02 - Wet,01 - Traffic signal,03 - At intersection,01 - Daylight,03 - P.D. only,05 - Turning movement
13865,WOODROFFE AVE @ GEORGINA DR/LENESTER AVE,361909.8193,5025371.02,10/27/16,11:49,01 - Clear,01 - Dry,01 - Traffic signal,03 - At intersection,01 - Daylight,03 - P.D. only,05 - Turning movement
13866,WOODROFFE AVE @ GEORGINA DR/LENESTER AVE,361911.1875,5025370.894,1/15/16,15:17,01 - Clear,02 - Wet,01 - Traffic signal,02 - Intersection related,01 - Daylight,03 - P.D. only,03 - Rear end
13867,WOODROFFE AVE @ GEORGINA DR/LENESTER AVE,361910.4855,5025370.253,2/9/16,20:13,01 - Clear,02 - Wet,01 - Traffic signal,03 - At intersection,07 - Dark,03 - P.D. only,05 - Turning movement
13868,WOODROFFE AVE @ GEORGINA DR/LENESTER AVE,361909.4671,5025370.739,7/14/16,11:19,02 - Rain,02 - Wet,01 - Traffic signal,02 - Intersection related,01 - Daylight,03 - P.D. only,03 - Rear end
13869,WOODROFFE AVE @ HWY 417 WOODROFF IC127R26/HWY4,362082.0283,5024938.859,10/27/16,16:50,03 - Snow,02 - Wet,01 - Traffic signal,02 - Intersection related,01 - Daylight,02 - Non-fatal injury,04 - Sideswipe
13870,WOODROFFE AVE @ HWY 417 WOODROFF IC127R26/HWY4,362082.9142,5024939.518,8/10/16,12:20,01 - Clear,01 - Dry,01 - Traffic signal,02 - Intersection related,01 - Daylight,02 - Non-fatal injury,03 - Rear end
13871,WOODROFFE AVE @ HWY 417 WOODROFF IC127R26/HWY4,362082.9064,5024939.298,2/18/16,9:58,01 - Clear,02 - Wet,01 - Traffic signal,02 - Intersection related,01 - Daylight,03 - P.D. only,03 - Rear end
13872,WOODROFFE AVE @ HWY 417 WOODROFF IC127R26/HWY4,362082.4649,5024939.296,2/24/16,11:16,03 - Snow,02 - Wet,01 - Traffic signal,02 - Intersection related,01 - Daylight,03 - P.D. only,03 - Rear end
13873,WOODROFFE AVE @ HWY 417 WOODROFF IC127R26/HWY4,362082.4206,5024939.784,3/23/16,14:06,01 - Clear,01 - Dry,01 - Traffic signal,02 - Intersection related,01 - Daylight,03 - P.D. only,03 - Rear end
13874,WOODROFFE AVE @ HWY 417 WOODROFF IC127R26/HWY4,362082.3759,5024939.125,6/28/16,18:30,01 - Clear,02 - Wet,01 - Traffic signal,02 - Intersection related,01 - Daylight,03 - P.D. only,03 - Rear end
13875,WOODROFFE AVE @ HWY 417 WOODROFF IC127R26/HWY4,362083.3098,5024941.11,9/1/16,12:51,01 - Clear,01 - Dry,01 - Traffic signal,02 - Intersection related,01 - Daylight,03 - P.D. only,03 - Rear end
13876,WOODROFFE AVE @ HWY 417 WOODROFF IC127R26/HWY4,362082.5886,5024938.9,7/13/16,15:51,02 - Rain,02 - Wet,01 - Traffic signal,02 - Intersection related,01 - Daylight,03 - P.D. only,03 - Rear end
13877,WOODROFFE AVE @ HWY 417 WOODROFF IC127R26/HWY4,362083.5151,5024939.932,12/14/16,20:43,01 - Clear,05 - Packed snow,01 - Traffic signal,02 - Intersection related,07 - Dark,03 - P.D. only,03 - Rear end
13878,WOODROFFE AVE @ HWY 417 WOODROFF IC127R26/HWY4,362083.6291,5024940.073,11/30/16,16:50,01 - Clear,01 - Dry,01 - Traffic signal,02 - Intersection related,05 - Dusk,03 - P.D. only,03 - Rear end
13879,WOODROFFE AVE @ KNOXDALE RD/MEDHURST DR,363421.6816,5021825.484,9/8/16,12:07,02 - Rain,02 - Wet,01 - Traffic signal,02 - Intersection related,01 - Daylight,02 - Non-fatal injury,03 - Rear end
13880,WOODROFFE AVE @ KNOXDALE RD/MEDHURST DR,363419.6414,5021826.628,5/8/16,11:58,01 - Clear,01 - Dry,01 - Traffic signal,02 - Intersection related,01 - Daylight,02 - Non-fatal injury,04 - Sideswipe
13881,WOODROFFE AVE @ KNOXDALE RD/MEDHURST DR,363419.5923,5021826.603,7/27/16,13:46,01 - Clear,01 - Dry,01 - Traffic signal,02 - Intersection related,01 - Daylight,02 - Non-fatal injury,99 - Other
13882,WOODROFFE AVE @ KNOXDALE RD/MEDHURST DR,363420.5181,5021826.901,8/26/16,16:05,01 - Clear,01 - Dry,01 - Traffic signal,02 - Intersection related,01 - Daylight,03 - P.D. only,03 - Rear end
13883,WOODROFFE AVE @ KNOXDALE RD/MEDHURST DR,363420.0564,5021826.637,10/17/16,17:30,02 - Rain,02 - Wet,01 - Traffic signal,02 - Intersection related,01 - Daylight,03 - P.D. only,03 - Rear end
13884,WOODROFFE AVE @ KNOXDALE RD/MEDHURST DR,363419.7769,5021826.514,2/11/16,18:30,01 - Clear,02 - Wet,01 - Traffic signal,03 - At intersection,07 - Dark,03 - P.D. only,05 - Turning movement
13885,WOODROFFE AVE @ KNOXDALE RD/MEDHURST DR,363420.3485,5021826.707,2/9/16,18:20,01 - Clear,01 - Dry,01 - Traffic signal,02 - Intersection related,07 - Dark,03 - P.D. only,03 - Rear end
13886,WOODROFFE AVE @ KNOXDALE RD/MEDHURST DR,363419.2561,5021825.993,2/14/16,23:33,01 - Clear,01 - Dry,01 - Traffic signal,03 - At intersection,07 - Dark,03 - P.D. only,05 - Turning movement
13887,WOODROFFE AVE @ KNOXDALE RD/MEDHURST DR,363419.7385,5021826.532,10/19/16,18:51,01 - Clear,01 - Dry,01 - Traffic signal,02 - Intersection related,05 - Dusk,03 - P.D. only,04 - Sideswipe
13888,WOODROFFE AVE @ KNOXDALE RD/MEDHURST DR,363419.7769,5021826.514,9/15/16,17:32,01 - Clear,01 - Dry,01 - Traffic signal,03 - At intersection,01 - Daylight,03 - P.D. only,05 - Turning movement
13889,WOODROFFE AVE @ KNOXDALE RD/MEDHURST DR,363418.8617,5021824.417,10/3/16,16:51,01 - Clear,01 - Dry,01 - Traffic signal,02 - Intersection related,01 - Daylight,03 - P.D. only,03 - Rear end
13890,WOODROFFE AVE @ KNOXDALE RD/MEDHURST DR,363420.5181,5021826.073,12/11/16,17:00,03 - Snow,06 - Ice,01 - Traffic signal,02 - Intersection related,07 - Dark,03 - P.D. only,03 - Rear end
13891,WOODROFFE AVE @ KNOXDALE RD/MEDHURST DR,363419.7385,5021826.532,12/8/16,18:31,03 - Snow,02 - Wet,01 - Traffic signal,03 - At intersection,07 - Dark,03 - P.D. only,05 - Turning movement
13892,WOODROFFE AVE @ PRINCE OF WALES DR,366802.3039,5014048.033,3/19/16,15:29,01 - Clear,01 - Dry,02 - Stop sign,02 - Intersection related,01 - Daylight,03 - P.D. only,05 - Turning movement
13893,WOODROFFE AVE @ QUEENSBURY DR/RIDEAUCREST DR,365727.921,5016328.227,1/18/16,20:00,05 - Drifting Snow,01 - Dry,01 - Traffic signal,03 - At intersection,07 - Dark,02 - Non-fatal injury,05 - Turning movement
13894,WOODROFFE AVE @ QUEENSBURY DR/RIDEAUCREST DR,365728.0921,5016327.665,6/24/16,22:38,01 - Clear,01 - Dry,01 - Traffic signal,03 - At intersection,07 - Dark,02 - Non-fatal injury,07 - SMV other
13895,WOODROFFE AVE @ QUEENSBURY DR/RIDEAUCREST DR,365727.3806,5016329.108,7/26/16,20:30,01 - Clear,01 - Dry,01 - Traffic signal,02 - Intersection related,05 - Dusk,02 - Non-fatal injury,03 - Rear end
13896,WOODROFFE AVE @ QUEENSBURY DR/RIDEAUCREST DR,365727.4864,5016328.63,2/25/16,22:18,01 - Clear,06 - Ice,01 - Traffic signal,03 - At intersection,07 - Dark,03 - P.D. only,07 - SMV other
13897,WOODROFFE AVE @ QUEENSBURY DR/RIDEAUCREST DR,365727.6743,5016328.274,9/24/16,9:22,01 - Clear,01 - Dry,01 - Traffic signal,03 - At intersection,01 - Daylight,03 - P.D. only,05 - Turning movement
13898,WOODROFFE AVE @ QUEENSBURY DR/RIDEAUCREST DR,365726.9186,5016327.499,1/12/16,17:47,03 - Snow,03 - Loose snow,01 - Traffic signal,03 - At intersection,07 - Dark,03 - P.D. only,02 - Angle
13899,WOODROFFE AVE @ QUEENSBURY DR/RIDEAUCREST DR,365728.033,5016328.357,8/21/16,21:15,01 - Clear,01 - Dry,01 - Traffic signal,02 - Intersection related,07 - Dark,03 - P.D. only,99 - Other
13900,WOODROFFE AVE @ SPORTSPLEX N,363764.2953,5021067.835,10/17/16,8:15,01 - Clear,01 - Dry,01 - Traffic signal,03 - At intersection,01 - Daylight,02 - Non-fatal injury,05 - Turning movement
13901,WOODROFFE AVE @ SPORTSPLEX N,363763.9494,5021067.163,5/5/16,18:00,01 - Clear,01 - Dry,01 - Traffic signal,02 - Intersection related,01 - Daylight,02 - Non-fatal injury,03 - Rear end
13902,WOODROFFE AVE @ SPORTSPLEX N,363764.156,5021067.425,9/17/16,12:50,02 - Rain,02 - Wet,01 - Traffic signal,03 - At intersection,01 - Daylight,03 - P.D. only,03 - Rear end