Record,Location,X,Y,Date,Time,Environment,Road_Surface,Traffic_Control,Collision_Location,Light,Collision_Classification,Impact_type
13903,WOODROFFE AVE @ SPORTSPLEX N,363763.556,5021066.906,5/1/16,15:40,02 - Rain,02 - Wet,01 - Traffic signal,02 - Intersection related,01 - Daylight,03 - P.D. only,03 - Rear end
13904,WOODROFFE AVE @ SPORTSPLEX S,363835.3807,5020897.264,10/22/16,15:24,02 - Rain,02 - Wet,01 - Traffic signal,02 - Intersection related,01 - Daylight,03 - P.D. only,03 - Rear end
13905,WOODROFFE AVE @ SPORTSPLEX S,363832.1328,5020900.138,6/21/16,12:23,01 - Clear,01 - Dry,01 - Traffic signal,03 - At intersection,01 - Daylight,03 - P.D. only,05 - Turning movement
13906,WOODROFFE AVE @ SPORTSPLEX S,363831.451,5020899.904,4/14/16,8:07,01 - Clear,01 - Dry,01 - Traffic signal,02 - Intersection related,01 - Daylight,03 - P.D. only,03 - Rear end
13907,WOODROFFE AVE @ SPORTSPLEX S,363832.3523,5020898.79,5/31/16,17:52,01 - Clear,01 - Dry,01 - Traffic signal,03 - At intersection,01 - Daylight,03 - P.D. only,02 - Angle
13908,WOODROFFE AVE @ SPORTSPLEX S,363830.7551,5020898.76,9/7/16,14:06,01 - Clear,01 - Dry,01 - Traffic signal,02 - Intersection related,01 - Daylight,03 - P.D. only,03 - Rear end
13909,WOODROFFE AVE @ TECUMSEH ST,362369.0354,5024229.778,3/11/16,8:52,01 - Clear,01 - Dry,02 - Stop sign,02 - Intersection related,01 - Daylight,03 - P.D. only,03 - Rear end
13910,WOODROFFE AVE @ WOODROFFE AVE 1,362565.2483,5023724.732,2/23/16,11:39,01 - Clear,01 - Dry,02 - Stop sign,02 - Intersection related,01 - Daylight,02 - Non-fatal injury,03 - Rear end
13911,WOODROFFE AVE btwn 260 N OF FALLOWFIELD RD/TRANSITWAY & FALLOWFIELD RD,365067.1387,5017950.845,1/9/16,5:34,03 - Snow,03 - Loose snow,10 - No control,01 - Non intersection,07 - Dark,03 - P.D. only,07 - SMV other
13912,WOODROFFE AVE btwn ANTHONY AVE & SAVILLE ROW,361712.7518,5026346.381,5/17/16,16:12,01 - Clear,01 - Dry,10 - No control,04 - At/near private drive,01 - Daylight,03 - P.D. only,07 - SMV other
13913,WOODROFFE AVE btwn BASELINE RD & WOODROFFE AVE,362550.5684,5023765.236,11/7/16,9:22,01 - Clear,01 - Dry,10 - No control,01 - Non intersection,01 - Daylight,03 - P.D. only,04 - Sideswipe
13914,WOODROFFE AVE btwn CARLING AVE & FOX CRES,361770.1191,5025719.739,5/7/16,8:45,01 - Clear,01 - Dry,10 - No control,04 - At/near private drive,01 - Daylight,03 - P.D. only,02 - Angle
13915,WOODROFFE AVE btwn CARLING AVE & FOX CRES,361776.4719,5025702.344,3/7/16,7:50,02 - Rain,02 - Wet,10 - No control,01 - Non intersection,01 - Daylight,03 - P.D. only,03 - Rear end
13916,WOODROFFE AVE btwn CARLING AVE & FOX CRES,361773.1538,5025711.074,9/6/16,12:49,01 - Clear,01 - Dry,10 - No control,04 - At/near private drive,01 - Daylight,03 - P.D. only,02 - Angle
13917,WOODROFFE AVE btwn CARLING AVE & FOX CRES,361802.4662,5025636.901,12/9/16,21:22,01 - Clear,06 - Ice,10 - No control,01 - Non intersection,07 - Dark,03 - P.D. only,03 - Rear end
13918,WOODROFFE AVE btwn CARLINGWOOD SC & CARLING AVE,361921.133,5025858.016,12/2/16,17:37,01 - Clear,01 - Dry,10 - No control,04 - At/near private drive,07 - Dark,03 - P.D. only,02 - Angle
13919,WOODROFFE AVE btwn DAVID DR & TURN LANE,363016.9169,5022821.403,6/30/16,12:44,01 - Clear,01 - Dry,10 - No control,04 - At/near private drive,01 - Daylight,03 - P.D. only,04 - Sideswipe
13920,WOODROFFE AVE btwn EARL MULLIGAN DR & LONGFIELDS DR,365380.5484,5017201.728,3/10/16,20:10,02 - Rain,02 - Wet,10 - No control,01 - Non intersection,07 - Dark,03 - P.D. only,07 - SMV other
13921,WOODROFFE AVE btwn EARL MULLIGAN DR & LONGFIELDS DR,365412.3063,5017129.218,4/2/16,11:40,02 - Rain,02 - Wet,10 - No control,01 - Non intersection,01 - Daylight,03 - P.D. only,07 - SMV other
13922,WOODROFFE AVE btwn FALLOWFIELD RD & EARL MULLIGAN DR,365089.4341,5017894.847,6/6/16,6:20,01 - Clear,01 - Dry,10 - No control,01 - Non intersection,01 - Daylight,02 - Non-fatal injury,04 - Sideswipe
13923,WOODROFFE AVE btwn FALLOWFIELD RD & EARL MULLIGAN DR,365099.2005,5017872.015,11/22/16,8:54,01 - Clear,01 - Dry,10 - No control,01 - Non intersection,01 - Daylight,03 - P.D. only,04 - Sideswipe
13924,WOODROFFE AVE btwn FIELD ST & ADIRONDACK DR,362426.4514,5024082.394,4/25/16,9:11,01 - Clear,01 - Dry,10 - No control,01 - Non intersection,01 - Daylight,03 - P.D. only,04 - Sideswipe
13925,WOODROFFE AVE btwn FIELD ST & ADIRONDACK DR,362446.6748,5024034.726,3/24/16,22:00,04 - Freezing Rain,06 - Ice,10 - No control,01 - Non intersection,07 - Dark,03 - P.D. only,07 - SMV other
13926,WOODROFFE AVE btwn FIELD ST & ADIRONDACK DR,362421.3,5024097.037,6/14/16,15:39,01 - Clear,01 - Dry,10 - No control,01 - Non intersection,01 - Daylight,03 - P.D. only,03 - Rear end
13927,WOODROFFE AVE btwn FIRESTATION & BASELINE RD,362529.9175,5023820.505,7/19/16,16:11,01 - Clear,01 - Dry,10 - No control,01 - Non intersection,01 - Daylight,03 - P.D. only,03 - Rear end
13928,WOODROFFE AVE btwn FIRESTATION & BASELINE RD,362528.0993,5023825.505,6/25/16,11:50,01 - Clear,01 - Dry,10 - No control,01 - Non intersection,01 - Daylight,03 - P.D. only,03 - Rear end
13929,WOODROFFE AVE btwn FIRESTATION & BASELINE RD,362538.096,5023799.904,12/19/16,8:51,01 - Clear,02 - Wet,10 - No control,01 - Non intersection,01 - Daylight,03 - P.D. only,04 - Sideswipe
13930,WOODROFFE AVE btwn FOX CRES & GEORGINA DR,361831.6378,5025555.435,1/2/16,13:46,01 - Clear,02 - Wet,10 - No control,01 - Non intersection,01 - Daylight,03 - P.D. only,03 - Rear end
13931,WOODROFFE AVE btwn FOX CRES & GEORGINA DR,361906.174,5025378.423,5/4/16,14:00,01 - Clear,01 - Dry,10 - No control,01 - Non intersection,01 - Daylight,03 - P.D. only,04 - Sideswipe
13932,WOODROFFE AVE btwn FOX CRES & GEORGINA DR,361842.1142,5025533.366,12/16/16,9:24,01 - Clear,01 - Dry,10 - No control,01 - Non intersection,01 - Daylight,03 - P.D. only,03 - Rear end
13933,WOODROFFE AVE btwn GEORGINA DR & HWY417 IC127 RAMP36,361941.9588,5025289.07,6/26/16,2:02,01 - Clear,01 - Dry,10 - No control,01 - Non intersection,07 - Dark,02 - Non-fatal injury,03 - Rear end
13934,WOODROFFE AVE btwn GEORGINA DR & HWY417 IC127 RAMP36,361999.0204,5025147.855,9/8/16,8:49,01 - Clear,01 - Dry,10 - No control,01 - Non intersection,01 - Daylight,03 - P.D. only,04 - Sideswipe
13935,WOODROFFE AVE btwn GEORGINA DR & HWY417 IC127 RAMP36,362008.013,5025126.772,9/12/16,14:54,01 - Clear,01 - Dry,10 - No control,01 - Non intersection,01 - Daylight,03 - P.D. only,04 - Sideswipe
13936,WOODROFFE AVE btwn GEORGINA DR & HWY417 IC127 RAMP36,362006.0646,5025128.264,1/21/16,8:57,01 - Clear,01 - Dry,10 - No control,04 - At/near private drive,01 - Daylight,03 - P.D. only,02 - Angle
13937,WOODROFFE AVE btwn GRENFELL CRES & 260 N OF FALLOWFIELD RD/TRANSITWAY ,364876.6088,5018420.667,3/24/16,9:40,05 - Drifting Snow,03 - Loose snow,10 - No control,05 - At railway crossing,01 - Daylight,02 - Non-fatal injury,03 - Rear end
13938,WOODROFFE AVE btwn GRENFELL CRES & 260 N OF FALLOWFIELD RD/TRANSITWAY ,364587.5806,5019139.277,12/10/16,23:10,01 - Clear,01 - Dry,10 - No control,01 - Non intersection,07 - Dark,02 - Non-fatal injury,07 - SMV other
13939,WOODROFFE AVE btwn GRENFELL CRES & 260 N OF FALLOWFIELD RD/TRANSITWAY ,364618.2282,5019058.162,8/12/16,6:20,01 - Clear,01 - Dry,10 - No control,01 - Non intersection,03 - Dawn,03 - P.D. only,07 - SMV other
13940,WOODROFFE AVE btwn GRENFELL CRES & 260 N OF FALLOWFIELD RD/TRANSITWAY ,364587.4593,5019133.424,4/11/16,6:10,03 - Snow,03 - Loose snow,10 - No control,01 - Non intersection,01 - Daylight,03 - P.D. only,07 - SMV other
13941,WOODROFFE AVE btwn GRENFELL CRES & 260 N OF FALLOWFIELD RD/TRANSITWAY ,364786.1647,5018647.767,6/20/16,16:07,01 - Clear,01 - Dry,10 - No control,04 - At/near private drive,01 - Daylight,03 - P.D. only,03 - Rear end
13942,WOODROFFE AVE btwn GRENFELL CRES & 260 N OF FALLOWFIELD RD/TRANSITWAY ,364661.7555,5018948.008,10/30/16,1:13,01 - Clear,01 - Dry,10 - No control,01 - Non intersection,07 - Dark,03 - P.D. only,07 - SMV other
13943,WOODROFFE AVE btwn HWY417 IC127 RAMP26 & HWY417 IC127 RAMP63,362088.5866,5024926.074,6/17/16,8:04,01 - Clear,01 - Dry,10 - No control,01 - Non intersection,01 - Daylight,03 - P.D. only,03 - Rear end
13944,WOODROFFE AVE btwn HWY417 IC127 RAMP26 & HWY417 IC127 RAMP63,362086.9518,5024931.212,4/8/16,12:43,01 - Clear,01 - Dry,10 - No control,01 - Non intersection,01 - Daylight,03 - P.D. only,04 - Sideswipe
13945,WOODROFFE AVE btwn HWY417 IC127 RAMP53 & IRIS ST,362212.8985,5024608.499,1/5/16,13:48,01 - Clear,01 - Dry,10 - No control,01 - Non intersection,01 - Daylight,03 - P.D. only,04 - Sideswipe
13946,WOODROFFE AVE btwn HWY417 IC127 RAMP53 & IRIS ST,362208.7787,5024621.265,4/5/16,10:50,01 - Clear,01 - Dry,10 - No control,01 - Non intersection,01 - Daylight,03 - P.D. only,04 - Sideswipe
13947,WOODROFFE AVE btwn HWY417 IC127 RAMP53 & IRIS ST,362208.7297,5024620.555,5/30/16,9:33,01 - Clear,01 - Dry,10 - No control,01 - Non intersection,01 - Daylight,03 - P.D. only,02 - Angle
13948,WOODROFFE AVE btwn HWY417 IC127 RAMP53 & IRIS ST,362263.6445,5024484.998,8/18/16,18:44,01 - Clear,01 - Dry,10 - No control,01 - Non intersection,01 - Daylight,03 - P.D. only,03 - Rear end
13949,WOODROFFE AVE btwn HWY417 IC127 RAMP53 & IRIS ST,362243.7973,5024534.833,11/24/16,17:23,03 - Snow,02 - Wet,10 - No control,01 - Non intersection,07 - Dark,03 - P.D. only,03 - Rear end
13950,WOODROFFE AVE btwn HWY417 IC127 RAMP62 & HWY417 IC127 RAMP26,362067.1813,5024977.27,5/12/16,13:47,01 - Clear,01 - Dry,10 - No control,01 - Non intersection,01 - Daylight,03 - P.D. only,03 - Rear end
13951,WOODROFFE AVE btwn HWY417 IC127 RAMP63 & HWY417 IC127 RAMP35,362121.0707,5024845.825,4/28/16,7:34,01 - Clear,01 - Dry,10 - No control,01 - Non intersection,01 - Daylight,03 - P.D. only,03 - Rear end
13952,WOODROFFE AVE btwn IRIS ST & MIRAMICHI ST,362327.8596,5024326.136,5/16/16,16:20,01 - Clear,01 - Dry,10 - No control,01 - Non intersection,01 - Daylight,02 - Non-fatal injury,03 - Rear end
13953,WOODROFFE AVE btwn KNOXDALE RD/MEDHURST DR & NORICE ST,363240.302,5022284.683,5/9/16,8:25,01 - Clear,01 - Dry,10 - No control,01 - Non intersection,01 - Daylight,02 - Non-fatal injury,03 - Rear end
13954,WOODROFFE AVE btwn KNOXDALE RD/MEDHURST DR & NORICE ST,363205.6582,5022369.945,3/22/16,17:27,01 - Clear,01 - Dry,10 - No control,01 - Non intersection,01 - Daylight,02 - Non-fatal injury,03 - Rear end
13955,WOODROFFE AVE btwn KNOXDALE RD/MEDHURST DR & NORICE ST,363251.2358,5022260.013,9/1/16,14:12,01 - Clear,01 - Dry,10 - No control,01 - Non intersection,01 - Daylight,03 - P.D. only,03 - Rear end
13956,WOODROFFE AVE btwn KNOXDALE RD/MEDHURST DR & NORICE ST,363202.3503,5022376.297,5/15/16,11:50,01 - Clear,01 - Dry,10 - No control,01 - Non intersection,01 - Daylight,03 - P.D. only,04 - Sideswipe
13957,WOODROFFE AVE btwn KNOXDALE RD/MEDHURST DR & NORICE ST,363382.14,5021926.354,2/25/16,22:33,03 - Snow,06 - Ice,10 - No control,01 - Non intersection,07 - Dark,03 - P.D. only,03 - Rear end
13958,WOODROFFE AVE btwn KNOXDALE RD/MEDHURST DR & NORICE ST,363230.2948,5022306.809,9/22/16,9:43,01 - Clear,01 - Dry,10 - No control,01 - Non intersection,01 - Daylight,03 - P.D. only,03 - Rear end
13959,WOODROFFE AVE btwn MAJESTIC DR & TO BE DETERMINED,363581.3386,5021451.012,2/27/16,7:57,01 - Clear,01 - Dry,10 - No control,01 - Non intersection,01 - Daylight,02 - Non-fatal injury,07 - SMV other
13960,WOODROFFE AVE btwn MAJESTIC DR & TO BE DETERMINED,363549.4278,5021521.218,10/6/16,7:42,01 - Clear,01 - Dry,10 - No control,04 - At/near private drive,01 - Daylight,03 - P.D. only,05 - Turning movement
13961,WOODROFFE AVE btwn MIRAMICHI ST & TECUMSEH ST,362350.8528,5024270.03,5/14/16,16:13,01 - Clear,01 - Dry,10 - No control,01 - Non intersection,01 - Daylight,03 - P.D. only,03 - Rear end
13962,WOODROFFE AVE btwn NAVAHO DR & Continuation of WOODROFFE AVE,362720.7315,5023471.725,9/12/16,7:45,01 - Clear,01 - Dry,10 - No control,01 - Non intersection,01 - Daylight,03 - P.D. only,04 - Sideswipe
13963,WOODROFFE AVE btwn NAVAHO DR & Continuation of WOODROFFE AVE,362793.6111,5023338.344,11/24/16,9:51,03 - Snow,03 - Loose snow,10 - No control,01 - Non intersection,01 - Daylight,03 - P.D. only,03 - Rear end
13964,WOODROFFE AVE btwn PARKGLEN DR & DAVID DR,362978.2747,5022913.429,10/6/16,7:00,01 - Clear,01 - Dry,10 - No control,01 - Non intersection,03 - Dawn,03 - P.D. only,04 - Sideswipe
13965,WOODROFFE AVE btwn PARKGLEN DR & DAVID DR,362925.3853,5023035.774,12/11/16,16:31,03 - Snow,03 - Loose snow,10 - No control,01 - Non intersection,05 - Dusk,03 - P.D. only,04 - Sideswipe
13966,WOODROFFE AVE btwn QUEENSBURY DR & DEERFOX DR,365876.2996,5015962.465,2/17/16,19:32,03 - Snow,06 - Ice,10 - No control,01 - Non intersection,07 - Dark,03 - P.D. only,07 - SMV other
13967,WOODROFFE AVE btwn QUEENSBURY DR & DEERFOX DR,365754.2248,5016260.521,7/30/16,2:10,01 - Clear,01 - Dry,10 - No control,01 - Non intersection,07 - Dark,03 - P.D. only,06 - SMV unattended vehicle
13968,WOODROFFE AVE btwn SAVILLE ROW & FLOWER AVE,361792.078,5026159.598,6/8/16,13:32,01 - Clear,01 - Dry,10 - No control,01 - Non intersection,01 - Daylight,03 - P.D. only,03 - Rear end
13969,WOODROFFE AVE btwn SAVILLE ROW & FLOWER AVE,361788.8186,5026167.173,9/1/16,16:58,01 - Clear,01 - Dry,10 - No control,04 - At/near private drive,01 - Daylight,03 - P.D. only,02 - Angle
13970,WOODROFFE AVE btwn SERENA WAY & PAUL METIVIER DR,366324.2195,5014859.033,8/8/16,13:49,01 - Clear,01 - Dry,10 - No control,01 - Non intersection,01 - Daylight,03 - P.D. only,04 - Sideswipe
13971,WOODROFFE AVE btwn SPORTSPLEX S/TRANSIT & VAAN DR,363845.3128,5020871.285,3/8/16,18:34,02 - Rain,02 - Wet,10 - No control,01 - Non intersection,07 - Dark,03 - P.D. only,03 - Rear end
13972,WOODROFFE AVE btwn TECUMSEH ST & DOMALATCHY PL,362381.7606,5024200.404,3/21/16,8:38,01 - Clear,01 - Dry,10 - No control,01 - Non intersection,01 - Daylight,02 - Non-fatal injury,03 - Rear end
13973,WOODROFFE AVE btwn TECUMSEH ST & DOMALATCHY PL,362371.4948,5024222.321,6/18/16,10:35,01 - Clear,01 - Dry,10 - No control,01 - Non intersection,01 - Daylight,03 - P.D. only,04 - Sideswipe
13974,WOODROFFE AVE btwn TECUMSEH ST & DOMALATCHY PL,362393.757,5024165.183,12/14/16,14:38,01 - Clear,02 - Wet,10 - No control,01 - Non intersection,01 - Daylight,03 - P.D. only,03 - Rear end
13975,WOODROFFE AVE btwn TRANSIT & SPORTSPLEX S/TRANSIT,363798.1212,5020975.1,1/17/16,20:20,03 - Snow,03 - Loose snow,10 - No control,01 - Non intersection,07 - Dark,03 - P.D. only,99 - Other
13976,WOODROFFE AVE btwn TURN LANE & GRENFELL CRES,364266.7939,5019908.926,7/15/16,19:32,01 - Clear,01 - Dry,10 - No control,01 - Non intersection,01 - Daylight,03 - P.D. only,99 - Other
13977,WOODROFFE AVE btwn TURN LANE & KNOXDALE RD,363412.4118,5021844.932,2/25/16,21:10,02 - Rain,06 - Ice,10 - No control,01 - Non intersection,07 - Dark,03 - P.D. only,04 - Sideswipe
13978,WOODROFFE AVE btwn TURN LANE & KNOXDALE RD,363412.4861,5021845.782,4/20/16,16:47,01 - Clear,01 - Dry,10 - No control,04 - At/near private drive,01 - Daylight,03 - P.D. only,02 - Angle
13979,WOODROFFE AVE btwn TURN LANE & MAJESTIC DR,363495.3953,5021641.472,10/20/16,19:46,02 - Rain,02 - Wet,10 - No control,01 - Non intersection,07 - Dark,03 - P.D. only,03 - Rear end
13980,WOODROFFE AVE btwn TURN LANE & NORICE ST,363132.5594,5022544.187,3/28/16,14:20,02 - Rain,02 - Wet,10 - No control,01 - Non intersection,01 - Daylight,03 - P.D. only,03 - Rear end
13981,WOODROFFE AVE btwn TURN LANE & NORICE ST,363171.0292,5022454.93,9/30/16,10:10,01 - Clear,01 - Dry,10 - No control,01 - Non intersection,01 - Daylight,03 - P.D. only,03 - Rear end
13982,WOODROFFE AVE btwn TURN LANE & NORICE ST,363175.2523,5022441.837,12/14/16,12:29,01 - Clear,02 - Wet,10 - No control,04 - At/near private drive,01 - Daylight,03 - P.D. only,05 - Turning movement
13983,WOODROFFE AVE btwn TURN LANE & TALLWOOD DR,363053.8356,5022735.983,12/20/16,17:00,03 - Snow,03 - Loose snow,10 - No control,04 - At/near private drive,07 - Dark,03 - P.D. only,05 - Turning movement
13984,WOODROFFE AVE btwn VAAN DR & PINELAND AVE,363994.0342,5020529.164,2/24/16,9:20,03 - Snow,05 - Packed snow,10 - No control,01 - Non intersection,01 - Daylight,03 - P.D. only,07 - SMV other
13985,WOODROFFE AVE btwn WHITEWATER ST & BREN-MAUR RD,366463.4022,5014518.877,1/21/16,8:45,"07 - Fog, mist, smoke, dust",03 - Loose snow,10 - No control,01 - Non intersection,01 - Daylight,03 - P.D. only,06 - SMV unattended vehicle
13986,WOODROFFE AVE btwn WOODROFFE AVE & NAVAHO DR,362614.1965,5023613.71,8/10/16,8:40,01 - Clear,01 - Dry,10 - No control,01 - Non intersection,01 - Daylight,02 - Non-fatal injury,03 - Rear end
13987,WOODROFFE AVE NB btwn TO BE DETERMINED & WEST HUNT CLUB RD,363663.7012,5021287.301,6/13/16,9:09,01 - Clear,01 - Dry,10 - No control,01 - Non intersection,01 - Daylight,02 - Non-fatal injury,04 - Sideswipe
13988,WOODROFFE AVE NB btwn WEST HUNT CLUB RD & SPORTSPLEX N,363692.2819,5021223.307,7/6/16,15:50,01 - Clear,01 - Dry,10 - No control,01 - Non intersection,01 - Daylight,03 - P.D. only,03 - Rear end
13989,WOODROFFE AVE SB btwn TO BE DETERMINED & WEST HUNT CLUB RD,363627.79,5021340.813,3/9/16,16:36,01 - Clear,02 - Wet,10 - No control,01 - Non intersection,01 - Daylight,03 - P.D. only,04 - Sideswipe
13990,WOODROFFE AVE/HWY 417 WOODROFF IC127R25 @ HWY ,362180.1342,5024694.013,2/11/16,18:02,01 - Clear,01 - Dry,01 - Traffic signal,02 - Intersection related,05 - Dusk,03 - P.D. only,03 - Rear end
13991,WOODROFFE AVE/HWY 417 WOODROFF IC127R25 @ HWY ,362179.7861,5024694.825,2/26/16,15:55,01 - Clear,01 - Dry,01 - Traffic signal,02 - Intersection related,01 - Daylight,03 - P.D. only,03 - Rear end
13992,WOODROFFE AVE/HWY 417 WOODROFF IC127R25 @ HWY ,362180.9341,5024694.044,9/24/16,12:55,01 - Clear,01 - Dry,01 - Traffic signal,02 - Intersection related,01 - Daylight,03 - P.D. only,03 - Rear end
13993,WOODROFFE AVE/HWY 417 WOODROFF IC127R25 @ HWY ,362180.7322,5024695.365,10/12/16,22:49,01 - Clear,01 - Dry,01 - Traffic signal,02 - Intersection related,07 - Dark,03 - P.D. only,03 - Rear end
13994,WOODROFFE AVE/HWY 417 WOODROFF IC127R25 @ HWY ,362177.7042,5024694.742,10/14/16,11:59,01 - Clear,01 - Dry,01 - Traffic signal,02 - Intersection related,01 - Daylight,03 - P.D. only,03 - Rear end
13995,WOODSIDE DR btwn TARA DR & NAVAHO DR,363522.991,5025089.47,3/13/16,14:50,01 - Clear,01 - Dry,10 - No control,04 - At/near private drive,01 - Daylight,03 - P.D. only,07 - SMV other
13996,WOODTHRUSH GR @ UPLANDS DR,368820.0375,5023384.841,6/9/16,3:03,01 - Clear,01 - Dry,03 - Yield sign,02 - Intersection related,07 - Dark,03 - P.D. only,03 - Rear end
13997,WOODWARD DR btwn COURTWOOD CRES & CLYDE AVE,363617.2903,5026203.832,12/31/16,20:28,05 - Drifting Snow,05 - Packed snow,10 - No control,01 - Non intersection,07 - Dark,02 - Non-fatal injury,01 - Approaching
13998,WOODWARD DR btwn COURTWOOD CRES & CLYDE AVE,363706.4356,5026347.938,10/12/16,14:49,01 - Clear,01 - Dry,10 - No control,01 - Non intersection,01 - Daylight,03 - P.D. only,07 - SMV other
13999,WOODWARD DR btwn COURTWOOD CRES & CLYDE AVE,363691.9311,5026330.813,12/20/16,11:14,01 - Clear,02 - Wet,10 - No control,01 - Non intersection,01 - Daylight,03 - P.D. only,99 - Other
14000,WOODWARD DR btwn COURTWOOD CRES & COURTWOOD CRES,363424.2877,5026001.611,2/4/16,23:23,01 - Clear,06 - Ice,10 - No control,01 - Non intersection,07 - Dark,03 - P.D. only,07 - SMV other
14001,WOODWARD DR btwn COURTWOOD CRES & COURTWOOD CRES,363436.7219,5026018.324,1/12/16,8:45,01 - Clear,06 - Ice,10 - No control,04 - At/near private drive,01 - Daylight,03 - P.D. only,03 - Rear end
14002,WOODWIND CRES btwn POOLE CREEK CRES & DOWDALL CRES,351203.1872,5015254.257,4/23/16,2:10,01 - Clear,01 - Dry,10 - No control,01 - Non intersection,07 - Dark,03 - P.D. only,06 - SMV unattended vehicle
14003,WYNDALE CRES btwn FEATHERSTON DR & HADDINGTON CRES (1),371533.9778,5027338.769,2/22/16,15:59,01 - Clear,01 - Dry,10 - No control,01 - Non intersection,01 - Daylight,02 - Non-fatal injury,07 - SMV other
14004,YELLOWTHROAT CRES btwn SWALLOWTAIL CRES & SWALLOWTAIL CRES,385726.4611,5036508.812,8/10/16,16:58,01 - Clear,01 - Dry,10 - No control,01 - Non intersection,01 - Daylight,03 - P.D. only,06 - SMV unattended vehicle
14005,YELLOWTHROAT CRES btwn SWALLOWTAIL CRES & SWALLOWTAIL CRES,385883.2023,5036587.565,8/26/16,0:00,01 - Clear,01 - Dry,10 - No control,01 - Non intersection,00 - Unknown,03 - P.D. only,06 - SMV unattended vehicle
14006,YOHO DR btwn KOKANEE GT & SAUBLE DR,355038.6448,5017506.034,7/27/16,0:00,01 - Clear,01 - Dry,10 - No control,01 - Non intersection,00 - Unknown,03 - P.D. only,06 - SMV unattended vehicle
14007,YORK ST btwn WILLIAM ST & DALHOUSIE ST,368011.6025,5032368.457,1/9/16,19:10,02 - Rain,02 - Wet,10 - No control,01 - Non intersection,07 - Dark,03 - P.D. only,02 - Angle
14008,YORK ST btwn WILLIAM ST & DALHOUSIE ST,368072.287,5032405.079,1/16/16,1:38,01 - Clear,02 - Wet,10 - No control,01 - Non intersection,07 - Dark,03 - P.D. only,06 - SMV unattended vehicle
14009,YORK ST btwn WILLIAM ST & DALHOUSIE ST,368080.3152,5032410.589,7/1/16,1:41,01 - Clear,01 - Dry,10 - No control,01 - Non intersection,07 - Dark,03 - P.D. only,04 - Sideswipe
14010,YORK ST btwn WILLIAM ST & WILLIAM ST,367984.8383,5032351.808,8/10/16,22:23,01 - Clear,01 - Dry,10 - No control,01 - Non intersection,07 - Dark,03 - P.D. only,06 - SMV unattended vehicle
14011,YORK ST EB btwn BY WARD MARKET SQ & SUSSEX DR,367937.9694,5032322.046,7/27/16,20:30,01 - Clear,01 - Dry,10 - No control,01 - Non intersection,05 - Dusk,03 - P.D. only,06 - SMV unattended vehicle
14012,YORK ST EB btwn BY WARD MARKET SQ & SUSSEX DR,367927.6454,5032313.472,10/4/16,10:32,01 - Clear,01 - Dry,10 - No control,01 - Non intersection,01 - Daylight,03 - P.D. only,06 - SMV unattended vehicle
14013,YORK ST EB btwn BY WARD MARKET SQ & SUSSEX DR,367822.5346,5032247.311,5/2/16,10:00,01 - Clear,01 - Dry,10 - No control,01 - Non intersection,01 - Daylight,03 - P.D. only,05 - Turning movement
14014,YORK ST EB btwn BY WARD MARKET SQ & SUSSEX DR,367877.7385,5032284.172,3/3/16,9:17,01 - Clear,01 - Dry,10 - No control,01 - Non intersection,01 - Daylight,03 - P.D. only,99 - Other
14015,YORK ST EB btwn BY WARD MARKET SQ & SUSSEX DR,367873.2543,5032279.088,5/29/16,22:00,01 - Clear,01 - Dry,10 - No control,01 - Non intersection,07 - Dark,03 - P.D. only,04 - Sideswipe
14016,YORK ST EB btwn BY WARD MARKET SQ & SUSSEX DR,367813.4543,5032240.817,12/14/16,9:08,01 - Clear,02 - Wet,10 - No control,01 - Non intersection,01 - Daylight,03 - P.D. only,06 - SMV unattended vehicle
14017,YORK ST EB btwn TO BE DETERMINED & CUMBERLAND ST,368252.0439,5032514.496,2/27/16,2:03,01 - Clear,01 - Dry,10 - No control,01 - Non intersection,07 - Dark,03 - P.D. only,02 - Angle
14018,YORK ST WB btwn BYWARD MARKE SQ & SUSSEX DR,367887.669,5032316.919,7/29/16,3:16,01 - Clear,01 - Dry,10 - No control,01 - Non intersection,07 - Dark,03 - P.D. only,06 - SMV unattended vehicle
14019,YORK ST WB btwn BYWARD MARKE SQ & SUSSEX DR,367870.3061,5032306.441,11/14/16,2:39,01 - Clear,01 - Dry,10 - No control,01 - Non intersection,07 - Dark,03 - P.D. only,02 - Angle
14020,YORK ST WB btwn BYWARD MARKE SQ & SUSSEX DR,367889.9697,5032318.813,12/1/16,0:00,02 - Rain,02 - Wet,10 - No control,01 - Non intersection,00 - Unknown,03 - P.D. only,06 - SMV unattended vehicle
14021,YORK ST WB btwn CUMBERLAND ST & KING EDWARD AVE,368344.1339,5032594.474,12/31/16,0:00,03 - Snow,05 - Packed snow,10 - No control,01 - Non intersection,00 - Unknown,03 - P.D. only,06 - SMV unattended vehicle
14022,YOUVILLE DR btwn ST. JOSEPH BLVD & JEANNE D'ARC BLVD S,379654.7543,5036680.865,11/29/16,17:18,01 - Clear,01 - Dry,10 - No control,04 - At/near private drive,05 - Dusk,02 - Non-fatal injury,05 - Turning movement
14023,ZEPHYR AVE btwn DON ST & MARIE ST,359953.0628,5025047.845,6/19/16,2:30,01 - Clear,01 - Dry,10 - No control,01 - Non intersection,07 - Dark,03 - P.D. only,06 - SMV unattended vehicle